datetime,count
2011-01-20 00:00:00,19.33703956742157
2011-01-20 01:00:00,2.594431818738023
2011-01-20 02:00:00,1.701920077041227
2011-01-20 03:00:00,4.51891864584486
2011-01-20 04:00:00,4.023772863019161
2011-01-20 05:00:00,9.817831036905346
2011-01-20 06:00:00,35.54230765440188
2011-01-20 07:00:00,122.3231761621552
2011-01-20 08:00:00,207.3610696462097
2011-01-20 09:00:00,121.65130403125694
2011-01-20 10:00:00,75.13391361559154
2011-01-20 11:00:00,56.85697682966463
2011-01-20 12:00:00,69.88996763426134
2011-01-20 13:00:00,69.88996763426134
2011-01-20 14:00:00,69.88996763426134
2011-01-20 15:00:00,76.25344397520594
2011-01-20 16:00:00,69.88996763426134
2011-01-20 17:00:00,223.37077563216937
2011-01-20 18:00:00,154.29449513632272
2011-01-20 19:00:00,93.67110584773265
2011-01-20 20:00:00,75.13391361559154
2011-01-20 21:00:00,79.72572638956137
2011-01-20 22:00:00,41.89393005550273
2011-01-20 23:00:00,20.426326041230666
2011-01-21 00:00:00,8.278096912000832
2011-01-21 01:00:00,6.025530593594276
2011-01-21 02:00:00,8.127735225551637
2011-01-21 03:00:00,2.3934581902715886
2011-01-21 04:00:00,1.5508490012515819
2011-01-21 05:00:00,2.77454961710008
2011-01-21 06:00:00,35.54230765440188
2011-01-21 07:00:00,99.91407128037206
2011-01-21 08:00:00,207.3610696462097
2011-01-21 09:00:00,121.65130403125694
2011-01-21 10:00:00,56.34094866045848
2011-01-21 11:00:00,65.10687177902668
2011-01-21 12:00:00,65.10687177902668
2011-01-21 13:00:00,65.10687177902668
2011-01-21 14:00:00,65.10687177902668
2011-01-21 15:00:00,43.621969193199824
2011-01-21 16:00:00,43.621969193199824
2011-01-21 17:00:00,160.98898064789526
2011-01-21 18:00:00,160.98898064789526
2011-01-21 19:00:00,93.67110584773265
2011-01-21 20:00:00,62.90793035466197
2011-01-21 21:00:00,33.10452208295569
2011-01-21 22:00:00,33.10452208295569
2011-01-21 23:00:00,15.464223213244086
2011-01-22 00:00:00,27.382484153853554
2011-01-22 01:00:00,19.252350824072245
2011-01-22 02:00:00,12.073359454876405
2011-01-22 03:00:00,5.611833726328881
2011-01-22 04:00:00,1.3593040006382138
2011-01-22 06:00:00,2.365865436338599
2011-01-22 07:00:00,9.743296179490518
2011-01-22 08:00:00,16.379343379155046
2011-01-22 09:00:00,42.146841294494834
2011-01-22 10:00:00,54.98729521721692
2011-01-22 11:00:00,56.4213107155102
2011-01-22 12:00:00,56.4213107155102
2011-01-22 13:00:00,56.4213107155102
2011-01-22 14:00:00,56.4213107155102
2011-01-22 15:00:00,56.4213107155102
2011-01-22 16:00:00,56.4213107155102
2011-01-22 17:00:00,56.4213107155102
2011-01-22 18:00:00,56.4213107155102
2011-01-22 19:00:00,42.146841294494834
2011-01-22 20:00:00,42.146841294494834
2011-01-22 21:00:00,42.146841294494834
2011-01-22 22:00:00,34.42214975236428
2011-01-22 23:00:00,16.44280276504023
2011-01-23 00:00:00,27.382484153853554
2011-01-23 01:00:00,19.252350824072245
2011-01-23 02:00:00,12.073359454876405
2011-01-23 03:00:00,10.521297899669268
2011-01-23 05:00:00,1.3521580450493471
2011-01-23 06:00:00,2.365865436338599
2011-01-23 07:00:00,9.743296179490518
2011-01-23 08:00:00,16.379343379155046
2011-01-23 09:00:00,22.322841334080625
2011-01-23 10:00:00,54.98729521721692
2011-01-23 11:00:00,56.4213107155102
2011-01-23 12:00:00,56.4213107155102
2011-01-23 13:00:00,56.4213107155102
2011-01-23 14:00:00,56.4213107155102
2011-01-23 15:00:00,56.4213107155102
2011-01-23 16:00:00,56.4213107155102
2011-01-23 17:00:00,56.4213107155102
2011-01-23 18:00:00,56.4213107155102
2011-01-23 19:00:00,22.322841334080625
2011-01-23 20:00:00,42.146841294494834
2011-01-23 21:00:00,42.146841294494834
2011-01-23 22:00:00,42.146841294494834
2011-01-23 23:00:00,16.44280276504023
2011-01-24 00:00:00,8.278096912000832
2011-01-24 01:00:00,1.9301560515835217
2011-01-24 03:00:00,1.701920077041227
2011-01-24 04:00:00,3.3356685051319204
2011-01-24 05:00:00,6.330539957746369
2011-01-24 06:00:00,33.10452208295569
2011-01-24 07:00:00,76.62352074391623
2011-01-24 08:00:00,166.33680783275167
2011-01-24 09:00:00,101.45735659080675
2011-01-24 10:00:00,33.10452208295569
2011-01-24 11:00:00,33.10452208295569
2011-01-24 12:00:00,33.10452208295569
2011-01-24 13:00:00,33.10452208295569
2011-01-24 14:00:00,33.10452208295569
2011-01-24 15:00:00,33.411444377496196
2011-01-24 16:00:00,43.621969193199824
2011-01-24 17:00:00,145.09845636939627
2011-01-24 18:00:00,145.09845636939627
2011-01-24 19:00:00,93.67110584773265
2011-01-24 20:00:00,62.90793035466197
2011-01-24 21:00:00,24.15758115118707
2011-01-24 22:00:00,33.10452208295569
2011-01-24 23:00:00,20.426326041230666
2011-01-25 00:00:00,8.278096912000832
2011-01-25 01:00:00,3.450078542983955
2011-01-25 02:00:00,2.2875036590344515
2011-01-25 04:00:00,3.3356685051319204
2011-01-25 05:00:00,4.723761905644643
2011-01-25 06:00:00,33.411444377496196
2011-01-25 07:00:00,76.62352074391623
2011-01-25 08:00:00,207.3610696462097
2011-01-25 09:00:00,121.65130403125694
2011-01-25 10:00:00,54.925324995263054
2011-01-25 11:00:00,54.925324995263054
2011-01-25 12:00:00,75.13391361559154
2011-01-25 13:00:00,75.13391361559154
2011-01-25 14:00:00,69.88996763426134
2011-01-25 15:00:00,80.41398793838844
2011-01-25 16:00:00,107.68965447677105
2011-01-25 17:00:00,223.37077563216937
2011-01-25 18:00:00,172.23419062711156
2011-01-25 19:00:00,111.82897640434749
2011-01-25 20:00:00,79.72572638956137
2011-01-25 21:00:00,79.72572638956137
2011-01-25 22:00:00,43.818386804868844
2011-01-25 23:00:00,20.426326041230666
2011-01-26 00:00:00,8.278096912000832
2011-01-26 01:00:00,2.594431818738023
2011-01-26 02:00:00,2.994356980896294
2011-01-26 05:00:00,2.77454961710008
2011-01-26 06:00:00,17.9254163921614
2011-01-26 07:00:00,46.13352544730578
2011-01-26 08:00:00,140.12818341586845
2011-01-26 09:00:00,46.13352544730578
2011-01-26 10:00:00,17.9254163921614
2011-01-26 11:00:00,17.9254163921614
2011-01-26 12:00:00,17.9254163921614
2011-01-26 13:00:00,17.9254163921614
2011-01-26 14:00:00,17.9254163921614
2011-01-26 15:00:00,17.9254163921614
2011-01-26 16:00:00,17.9254163921614
2011-01-26 17:00:00,46.13352544730578
2011-01-27 16:00:00,74.28326376931537
2011-01-27 17:00:00,154.29449513632272
2011-01-27 18:00:00,145.09845636939627
2011-01-27 19:00:00,93.67110584773265
2011-01-27 20:00:00,44.5481459831826
2011-01-27 21:00:00,44.5481459831826
2011-01-27 22:00:00,41.89393005550273
2011-01-27 23:00:00,15.464223213244086
2011-01-28 00:00:00,8.278096912000832
2011-01-28 01:00:00,6.025530593594276
2011-01-28 02:00:00,1.4914618792310348
2011-01-28 03:00:00,2.3934581902715886
2011-01-28 05:00:00,4.723761905644643
2011-01-28 06:00:00,49.55925273948388
2011-01-28 07:00:00,76.62352074391623
2011-01-28 08:00:00,207.3610696462097
2011-01-28 09:00:00,55.73658109088722
2011-01-28 10:00:00,54.770160665398414
2011-01-28 11:00:00,35.7889893547303
2011-01-28 12:00:00,35.7889893547303
2011-01-28 13:00:00,35.7889893547303
2011-01-28 14:00:00,45.10366512714184
2011-01-28 15:00:00,54.770160665398414
2011-01-28 16:00:00,74.28326376931537
2011-01-28 17:00:00,154.29449513632272
2011-01-28 18:00:00,154.29449513632272
2011-01-28 19:00:00,93.67110584773265
2011-01-28 20:00:00,45.10366512714184
2011-01-28 21:00:00,45.10366512714184
2011-01-28 22:00:00,41.89393005550273
2011-01-28 23:00:00,15.464223213244086
2011-01-29 00:00:00,27.382484153853554
2011-01-29 01:00:00,19.252350824072245
2011-01-29 02:00:00,18.215204324632385
2011-01-29 03:00:00,10.521297899669268
2011-01-29 04:00:00,3.3356685051319204
2011-01-29 06:00:00,2.365865436338599
2011-01-29 07:00:00,9.743296179490518
2011-01-29 08:00:00,16.379343379155046
2011-01-29 09:00:00,34.42214975236428
2011-01-29 10:00:00,54.98729521721692
2011-01-29 11:00:00,80.16888126913567
2011-01-29 12:00:00,80.16888126913567
2011-01-29 13:00:00,89.4347502378988
2011-01-29 14:00:00,89.4347502378988
2011-01-29 15:00:00,89.4347502378988
2011-01-29 16:00:00,89.4347502378988
2011-01-29 17:00:00,89.4347502378988
2011-01-29 18:00:00,89.4347502378988
2011-01-29 19:00:00,34.42214975236428
2011-01-29 20:00:00,34.42214975236428
2011-01-29 21:00:00,34.42214975236428
2011-01-29 22:00:00,34.42214975236428
2011-01-29 23:00:00,16.44280276504023
2011-01-30 00:00:00,27.382484153853554
2011-01-30 01:00:00,19.252350824072245
2011-01-30 02:00:00,12.073359454876405
2011-01-30 03:00:00,10.521297899669268
2011-01-30 04:00:00,3.3356685051319204
2011-01-30 05:00:00,4.143520796755043
2011-01-30 07:00:00,9.743296179490518
2011-01-30 08:00:00,17.891332424438453
2011-01-30 09:00:00,34.42214975236428
2011-01-30 10:00:00,54.98729521721692
2011-01-30 11:00:00,89.4347502378988
2011-01-30 12:00:00,68.05428303531974
2011-01-30 13:00:00,89.4347502378988
2011-01-30 14:00:00,68.05428303531974
2011-01-30 15:00:00,68.05428303531974
2011-01-30 16:00:00,68.05428303531974
2011-01-30 17:00:00,89.4347502378988
2011-01-30 18:00:00,89.4347502378988
2011-01-30 19:00:00,18.00681672429569
2011-01-30 20:00:00,18.00681672429569
2011-01-30 21:00:00,34.42214975236428
2011-01-30 22:00:00,34.42214975236428
2011-01-30 23:00:00,16.44280276504023
2011-01-31 00:00:00,8.278096912000832
2011-01-31 01:00:00,1.9301560515835217
2011-01-31 02:00:00,2.994356980896294
2011-01-31 03:00:00,2.3934581902715886
2011-01-31 04:00:00,1.0
2011-01-31 05:00:00,2.77454961710008
2011-01-31 06:00:00,43.621969193199824
2011-01-31 07:00:00,76.62352074391623
2011-01-31 08:00:00,166.33680783275167
2011-01-31 09:00:00,101.45735659080675
2011-01-31 10:00:00,43.621969193199824
2011-01-31 11:00:00,43.621969193199824
2011-01-31 12:00:00,44.5481459831826
2011-01-31 13:00:00,33.411444377496196
2011-01-31 14:00:00,44.5481459831826
2011-01-31 15:00:00,33.411444377496196
2011-01-31 16:00:00,33.411444377496196
2011-01-31 17:00:00,145.09845636939627
2011-01-31 18:00:00,145.09845636939627
2011-01-31 19:00:00,114.35320746311343
2011-01-31 20:00:00,62.90793035466197
2011-01-31 21:00:00,33.411444377496196
2011-01-31 22:00:00,33.411444377496196
2011-01-31 23:00:00,20.426326041230666
2011-02-20 00:00:00,51.75389984288747
2011-02-20 01:00:00,26.96399540397265
2011-02-20 02:00:00,18.215204324632385
2011-02-20 03:00:00,8.711867496604079
2011-02-20 04:00:00,1.3593040006382138
2011-02-20 06:00:00,4.531235737250722
2011-02-20 07:00:00,9.743296179490518
2011-02-20 08:00:00,16.379343379155046
2011-02-20 09:00:00,22.322841334080625
2011-02-20 10:00:00,96.06579891585136
2011-02-20 11:00:00,96.06579891585136
2011-02-20 12:00:00,96.06579891585136
2011-02-20 13:00:00,161.33494818228667
2011-02-20 14:00:00,161.33494818228667
2011-02-20 15:00:00,161.33494818228667
2011-02-20 16:00:00,161.33494818228667
2011-02-20 17:00:00,161.33494818228667
2011-02-20 18:00:00,161.33494818228667
2011-02-20 19:00:00,47.66965240553032
2011-02-20 20:00:00,47.66965240553032
2011-02-20 21:00:00,47.66965240553032
2011-02-20 22:00:00,47.66965240553032
2011-02-20 23:00:00,18.00681672429569
2011-02-21 00:00:00,65.84639577479456
2011-02-21 01:00:00,26.96399540397265
2011-02-21 02:00:00,22.404142152191802
2011-02-21 03:00:00,18.47134100346365
2011-02-21 04:00:00,4.717763275174569
2011-02-21 05:00:00,4.1536750065179415
2011-02-21 06:00:00,37.56142961434144
2011-02-21 07:00:00,83.31534380136301
2011-02-21 08:00:00,61.8370177154518
2011-02-21 09:00:00,61.8370177154518
2011-02-21 10:00:00,120.83290374289165
2011-02-21 11:00:00,161.33494818228667
2011-02-21 12:00:00,120.83290374289165
2011-02-21 13:00:00,96.06579891585136
2011-02-21 14:00:00,120.83290374289165
2011-02-21 15:00:00,96.06579891585136
2011-02-21 16:00:00,96.06579891585136
2011-02-21 17:00:00,96.06579891585136
2011-02-21 18:00:00,96.06579891585136
2011-02-21 19:00:00,8.076452567750632
2011-02-21 20:00:00,22.322841334080625
2011-02-21 21:00:00,22.322841334080625
2011-02-21 22:00:00,22.322841334080625
2011-02-21 23:00:00,16.44280276504023
2011-02-22 06:00:00,43.49361993354212
2011-02-22 07:00:00,90.72831517067837
2011-02-22 08:00:00,202.8284735041807
2011-02-22 09:00:00,128.82912659408225
2011-02-22 10:00:00,55.388710189871
2011-02-22 11:00:00,55.388710189871
2011-02-22 12:00:00,72.92284332520659
2011-02-22 13:00:00,79.72572638956137
2011-02-22 14:00:00,79.72572638956137
2011-02-22 15:00:00,79.72572638956137
2011-02-22 16:00:00,74.28326376931537
2011-02-22 17:00:00,162.66520519026733
2011-02-22 18:00:00,162.66520519026733
2011-02-22 19:00:00,103.28415895158395
2011-02-22 20:00:00,53.31994222438077
2011-02-22 21:00:00,53.31994222438077
2011-02-22 22:00:00,44.269858644436724
2011-02-22 23:00:00,21.285310010266564
2011-02-23 00:00:00,11.0372677985149
2011-02-23 01:00:00,5.73287984691309
2011-02-23 02:00:00,2.7719455481170794
2011-02-23 03:00:00,1.701920077041227
2011-02-23 05:00:00,6.330539957746369
2011-02-23 06:00:00,43.49361993354212
2011-02-23 07:00:00,90.72831517067837
2011-02-23 08:00:00,202.8284735041807
2011-02-23 09:00:00,121.3139212543601
2011-02-23 10:00:00,68.9066940285307
2011-02-23 11:00:00,68.9066940285307
2011-02-23 12:00:00,88.87447943323629
2011-02-23 13:00:00,88.87447943323629
2011-02-23 14:00:00,80.41398793838844
2011-02-23 15:00:00,89.64964560493387
2011-02-23 16:00:00,107.68965447677105
2011-02-23 17:00:00,299.1643331012321
2011-02-23 18:00:00,212.93651977686633
2011-02-23 19:00:00,114.35320746311343
2011-02-23 20:00:00,79.72572638956137
2011-02-23 21:00:00,72.92284332520659
2011-02-23 22:00:00,43.818386804868844
2011-02-23 23:00:00,35.836813549152495
2011-02-24 00:00:00,11.0372677985149
2011-02-24 01:00:00,3.450078542983955
2011-02-24 02:00:00,3.476105944522984
2011-02-24 03:00:00,2.6590516533172073
2011-02-24 05:00:00,4.723761905644643
2011-02-24 06:00:00,35.54230765440188
2011-02-24 07:00:00,99.91407128037206
2011-02-24 08:00:00,255.33478690442593
2011-02-24 09:00:00,121.3139212543601
2011-02-24 10:00:00,88.87447943323629
2011-02-24 11:00:00,61.8370177154518
2011-02-24 12:00:00,80.5363997077185
2011-02-24 13:00:00,61.8370177154518
2011-02-24 14:00:00,83.31534380136301
2011-02-24 15:00:00,83.31534380136301
2011-02-24 16:00:00,107.68965447677105
2011-02-24 17:00:00,113.7711643252236
2011-02-24 18:00:00,172.23419062711156
2011-02-24 19:00:00,46.13352544730578
2011-02-24 20:00:00,57.00295864050695
2011-02-24 21:00:00,57.00295864050695
2011-02-24 22:00:00,21.748957159820076
2011-02-24 23:00:00,50.06883291270149
2011-02-25 00:00:00,29.37185152009449
2011-02-25 01:00:00,16.807590034023516
2011-02-25 02:00:00,10.548359595423767
2011-02-25 03:00:00,1.4793969867312335
2011-02-25 05:00:00,16.457267736323995
2011-02-25 06:00:00,29.456399256728993
2011-02-25 07:00:00,113.7711643252236
2011-02-25 08:00:00,140.12818341586845
2011-02-25 09:00:00,46.13352544730578
2011-02-25 10:00:00,44.518930801953175
2011-02-25 11:00:00,155.98618726998933
2011-02-25 12:00:00,213.0456173635349
2011-02-25 13:00:00,156.49524151261758
2011-02-25 14:00:00,156.49524151261758
2011-02-25 15:00:00,87.49963759719681
2011-02-25 16:00:00,125.7285791372542
2011-02-25 17:00:00,223.37077563216937
2011-02-25 18:00:00,172.23419062711156
2011-02-25 19:00:00,126.52901037643208
2011-02-25 20:00:00,88.87447943323629
2011-02-25 21:00:00,88.87447943323629
2011-02-25 22:00:00,50.54675443895276
2011-02-25 23:00:00,45.104762916928095
2011-02-26 00:00:00,45.98404409334586
2011-02-26 01:00:00,26.96399540397265
2011-02-26 02:00:00,18.215204324632385
2011-02-26 03:00:00,15.295702096841964
2011-02-26 04:00:00,3.4780790234048284
2011-02-26 05:00:00,1.9301560515835217
2011-02-26 06:00:00,4.531235737250722
2011-02-26 07:00:00,19.856159869318702
2011-02-26 08:00:00,16.379343379155046
2011-02-26 09:00:00,60.86872814647919
2011-02-26 10:00:00,96.06579891585136
2011-02-26 11:00:00,96.06579891585136
2011-02-26 12:00:00,161.33494818228667
2011-02-26 13:00:00,120.83290374289165
2011-02-26 14:00:00,120.83290374289165
2011-02-26 15:00:00,120.83290374289165
2011-02-26 16:00:00,120.83290374289165
2011-02-26 17:00:00,120.83290374289165
2011-02-26 18:00:00,120.83290374289165
2011-02-26 19:00:00,70.525117475394
2011-02-26 20:00:00,60.86872814647919
2011-02-26 21:00:00,60.86872814647919
2011-02-26 22:00:00,60.86872814647919
2011-02-26 23:00:00,60.86872814647919
2011-02-27 00:00:00,51.75389984288747
2011-02-27 01:00:00,26.96399540397265
2011-02-27 02:00:00,22.404142152191802
2011-02-27 03:00:00,10.521297899669268
2011-02-27 04:00:00,7.55679301660412
2011-02-27 06:00:00,9.661716018648649
2011-02-27 07:00:00,19.856159869318702
2011-02-27 08:00:00,18.00681672429569
2011-02-27 09:00:00,18.00681672429569
2011-02-27 10:00:00,96.06579891585136
2011-02-27 11:00:00,161.33494818228667
2011-02-27 12:00:00,161.33494818228667
2011-02-27 13:00:00,161.33494818228667
2011-02-27 14:00:00,161.33494818228667
2011-02-27 15:00:00,161.33494818228667
2011-02-27 16:00:00,161.33494818228667
2011-02-27 17:00:00,120.83290374289165
2011-02-27 18:00:00,120.83290374289165
2011-02-27 19:00:00,47.66965240553032
2011-02-27 20:00:00,47.66965240553032
2011-02-27 21:00:00,18.8793531887067
2011-02-27 22:00:00,18.8793531887067
2011-02-27 23:00:00,18.8793531887067
2011-02-28 00:00:00,34.746226290847055
2011-02-28 01:00:00,3.192962712629477
2011-02-28 03:00:00,1.4793969867312335
2011-02-28 05:00:00,20.089774736736036
2011-02-28 06:00:00,57.00295864050695
2011-02-28 07:00:00,217.7055181930742
2011-02-28 08:00:00,438.10870279632286
2011-02-28 09:00:00,201.25301978729706
2011-02-28 10:00:00,116.5895091843131
2011-02-28 11:00:00,86.90575911664662
2011-02-28 12:00:00,86.90575911664662
2011-02-28 13:00:00,72.29264293576432
2011-02-28 14:00:00,32.048623890966525
2011-02-28 15:00:00,32.048623890966525
2011-02-28 16:00:00,32.048623890966525
2011-02-28 17:00:00,46.13352544730578
2011-02-28 18:00:00,145.71369584160473
2011-02-28 19:00:00,114.5647461635262
2011-02-28 20:00:00,44.518930801953175
2011-02-28 21:00:00,57.00295864050695
2011-02-28 22:00:00,21.748957159820076
2011-02-28 23:00:00,50.06883291270149
2011-03-20 00:00:00,65.84639577479456
2011-03-20 01:00:00,34.48305085917388
2011-03-20 02:00:00,22.404142152191802
2011-03-20 03:00:00,8.711867496604079
2011-03-20 04:00:00,3.160167646103808
2011-03-20 05:00:00,1.9301560515835217
2011-03-20 06:00:00,3.4887865378217358
2011-03-20 07:00:00,19.856159869318702
2011-03-20 08:00:00,37.86319913002052
2011-03-20 09:00:00,37.86319913002052
2011-03-20 10:00:00,277.1870813485465
2011-03-20 11:00:00,243.24550905216813
2011-03-20 12:00:00,243.24550905216813
2011-03-20 13:00:00,271.85023288132004
2011-03-20 14:00:00,271.85023288132004
2011-03-20 15:00:00,271.85023288132004
2011-03-20 16:00:00,271.85023288132004
2011-03-20 17:00:00,271.85023288132004
2011-03-20 18:00:00,243.24550905216813
2011-03-20 19:00:00,47.66965240553032
2011-03-20 20:00:00,47.66965240553032
2011-03-20 21:00:00,47.66965240553032
2011-03-20 22:00:00,47.66965240553032
2011-03-20 23:00:00,19.34904712004003
2011-03-21 00:00:00,26.473627644434295
2011-03-21 01:00:00,3.192962712629477
2011-03-21 02:00:00,10.469123272454777
2011-03-21 03:00:00,6.995528222469988
2011-03-21 05:00:00,14.387152211553197
2011-03-21 06:00:00,21.748957159820076
2011-03-21 07:00:00,46.13352544730578
2011-03-21 08:00:00,265.9967802391232
2011-03-21 09:00:00,148.63526599199375
2011-03-21 10:00:00,81.04330289429137
2011-03-21 11:00:00,98.60976120614565
2011-03-21 12:00:00,121.60778661501064
2011-03-21 13:00:00,112.55862724106788
2011-03-21 14:00:00,112.55862724106788
2011-03-21 15:00:00,112.55862724106788
2011-03-21 16:00:00,155.03687311179715
2011-03-21 17:00:00,236.41933698795557
2011-03-21 18:00:00,236.41933698795557
2011-03-21 19:00:00,331.0127504876576
2011-03-21 20:00:00,266.07314636360337
2011-03-21 21:00:00,72.29264293576432
2011-03-21 22:00:00,72.29264293576432
2011-03-21 23:00:00,50.29097139490056
2011-03-22 00:00:00,21.658100271077643
2011-03-22 01:00:00,9.130964442776703
2011-03-22 02:00:00,8.043204594875197
2011-03-22 03:00:00,3.649814996129468
2011-03-22 04:00:00,7.689967296861839
2011-03-22 05:00:00,20.089774736736036
2011-03-22 06:00:00,84.24251779020749
2011-03-22 07:00:00,217.7055181930742
2011-03-22 08:00:00,265.9967802391232
2011-03-22 09:00:00,129.43994638513607
2011-03-22 10:00:00,87.49963759719681
2011-03-22 11:00:00,87.49963759719681
2011-03-22 12:00:00,87.49963759719681
2011-03-22 13:00:00,112.55862724106788
2011-03-22 14:00:00,112.55862724106788
2011-03-22 15:00:00,112.55862724106788
2011-03-22 16:00:00,284.4754401236195
2011-03-22 17:00:00,236.41933698795557
2011-03-22 18:00:00,236.41933698795557
2011-03-22 19:00:00,218.16747328103736
2011-03-22 20:00:00,87.49963759719681
2011-03-22 21:00:00,83.31534380136301
2011-03-22 22:00:00,83.31534380136301
2011-03-22 23:00:00,37.84075254055612
2011-03-23 00:00:00,26.473627644434295
2011-03-23 01:00:00,5.759548890470857
2011-03-23 02:00:00,9.178939149546203
2011-03-23 03:00:00,5.057258416059574
2011-03-23 05:00:00,5.693909765664186
2011-03-23 06:00:00,57.00295864050695
2011-03-23 07:00:00,114.35320746311343
2011-03-23 08:00:00,265.9967802391232
2011-03-23 09:00:00,148.63526599199375
2011-03-23 10:00:00,81.04330289429137
2011-03-23 11:00:00,57.00295864050695
2011-03-23 12:00:00,57.00295864050695
2011-03-23 13:00:00,29.456399256728993
2011-03-23 14:00:00,57.00295864050695
2011-03-23 15:00:00,81.04330289429137
2011-03-23 16:00:00,99.63678793702874
2011-03-23 17:00:00,299.1643331012321
2011-03-23 18:00:00,55.73658109088722
2011-03-23 19:00:00,55.73658109088722
2011-03-23 20:00:00,21.748957159820076
2011-03-23 21:00:00,21.748957159820076
2011-03-23 22:00:00,57.00295864050695
2011-03-23 23:00:00,29.456399256728993
2011-03-24 00:00:00,14.951127638620337
2011-03-24 01:00:00,23.08353110232643
2011-03-24 02:00:00,10.469123272454777
2011-03-24 03:00:00,2.803710864312317
2011-03-24 04:00:00,4.023772863019161
2011-03-24 05:00:00,9.817831036905346
2011-03-24 06:00:00,34.79914290270741
2011-03-24 07:00:00,113.7711643252236
2011-03-24 08:00:00,140.12818341586845
2011-03-24 09:00:00,148.98167338668026
2011-03-24 10:00:00,57.68053282519699
2011-03-24 11:00:00,56.85697682966463
2011-03-24 12:00:00,82.89291627200761
2011-03-24 13:00:00,82.46144222031445
2011-03-24 14:00:00,82.89291627200761
2011-03-24 15:00:00,82.89291627200761
2011-03-24 16:00:00,82.89291627200761
2011-03-24 17:00:00,195.94225134202486
2011-03-24 18:00:00,172.23419062711156
2011-03-24 19:00:00,126.52901037643208
2011-03-24 20:00:00,82.89291627200761
2011-03-24 21:00:00,62.416412900507716
2011-03-24 22:00:00,50.54675443895276
2011-03-24 23:00:00,21.285310010266564
2011-03-25 00:00:00,11.0372677985149
2011-03-25 01:00:00,6.025530593594276
2011-03-25 02:00:00,1.4914618792310348
2011-03-25 03:00:00,2.3934581902715886
2011-03-25 04:00:00,3.3356685051319204
2011-03-25 05:00:00,4.723761905644643
2011-03-25 06:00:00,35.54230765440188
2011-03-25 07:00:00,99.91407128037206
2011-03-25 08:00:00,255.33478690442593
2011-03-25 09:00:00,148.98167338668026
2011-03-25 10:00:00,82.89291627200761
2011-03-25 11:00:00,56.85697682966463
2011-03-25 12:00:00,76.25344397520594
2011-03-25 13:00:00,76.25344397520594
2011-03-25 14:00:00,73.55593108872048
2011-03-25 15:00:00,73.55593108872048
2011-03-25 16:00:00,107.68965447677105
2011-03-25 17:00:00,223.37077563216937
2011-03-25 18:00:00,212.93651977686633
2011-03-25 19:00:00,126.52901037643208
2011-03-25 20:00:00,82.89291627200761
2011-03-25 21:00:00,62.416412900507716
2011-03-25 22:00:00,50.54675443895276
2011-03-25 23:00:00,45.104762916928095
2011-03-26 00:00:00,43.3277367297026
2011-03-26 01:00:00,34.48305085917388
2011-03-26 02:00:00,18.215204324632385
2011-03-26 03:00:00,15.295702096841964
2011-03-26 04:00:00,1.0
2011-03-26 05:00:00,1.3521580450493471
2011-03-26 06:00:00,4.531235737250722
2011-03-26 07:00:00,9.743296179490518
2011-03-26 08:00:00,16.379343379155046
2011-03-26 09:00:00,42.146841294494834
2011-03-26 10:00:00,243.24550905216813
2011-03-26 11:00:00,182.9099933393263
2011-03-26 12:00:00,182.9099933393263
2011-03-26 13:00:00,230.34376591208076
2011-03-26 14:00:00,271.85023288132004
2011-03-26 15:00:00,271.85023288132004
2011-03-26 16:00:00,271.85023288132004
2011-03-26 17:00:00,230.34376591208076
2011-03-26 18:00:00,230.34376591208076
2011-03-26 19:00:00,38.38021444324518
2011-03-26 20:00:00,38.38021444324518
2011-03-26 21:00:00,38.38021444324518
2011-03-26 22:00:00,38.38021444324518
2011-03-26 23:00:00,38.38021444324518
2011-03-27 00:00:00,51.75389984288747
2011-03-27 01:00:00,61.63913626139104
2011-03-27 02:00:00,18.215204324632385
2011-03-27 03:00:00,10.521297899669268
2011-03-27 04:00:00,1.4914618792310348
2011-03-27 06:00:00,4.531235737250722
2011-03-27 07:00:00,5.454217618523393
2011-03-27 08:00:00,16.379343379155046
2011-03-27 09:00:00,34.42214975236428
2011-03-27 10:00:00,277.1870813485465
2011-03-27 11:00:00,277.1870813485465
2011-03-27 12:00:00,277.1870813485465
2011-03-27 13:00:00,243.24550905216813
2011-03-27 14:00:00,182.9099933393263
2011-03-27 15:00:00,182.9099933393263
2011-03-27 16:00:00,271.85023288132004
2011-03-27 17:00:00,230.34376591208076
2011-03-27 18:00:00,230.34376591208076
2011-03-27 19:00:00,37.86319913002052
2011-03-27 20:00:00,37.86319913002052
2011-03-27 21:00:00,37.86319913002052
2011-03-27 22:00:00,37.86319913002052
2011-03-27 23:00:00,37.86319913002052
2011-03-28 00:00:00,11.0372677985149
2011-03-28 01:00:00,1.9301560515835217
2011-03-28 02:00:00,2.4818232333160943
2011-03-28 03:00:00,2.3934581902715886
2011-03-28 05:00:00,6.330539957746369
2011-03-28 06:00:00,35.54230765440188
2011-03-28 07:00:00,99.91407128037206
2011-03-28 08:00:00,221.0720799750949
2011-03-28 09:00:00,148.98167338668026
2011-03-28 10:00:00,79.72572638956137
2011-03-28 11:00:00,56.85697682966463
2011-03-28 12:00:00,82.89291627200761
2011-03-28 13:00:00,82.89291627200761
2011-03-28 14:00:00,76.25344397520594
2011-03-28 15:00:00,76.25344397520594
2011-03-28 16:00:00,107.68965447677105
2011-03-28 17:00:00,223.37077563216937
2011-03-28 18:00:00,212.93651977686633
2011-03-28 19:00:00,114.35320746311343
2011-03-28 20:00:00,80.41398793838844
2011-03-28 21:00:00,70.51946286855693
2011-03-28 22:00:00,50.54675443895276
2011-03-28 23:00:00,29.865285445860593
2011-03-29 00:00:00,9.723529109836315
2011-03-29 01:00:00,2.594431818738023
2011-03-29 02:00:00,2.4818232333160943
2011-03-29 03:00:00,2.3934581902715886
2011-03-29 04:00:00,3.3356685051319204
2011-03-29 05:00:00,2.77454961710008
2011-03-29 06:00:00,35.54230765440188
2011-03-29 07:00:00,122.3231761621552
2011-03-29 08:00:00,255.33478690442593
2011-03-29 09:00:00,148.98167338668026
2011-03-29 10:00:00,82.89291627200761
2011-03-29 11:00:00,89.64964560493387
2011-03-29 12:00:00,89.64964560493387
2011-03-29 13:00:00,89.64964560493387
2011-03-29 14:00:00,89.64964560493387
2011-03-29 15:00:00,89.64964560493387
2011-03-29 16:00:00,107.68965447677105
2011-03-29 17:00:00,299.1643331012321
2011-03-29 18:00:00,253.41705933103353
2011-03-29 19:00:00,139.91491768127904
2011-03-29 20:00:00,89.64964560493387
2011-03-29 21:00:00,70.51946286855693
2011-03-29 22:00:00,57.60224195848239
2011-03-29 23:00:00,37.84075254055612
2011-03-30 00:00:00,34.746226290847055
2011-03-30 01:00:00,11.68114772176028
2011-03-30 02:00:00,4.674611802000319
2011-03-30 03:00:00,4.51891864584486
2011-03-30 04:00:00,1.2456485239871014
2011-03-30 05:00:00,5.942503429425072
2011-03-30 06:00:00,34.79914290270741
2011-03-30 07:00:00,114.35320746311343
2011-03-30 08:00:00,265.9967802391232
2011-03-30 09:00:00,148.63526599199375
2011-03-30 10:00:00,104.24197702436119
2011-03-30 11:00:00,80.5363997077185
2011-03-30 12:00:00,104.24197702436119
2011-03-30 13:00:00,104.24197702436119
2011-03-30 14:00:00,80.5363997077185
2011-03-30 15:00:00,57.68053282519699
2011-03-30 16:00:00,57.68053282519699
2011-03-30 17:00:00,113.7711643252236
2011-03-30 18:00:00,162.66520519026733
2011-03-30 19:00:00,111.82897640434749
2011-03-30 20:00:00,17.9254163921614
2011-03-30 21:00:00,17.9254163921614
2011-03-30 22:00:00,17.9254163921614
2011-03-30 23:00:00,21.285310010266564
2011-03-31 00:00:00,5.058122233417879
2011-03-31 01:00:00,2.594431818738023
2011-03-31 02:00:00,2.994356980896294
2011-03-31 03:00:00,2.3934581902715886
2011-03-31 04:00:00,4.023772863019161
2011-03-31 05:00:00,9.817831036905346
2011-03-31 06:00:00,17.9254163921614
2011-03-31 07:00:00,55.73658109088722
2011-03-31 08:00:00,255.33478690442593
2011-03-31 09:00:00,113.7711643252236
2011-03-31 10:00:00,57.68053282519699
2011-03-31 11:00:00,56.85697682966463
2011-03-31 12:00:00,57.68053282519699
2011-03-31 13:00:00,57.68053282519699
2011-03-31 14:00:00,57.68053282519699
2011-03-31 15:00:00,57.68053282519699
2011-03-31 16:00:00,57.68053282519699
2011-03-31 17:00:00,195.94225134202486
2011-03-31 18:00:00,172.23419062711156
2011-03-31 19:00:00,114.35320746311343
2011-03-31 20:00:00,57.68053282519699
2011-03-31 21:00:00,57.68053282519699
2011-03-31 22:00:00,50.54675443895276
2011-03-31 23:00:00,29.865285445860593
2011-04-20 00:00:00,21.658100271077643
2011-04-20 01:00:00,9.130964442776703
2011-04-20 02:00:00,8.043204594875197
2011-04-20 03:00:00,5.057258416059574
2011-04-20 04:00:00,1.2456485239871014
2011-04-20 05:00:00,11.625754651051118
2011-04-20 06:00:00,59.92817488783786
2011-04-20 07:00:00,167.53018800247838
2011-04-20 08:00:00,388.93539139527104
2011-04-20 09:00:00,164.74008975923877
2011-04-20 10:00:00,140.6025536069315
2011-04-20 11:00:00,164.13381778150108
2011-04-20 12:00:00,140.40644184441513
2011-04-20 13:00:00,140.40644184441513
2011-04-20 14:00:00,140.40644184441513
2011-04-20 15:00:00,117.1167268559426
2011-04-20 16:00:00,208.2611111850515
2011-04-20 17:00:00,388.93539139527104
2011-04-20 18:00:00,388.93539139527104
2011-04-20 19:00:00,390.6837389473746
2011-04-20 20:00:00,312.4112074671824
2011-04-20 21:00:00,149.5223236811378
2011-04-20 22:00:00,85.14262305326356
2011-04-20 23:00:00,94.23439198547673
2011-04-21 00:00:00,36.444167936123634
2011-04-21 01:00:00,20.958408022801297
2011-04-21 02:00:00,11.576839368698112
2011-04-21 03:00:00,4.473160837109944
2011-04-21 04:00:00,2.2357099472394135
2011-04-21 05:00:00,11.625754651051118
2011-04-21 06:00:00,37.56142961434144
2011-04-21 07:00:00,167.53018800247838
2011-04-21 08:00:00,346.238613338794
2011-04-21 09:00:00,164.74008975923877
2011-04-21 10:00:00,83.31534380136301
2011-04-21 11:00:00,87.49963759719681
2011-04-21 12:00:00,87.49963759719681
2011-04-21 13:00:00,106.21667429014504
2011-04-21 14:00:00,106.21667429014504
2011-04-21 15:00:00,106.21667429014504
2011-04-21 16:00:00,155.03687311179715
2011-04-21 17:00:00,490.32603884185863
2011-04-21 18:00:00,326.28182021977506
2011-04-21 19:00:00,214.78113037467764
2011-04-21 20:00:00,87.49963759719681
2011-04-21 21:00:00,83.31534380136301
2011-04-21 22:00:00,83.31534380136301
2011-04-21 23:00:00,37.84075254055612
2011-04-22 00:00:00,37.31381157959379
2011-04-22 01:00:00,18.992113896924753
2011-04-22 02:00:00,8.672705464483128
2011-04-22 03:00:00,6.665102521670363
2011-04-22 04:00:00,3.1406808334652885
2011-04-22 05:00:00,11.625754651051118
2011-04-22 06:00:00,37.56142961434144
2011-04-22 07:00:00,139.91491768127904
2011-04-22 08:00:00,346.238613338794
2011-04-22 09:00:00,46.13352544730578
2011-04-22 10:00:00,61.8370177154518
2011-04-22 11:00:00,81.8155029447672
2011-04-22 12:00:00,29.456399256728993
2011-04-22 13:00:00,29.456399256728993
2011-04-22 14:00:00,21.748957159820076
2011-04-22 15:00:00,29.456399256728993
2011-04-22 16:00:00,29.456399256728993
2011-04-22 17:00:00,113.7711643252236
2011-04-22 18:00:00,113.7711643252236
2011-04-22 19:00:00,113.7711643252236
2011-04-22 20:00:00,21.748957159820076
2011-04-22 21:00:00,57.68053282519699
2011-04-22 22:00:00,50.54675443895276
2011-04-22 23:00:00,29.456399256728993
2011-04-23 00:00:00,98.5330094676125
2011-04-23 01:00:00,27.70151503386647
2011-04-23 02:00:00,39.60041498791209
2011-04-23 03:00:00,19.17127033934689
2011-04-23 04:00:00,7.55679301660412
2011-04-23 05:00:00,4.216930942979165
2011-04-23 06:00:00,85.0539071272267
2011-04-23 07:00:00,29.456399256728993
2011-04-23 08:00:00,85.0539071272267
2011-04-23 09:00:00,85.0539071272267
2011-04-23 10:00:00,75.51955685924338
2011-04-23 11:00:00,75.51955685924338
2011-04-23 12:00:00,39.37328749918659
2011-04-23 13:00:00,39.37328749918659
2011-04-23 14:00:00,384.7509639853754
2011-04-23 15:00:00,384.7509639853754
2011-04-23 16:00:00,384.7509639853754
2011-04-23 17:00:00,384.7509639853754
2011-04-23 18:00:00,384.7509639853754
2011-04-23 19:00:00,76.25818525404856
2011-04-23 20:00:00,129.79131506466436
2011-04-23 21:00:00,76.25818525404856
2011-04-23 22:00:00,76.25818525404856
2011-04-23 23:00:00,73.94977906938597
2011-04-24 00:00:00,109.48737657965536
2011-04-24 01:00:00,99.13201450297107
2011-04-24 02:00:00,58.137772348658125
2011-04-24 03:00:00,30.258516842522987
2011-04-24 04:00:00,7.119059335036617
2011-04-24 05:00:00,14.404992593440477
2011-04-24 06:00:00,9.489776027341682
2011-04-24 07:00:00,34.061126825294615
2011-04-24 08:00:00,72.29264293576432
2011-04-24 09:00:00,42.401130497251906
2011-04-24 10:00:00,384.7509639853754
2011-04-24 11:00:00,383.71054384226585
2011-04-24 12:00:00,383.71054384226585
2011-04-24 13:00:00,350.0514147126268
2011-04-24 14:00:00,404.9305883427708
2011-04-24 15:00:00,350.0514147126268
2011-04-24 16:00:00,404.9305883427708
2011-04-24 17:00:00,383.71054384226585
2011-04-24 18:00:00,400.46342059293517
2011-04-24 19:00:00,76.25818525404856
2011-04-24 20:00:00,76.25818525404856
2011-04-24 21:00:00,72.29264293576432
2011-04-24 22:00:00,72.29264293576432
2011-04-24 23:00:00,37.19515430048375
2011-04-25 00:00:00,16.463365950969646
2011-04-25 01:00:00,6.2183976238711125
2011-04-25 02:00:00,8.966554934125966
2011-04-25 03:00:00,2.314454017339987
2011-04-25 04:00:00,5.517506370631275
2011-04-25 05:00:00,11.625754651051118
2011-04-25 06:00:00,52.17400402913352
2011-04-25 07:00:00,167.53018800247838
2011-04-25 08:00:00,344.2963729444378
2011-04-25 09:00:00,164.74008975923877
2011-04-25 10:00:00,116.5895091843131
2011-04-25 11:00:00,164.13381778150108
2011-04-25 12:00:00,164.13381778150108
2011-04-25 13:00:00,164.13381778150108
2011-04-25 14:00:00,164.13381778150108
2011-04-25 15:00:00,164.13381778150108
2011-04-25 16:00:00,208.2611111850515
2011-04-25 17:00:00,388.93539139527104
2011-04-25 18:00:00,388.93539139527104
2011-04-25 19:00:00,313.5204699010292
2011-04-25 20:00:00,317.4302526019102
2011-04-25 21:00:00,164.13381778150108
2011-04-25 22:00:00,85.14262305326356
2011-04-25 23:00:00,49.907139302608336
2011-04-26 00:00:00,24.183468335299782
2011-04-26 01:00:00,9.917628250014388
2011-04-26 02:00:00,5.228718871351122
2011-04-26 03:00:00,3.649814996129468
2011-04-26 04:00:00,5.7484788495222165
2011-04-26 05:00:00,11.625754651051118
2011-04-26 06:00:00,112.73806409866523
2011-04-26 07:00:00,167.53018800247838
2011-04-26 08:00:00,344.2963729444378
2011-04-26 09:00:00,164.74008975923877
2011-04-26 10:00:00,126.5847982626775
2011-04-26 11:00:00,140.40644184441513
2011-04-26 12:00:00,140.40644184441513
2011-04-26 13:00:00,140.40644184441513
2011-04-26 14:00:00,140.40644184441513
2011-04-26 15:00:00,140.40644184441513
2011-04-26 16:00:00,208.2611111850515
2011-04-26 17:00:00,388.93539139527104
2011-04-26 18:00:00,388.93539139527104
2011-04-26 19:00:00,313.5204699010292
2011-04-26 20:00:00,220.68426638135963
2011-04-26 21:00:00,76.25818525404856
2011-04-26 22:00:00,76.25818525404856
2011-04-26 23:00:00,49.907139302608336
2011-04-27 00:00:00,25.935217998454263
2011-04-27 01:00:00,12.1853475479176
2011-04-27 02:00:00,8.043204594875197
2011-04-27 03:00:00,5.057258416059574
2011-04-27 04:00:00,5.7484788495222165
2011-04-27 05:00:00,11.625754651051118
2011-04-27 06:00:00,112.73806409866523
2011-04-27 07:00:00,167.53018800247838
2011-04-27 08:00:00,344.2963729444378
2011-04-27 09:00:00,164.74008975923877
2011-04-27 10:00:00,76.25818525404856
2011-04-27 11:00:00,76.25818525404856
2011-04-27 12:00:00,76.25818525404856
2011-04-27 13:00:00,76.25818525404856
2011-04-27 14:00:00,164.13381778150108
2011-04-27 15:00:00,140.40644184441513
2011-04-27 16:00:00,208.2611111850515
2011-04-27 17:00:00,408.3734712517214
2011-04-27 18:00:00,408.3734712517214
2011-04-27 19:00:00,313.5204699010292
2011-04-27 20:00:00,76.25818525404856
2011-04-27 21:00:00,80.75404650130993
2011-04-27 22:00:00,80.75404650130993
2011-04-27 23:00:00,80.75404650130993
2011-04-28 00:00:00,36.444167936123634
2011-04-28 01:00:00,20.958408022801297
2011-04-28 02:00:00,4.632852683254654
2011-04-28 03:00:00,7.15157793924984
2011-04-28 04:00:00,5.7484788495222165
2011-04-28 05:00:00,11.625754651051118
2011-04-28 06:00:00,108.71249898051867
2011-04-28 07:00:00,167.53018800247838
2011-04-28 08:00:00,457.27234744955194
2011-04-28 09:00:00,164.74008975923877
2011-04-28 10:00:00,69.35890891483953
2011-04-28 11:00:00,76.25818525404856
2011-04-28 12:00:00,76.25818525404856
2011-04-28 13:00:00,76.25818525404856
2011-04-28 14:00:00,76.25818525404856
2011-04-28 15:00:00,140.40644184441513
2011-04-28 16:00:00,76.25818525404856
2011-04-28 17:00:00,388.93539139527104
2011-04-28 18:00:00,388.93539139527104
2011-04-28 19:00:00,214.78113037467764
2011-04-28 20:00:00,165.60066771286472
2011-04-28 21:00:00,164.13381778150108
2011-04-28 22:00:00,85.14262305326356
2011-04-28 23:00:00,114.76841128681058
2011-04-29 00:00:00,68.93074462396532
2011-04-29 01:00:00,25.517150917106846
2011-04-29 02:00:00,24.695642765745202
2011-04-29 03:00:00,7.88719366776011
2011-04-29 04:00:00,7.689967296861839
2011-04-29 05:00:00,11.625754651051118
2011-04-29 06:00:00,94.15583939605595
2011-04-29 07:00:00,167.53018800247838
2011-04-29 08:00:00,326.28182021977506
2011-04-29 09:00:00,164.74008975923877
2011-04-29 10:00:00,135.11363979703148
2011-04-29 11:00:00,187.4149285033999
2011-04-29 12:00:00,213.0456173635349
2011-04-29 13:00:00,156.49524151261758
2011-04-29 14:00:00,195.272860959475
2011-04-29 15:00:00,156.49524151261758
2011-04-29 16:00:00,155.03687311179715
2011-04-29 17:00:00,339.81456929225055
2011-04-29 18:00:00,326.28182021977506
2011-04-29 19:00:00,242.18129056022596
2011-04-29 20:00:00,165.60066771286472
2011-04-29 21:00:00,87.49963759719681
2011-04-29 22:00:00,83.31534380136301
2011-04-29 23:00:00,60.997822327347095
2011-04-30 00:00:00,109.48737657965536
2011-04-30 01:00:00,27.70151503386647
2011-04-30 02:00:00,26.607688226662717
2011-04-30 03:00:00,25.282287665626008
2011-04-30 04:00:00,3.160167646103808
2011-04-30 05:00:00,3.7893889531869887
2011-04-30 06:00:00,37.56142961434144
2011-04-30 07:00:00,70.97994281785824
2011-04-30 08:00:00,70.97994281785824
2011-04-30 09:00:00,87.49963759719681
2011-04-30 10:00:00,187.55752011127655
2011-04-30 11:00:00,313.6958452263728
2011-04-30 12:00:00,368.9267798382953
2011-04-30 13:00:00,368.9267798382953
2011-04-30 14:00:00,368.9267798382953
2011-04-30 15:00:00,368.9267798382953
2011-04-30 16:00:00,449.10075485793686
2011-04-30 17:00:00,368.9267798382953
2011-04-30 18:00:00,284.2831874257324
2011-04-30 19:00:00,217.64402765718725
2011-04-30 20:00:00,174.72387814509645
2011-04-30 21:00:00,174.72387814509645
2011-04-30 22:00:00,104.50937405394505
2011-04-30 23:00:00,60.997822327347095
2011-05-20 00:00:00,29.37185152009449
2011-05-20 01:00:00,25.517150917106846
2011-05-20 02:00:00,6.815513254092055
2011-05-20 03:00:00,7.88719366776011
2011-05-20 04:00:00,3.416333444896912
2011-05-20 05:00:00,22.551829299653942
2011-05-20 06:00:00,52.17400402913352
2011-05-20 07:00:00,219.03754973357678
2011-05-20 08:00:00,469.1942495841931
2011-05-20 09:00:00,235.9111358863479
2011-05-20 10:00:00,162.22483105454575
2011-05-20 11:00:00,186.0975293119594
2011-05-20 12:00:00,275.1533037858052
2011-05-20 13:00:00,275.1533037858052
2011-05-20 14:00:00,250.58179511254917
2011-05-20 15:00:00,275.1533037858052
2011-05-20 16:00:00,356.73187685499244
2011-05-20 17:00:00,388.82928619325236
2011-05-20 18:00:00,450.5710691583655
2011-05-20 19:00:00,361.1517331087392
2011-05-20 20:00:00,266.07314636360337
2011-05-20 21:00:00,141.04299362561878
2011-05-20 22:00:00,186.0975293119594
2011-05-20 23:00:00,114.76841128681058
2011-05-21 00:00:00,109.48737657965536
2011-05-21 01:00:00,80.37790520059369
2011-05-21 02:00:00,57.49061138630147
2011-05-21 03:00:00,30.383372728542877
2011-05-21 04:00:00,7.55679301660412
2011-05-21 05:00:00,10.589529938145791
2011-05-21 06:00:00,21.9660557755433
2011-05-21 07:00:00,41.11353989847878
2011-05-21 08:00:00,126.588534678559
2011-05-21 09:00:00,219.3314691909288
2011-05-21 10:00:00,316.81465353166
2011-05-21 11:00:00,347.5260361666597
2011-05-21 12:00:00,345.03880520359604
2011-05-21 13:00:00,345.03880520359604
2011-05-21 14:00:00,345.03880520359604
2011-05-21 15:00:00,375.27290332942994
2011-05-21 16:00:00,375.27290332942994
2011-05-21 17:00:00,345.03880520359604
2011-05-21 18:00:00,345.03880520359604
2011-05-21 19:00:00,290.93654343310686
2011-05-21 20:00:00,266.07314636360337
2011-05-21 21:00:00,206.69125775795638
2011-05-21 22:00:00,124.42760168015562
2011-05-21 23:00:00,49.907139302608336
2011-05-22 00:00:00,115.99034109305518
2011-05-22 01:00:00,99.13201450297107
2011-05-22 02:00:00,58.137772348658125
2011-05-22 03:00:00,30.258516842522987
2011-05-22 04:00:00,7.119059335036617
2011-05-22 05:00:00,14.404992593440477
2011-05-22 06:00:00,9.489776027341682
2011-05-22 07:00:00,34.061126825294615
2011-05-22 08:00:00,93.14576385142595
2011-05-22 09:00:00,182.71754855588884
2011-05-22 10:00:00,316.81465353166
2011-05-22 11:00:00,347.5260361666597
2011-05-22 12:00:00,375.27290332942994
2011-05-22 13:00:00,375.27290332942994
2011-05-22 14:00:00,284.40937874690906
2011-05-22 15:00:00,350.0514147126268
2011-05-22 16:00:00,350.0514147126268
2011-05-22 17:00:00,350.0514147126268
2011-05-22 18:00:00,350.0514147126268
2011-05-22 19:00:00,290.93654343310686
2011-05-22 20:00:00,270.6632122978071
2011-05-22 21:00:00,130.19571440892784
2011-05-22 22:00:00,124.71028163376276
2011-05-22 23:00:00,49.907139302608336
2011-05-23 00:00:00,25.935217998454263
2011-05-23 01:00:00,12.1853475479176
2011-05-23 02:00:00,4.0258803537639665
2011-05-23 03:00:00,2.898059840916189
2011-05-23 04:00:00,5.517506370631275
2011-05-23 05:00:00,20.089774736736036
2011-05-23 06:00:00,89.8870293824761
2011-05-23 07:00:00,291.0478276392749
2011-05-23 08:00:00,383.2528384748428
2011-05-23 09:00:00,191.4135964127979
2011-05-23 10:00:00,116.5895091843131
2011-05-23 11:00:00,162.98913575213768
2011-05-23 12:00:00,208.78989517215078
2011-05-23 13:00:00,191.88133018257383
2011-05-23 14:00:00,147.54540307428746
2011-05-23 15:00:00,157.60316354274417
2011-05-23 16:00:00,280.08817491237636
2011-05-23 17:00:00,408.3734712517214
2011-05-23 18:00:00,386.93845617216755
2011-05-23 19:00:00,390.6837389473746
2011-05-23 20:00:00,223.52869411757453
2011-05-23 21:00:00,135.02320923433692
2011-05-23 22:00:00,78.7591802626285
2011-05-23 23:00:00,73.94977906938597
2011-05-24 00:00:00,16.463365950969646
2011-05-24 01:00:00,15.535655426586459
2011-05-24 02:00:00,4.0258803537639665
2011-05-24 03:00:00,2.314454017339987
2011-05-24 04:00:00,6.455838546382705
2011-05-24 05:00:00,20.089774736736036
2011-05-24 06:00:00,112.73806409866523
2011-05-24 07:00:00,259.1485421370905
2011-05-24 08:00:00,259.1485421370905
2011-05-24 09:00:00,191.4135964127979
2011-05-24 10:00:00,126.5847982626775
2011-05-24 11:00:00,138.26547626295155
2011-05-24 12:00:00,174.04111813209116
2011-05-24 13:00:00,193.33301433898262
2011-05-24 14:00:00,147.54540307428746
2011-05-24 15:00:00,147.36986284459107
2011-05-24 16:00:00,280.08817491237636
2011-05-24 17:00:00,544.9046228103721
2011-05-24 18:00:00,457.27234744955194
2011-05-24 19:00:00,313.5204699010292
2011-05-24 20:00:00,242.79173402536526
2011-05-24 21:00:00,212.0517310146328
2011-05-24 22:00:00,135.02320923433692
2011-05-24 23:00:00,83.80957081006257
2011-05-25 00:00:00,25.935217998454263
2011-05-25 01:00:00,12.1853475479176
2011-05-25 02:00:00,7.352597472575926
2011-05-25 03:00:00,5.057258416059574
2011-05-25 04:00:00,5.517506370631275
2011-05-25 05:00:00,26.89565993529127
2011-05-25 06:00:00,112.73806409866523
2011-05-25 07:00:00,291.0478276392749
2011-05-25 08:00:00,496.0723611312779
2011-05-25 09:00:00,199.70731175494518
2011-05-25 10:00:00,140.6025536069315
2011-05-25 11:00:00,138.26547626295155
2011-05-25 12:00:00,208.78989517215078
2011-05-25 13:00:00,166.4552747766497
2011-05-25 14:00:00,147.54540307428746
2011-05-25 15:00:00,174.57576257601897
2011-05-25 16:00:00,305.2751232127047
2011-05-25 17:00:00,400.0505207232828
2011-05-25 18:00:00,544.9046228103721
2011-05-25 19:00:00,410.76023237247426
2011-05-25 20:00:00,270.6632122978071
2011-05-25 21:00:00,205.5142292459231
2011-05-25 22:00:00,150.38003014569898
2011-05-25 23:00:00,94.23439198547673
2011-05-26 00:00:00,36.444167936123634
2011-05-26 01:00:00,20.958408022801297
2011-05-26 02:00:00,15.955616618809582
2011-05-26 03:00:00,3.649814996129468
2011-05-26 04:00:00,6.455838546382705
2011-05-26 05:00:00,20.089774736736036
2011-05-26 06:00:00,89.8870293824761
2011-05-26 07:00:00,222.01641215071106
2011-05-26 08:00:00,383.2528384748428
2011-05-26 09:00:00,191.4135964127979
2011-05-26 10:00:00,117.09609356285394
2011-05-26 11:00:00,159.71762631716717
2011-05-26 12:00:00,175.74441930023914
2011-05-26 13:00:00,161.0346875533391
2011-05-26 14:00:00,161.0346875533391
2011-05-26 15:00:00,161.0346875533391
2011-05-26 16:00:00,276.1768807608781
2011-05-26 17:00:00,400.0505207232828
2011-05-26 18:00:00,400.0505207232828
2011-05-26 19:00:00,322.79482297062316
2011-05-26 20:00:00,290.2708017996555
2011-05-26 21:00:00,205.5142292459231
2011-05-26 22:00:00,159.84625490973093
2011-05-26 23:00:00,123.226305274687
2011-05-27 00:00:00,68.93074462396532
2011-05-27 01:00:00,18.992113896924753
2011-05-27 02:00:00,12.25171895955795
2011-05-27 03:00:00,7.88719366776011
2011-05-27 04:00:00,7.068559927455086
2011-05-27 05:00:00,29.81533182252395
2011-05-27 06:00:00,110.66567307096848
2011-05-27 07:00:00,272.1780531483036
2011-05-27 08:00:00,457.27234744955194
2011-05-27 09:00:00,216.51834314072494
2011-05-27 10:00:00,135.11363979703148
2011-05-27 11:00:00,165.43540889702993
2011-05-27 12:00:00,205.31375541021148
2011-05-27 13:00:00,204.72191180710846
2011-05-27 14:00:00,205.31375541021148
2011-05-27 15:00:00,205.31375541021148
2011-05-27 16:00:00,284.86763125983157
2011-05-27 17:00:00,526.9670038204803
2011-05-27 18:00:00,388.82928619325236
2011-05-27 19:00:00,259.1485421370905
2011-05-27 20:00:00,211.28751345833177
2011-05-27 21:00:00,124.71028163376276
2011-05-27 22:00:00,169.35244426559194
2011-05-27 23:00:00,204.38793984610425
2011-05-28 00:00:00,115.99034109305518
2011-05-28 01:00:00,80.37790520059369
2011-05-28 02:00:00,47.92436934784168
2011-05-28 03:00:00,30.383372728542877
2011-05-28 04:00:00,5.754704418820814
2011-05-28 05:00:00,3.7893889531869887
2011-05-28 06:00:00,21.9660557755433
2011-05-28 07:00:00,50.87823079818994
2011-05-28 08:00:00,125.93487912840044
2011-05-28 09:00:00,219.3314691909288
2011-05-28 10:00:00,316.81465353166
2011-05-28 11:00:00,383.71054384226585
2011-05-28 12:00:00,350.0514147126268
2011-05-28 13:00:00,383.71054384226585
2011-05-28 14:00:00,350.0514147126268
2011-05-28 15:00:00,375.27290332942994
2011-05-28 16:00:00,375.27290332942994
2011-05-28 17:00:00,375.27290332942994
2011-05-28 18:00:00,383.71054384226585
2011-05-28 19:00:00,290.93654343310686
2011-05-28 20:00:00,270.6632122978071
2011-05-28 21:00:00,209.69731661582568
2011-05-28 22:00:00,155.98618726998933
2011-05-28 23:00:00,118.07508078134488
2011-05-29 00:00:00,115.99034109305518
2011-05-29 01:00:00,99.13201450297107
2011-05-29 02:00:00,58.137772348658125
2011-05-29 03:00:00,30.46475471218364
2011-05-29 04:00:00,7.119059335036617
2011-05-29 05:00:00,14.404992593440477
2011-05-29 06:00:00,13.756550808471934
2011-05-29 07:00:00,34.061126825294615
2011-05-29 08:00:00,135.02320923433692
2011-05-29 09:00:00,78.7591802626285
2011-05-29 10:00:00,278.44388117169393
2011-05-29 11:00:00,278.44388117169393
2011-05-29 12:00:00,282.8970924942694
2011-05-29 13:00:00,363.0062078235707
2011-05-29 14:00:00,363.0062078235707
2011-05-29 15:00:00,363.0062078235707
2011-05-29 16:00:00,363.0062078235707
2011-05-29 17:00:00,363.0062078235707
2011-05-29 18:00:00,282.8970924942694
2011-05-29 19:00:00,290.93654343310686
2011-05-29 20:00:00,172.61912196338312
2011-05-29 21:00:00,159.2270861998625
2011-05-29 22:00:00,135.02320923433692
2011-05-29 23:00:00,73.94977906938597
2011-05-30 00:00:00,115.99034109305518
2011-05-30 01:00:00,99.13201450297107
2011-05-30 02:00:00,26.04389203360677
2011-05-30 03:00:00,19.863800750287652
2011-05-30 04:00:00,5.754704418820814
2011-05-30 05:00:00,7.374549550170995
2011-05-30 06:00:00,13.756550808471934
2011-05-30 07:00:00,34.061126825294615
2011-05-30 08:00:00,135.02320923433692
2011-05-30 09:00:00,175.74441930023914
2011-05-30 10:00:00,272.19051733030426
2011-05-30 11:00:00,347.5260361666597
2011-05-30 12:00:00,345.03880520359604
2011-05-30 13:00:00,345.03880520359604
2011-05-30 14:00:00,345.03880520359604
2011-05-30 15:00:00,375.27290332942994
2011-05-30 16:00:00,375.27290332942994
2011-05-30 17:00:00,375.27290332942994
2011-05-30 18:00:00,345.03880520359604
2011-05-30 19:00:00,217.64402765718725
2011-05-30 20:00:00,317.4302526019102
2011-05-30 21:00:00,205.5142292459231
2011-05-30 22:00:00,150.38003014569898
2011-05-30 23:00:00,118.07508078134488
2011-05-31 00:00:00,35.72539048952621
2011-05-31 01:00:00,22.864767182530436
2011-05-31 02:00:00,6.351355397524378
2011-05-31 03:00:00,2.314454017339987
2011-05-31 04:00:00,6.455838546382705
2011-05-31 05:00:00,26.89565993529127
2011-05-31 06:00:00,108.71249898051867
2011-05-31 07:00:00,291.0478276392749
2011-05-31 08:00:00,441.30040597717857
2011-05-31 09:00:00,181.99695230231583
2011-05-31 10:00:00,134.71915412147484
2011-05-31 11:00:00,125.72034181017415
2011-05-31 12:00:00,157.1345528417972
2011-05-31 13:00:00,159.60077092233908
2011-05-31 14:00:00,138.82968285765503
2011-05-31 15:00:00,159.60077092233908
2011-05-31 16:00:00,242.4327412375865
2011-05-31 17:00:00,503.95671900529845
2011-05-31 18:00:00,503.95671900529845
2011-05-31 19:00:00,338.2846325396089
2011-05-31 20:00:00,242.79173402536526
2011-05-31 21:00:00,205.5142292459231
2011-05-31 22:00:00,150.38003014569898
2011-05-31 23:00:00,83.42064584435185
2011-06-20 00:00:00,35.72539048952621
2011-06-20 01:00:00,22.864767182530436
2011-06-20 02:00:00,8.966554934125966
2011-06-20 03:00:00,2.103691147830719
2011-06-20 04:00:00,3.680694638641431
2011-06-20 05:00:00,5.693909765664186
2011-06-20 06:00:00,108.71249898051867
2011-06-20 07:00:00,114.5647461635262
2011-06-20 08:00:00,222.41697224016593
2011-06-20 09:00:00,212.84735703320544
2011-06-20 10:00:00,148.37067643293787
2011-06-20 11:00:00,169.35244426559194
2011-06-20 12:00:00,189.56029789686679
2011-06-20 13:00:00,166.4552747766497
2011-06-20 14:00:00,192.2818722443187
2011-06-20 15:00:00,168.75350287038657
2011-06-20 16:00:00,284.38158416906964
2011-06-20 17:00:00,574.6386226579771
2011-06-20 18:00:00,545.3162204478309
2011-06-20 19:00:00,313.5204699010292
2011-06-20 20:00:00,317.4302526019102
2011-06-20 21:00:00,206.69125775795638
2011-06-20 22:00:00,124.42760168015562
2011-06-20 23:00:00,83.42064584435185
2011-06-21 00:00:00,24.183468335299782
2011-06-21 01:00:00,9.917628250014388
2011-06-21 02:00:00,6.351355397524378
2011-06-21 03:00:00,2.103691147830719
2011-06-21 04:00:00,4.943921952763129
2011-06-21 05:00:00,20.089774736736036
2011-06-21 06:00:00,112.73806409866523
2011-06-21 07:00:00,315.39054348442386
2011-06-21 08:00:00,383.2528384748428
2011-06-21 09:00:00,212.84735703320544
2011-06-21 10:00:00,159.2270861998625
2011-06-21 11:00:00,159.2270861998625
2011-06-21 12:00:00,203.15111020130377
2011-06-21 13:00:00,166.4552747766497
2011-06-21 14:00:00,147.54540307428746
2011-06-21 15:00:00,174.57576257601897
2011-06-21 16:00:00,276.1768807608781
2011-06-21 17:00:00,558.6156140626209
2011-06-21 18:00:00,457.27234744955194
2011-06-21 19:00:00,374.7230425161616
2011-06-21 20:00:00,290.2708017996555
2011-06-21 21:00:00,205.5142292459231
2011-06-21 22:00:00,131.87130636257265
2011-06-21 23:00:00,83.80957081006257
2011-06-22 00:00:00,35.72539048952621
2011-06-22 01:00:00,13.403400202680116
2011-06-22 02:00:00,4.126120837370822
2011-06-22 03:00:00,5.057258416059574
2011-06-22 04:00:00,4.943921952763129
2011-06-22 05:00:00,26.89565993529127
2011-06-22 06:00:00,108.71249898051867
2011-06-22 07:00:00,315.39054348442386
2011-06-22 08:00:00,408.6826283925665
2011-06-22 09:00:00,212.84735703320544
2011-06-22 10:00:00,117.09609356285394
2011-06-22 11:00:00,152.14972782439565
2011-06-22 12:00:00,173.14609654697006
2011-06-22 13:00:00,151.81651608559656
2011-06-22 14:00:00,138.82968285765503
2011-06-22 15:00:00,151.81651608559656
2011-06-22 16:00:00,242.4327412375865
2011-06-22 17:00:00,481.9148084614481
2011-06-22 18:00:00,481.9148084614481
2011-06-22 19:00:00,374.7230425161616
2011-06-22 20:00:00,242.79173402536526
2011-06-22 21:00:00,172.8617068324805
2011-06-22 22:00:00,155.98618726998933
2011-06-22 23:00:00,83.42064584435185
2011-06-23 00:00:00,40.84209580830727
2011-06-23 01:00:00,18.001959372083242
2011-06-23 02:00:00,6.999171408319481
2011-06-23 03:00:00,4.16697527742531
2011-06-23 04:00:00,4.943921952763129
2011-06-23 05:00:00,27.834983131777836
2011-06-23 06:00:00,119.6439305438961
2011-06-23 07:00:00,295.0716890805271
2011-06-23 08:00:00,457.27234744955194
2011-06-23 09:00:00,212.84735703320544
2011-06-23 10:00:00,117.09609356285394
2011-06-23 11:00:00,143.73449335722725
2011-06-23 12:00:00,175.74441930023914
2011-06-23 13:00:00,191.88133018257383
2011-06-23 14:00:00,167.03519340209377
2011-06-23 15:00:00,174.57576257601897
2011-06-23 16:00:00,280.08817491237636
2011-06-23 17:00:00,457.27234744955194
2011-06-23 18:00:00,457.27234744955194
2011-06-23 19:00:00,322.79482297062316
2011-06-23 20:00:00,290.2708017996555
2011-06-23 21:00:00,205.5142292459231
2011-06-23 22:00:00,150.38003014569898
2011-06-23 23:00:00,123.226305274687
2011-06-24 00:00:00,68.93074462396532
2011-06-24 01:00:00,18.992113896924753
2011-06-24 02:00:00,6.815513254092055
2011-06-24 03:00:00,6.665102521670363
2011-06-24 04:00:00,4.943921952763129
2011-06-24 05:00:00,26.89565993529127
2011-06-24 06:00:00,108.71249898051867
2011-06-24 07:00:00,272.1780531483036
2011-06-24 08:00:00,457.27234744955194
2011-06-24 09:00:00,235.9111358863479
2011-06-24 10:00:00,135.11363979703148
2011-06-24 11:00:00,165.43540889702993
2011-06-24 12:00:00,205.31375541021148
2011-06-24 13:00:00,205.31375541021148
2011-06-24 14:00:00,205.31375541021148
2011-06-24 15:00:00,205.31375541021148
2011-06-24 16:00:00,284.86763125983157
2011-06-24 17:00:00,526.9670038204803
2011-06-24 18:00:00,450.5710691583655
2011-06-24 19:00:00,402.6306794475488
2011-06-24 20:00:00,281.73952577852947
2011-06-24 21:00:00,250.58179511254917
2011-06-24 22:00:00,250.58179511254917
2011-06-24 23:00:00,152.50140300676972
2011-06-25 00:00:00,115.99034109305518
2011-06-25 01:00:00,80.37790520059369
2011-06-25 02:00:00,47.92436934784168
2011-06-25 03:00:00,20.555796817473162
2011-06-25 04:00:00,11.950436225225854
2011-06-25 05:00:00,6.605485805667216
2011-06-25 06:00:00,23.403812805632803
2011-06-25 07:00:00,58.660031367593014
2011-06-25 08:00:00,126.588534678559
2011-06-25 09:00:00,209.30687357979016
2011-06-25 10:00:00,316.81465353166
2011-06-25 11:00:00,347.5260361666597
2011-06-25 12:00:00,407.0653806285312
2011-06-25 13:00:00,407.0653806285312
2011-06-25 14:00:00,407.0653806285312
2011-06-25 15:00:00,380.0190858094038
2011-06-25 16:00:00,407.0653806285312
2011-06-25 17:00:00,407.0653806285312
2011-06-25 18:00:00,407.0653806285312
2011-06-25 19:00:00,290.93654343310686
2011-06-25 20:00:00,312.4112074671824
2011-06-25 21:00:00,205.5142292459231
2011-06-25 22:00:00,147.68721179209837
2011-06-25 23:00:00,152.50140300676972
2011-06-26 00:00:00,99.74366587116869
2011-06-26 01:00:00,99.13201450297107
2011-06-26 02:00:00,73.63896695505188
2011-06-26 03:00:00,30.258516842522987
2011-06-26 04:00:00,11.950436225225854
2011-06-26 05:00:00,6.605485805667216
2011-06-26 06:00:00,23.403812805632803
2011-06-26 07:00:00,58.660031367593014
2011-06-26 08:00:00,93.14576385142595
2011-06-26 09:00:00,182.71754855588884
2011-06-26 10:00:00,316.81465353166
2011-06-26 11:00:00,347.5260361666597
2011-06-26 12:00:00,418.92825865878405
2011-06-26 13:00:00,380.0190858094038
2011-06-26 14:00:00,418.92825865878405
2011-06-26 15:00:00,380.0190858094038
2011-06-26 16:00:00,407.0653806285312
2011-06-26 17:00:00,418.92825865878405
2011-06-26 18:00:00,407.0653806285312
2011-06-26 19:00:00,290.93654343310686
2011-06-26 20:00:00,312.4112074671824
2011-06-26 21:00:00,184.9186749447759
2011-06-26 22:00:00,159.84625490973093
2011-06-26 23:00:00,74.76500397401519
2011-06-27 00:00:00,55.12442378980962
2011-06-27 01:00:00,9.917628250014388
2011-06-27 02:00:00,9.329551478635452
2011-06-27 03:00:00,2.103691147830719
2011-06-27 04:00:00,4.943921952763129
2011-06-27 05:00:00,20.089774736736036
2011-06-27 06:00:00,108.71249898051867
2011-06-27 07:00:00,334.54132016532316
2011-06-27 08:00:00,386.93845617216755
2011-06-27 09:00:00,212.84735703320544
2011-06-27 10:00:00,97.52063216884765
2011-06-27 11:00:00,143.73449335722725
2011-06-27 12:00:00,203.15111020130377
2011-06-27 13:00:00,166.4552747766497
2011-06-27 14:00:00,170.01231845134532
2011-06-27 15:00:00,168.75350287038657
2011-06-27 16:00:00,284.38158416906964
2011-06-27 17:00:00,574.6386226579771
2011-06-27 18:00:00,545.3162204478309
2011-06-27 19:00:00,410.76023237247426
2011-06-27 20:00:00,317.4302526019102
2011-06-27 21:00:00,205.5142292459231
2011-06-27 22:00:00,127.36909467966774
2011-06-27 23:00:00,81.60511813677243
2011-06-28 00:00:00,35.72539048952621
2011-06-28 01:00:00,22.864767182530436
2011-06-28 02:00:00,7.050151420645294
2011-06-28 03:00:00,7.15157793924984
2011-06-28 04:00:00,4.943921952763129
2011-06-28 05:00:00,23.3020998126758
2011-06-28 06:00:00,108.71249898051867
2011-06-28 07:00:00,278.1109961819891
2011-06-28 08:00:00,408.6826283925665
2011-06-28 09:00:00,212.84735703320544
2011-06-28 10:00:00,134.71915412147484
2011-06-28 11:00:00,125.72034181017415
2011-06-28 12:00:00,173.14609654697006
2011-06-28 13:00:00,159.60077092233908
2011-06-28 14:00:00,138.82968285765503
2011-06-28 15:00:00,159.60077092233908
2011-06-28 16:00:00,242.4327412375865
2011-06-28 17:00:00,408.3734712517214
2011-06-28 18:00:00,408.3734712517214
2011-06-28 19:00:00,322.79482297062316
2011-06-28 20:00:00,242.79173402536526
2011-06-28 21:00:00,209.69731661582568
2011-06-28 22:00:00,150.38003014569898
2011-06-28 23:00:00,83.80957081006257
2011-06-29 00:00:00,35.72539048952621
2011-06-29 01:00:00,13.403400202680116
2011-06-29 02:00:00,5.228718871351122
2011-06-29 03:00:00,5.057258416059574
2011-06-29 04:00:00,4.943921952763129
2011-06-29 05:00:00,26.89565993529127
2011-06-29 06:00:00,119.6439305438961
2011-06-29 07:00:00,295.0716890805271
2011-06-29 08:00:00,496.0723611312779
2011-06-29 09:00:00,212.84735703320544
2011-06-29 10:00:00,105.64115162726877
2011-06-29 11:00:00,138.26547626295155
2011-06-29 12:00:00,216.022139033192
2011-06-29 13:00:00,189.56678965801026
2011-06-29 14:00:00,147.54540307428746
2011-06-29 15:00:00,168.75350287038657
2011-06-29 16:00:00,288.93873749550204
2011-06-29 17:00:00,558.6156140626209
2011-06-29 18:00:00,577.0185044149016
2011-06-29 19:00:00,322.79482297062316
2011-06-29 20:00:00,220.68426638135963
2011-06-29 21:00:00,233.27044364296344
2011-06-29 22:00:00,147.68721179209837
2011-06-29 23:00:00,94.23439198547673
2011-06-30 00:00:00,40.84209580830727
2011-06-30 01:00:00,18.001959372083242
2011-06-30 02:00:00,6.999171408319481
2011-06-30 03:00:00,6.547161807368474
2011-06-30 04:00:00,4.943921952763129
2011-06-30 05:00:00,26.484442759005894
2011-06-30 06:00:00,119.6439305438961
2011-06-30 07:00:00,320.8266756408382
2011-06-30 08:00:00,496.0723611312779
2011-06-30 09:00:00,212.84735703320544
2011-06-30 10:00:00,140.6025536069315
2011-06-30 11:00:00,159.71762631716717
2011-06-30 12:00:00,216.022139033192
2011-06-30 13:00:00,193.33301433898262
2011-06-30 14:00:00,147.54540307428746
2011-06-30 15:00:00,179.9926634940213
2011-06-30 16:00:00,288.93873749550204
2011-06-30 17:00:00,588.6122115185741
2011-06-30 18:00:00,560.876628693329
2011-06-30 19:00:00,369.05884891610526
2011-06-30 20:00:00,281.73952577852947
2011-06-30 21:00:00,205.5142292459231
2011-06-30 22:00:00,147.68721179209837
2011-06-30 23:00:00,123.226305274687
2011-07-20 00:00:00,35.72539048952621
2011-07-20 01:00:00,17.44344900001542
2011-07-20 02:00:00,4.126120837370822
2011-07-20 03:00:00,5.057258416059574
2011-07-20 04:00:00,4.943921952763129
2011-07-20 05:00:00,26.89565993529127
2011-07-20 06:00:00,112.73806409866523
2011-07-20 07:00:00,315.39054348442386
2011-07-20 08:00:00,408.6826283925665
2011-07-20 09:00:00,199.70731175494518
2011-07-20 10:00:00,117.09609356285394
2011-07-20 11:00:00,132.40094969629155
2011-07-20 12:00:00,157.1345528417972
2011-07-20 13:00:00,151.81651608559656
2011-07-20 14:00:00,138.82968285765503
2011-07-20 15:00:00,151.81651608559656
2011-07-20 16:00:00,242.4327412375865
2011-07-20 17:00:00,503.95671900529845
2011-07-20 18:00:00,503.95671900529845
2011-07-20 19:00:00,338.2846325396089
2011-07-20 20:00:00,290.2708017996555
2011-07-20 21:00:00,267.83337388225476
2011-07-20 22:00:00,150.38003014569898
2011-07-20 23:00:00,94.23439198547673
2011-07-21 00:00:00,40.84209580830727
2011-07-21 01:00:00,27.317384865059648
2011-07-21 02:00:00,6.351355397524378
2011-07-21 03:00:00,3.649814996129468
2011-07-21 04:00:00,4.943921952763129
2011-07-21 05:00:00,20.089774736736036
2011-07-21 06:00:00,108.71249898051867
2011-07-21 07:00:00,278.1109961819891
2011-07-21 08:00:00,408.6826283925665
2011-07-21 09:00:00,181.99695230231583
2011-07-21 10:00:00,117.09609356285394
2011-07-21 11:00:00,132.40094969629155
2011-07-21 12:00:00,157.1345528417972
2011-07-21 13:00:00,161.0346875533391
2011-07-21 14:00:00,161.0346875533391
2011-07-21 15:00:00,161.0346875533391
2011-07-21 16:00:00,242.4327412375865
2011-07-21 17:00:00,452.38251170202534
2011-07-21 18:00:00,503.95671900529845
2011-07-21 19:00:00,374.7230425161616
2011-07-21 20:00:00,290.2708017996555
2011-07-21 21:00:00,226.76358755589882
2011-07-21 22:00:00,150.38003014569898
2011-07-21 23:00:00,114.76841128681058
2011-07-22 00:00:00,56.657334961785445
2011-07-22 01:00:00,25.517150917106846
2011-07-22 02:00:00,18.264873442121324
2011-07-22 03:00:00,7.88719366776011
2011-07-22 04:00:00,7.068559927455086
2011-07-22 05:00:00,26.89565993529127
2011-07-22 06:00:00,110.66567307096848
2011-07-22 07:00:00,272.1780531483036
2011-07-22 08:00:00,441.30040597717857
2011-07-22 09:00:00,235.9111358863479
2011-07-22 10:00:00,135.11363979703148
2011-07-22 11:00:00,165.43540889702993
2011-07-22 12:00:00,205.31375541021148
2011-07-22 13:00:00,205.31375541021148
2011-07-22 14:00:00,205.31375541021148
2011-07-22 15:00:00,205.31375541021148
2011-07-22 16:00:00,242.4327412375865
2011-07-22 17:00:00,526.9670038204803
2011-07-22 18:00:00,450.5710691583655
2011-07-22 19:00:00,369.05884891610526
2011-07-22 20:00:00,281.73952577852947
2011-07-22 21:00:00,179.04367663826534
2011-07-22 22:00:00,179.04367663826534
2011-07-22 23:00:00,114.76841128681058
2011-07-23 00:00:00,128.9925891087016
2011-07-23 01:00:00,80.37790520059369
2011-07-23 02:00:00,59.35891179632307
2011-07-23 03:00:00,20.555796817473162
2011-07-23 04:00:00,10.847077742450939
2011-07-23 05:00:00,6.605485805667216
2011-07-23 06:00:00,23.403812805632803
2011-07-23 07:00:00,58.660031367593014
2011-07-23 08:00:00,126.588534678559
2011-07-23 09:00:00,151.81651608559656
2011-07-23 10:00:00,272.19051733030426
2011-07-23 11:00:00,347.5260361666597
2011-07-23 12:00:00,385.2274684025226
2011-07-23 13:00:00,370.2096723062709
2011-07-23 14:00:00,414.63064551378574
2011-07-23 15:00:00,414.63064551378574
2011-07-23 16:00:00,385.2274684025226
2011-07-23 17:00:00,385.2274684025226
2011-07-23 18:00:00,370.2096723062709
2011-07-23 19:00:00,339.02070294467296
2011-07-23 20:00:00,290.2708017996555
2011-07-23 21:00:00,226.76358755589882
2011-07-23 22:00:00,209.18056726890407
2011-07-23 23:00:00,114.76841128681058
2011-07-24 00:00:00,128.9925891087016
2011-07-24 01:00:00,99.13201450297107
2011-07-24 02:00:00,73.63896695505188
2011-07-24 03:00:00,30.258516842522987
2011-07-24 04:00:00,7.119059335036617
2011-07-24 05:00:00,6.605485805667216
2011-07-24 06:00:00,23.403812805632803
2011-07-24 07:00:00,58.660031367593014
2011-07-24 08:00:00,93.14576385142595
2011-07-24 09:00:00,151.81651608559656
2011-07-24 10:00:00,272.19051733030426
2011-07-24 11:00:00,347.5260361666597
2011-07-24 12:00:00,359.20722143007686
2011-07-24 13:00:00,359.20722143007686
2011-07-24 14:00:00,409.4221277146939
2011-07-24 15:00:00,359.20722143007686
2011-07-24 16:00:00,359.20722143007686
2011-07-24 17:00:00,359.20722143007686
2011-07-24 18:00:00,359.20722143007686
2011-07-24 19:00:00,339.02070294467296
2011-07-24 20:00:00,281.73952577852947
2011-07-24 21:00:00,267.83337388225476
2011-07-24 22:00:00,127.36909467966774
2011-07-24 23:00:00,74.76500397401519
2011-07-25 00:00:00,35.72539048952621
2011-07-25 01:00:00,17.44344900001542
2011-07-25 02:00:00,4.4989185479944105
2011-07-25 03:00:00,6.995528222469988
2011-07-25 04:00:00,4.943921952763129
2011-07-25 05:00:00,26.89565993529127
2011-07-25 06:00:00,108.71249898051867
2011-07-25 07:00:00,315.39054348442386
2011-07-25 08:00:00,386.93845617216755
2011-07-25 09:00:00,181.99695230231583
2011-07-25 10:00:00,97.52063216884765
2011-07-25 11:00:00,132.40094969629155
2011-07-25 12:00:00,157.1345528417972
2011-07-25 13:00:00,166.4552747766497
2011-07-25 14:00:00,155.98618726998933
2011-07-25 15:00:00,132.13756721409706
2011-07-25 16:00:00,159.2270861998625
2011-07-25 17:00:00,386.93845617216755
2011-07-25 18:00:00,386.93845617216755
2011-07-25 19:00:00,338.2846325396089
2011-07-25 20:00:00,317.4302526019102
2011-07-25 21:00:00,119.35412178700756
2011-07-25 22:00:00,119.35412178700756
2011-07-25 23:00:00,118.07508078134488
2011-07-26 00:00:00,35.72539048952621
2011-07-26 01:00:00,17.44344900001542
2011-07-26 02:00:00,8.043204594875197
2011-07-26 03:00:00,2.314454017339987
2011-07-26 04:00:00,4.943921952763129
2011-07-26 05:00:00,26.89565993529127
2011-07-26 06:00:00,108.71249898051867
2011-07-26 07:00:00,317.4757855005131
2011-07-26 08:00:00,441.30040597717857
2011-07-26 09:00:00,197.16994276890858
2011-07-26 10:00:00,134.71915412147484
2011-07-26 11:00:00,152.14972782439565
2011-07-26 12:00:00,216.022139033192
2011-07-26 13:00:00,174.04111813209116
2011-07-26 14:00:00,167.03519340209377
2011-07-26 15:00:00,159.60077092233908
2011-07-26 16:00:00,276.1768807608781
2011-07-26 17:00:00,558.6156140626209
2011-07-26 18:00:00,560.876628693329
2011-07-26 19:00:00,402.6306794475488
2011-07-26 20:00:00,301.9367399477228
2011-07-26 21:00:00,226.76358755589882
2011-07-26 22:00:00,209.18056726890407
2011-07-26 23:00:00,83.80957081006257
2011-07-27 00:00:00,43.940510390854655
2011-07-27 01:00:00,14.77473582177288
2011-07-27 02:00:00,10.667493449377812
2011-07-27 03:00:00,3.8335086386803123
2011-07-27 04:00:00,4.943921952763129
2011-07-27 05:00:00,26.388649035968946
2011-07-27 06:00:00,119.6439305438961
2011-07-27 07:00:00,295.0716890805271
2011-07-27 08:00:00,441.30040597717857
2011-07-27 09:00:00,197.16994276890858
2011-07-27 10:00:00,105.64115162726877
2011-07-27 11:00:00,152.14972782439565
2011-07-27 12:00:00,210.30814919127076
2011-07-27 13:00:00,189.56678965801026
2011-07-27 14:00:00,167.03519340209377
2011-07-27 15:00:00,179.9926634940213
2011-07-27 16:00:00,276.1768807608781
2011-07-27 17:00:00,558.6156140626209
2011-07-27 18:00:00,577.0185044149016
2011-07-27 19:00:00,369.05884891610526
2011-07-27 20:00:00,281.73952577852947
2011-07-27 21:00:00,267.83337388225476
2011-07-27 22:00:00,209.18056726890407
2011-07-27 23:00:00,94.23439198547673
2011-07-28 00:00:00,40.84209580830727
2011-07-28 01:00:00,27.317384865059648
2011-07-28 02:00:00,6.999171408319481
2011-07-28 03:00:00,3.8335086386803123
2011-07-28 04:00:00,4.943921952763129
2011-07-28 05:00:00,26.484442759005894
2011-07-28 06:00:00,110.66567307096848
2011-07-28 07:00:00,295.0716890805271
2011-07-28 08:00:00,441.30040597717857
2011-07-28 09:00:00,181.99695230231583
2011-07-28 10:00:00,97.52063216884765
2011-07-28 11:00:00,132.40094969629155
2011-07-28 12:00:00,157.1345528417972
2011-07-28 13:00:00,161.0346875533391
2011-07-28 14:00:00,161.0346875533391
2011-07-28 15:00:00,161.0346875533391
2011-07-28 16:00:00,242.4327412375865
2011-07-28 17:00:00,503.95671900529845
2011-07-28 18:00:00,503.95671900529845
2011-07-28 19:00:00,338.2846325396089
2011-07-28 20:00:00,290.2708017996555
2011-07-28 21:00:00,226.76358755589882
2011-07-28 22:00:00,150.38003014569898
2011-07-28 23:00:00,114.76841128681058
2011-07-29 00:00:00,56.657334961785445
2011-07-29 01:00:00,25.517150917106846
2011-07-29 02:00:00,16.011030953089755
2011-07-29 03:00:00,7.88719366776011
2011-07-29 04:00:00,7.068559927455086
2011-07-29 05:00:00,26.89565993529127
2011-07-29 06:00:00,108.71249898051867
2011-07-29 07:00:00,272.1780531483036
2011-07-29 08:00:00,408.6826283925665
2011-07-29 09:00:00,235.9111358863479
2011-07-29 10:00:00,135.11363979703148
2011-07-29 11:00:00,165.43540889702993
2011-07-29 12:00:00,205.31375541021148
2011-07-29 13:00:00,179.04367663826534
2011-07-29 14:00:00,205.31375541021148
2011-07-29 15:00:00,205.31375541021148
2011-07-29 16:00:00,242.4327412375865
2011-07-29 17:00:00,526.9670038204803
2011-07-29 18:00:00,450.5710691583655
2011-07-29 19:00:00,402.6306794475488
2011-07-29 20:00:00,220.68426638135963
2011-07-29 21:00:00,205.31375541021148
2011-07-29 22:00:00,205.31375541021148
2011-07-29 23:00:00,114.76841128681058
2011-07-30 00:00:00,128.9925891087016
2011-07-30 01:00:00,80.37790520059369
2011-07-30 02:00:00,59.35891179632307
2011-07-30 03:00:00,20.555796817473162
2011-07-30 04:00:00,5.754704418820814
2011-07-30 05:00:00,6.407849101747434
2011-07-30 06:00:00,23.403812805632803
2011-07-30 07:00:00,58.660031367593014
2011-07-30 08:00:00,126.588534678559
2011-07-30 09:00:00,151.81651608559656
2011-07-30 10:00:00,272.19051733030426
2011-07-30 11:00:00,347.5260361666597
2011-07-30 12:00:00,370.2096723062709
2011-07-30 13:00:00,414.63064551378574
2011-07-30 14:00:00,414.63064551378574
2011-07-30 15:00:00,385.2274684025226
2011-07-30 16:00:00,370.2096723062709
2011-07-30 17:00:00,385.2274684025226
2011-07-30 18:00:00,370.2096723062709
2011-07-30 19:00:00,339.02070294467296
2011-07-30 20:00:00,281.73952577852947
2011-07-30 21:00:00,267.83337388225476
2011-07-30 22:00:00,209.18056726890407
2011-07-30 23:00:00,114.76841128681058
2011-07-31 00:00:00,128.9925891087016
2011-07-31 01:00:00,99.13201450297107
2011-07-31 02:00:00,73.63896695505188
2011-07-31 03:00:00,30.258516842522987
2011-07-31 04:00:00,7.119059335036617
2011-07-31 05:00:00,6.605485805667216
2011-07-31 06:00:00,23.403812805632803
2011-07-31 07:00:00,58.660031367593014
2011-07-31 08:00:00,93.14576385142595
2011-07-31 09:00:00,216.022139033192
2011-07-31 10:00:00,272.19051733030426
2011-07-31 11:00:00,347.5260361666597
2011-07-31 12:00:00,359.20722143007686
2011-07-31 13:00:00,359.20722143007686
2011-07-31 14:00:00,359.20722143007686
2011-07-31 15:00:00,347.7569815833254
2011-07-31 16:00:00,359.20722143007686
2011-07-31 17:00:00,359.20722143007686
2011-07-31 18:00:00,359.20722143007686
2011-07-31 19:00:00,339.02070294467296
2011-07-31 20:00:00,220.68426638135963
2011-07-31 21:00:00,226.76358755589882
2011-07-31 22:00:00,150.38003014569898
2011-07-31 23:00:00,74.76500397401519
2011-08-20 00:00:00,99.74366587116869
2011-08-20 01:00:00,80.37790520059369
2011-08-20 02:00:00,59.35891179632307
2011-08-20 03:00:00,30.383372728542877
2011-08-20 04:00:00,10.847077742450939
2011-08-20 05:00:00,14.404992593440477
2011-08-20 06:00:00,21.9660557755433
2011-08-20 07:00:00,50.87823079818994
2011-08-20 08:00:00,126.588534678559
2011-08-20 09:00:00,219.3314691909288
2011-08-20 10:00:00,272.19051733030426
2011-08-20 11:00:00,326.4621264687229
2011-08-20 12:00:00,326.4621264687229
2011-08-20 13:00:00,435.6663900353382
2011-08-20 14:00:00,372.9134470310703
2011-08-20 15:00:00,370.2096723062709
2011-08-20 16:00:00,370.2096723062709
2011-08-20 17:00:00,372.9134470310703
2011-08-20 18:00:00,326.4621264687229
2011-08-20 19:00:00,339.02070294467296
2011-08-20 20:00:00,290.2708017996555
2011-08-20 21:00:00,209.69731661582568
2011-08-20 22:00:00,150.38003014569898
2011-08-20 23:00:00,131.35071404495633
2011-08-21 00:00:00,115.99034109305518
2011-08-21 01:00:00,99.13201450297107
2011-08-21 02:00:00,73.63896695505188
2011-08-21 03:00:00,49.05754623270168
2011-08-21 04:00:00,5.754704418820814
2011-08-21 05:00:00,6.407849101747434
2011-08-21 06:00:00,13.756550808471934
2011-08-21 07:00:00,36.58431968988428
2011-08-21 08:00:00,98.59853644827098
2011-08-21 09:00:00,175.74441930023914
2011-08-21 10:00:00,282.8970924942694
2011-08-21 11:00:00,326.4621264687229
2011-08-21 12:00:00,326.4621264687229
2011-08-21 13:00:00,326.4621264687229
2011-08-21 14:00:00,208.53092736527447
2011-08-21 15:00:00,278.44388117169393
2011-08-21 16:00:00,220.4695085179746
2011-08-21 17:00:00,220.4695085179746
2011-08-21 18:00:00,220.4695085179746
2011-08-21 19:00:00,290.93654343310686
2011-08-21 20:00:00,172.61912196338312
2011-08-21 21:00:00,172.8617068324805
2011-08-21 22:00:00,155.98618726998933
2011-08-21 23:00:00,74.76500397401519
2011-08-22 00:00:00,29.197385452930043
2011-08-22 01:00:00,22.864767182530436
2011-08-22 02:00:00,9.329551478635452
2011-08-22 03:00:00,2.103691147830719
2011-08-22 04:00:00,5.7484788495222165
2011-08-22 05:00:00,29.81533182252395
2011-08-22 06:00:00,104.38751721003621
2011-08-22 07:00:00,276.5671207945051
2011-08-22 08:00:00,438.43194381364424
2011-08-22 09:00:00,210.5989545867505
2011-08-22 10:00:00,116.5895091843131
2011-08-22 11:00:00,162.98913575213768
2011-08-22 12:00:00,210.30814919127076
2011-08-22 13:00:00,189.56678965801026
2011-08-22 14:00:00,183.9273706883125
2011-08-22 15:00:00,179.9926634940213
2011-08-22 16:00:00,288.93873749550204
2011-08-22 17:00:00,520.6461029627478
2011-08-22 18:00:00,520.6461029627478
2011-08-22 19:00:00,390.6837389473746
2011-08-22 20:00:00,317.4302526019102
2011-08-22 21:00:00,205.5142292459231
2011-08-22 22:00:00,147.68721179209837
2011-08-22 23:00:00,81.60511813677243
2011-08-23 00:00:00,24.183468335299782
2011-08-23 01:00:00,15.551922718352191
2011-08-23 02:00:00,11.745571066388772
2011-08-23 03:00:00,1.8536385282275538
2011-08-23 04:00:00,4.664525067769413
2011-08-23 05:00:00,26.388649035968946
2011-08-23 06:00:00,94.15583939605595
2011-08-23 07:00:00,320.8266756408382
2011-08-23 08:00:00,438.43194381364424
2011-08-23 09:00:00,217.632089682014
2011-08-23 10:00:00,126.5847982626775
2011-08-23 11:00:00,162.98913575213768
2011-08-23 12:00:00,215.43247284551393
2011-08-23 13:00:00,215.43247284551393
2011-08-23 14:00:00,192.2818722443187
2011-08-23 15:00:00,179.9926634940213
2011-08-23 16:00:00,311.66574551398236
2011-08-23 17:00:00,602.1045491170468
2011-08-23 18:00:00,560.876628693329
2011-08-23 19:00:00,313.5204699010292
2011-08-23 20:00:00,312.4112074671824
2011-08-23 21:00:00,205.5142292459231
2011-08-23 22:00:00,159.84625490973093
2011-08-23 23:00:00,83.80957081006257
2011-08-24 00:00:00,42.03031654765799
2011-08-24 01:00:00,9.917628250014388
2011-08-24 02:00:00,7.3588553872544935
2011-08-24 03:00:00,1.8536385282275538
2011-08-24 04:00:00,7.578736311724706
2011-08-24 05:00:00,21.14833470722264
2011-08-24 06:00:00,104.38751721003621
2011-08-24 07:00:00,320.8266756408382
2011-08-24 08:00:00,438.43194381364424
2011-08-24 09:00:00,210.5989545867505
2011-08-24 10:00:00,128.6688575000248
2011-08-24 11:00:00,162.98913575213768
2011-08-24 12:00:00,203.15111020130377
2011-08-24 13:00:00,189.56678965801026
2011-08-24 14:00:00,147.54540307428746
2011-08-24 15:00:00,157.60316354274417
2011-08-24 16:00:00,284.38158416906964
2011-08-24 17:00:00,602.1045491170468
2011-08-24 18:00:00,577.0185044149016
2011-08-24 19:00:00,374.7230425161616
2011-08-24 20:00:00,220.68426638135963
2011-08-24 21:00:00,233.27044364296344
2011-08-24 22:00:00,176.22755813679404
2011-08-24 23:00:00,94.23439198547673
2011-08-25 00:00:00,40.84209580830727
2011-08-25 01:00:00,27.317384865059648
2011-08-25 02:00:00,6.999171408319481
2011-08-25 03:00:00,7.15157793924984
2011-08-25 04:00:00,5.7484788495222165
2011-08-25 05:00:00,27.834983131777836
2011-08-25 06:00:00,100.31592661223092
2011-08-25 07:00:00,276.5671207945051
2011-08-25 08:00:00,457.27234744955194
2011-08-25 09:00:00,197.16994276890858
2011-08-25 10:00:00,117.09609356285394
2011-08-25 11:00:00,135.09656043695426
2011-08-25 12:00:00,135.09656043695426
2011-08-25 13:00:00,131.87130636257265
2011-08-25 14:00:00,147.54540307428746
2011-08-25 15:00:00,168.75350287038657
2011-08-25 16:00:00,119.35412178700756
2011-08-25 17:00:00,383.2528384748428
2011-08-25 18:00:00,383.2528384748428
2011-08-25 19:00:00,214.78113037467764
2011-08-25 20:00:00,223.52869411757453
2011-08-25 21:00:00,212.0517310146328
2011-08-25 22:00:00,119.35412178700756
2011-08-25 23:00:00,118.07508078134488
2011-08-26 00:00:00,56.657334961785445
2011-08-26 01:00:00,25.517150917106846
2011-08-26 02:00:00,6.815513254092055
2011-08-26 03:00:00,5.497773211126456
2011-08-26 04:00:00,7.068559927455086
2011-08-26 05:00:00,16.457267736323995
2011-08-26 06:00:00,112.73806409866523
2011-08-26 07:00:00,272.1780531483036
2011-08-26 08:00:00,383.2528384748428
2011-08-26 09:00:00,216.51834314072494
2011-08-26 10:00:00,162.22483105454575
2011-08-26 11:00:00,165.43540889702993
2011-08-26 12:00:00,224.18963924965183
2011-08-26 13:00:00,224.18963924965183
2011-08-26 14:00:00,224.18963924965183
2011-08-26 15:00:00,224.18963924965183
2011-08-26 16:00:00,356.73187685499244
2011-08-26 17:00:00,457.27234744955194
2011-08-26 18:00:00,408.6826283925665
2011-08-26 19:00:00,410.76023237247426
2011-08-26 20:00:00,206.2864390865416
2011-08-26 21:00:00,172.8617068324805
2011-08-26 22:00:00,131.87130636257265
2011-08-26 23:00:00,118.07508078134488
2011-08-27 00:00:00,99.74366587116869
2011-08-27 01:00:00,80.37790520059369
2011-08-27 02:00:00,47.92436934784168
2011-08-27 03:00:00,30.383372728542877
2011-08-27 04:00:00,5.754704418820814
2011-08-27 05:00:00,6.407849101747434
2011-08-27 06:00:00,21.9660557755433
2011-08-27 07:00:00,50.87823079818994
2011-08-27 08:00:00,98.59853644827098
2011-08-27 09:00:00,132.13756721409706
2011-08-27 10:00:00,208.53092736527447
2011-08-27 11:00:00,39.37328749918659
2011-08-27 12:00:00,39.37328749918659
2011-08-27 13:00:00,39.37328749918659
2011-08-27 14:00:00,39.37328749918659
2011-08-27 15:00:00,39.37328749918659
2011-08-27 16:00:00,39.37328749918659
2011-08-27 17:00:00,39.37328749918659
2011-08-28 07:00:00,36.58431968988428
2011-08-28 08:00:00,92.67757752215499
2011-08-28 09:00:00,182.71754855588884
2011-08-28 10:00:00,316.81465353166
2011-08-28 11:00:00,326.4621264687229
2011-08-28 12:00:00,404.9305883427708
2011-08-28 13:00:00,449.10075485793686
2011-08-28 14:00:00,449.10075485793686
2011-08-28 15:00:00,449.10075485793686
2011-08-28 16:00:00,347.7569815833254
2011-08-28 17:00:00,449.10075485793686
2011-08-28 18:00:00,449.10075485793686
2011-08-28 19:00:00,290.93654343310686
2011-08-28 20:00:00,281.73952577852947
2011-08-28 21:00:00,205.5142292459231
2011-08-28 22:00:00,124.42760168015562
2011-08-28 23:00:00,74.76500397401519
2011-08-29 00:00:00,55.12442378980962
2011-08-29 01:00:00,9.917628250014388
2011-08-29 02:00:00,5.296903516328984
2011-08-29 03:00:00,6.995528222469988
2011-08-29 04:00:00,5.7484788495222165
2011-08-29 05:00:00,21.14833470722264
2011-08-29 06:00:00,104.38751721003621
2011-08-29 07:00:00,320.8266756408382
2011-08-29 08:00:00,438.43194381364424
2011-08-29 09:00:00,210.5989545867505
2011-08-29 10:00:00,116.5895091843131
2011-08-29 11:00:00,162.98913575213768
2011-08-29 12:00:00,206.50043628308958
2011-08-29 13:00:00,215.43247284551393
2011-08-29 14:00:00,192.2818722443187
2011-08-29 15:00:00,168.75350287038657
2011-08-29 16:00:00,305.2751232127047
2011-08-29 17:00:00,481.9148084614481
2011-08-29 18:00:00,520.6461029627478
2011-08-29 19:00:00,313.5204699010292
2011-08-29 20:00:00,317.4302526019102
2011-08-29 21:00:00,205.5142292459231
2011-08-29 22:00:00,159.84625490973093
2011-08-29 23:00:00,57.50845140858124
2011-08-30 00:00:00,24.183468335299782
2011-08-30 01:00:00,22.72226882344579
2011-08-30 02:00:00,11.745571066388772
2011-08-30 03:00:00,2.898059840916189
2011-08-30 04:00:00,4.664525067769413
2011-08-30 05:00:00,21.14833470722264
2011-08-30 06:00:00,94.15583939605595
2011-08-30 07:00:00,334.54132016532316
2011-08-30 08:00:00,438.43194381364424
2011-08-30 09:00:00,210.5989545867505
2011-08-30 10:00:00,126.5847982626775
2011-08-30 11:00:00,162.98913575213768
2011-08-30 12:00:00,215.43247284551393
2011-08-30 13:00:00,193.33301433898262
2011-08-30 14:00:00,183.9273706883125
2011-08-30 15:00:00,179.9926634940213
2011-08-30 16:00:00,311.66574551398236
2011-08-30 17:00:00,602.1045491170468
2011-08-30 18:00:00,560.876628693329
2011-08-30 19:00:00,313.5204699010292
2011-08-30 20:00:00,312.4112074671824
2011-08-30 21:00:00,206.69125775795638
2011-08-30 22:00:00,156.11213713306952
2011-08-30 23:00:00,83.80957081006257
2011-08-31 00:00:00,42.03031654765799
2011-08-31 01:00:00,9.917628250014388
2011-08-31 02:00:00,7.3588553872544935
2011-08-31 03:00:00,5.057258416059574
2011-08-31 04:00:00,7.578736311724706
2011-08-31 05:00:00,21.14833470722264
2011-08-31 06:00:00,100.31592661223092
2011-08-31 07:00:00,315.39054348442386
2011-08-31 08:00:00,438.43194381364424
2011-08-31 09:00:00,199.70731175494518
2011-08-31 10:00:00,140.6025536069315
2011-08-31 11:00:00,162.98913575213768
2011-08-31 12:00:00,216.022139033192
2011-08-31 13:00:00,193.33301433898262
2011-08-31 14:00:00,183.9273706883125
2011-08-31 15:00:00,168.75350287038657
2011-08-31 16:00:00,305.2751232127047
2011-08-31 17:00:00,602.1045491170468
2011-08-31 18:00:00,577.0185044149016
2011-08-31 19:00:00,402.6306794475488
2011-08-31 20:00:00,312.4112074671824
2011-08-31 21:00:00,205.5142292459231
2011-08-31 22:00:00,124.42760168015562
2011-08-31 23:00:00,49.907139302608336
2011-09-20 00:00:00,24.183468335299782
2011-09-20 01:00:00,12.1853475479176
2011-09-20 02:00:00,4.0258803537639665
2011-09-20 03:00:00,6.493514628781196
2011-09-20 04:00:00,4.664525067769413
2011-09-20 05:00:00,20.089774736736036
2011-09-20 06:00:00,89.8870293824761
2011-09-20 07:00:00,342.1314198348189
2011-09-20 08:00:00,222.41697224016593
2011-09-20 09:00:00,109.53034492493975
2011-09-20 10:00:00,72.29264293576432
2011-09-20 11:00:00,72.29264293576432
2011-09-20 12:00:00,72.29264293576432
2011-09-20 13:00:00,72.29264293576432
2011-09-20 14:00:00,72.29264293576432
2011-09-20 15:00:00,169.35244426559194
2011-09-20 16:00:00,124.71028163376276
2011-09-20 17:00:00,383.2528384748428
2011-09-20 18:00:00,383.2528384748428
2011-09-20 19:00:00,268.28572356155524
2011-09-20 20:00:00,129.79131506466436
2011-09-20 21:00:00,72.29264293576432
2011-09-20 22:00:00,72.29264293576432
2011-09-20 23:00:00,73.94977906938597
2011-09-21 00:00:00,16.463365950969646
2011-09-21 01:00:00,6.2183976238711125
2011-09-21 02:00:00,4.126120837370822
2011-09-21 03:00:00,8.3219594566223
2011-09-21 04:00:00,5.517506370631275
2011-09-21 05:00:00,14.937204331251168
2011-09-21 06:00:00,89.8870293824761
2011-09-21 07:00:00,342.1314198348189
2011-09-21 08:00:00,469.1942495841931
2011-09-21 09:00:00,109.53034492493975
2011-09-21 10:00:00,26.54459697115473
2011-09-21 11:00:00,124.71028163376276
2011-09-21 12:00:00,169.35244426559194
2011-09-21 13:00:00,166.4552747766497
2011-09-21 14:00:00,170.01231845134532
2011-09-21 15:00:00,168.75350287038657
2011-09-21 16:00:00,280.08817491237636
2011-09-21 17:00:00,408.3734712517214
2011-09-21 18:00:00,259.1485421370905
2011-09-21 19:00:00,87.47610579426019
2011-09-21 20:00:00,129.79131506466436
2011-09-21 21:00:00,26.54459697115473
2011-09-21 22:00:00,26.54459697115473
2011-09-21 23:00:00,26.54459697115473
2011-09-22 00:00:00,16.463365950969646
2011-09-22 01:00:00,15.535655426586459
2011-09-22 02:00:00,4.0258803537639665
2011-09-22 03:00:00,8.3219594566223
2011-09-22 04:00:00,5.517506370631275
2011-09-22 05:00:00,20.089774736736036
2011-09-22 06:00:00,89.8870293824761
2011-09-22 07:00:00,342.1314198348189
2011-09-22 08:00:00,383.2528384748428
2011-09-22 09:00:00,109.53034492493975
2011-09-22 10:00:00,69.35890891483953
2011-09-22 11:00:00,69.35890891483953
2011-09-22 12:00:00,159.2270861998625
2011-09-22 13:00:00,159.2270861998625
2011-09-22 14:00:00,159.2270861998625
2011-09-22 15:00:00,131.87130636257265
2011-09-22 16:00:00,280.08817491237636
2011-09-22 17:00:00,408.6826283925665
2011-09-22 18:00:00,383.2528384748428
2011-09-22 19:00:00,214.78113037467764
2011-09-22 20:00:00,129.79131506466436
2011-09-22 21:00:00,69.35890891483953
2011-09-22 22:00:00,72.29264293576432
2011-09-22 23:00:00,73.94977906938597
2011-09-23 00:00:00,29.37185152009449
2011-09-23 01:00:00,16.807590034023516
2011-09-23 02:00:00,10.637245757666157
2011-09-23 03:00:00,3.317799791065254
2011-09-23 04:00:00,3.680694638641431
2011-09-23 05:00:00,16.457267736323995
2011-09-23 06:00:00,112.73806409866523
2011-09-23 07:00:00,114.5647461635262
2011-09-23 08:00:00,222.41697224016593
2011-09-23 09:00:00,109.53034492493975
2011-09-23 10:00:00,75.31017514664867
2011-09-23 11:00:00,75.31017514664867
2011-09-23 12:00:00,75.31017514664867
2011-09-23 13:00:00,75.31017514664867
2011-09-23 14:00:00,75.31017514664867
2011-09-23 15:00:00,75.31017514664867
2011-09-23 16:00:00,75.31017514664867
2011-09-23 17:00:00,383.2528384748428
2011-09-23 18:00:00,383.2528384748428
2011-09-23 19:00:00,242.18129056022596
2011-09-23 20:00:00,148.87755208280902
2011-09-23 21:00:00,148.87755208280902
2011-09-23 22:00:00,148.87755208280902
2011-09-23 23:00:00,75.31017514664867
2011-09-24 00:00:00,99.74366587116869
2011-09-24 01:00:00,77.16882708128821
2011-09-24 02:00:00,57.49061138630147
2011-09-24 03:00:00,30.383372728542877
2011-09-24 04:00:00,10.847077742450939
2011-09-24 05:00:00,14.404992593440477
2011-09-24 06:00:00,9.489776027341682
2011-09-24 07:00:00,34.061126825294615
2011-09-24 08:00:00,72.29264293576432
2011-09-24 09:00:00,72.29264293576432
2011-09-24 10:00:00,197.08386964068276
2011-09-24 11:00:00,197.08386964068276
2011-09-24 12:00:00,197.08386964068276
2011-09-24 13:00:00,384.7509639853754
2011-09-24 14:00:00,284.07588609073974
2011-09-24 15:00:00,284.07588609073974
2011-09-24 16:00:00,284.07588609073974
2011-09-24 17:00:00,384.7509639853754
2011-09-24 18:00:00,384.7509639853754
2011-09-24 19:00:00,116.20795669708433
2011-09-24 20:00:00,206.2864390865416
2011-09-24 21:00:00,124.71028163376276
2011-09-24 22:00:00,69.35890891483953
2011-09-24 23:00:00,73.94977906938597
2011-09-25 00:00:00,85.68524417469514
2011-09-25 01:00:00,59.75606395393176
2011-09-25 02:00:00,58.137772348658125
2011-09-25 03:00:00,44.75036680039304
2011-09-25 04:00:00,7.119059335036617
2011-09-25 05:00:00,14.404992593440477
2011-09-25 06:00:00,9.489776027341682
2011-09-25 07:00:00,34.061126825294615
2011-09-25 08:00:00,69.35890891483953
2011-09-25 09:00:00,119.35412178700756
2011-09-25 10:00:00,197.08386964068276
2011-09-25 11:00:00,284.07588609073974
2011-09-25 12:00:00,284.07588609073974
2011-09-25 13:00:00,284.07588609073974
2011-09-25 14:00:00,284.07588609073974
2011-09-25 15:00:00,284.07588609073974
2011-09-25 16:00:00,363.0062078235707
2011-09-25 17:00:00,384.7509639853754
2011-09-25 18:00:00,384.7509639853754
2011-09-25 19:00:00,226.9643120141093
2011-09-25 20:00:00,172.61912196338312
2011-09-25 21:00:00,72.29264293576432
2011-09-25 22:00:00,116.20795669708433
2011-09-25 23:00:00,73.94977906938597
2011-09-26 00:00:00,31.865881273947885
2011-09-26 01:00:00,12.1853475479176
2011-09-26 02:00:00,4.4989185479944105
2011-09-26 03:00:00,8.3219594566223
2011-09-26 04:00:00,6.455838546382705
2011-09-26 05:00:00,20.089774736736036
2011-09-26 06:00:00,112.73806409866523
2011-09-26 07:00:00,342.1314198348189
2011-09-26 08:00:00,383.2528384748428
2011-09-26 09:00:00,201.25301978729706
2011-09-26 10:00:00,69.35890891483953
2011-09-26 11:00:00,155.98618726998933
2011-09-26 12:00:00,131.87130636257265
2011-09-26 13:00:00,166.4552747766497
2011-09-26 14:00:00,192.2818722443187
2011-09-26 15:00:00,168.75350287038657
2011-09-26 16:00:00,280.08817491237636
2011-09-26 17:00:00,386.93845617216755
2011-09-26 18:00:00,383.2528384748428
2011-09-26 19:00:00,313.5204699010292
2011-09-26 20:00:00,129.79131506466436
2011-09-26 21:00:00,116.20795669708433
2011-09-26 22:00:00,72.29264293576432
2011-09-26 23:00:00,73.94977906938597
2011-09-27 00:00:00,31.865881273947885
2011-09-27 01:00:00,6.2183976238711125
2011-09-27 02:00:00,8.043204594875197
2011-09-27 03:00:00,8.3219594566223
2011-09-27 04:00:00,3.680694638641431
2011-09-27 05:00:00,5.693909765664186
2011-09-27 06:00:00,112.73806409866523
2011-09-27 07:00:00,342.1314198348189
2011-09-27 08:00:00,383.2528384748428
2011-09-27 09:00:00,201.25301978729706
2011-09-27 10:00:00,116.20795669708433
2011-09-27 11:00:00,69.35890891483953
2011-09-27 12:00:00,69.35890891483953
2011-09-27 13:00:00,166.4552747766497
2011-09-27 14:00:00,131.87130636257265
2011-09-27 15:00:00,159.2270861998625
2011-09-27 16:00:00,159.2270861998625
2011-09-27 17:00:00,383.2528384748428
2011-09-27 18:00:00,383.2528384748428
2011-09-27 19:00:00,313.5204699010292
2011-09-27 20:00:00,206.2864390865416
2011-09-27 21:00:00,119.35412178700756
2011-09-27 22:00:00,72.29264293576432
2011-09-27 23:00:00,73.94977906938597
2011-09-28 00:00:00,30.741472756957865
2011-09-28 01:00:00,12.1853475479176
2011-09-28 02:00:00,8.043204594875197
2011-09-28 03:00:00,8.3219594566223
2011-09-28 04:00:00,6.455838546382705
2011-09-28 05:00:00,20.089774736736036
2011-09-28 06:00:00,63.199491091468914
2011-09-28 07:00:00,87.47610579426019
2011-09-28 08:00:00,222.41697224016593
2011-09-28 09:00:00,109.53034492493975
2011-09-28 10:00:00,26.54459697115473
2011-09-28 11:00:00,159.2270861998625
2011-09-28 12:00:00,131.87130636257265
2011-09-28 13:00:00,166.4552747766497
2011-09-28 14:00:00,147.54540307428746
2011-09-28 15:00:00,168.75350287038657
2011-09-28 16:00:00,280.08817491237636
2011-09-28 17:00:00,457.27234744955194
2011-09-28 18:00:00,408.3734712517214
2011-09-28 19:00:00,408.3734712517214
2011-09-28 20:00:00,92.67757752215499
2011-09-28 21:00:00,26.54459697115473
2011-09-28 22:00:00,26.54459697115473
2011-09-28 23:00:00,26.54459697115473
2011-09-29 00:00:00,16.463365950969646
2011-09-29 01:00:00,15.535655426586459
2011-09-29 02:00:00,4.0258803537639665
2011-09-29 03:00:00,6.493514628781196
2011-09-29 04:00:00,5.7484788495222165
2011-09-29 05:00:00,20.089774736736036
2011-09-29 06:00:00,112.73806409866523
2011-09-29 07:00:00,342.1314198348189
2011-09-29 08:00:00,383.2528384748428
2011-09-29 09:00:00,201.25301978729706
2011-09-29 10:00:00,140.6025536069315
2011-09-29 11:00:00,162.98913575213768
2011-09-29 12:00:00,189.56029789686679
2011-09-29 13:00:00,166.4552747766497
2011-09-29 14:00:00,192.2818722443187
2011-09-29 15:00:00,174.57576257601897
2011-09-29 16:00:00,305.2751232127047
2011-09-29 17:00:00,588.6122115185741
2011-09-29 18:00:00,560.876628693329
2011-09-29 19:00:00,214.78113037467764
2011-09-29 20:00:00,266.07314636360337
2011-09-29 21:00:00,206.69125775795638
2011-09-29 22:00:00,124.42760168015562
2011-09-29 23:00:00,49.907139302608336
2011-09-30 00:00:00,56.657334961785445
2011-09-30 01:00:00,25.517150917106846
2011-09-30 02:00:00,10.637245757666157
2011-09-30 03:00:00,7.88719366776011
2011-09-30 04:00:00,4.664525067769413
2011-09-30 05:00:00,22.551829299653942
2011-09-30 06:00:00,85.97087510648156
2011-09-30 07:00:00,219.03754973357678
2011-09-30 08:00:00,469.1942495841931
2011-09-30 09:00:00,235.9111358863479
2011-09-30 10:00:00,162.22483105454575
2011-09-30 11:00:00,187.4149285033999
2011-09-30 12:00:00,275.1533037858052
2011-09-30 13:00:00,275.1533037858052
2011-09-30 14:00:00,275.1533037858052
2011-09-30 15:00:00,250.58179511254917
2011-09-30 16:00:00,356.73187685499244
2011-09-30 17:00:00,388.82928619325236
2011-09-30 18:00:00,450.5710691583655
2011-09-30 19:00:00,262.7828193567288
2011-09-30 20:00:00,165.60066771286472
2011-09-30 21:00:00,141.04299362561878
2011-09-30 22:00:00,156.49524151261758
2011-09-30 23:00:00,114.76841128681058
2011-10-20 00:00:00,16.463365950969646
2011-10-20 01:00:00,20.958408022801297
2011-10-20 02:00:00,15.955616618809582
2011-10-20 03:00:00,3.649814996129468
2011-10-20 04:00:00,4.114622783130152
2011-10-20 05:00:00,27.834983131777836
2011-10-20 06:00:00,84.24251779020749
2011-10-20 07:00:00,276.5671207945051
2011-10-20 08:00:00,410.6810303959463
2011-10-20 09:00:00,210.5989545867505
2011-10-20 10:00:00,136.69059362715413
2011-10-20 11:00:00,159.71762631716717
2011-10-20 12:00:00,169.57737824779363
2011-10-20 13:00:00,169.57737824779363
2011-10-20 14:00:00,136.83805982594535
2011-10-20 15:00:00,157.60316354274417
2011-10-20 16:00:00,155.03687311179715
2011-10-20 17:00:00,339.81456929225055
2011-10-20 18:00:00,334.48883750489574
2011-10-20 19:00:00,214.78113037467764
2011-10-20 20:00:00,87.49963759719681
2011-10-20 21:00:00,87.49963759719681
2011-10-20 22:00:00,87.49963759719681
2011-10-20 23:00:00,60.997822327347095
2011-10-21 00:00:00,37.31381157959379
2011-10-21 01:00:00,18.992113896924753
2011-10-21 02:00:00,24.695642765745202
2011-10-21 03:00:00,7.88719366776011
2011-10-21 04:00:00,7.102687082284621
2011-10-21 05:00:00,19.753088939926773
2011-10-21 06:00:00,59.475831363517706
2011-10-21 07:00:00,217.7055181930742
2011-10-21 08:00:00,346.238613338794
2011-10-21 09:00:00,204.30671933654017
2011-10-21 10:00:00,87.49963759719681
2011-10-21 11:00:00,186.0975293119594
2011-10-21 12:00:00,213.0456173635349
2011-10-21 13:00:00,156.49524151261758
2011-10-21 14:00:00,156.49524151261758
2011-10-21 15:00:00,156.49524151261758
2011-10-21 16:00:00,155.03687311179715
2011-10-21 17:00:00,339.81456929225055
2011-10-21 18:00:00,334.48883750489574
2011-10-21 19:00:00,218.16747328103736
2011-10-21 20:00:00,87.49963759719681
2011-10-21 21:00:00,83.31534380136301
2011-10-21 22:00:00,83.31534380136301
2011-10-21 23:00:00,37.84075254055612
2011-10-22 00:00:00,131.3893798297929
2011-10-22 01:00:00,43.469081389714766
2011-10-22 02:00:00,26.607688226662717
2011-10-22 03:00:00,25.282287665626008
2011-10-22 04:00:00,8.609659108612675
2011-10-22 05:00:00,6.605485805667216
2011-10-22 06:00:00,59.475831363517706
2011-10-22 07:00:00,85.0539071272267
2011-10-22 08:00:00,70.97994281785824
2011-10-22 09:00:00,70.97994281785824
2011-10-22 10:00:00,197.96473418897187
2011-10-22 11:00:00,197.96473418897187
2011-10-22 12:00:00,197.96473418897187
2011-10-22 13:00:00,313.6958452263728
2011-10-22 14:00:00,167.90104888554768
2011-10-22 15:00:00,167.90104888554768
2011-10-22 16:00:00,313.6958452263728
2011-10-22 17:00:00,197.96473418897187
2011-10-22 18:00:00,197.96473418897187
2011-10-22 19:00:00,104.50937405394505
2011-10-22 20:00:00,70.97994281785824
2011-10-22 21:00:00,25.028532545715574
2011-10-22 22:00:00,25.028532545715574
2011-10-22 23:00:00,25.028532545715574
2011-10-23 00:00:00,54.61973198428962
2011-10-23 01:00:00,61.63913626139104
2011-10-23 02:00:00,39.60041498791209
2011-10-23 03:00:00,27.37199026636554
2011-10-23 04:00:00,8.609659108612675
2011-10-23 05:00:00,8.402849556115939
2011-10-23 06:00:00,7.18682629247772
2011-10-23 07:00:00,12.501989610028078
2011-10-23 08:00:00,72.92200697584816
2011-10-23 09:00:00,127.49338258459647
2011-10-23 10:00:00,190.50626388693257
2011-10-23 11:00:00,190.50626388693257
2011-10-23 12:00:00,313.6958452263728
2011-10-23 13:00:00,368.9267798382953
2011-10-23 14:00:00,368.9267798382953
2011-10-23 15:00:00,368.9267798382953
2011-10-23 16:00:00,368.9267798382953
2011-10-23 17:00:00,313.6958452263728
2011-10-23 18:00:00,284.2831874257324
2011-10-23 19:00:00,226.9643120141093
2011-10-23 20:00:00,70.07858408371341
2011-10-23 21:00:00,70.07858408371341
2011-10-23 22:00:00,72.92200697584816
2011-10-23 23:00:00,72.92200697584816
2011-10-24 00:00:00,34.746226290847055
2011-10-24 01:00:00,9.130964442776703
2011-10-24 02:00:00,8.966554934125966
2011-10-24 03:00:00,6.995528222469988
2011-10-24 04:00:00,7.102687082284621
2011-10-24 05:00:00,19.753088939926773
2011-10-24 06:00:00,84.24251779020749
2011-10-24 07:00:00,217.7055181930742
2011-10-24 08:00:00,392.79447878474684
2011-10-24 09:00:00,201.25301978729706
2011-10-24 10:00:00,181.34392166315558
2011-10-24 11:00:00,129.66785109622336
2011-10-24 12:00:00,189.56029789686679
2011-10-24 13:00:00,166.4552747766497
2011-10-24 14:00:00,164.29488476113923
2011-10-24 15:00:00,201.20150217283773
2011-10-24 16:00:00,284.4754401236195
2011-10-24 17:00:00,490.32603884185863
2011-10-24 18:00:00,469.1942495841931
2011-10-24 19:00:00,114.5647461635262
2011-10-24 20:00:00,206.2864390865416
2011-10-24 21:00:00,181.34392166315558
2011-10-24 22:00:00,124.42760168015562
2011-10-24 23:00:00,83.42064584435185
2011-10-25 00:00:00,24.183468335299782
2011-10-25 01:00:00,16.69833276517134
2011-10-25 02:00:00,5.228718871351122
2011-10-25 03:00:00,3.649814996129468
2011-10-25 04:00:00,7.102687082284621
2011-10-25 05:00:00,19.753088939926773
2011-10-25 06:00:00,63.6326784566927
2011-10-25 07:00:00,217.7055181930742
2011-10-25 08:00:00,392.79447878474684
2011-10-25 09:00:00,210.5989545867505
2011-10-25 10:00:00,103.64862131381277
2011-10-25 11:00:00,138.26547626295155
2011-10-25 12:00:00,174.04111813209116
2011-10-25 13:00:00,174.04111813209116
2011-10-25 14:00:00,136.83805982594535
2011-10-25 15:00:00,201.20150217283773
2011-10-25 16:00:00,284.4754401236195
2011-10-25 17:00:00,602.1045491170468
2011-10-25 18:00:00,469.1942495841931
2011-10-25 19:00:00,313.5204699010292
2011-10-25 20:00:00,104.50937405394505
2011-10-25 21:00:00,104.50937405394505
2011-10-25 22:00:00,104.50937405394505
2011-10-25 23:00:00,60.997822327347095
2011-10-26 00:00:00,55.12442378980962
2011-10-26 01:00:00,16.69833276517134
2011-10-26 02:00:00,5.789095234303574
2011-10-26 03:00:00,2.866364089863526
2011-10-26 04:00:00,7.102687082284621
2011-10-26 05:00:00,22.551829299653942
2011-10-26 06:00:00,37.56142961434144
2011-10-26 07:00:00,334.54132016532316
2011-10-26 08:00:00,378.83567034894475
2011-10-26 09:00:00,210.5989545867505
2011-10-26 10:00:00,128.6688575000248
2011-10-26 11:00:00,138.26547626295155
2011-10-26 12:00:00,147.36986284459107
2011-10-26 13:00:00,147.36986284459107
2011-10-26 14:00:00,131.87130636257265
2011-10-26 15:00:00,131.87130636257265
2011-10-26 16:00:00,131.87130636257265
2011-10-26 17:00:00,490.32603884185863
2011-10-26 18:00:00,469.1942495841931
2011-10-26 19:00:00,268.28572356155524
2011-10-26 20:00:00,137.2407140448084
2011-10-26 21:00:00,172.8617068324805
2011-10-26 22:00:00,91.09711770454088
2011-10-26 23:00:00,60.5702932001412
2011-10-27 00:00:00,31.865881273947885
2011-10-27 01:00:00,6.2183976238711125
2011-10-27 02:00:00,4.4989185479944105
2011-10-27 03:00:00,2.103691147830719
2011-10-27 04:00:00,3.680694638641431
2011-10-27 05:00:00,5.693909765664186
2011-10-27 06:00:00,85.97087510648156
2011-10-27 07:00:00,315.39054348442386
2011-10-27 08:00:00,222.41697224016593
2011-10-27 09:00:00,201.25301978729706
2011-10-27 10:00:00,91.09711770454088
2011-10-27 11:00:00,91.09711770454088
2011-10-27 12:00:00,91.09711770454088
2011-10-27 13:00:00,91.09711770454088
2011-10-27 14:00:00,119.35412178700756
2011-10-27 15:00:00,181.34392166315558
2011-10-27 16:00:00,284.4754401236195
2011-10-27 17:00:00,301.14187306456057
2011-10-27 18:00:00,334.48883750489574
2011-10-27 19:00:00,214.78113037467764
2011-10-27 20:00:00,119.68713446991099
2011-10-27 21:00:00,119.68713446991099
2011-10-27 22:00:00,57.60224195848239
2011-10-27 23:00:00,37.84075254055612
2011-10-28 00:00:00,37.31381157959379
2011-10-28 01:00:00,18.992113896924753
2011-10-28 02:00:00,10.548359595423767
2011-10-28 03:00:00,2.803710864312317
2011-10-28 04:00:00,7.102687082284621
2011-10-28 05:00:00,2.77454961710008
2011-10-28 06:00:00,34.79914290270741
2011-10-28 07:00:00,126.52901037643208
2011-10-28 08:00:00,346.238613338794
2011-10-28 09:00:00,148.63526599199375
2011-10-28 10:00:00,81.8155029447672
2011-10-28 11:00:00,104.24197702436119
2011-10-28 12:00:00,104.24197702436119
2011-10-28 13:00:00,104.24197702436119
2011-10-28 14:00:00,104.24197702436119
2011-10-28 15:00:00,100.3349011122111
2011-10-28 16:00:00,107.68965447677105
2011-10-28 17:00:00,299.1643331012321
2011-10-28 18:00:00,253.41705933103353
2011-10-28 19:00:00,185.49236296328917
2011-10-28 20:00:00,81.8155029447672
2011-10-28 21:00:00,81.8155029447672
2011-10-28 22:00:00,50.54675443895276
2011-10-28 23:00:00,45.104762916928095
2011-10-29 00:00:00,43.3277367297026
2011-10-29 01:00:00,34.48305085917388
2011-10-29 02:00:00,22.404142152191802
2011-10-29 03:00:00,8.711867496604079
2011-10-29 04:00:00,8.609659108612675
2011-10-29 05:00:00,4.143520796755043
2011-10-29 06:00:00,11.822855093292251
2011-10-29 07:00:00,21.167094244821502
2011-10-29 08:00:00,60.86872814647919
2011-10-29 09:00:00,60.86872814647919
2011-10-29 10:00:00,53.2060924645153
2011-10-29 11:00:00,53.2060924645153
2011-10-29 12:00:00,143.21688527713422
2011-10-29 13:00:00,143.21688527713422
2011-10-29 14:00:00,143.21688527713422
2011-10-29 15:00:00,53.2060924645153
2011-10-29 16:00:00,53.2060924645153
2011-10-29 17:00:00,53.2060924645153
2011-10-29 18:00:00,53.2060924645153
2011-10-29 19:00:00,8.076452567750632
2011-10-29 20:00:00,8.076452567750632
2011-10-29 21:00:00,8.076452567750632
2011-10-29 22:00:00,8.076452567750632
2011-10-29 23:00:00,17.891332424438453
2011-10-30 00:00:00,45.98404409334586
2011-10-30 01:00:00,34.48305085917388
2011-10-30 02:00:00,18.215204324632385
2011-10-30 03:00:00,8.711867496604079
2011-10-30 04:00:00,1.3593040006382138
2011-10-30 05:00:00,4.143520796755043
2011-10-30 06:00:00,13.418480250391825
2011-10-30 07:00:00,19.856159869318702
2011-10-30 08:00:00,18.00681672429569
2011-10-30 09:00:00,18.00681672429569
2011-10-30 10:00:00,190.50626388693257
2011-10-30 11:00:00,190.50626388693257
2011-10-30 12:00:00,190.50626388693257
2011-10-30 13:00:00,190.50626388693257
2011-10-30 14:00:00,182.9099933393263
2011-10-30 15:00:00,271.85023288132004
2011-10-30 16:00:00,271.85023288132004
2011-10-30 17:00:00,271.85023288132004
2011-10-30 18:00:00,243.24550905216813
2011-10-30 19:00:00,217.64402765718725
2011-10-30 20:00:00,47.66965240553032
2011-10-30 21:00:00,18.8793531887067
2011-10-30 22:00:00,18.00681672429569
2011-10-30 23:00:00,18.00681672429569
2011-10-31 00:00:00,19.33703956742157
2011-10-31 01:00:00,1.9301560515835217
2011-10-31 02:00:00,1.701920077041227
2011-10-31 03:00:00,2.803710864312317
2011-10-31 04:00:00,7.102687082284621
2011-10-31 05:00:00,9.817831036905346
2011-10-31 06:00:00,54.770160665398414
2011-10-31 07:00:00,126.52901037643208
2011-10-31 08:00:00,438.10870279632286
2011-10-31 09:00:00,148.63526599199375
2011-10-31 10:00:00,61.8370177154518
2011-10-31 11:00:00,83.31534380136301
2011-10-31 12:00:00,83.31534380136301
2011-10-31 13:00:00,87.49963759719681
2011-10-31 14:00:00,87.49963759719681
2011-10-31 15:00:00,87.49963759719681
2011-10-31 16:00:00,107.68965447677105
2011-10-31 17:00:00,490.32603884185863
2011-10-31 18:00:00,253.41705933103353
2011-10-31 19:00:00,185.49236296328917
2011-10-31 20:00:00,125.03739982240488
2011-10-31 21:00:00,81.04330289429137
2011-10-31 22:00:00,81.04330289429137
2011-10-31 23:00:00,50.06883291270149
2011-11-20 00:00:00,52.198069688976794
2011-11-20 01:00:00,34.48305085917388
2011-11-20 02:00:00,26.607688226662717
2011-11-20 03:00:00,12.286948175045657
2011-11-20 04:00:00,3.160167646103808
2011-11-20 05:00:00,3.7893889531869887
2011-11-20 06:00:00,70.07858408371341
2011-11-20 07:00:00,70.07858408371341
2011-11-20 08:00:00,70.07858408371341
2011-11-20 09:00:00,104.06126018057539
2011-11-20 10:00:00,264.4264859014983
2011-11-20 11:00:00,313.6958452263728
2011-11-20 12:00:00,313.6958452263728
2011-11-20 13:00:00,368.9267798382953
2011-11-20 14:00:00,345.08731274671766
2011-11-20 15:00:00,345.08731274671766
2011-11-20 16:00:00,345.08731274671766
2011-11-20 17:00:00,345.08731274671766
2011-11-20 18:00:00,284.2831874257324
2011-11-20 19:00:00,257.0740216078061
2011-11-20 20:00:00,194.04064235275337
2011-11-20 21:00:00,172.8617068324805
2011-11-20 22:00:00,72.29264293576432
2011-11-20 23:00:00,37.19515430048375
2011-11-21 00:00:00,31.865881273947885
2011-11-21 01:00:00,6.2183976238711125
2011-11-21 02:00:00,6.351355397524378
2011-11-21 03:00:00,2.103691147830719
2011-11-21 04:00:00,5.049186910982998
2011-11-21 05:00:00,14.937204331251168
2011-11-21 06:00:00,84.24251779020749
2011-11-21 07:00:00,278.1109961819891
2011-11-21 08:00:00,443.82682074955386
2011-11-21 09:00:00,109.53034492493975
2011-11-21 10:00:00,119.35412178700756
2011-11-21 11:00:00,181.34392166315558
2011-11-21 12:00:00,131.87130636257265
2011-11-21 13:00:00,131.87130636257265
2011-11-21 14:00:00,181.34392166315558
2011-11-21 15:00:00,64.43194777970301
2011-11-21 16:00:00,64.43194777970301
2011-11-21 17:00:00,208.12800023237835
2011-11-21 18:00:00,145.71369584160473
2011-11-21 19:00:00,55.73658109088722
2011-11-21 20:00:00,64.43194777970301
2011-11-21 21:00:00,64.43194777970301
2011-11-21 22:00:00,64.43194777970301
2011-11-21 23:00:00,64.43194777970301
2011-11-22 00:00:00,23.603071509090093
2011-11-22 01:00:00,5.759548890470857
2011-11-22 02:00:00,4.4989185479944105
2011-11-22 03:00:00,2.103691147830719
2011-11-22 04:00:00,5.049186910982998
2011-11-22 05:00:00,5.693909765664186
2011-11-22 06:00:00,112.41619758806156
2011-11-22 07:00:00,55.73658109088722
2011-11-22 08:00:00,140.12818341586845
2011-11-22 09:00:00,55.73658109088722
2011-11-22 10:00:00,64.43194777970301
2011-11-22 11:00:00,64.43194777970301
2011-11-22 12:00:00,64.43194777970301
2011-11-22 13:00:00,64.43194777970301
2011-11-22 14:00:00,64.43194777970301
2011-11-22 15:00:00,64.43194777970301
2011-11-22 16:00:00,64.43194777970301
2011-11-22 17:00:00,208.12800023237835
2011-11-22 18:00:00,145.71369584160473
2011-11-22 19:00:00,114.5647461635262
2011-11-22 20:00:00,129.79131506466436
2011-11-22 21:00:00,42.401130497251906
2011-11-22 22:00:00,72.29264293576432
2011-11-22 23:00:00,73.94977906938597
2011-11-23 00:00:00,31.865881273947885
2011-11-23 01:00:00,15.535655426586459
2011-11-23 02:00:00,2.203100947528845
2011-11-23 03:00:00,2.898059840916189
2011-11-23 04:00:00,3.680694638641431
2011-11-23 05:00:00,20.089774736736036
2011-11-23 06:00:00,84.24251779020749
2011-11-23 07:00:00,315.39054348442386
2011-11-23 08:00:00,443.82682074955386
2011-11-23 09:00:00,109.53034492493975
2011-11-23 10:00:00,56.59115788958953
2011-11-23 11:00:00,129.66785109622336
2011-11-23 12:00:00,169.57737824779363
2011-11-23 13:00:00,167.53739632153787
2011-11-23 14:00:00,167.53739632153787
2011-11-23 15:00:00,167.53739632153787
2011-11-23 16:00:00,115.00206998711617
2011-11-23 17:00:00,46.13352544730578
2011-11-23 18:00:00,333.8414976327177
2011-11-23 19:00:00,216.97951236111123
2011-11-23 20:00:00,131.00050700334884
2011-11-23 21:00:00,94.9042987323673
2011-11-23 22:00:00,94.9042987323673
2011-11-23 23:00:00,94.9042987323673
2011-11-24 00:00:00,98.5330094676125
2011-11-24 01:00:00,34.48305085917388
2011-11-24 02:00:00,29.278171111886596
2011-11-24 03:00:00,10.521297899669268
2011-11-24 04:00:00,4.717763275174569
2011-11-24 05:00:00,8.907374071110665
2011-11-24 06:00:00,20.696656839767943
2011-11-24 07:00:00,53.058467206824616
2011-11-24 08:00:00,115.28729837632721
2011-11-24 09:00:00,94.9042987323673
2011-11-24 10:00:00,234.97095490630213
2011-11-24 11:00:00,315.36651092308904
2011-11-24 12:00:00,350.7972046180787
2011-11-24 13:00:00,350.7972046180787
2011-11-24 14:00:00,313.6958452263728
2011-11-24 15:00:00,313.6958452263728
2011-11-24 16:00:00,313.6958452263728
2011-11-24 17:00:00,350.7972046180787
2011-11-24 18:00:00,315.36651092308904
2011-11-24 19:00:00,167.53739632153787
2011-11-24 20:00:00,112.41619758806156
2011-11-24 21:00:00,131.00050700334884
2011-11-24 22:00:00,131.00050700334884
2011-11-24 23:00:00,50.06883291270149
2011-11-25 00:00:00,37.31381157959379
2011-11-25 01:00:00,25.517150917106846
2011-11-25 02:00:00,10.548359595423767
2011-11-25 03:00:00,2.803710864312317
2011-11-25 04:00:00,4.434519456665663
2011-11-25 05:00:00,14.387152211553197
2011-11-25 06:00:00,94.67398365871236
2011-11-25 07:00:00,279.63803088527624
2011-11-25 08:00:00,376.6001910506687
2011-11-25 09:00:00,198.08300578971298
2011-11-25 10:00:00,131.00050700334884
2011-11-25 11:00:00,149.79182551918672
2011-11-25 12:00:00,167.53739632153787
2011-11-25 13:00:00,186.0975293119594
2011-11-25 14:00:00,186.0975293119594
2011-11-25 15:00:00,186.0975293119594
2011-11-25 16:00:00,284.4754401236195
2011-11-25 17:00:00,490.32603884185863
2011-11-25 18:00:00,443.82682074955386
2011-11-25 19:00:00,218.16747328103736
2011-11-25 20:00:00,180.7843555408797
2011-11-25 21:00:00,149.79182551918672
2011-11-25 22:00:00,131.00050700334884
2011-11-25 23:00:00,50.06883291270149
2011-11-26 00:00:00,98.5330094676125
2011-11-26 01:00:00,43.469081389714766
2011-11-26 02:00:00,29.278171111886596
2011-11-26 03:00:00,8.742695187269838
2011-11-26 04:00:00,7.55679301660412
2011-11-26 05:00:00,8.907374071110665
2011-11-26 06:00:00,20.696656839767943
2011-11-26 07:00:00,53.058467206824616
2011-11-26 08:00:00,25.028532545715574
2011-11-26 09:00:00,25.028532545715574
2011-11-26 10:00:00,234.97095490630213
2011-11-26 11:00:00,264.4264859014983
2011-11-26 12:00:00,315.36651092308904
2011-11-26 13:00:00,315.36651092308904
2011-11-26 14:00:00,315.36651092308904
2011-11-26 15:00:00,313.6958452263728
2011-11-26 16:00:00,315.36651092308904
2011-11-26 17:00:00,315.36651092308904
2011-11-26 18:00:00,264.4264859014983
2011-11-26 19:00:00,149.79182551918672
2011-11-26 20:00:00,180.7843555408797
2011-11-26 21:00:00,25.028532545715574
2011-11-26 22:00:00,25.028532545715574
2011-11-26 23:00:00,25.028532545715574
2011-11-27 00:00:00,54.61973198428962
2011-11-27 01:00:00,61.63913626139104
2011-11-27 02:00:00,39.60041498791209
2011-11-27 03:00:00,27.37199026636554
2011-11-27 04:00:00,7.55679301660412
2011-11-27 05:00:00,8.907374071110665
2011-11-27 06:00:00,7.18682629247772
2011-11-27 07:00:00,12.501989610028078
2011-11-27 08:00:00,36.67494534430339
2011-11-27 09:00:00,104.06126018057539
2011-11-27 10:00:00,264.4264859014983
2011-11-27 11:00:00,313.6958452263728
2011-11-27 12:00:00,368.9267798382953
2011-11-27 13:00:00,368.9267798382953
2011-11-27 14:00:00,449.10075485793686
2011-11-27 15:00:00,449.10075485793686
2011-11-27 16:00:00,368.9267798382953
2011-11-27 17:00:00,368.9267798382953
2011-11-27 18:00:00,284.2831874257324
2011-11-27 19:00:00,257.0740216078061
2011-11-27 20:00:00,194.04064235275337
2011-11-27 21:00:00,130.19571440892784
2011-11-27 22:00:00,124.42760168015562
2011-11-27 23:00:00,74.76500397401519
2011-11-28 00:00:00,31.328406696541037
2011-11-28 01:00:00,10.755379497395626
2011-11-28 03:00:00,6.995528222469988
2011-11-28 04:00:00,4.434519456665663
2011-11-28 05:00:00,22.551829299653942
2011-11-28 06:00:00,84.24251779020749
2011-11-28 07:00:00,315.39054348442386
2011-11-28 08:00:00,443.82682074955386
2011-11-28 09:00:00,201.25301978729706
2011-11-28 10:00:00,131.87130636257265
2011-11-28 11:00:00,129.66785109622336
2011-11-28 12:00:00,189.56029789686679
2011-11-28 13:00:00,166.4552747766497
2011-11-28 14:00:00,177.57735514369872
2011-11-28 15:00:00,189.9944689607698
2011-11-28 16:00:00,284.4754401236195
2011-11-28 17:00:00,574.6386226579771
2011-11-28 18:00:00,545.3162204478309
2011-11-28 19:00:00,268.28572356155524
2011-11-28 20:00:00,211.28751345833177
2011-11-28 21:00:00,212.0517310146328
2011-11-28 22:00:00,181.34392166315558
2011-11-28 23:00:00,49.907139302608336
2011-11-29 00:00:00,30.741472756957865
2011-11-29 01:00:00,12.1853475479176
2011-11-29 02:00:00,4.0258803537639665
2011-11-29 03:00:00,3.649814996129468
2011-11-29 04:00:00,4.114622783130152
2011-11-29 05:00:00,22.551829299653942
2011-11-29 06:00:00,85.97087510648156
2011-11-29 07:00:00,278.1109961819891
2011-11-29 08:00:00,434.1655640009678
2011-11-29 09:00:00,210.5989545867505
2011-11-29 10:00:00,126.5847982626775
2011-11-29 11:00:00,42.401130497251906
2011-11-29 12:00:00,64.43194777970301
2011-11-29 13:00:00,64.43194777970301
2011-11-29 14:00:00,64.43194777970301
2011-11-29 15:00:00,64.43194777970301
2011-11-29 16:00:00,64.43194777970301
2011-11-29 17:00:00,333.8414976327177
2011-11-29 18:00:00,333.8414976327177
2011-11-29 19:00:00,216.97951236111123
2011-11-29 20:00:00,112.41619758806156
2011-11-29 21:00:00,112.41619758806156
2011-11-29 22:00:00,112.41619758806156
2011-11-29 23:00:00,50.06883291270149
2011-11-30 00:00:00,26.473627644434295
2011-11-30 01:00:00,3.192962712629477
2011-11-30 02:00:00,9.178939149546203
2011-11-30 03:00:00,2.803710864312317
2011-11-30 04:00:00,5.049186910982998
2011-11-30 05:00:00,5.942503429425072
2011-11-30 06:00:00,94.67398365871236
2011-11-30 07:00:00,279.63803088527624
2011-11-30 08:00:00,376.6001910506687
2011-11-30 09:00:00,198.08300578971298
2011-11-30 10:00:00,131.00050700334884
2011-11-30 11:00:00,167.53739632153787
2011-11-30 12:00:00,94.9042987323673
2011-11-30 13:00:00,218.77778833137893
2011-11-30 14:00:00,218.77778833137893
2011-11-30 15:00:00,112.1766512451406
2011-11-30 16:00:00,112.1766512451406
2011-11-30 17:00:00,333.8414976327177
2011-11-30 18:00:00,333.8414976327177
2011-11-30 19:00:00,216.97951236111123
2011-11-30 20:00:00,94.9042987323673
2011-11-30 21:00:00,94.9042987323673
2011-11-30 22:00:00,94.67398365871236
2011-11-30 23:00:00,29.865285445860593
2011-12-20 00:00:00,34.746226290847055
2011-12-20 01:00:00,9.130964442776703
2011-12-20 02:00:00,4.674611802000319
2011-12-20 03:00:00,1.8536385282275538
2011-12-20 04:00:00,4.3734795795713275
2011-12-20 05:00:00,21.620732405672307
2011-12-20 06:00:00,108.2922807286619
2011-12-20 07:00:00,252.84176125662998
2011-12-20 08:00:00,392.79447878474684
2011-12-20 09:00:00,252.84176125662998
2011-12-20 10:00:00,160.81134163183046
2011-12-20 11:00:00,160.81134163183046
2011-12-20 12:00:00,160.81134163183046
2011-12-20 13:00:00,160.81134163183046
2011-12-20 14:00:00,160.81134163183046
2011-12-20 15:00:00,160.81134163183046
2011-12-20 16:00:00,216.38030699687442
2011-12-20 17:00:00,374.99374169636354
2011-12-20 18:00:00,352.77957959338016
2011-12-20 19:00:00,252.84176125662998
2011-12-20 20:00:00,108.2922807286619
2011-12-20 21:00:00,108.2922807286619
2011-12-20 22:00:00,108.2922807286619
2011-12-20 23:00:00,160.81134163183046
2011-12-21 00:00:00,26.473627644434295
2011-12-21 01:00:00,7.955389853880861
2011-12-21 02:00:00,4.674611802000319
2011-12-21 03:00:00,5.057258416059574
2011-12-21 04:00:00,4.3734795795713275
2011-12-21 05:00:00,20.089774736736036
2011-12-21 06:00:00,57.00295864050695
2011-12-21 07:00:00,252.84176125662998
2011-12-21 08:00:00,140.12818341586845
2011-12-21 09:00:00,252.84176125662998
2011-12-21 10:00:00,132.13756721409706
2011-12-21 11:00:00,132.13756721409706
2011-12-21 12:00:00,80.75404650130993
2011-12-21 13:00:00,44.518930801953175
2011-12-21 14:00:00,80.75404650130993
2011-12-21 15:00:00,80.75404650130993
2011-12-21 16:00:00,32.048623890966525
2011-12-21 17:00:00,208.12800023237835
2011-12-21 18:00:00,334.48883750489574
2011-12-21 19:00:00,268.28572356155524
2011-12-21 20:00:00,129.79131506466436
2011-12-21 21:00:00,80.75404650130993
2011-12-21 22:00:00,80.75404650130993
2011-12-21 23:00:00,80.75404650130993
2011-12-22 00:00:00,36.444167936123634
2011-12-22 01:00:00,16.69833276517134
2011-12-22 02:00:00,15.955616618809582
2011-12-22 03:00:00,2.866364089863526
2011-12-22 04:00:00,4.3734795795713275
2011-12-22 05:00:00,19.753088939926773
2011-12-22 06:00:00,57.00295864050695
2011-12-22 07:00:00,252.84176125662998
2011-12-22 08:00:00,438.10870279632286
2011-12-22 09:00:00,252.84176125662998
2011-12-22 10:00:00,122.99163406611734
2011-12-22 11:00:00,164.50166370326497
2011-12-22 12:00:00,169.57737824779363
2011-12-22 13:00:00,160.81134163183046
2011-12-22 14:00:00,160.81134163183046
2011-12-22 15:00:00,173.87242445862984
2011-12-22 16:00:00,216.38030699687442
2011-12-22 17:00:00,490.32603884185863
2011-12-22 18:00:00,392.79447878474684
2011-12-22 19:00:00,214.78113037467764
2011-12-22 20:00:00,160.81134163183046
2011-12-22 21:00:00,160.81134163183046
2011-12-22 22:00:00,29.456399256728993
2011-12-22 23:00:00,29.456399256728993
2011-12-23 00:00:00,29.37185152009449
2011-12-23 01:00:00,11.324191189759013
2011-12-23 02:00:00,6.815513254092055
2011-12-23 03:00:00,3.317799791065254
2011-12-23 04:00:00,4.3734795795713275
2011-12-23 05:00:00,19.753088939926773
2011-12-23 06:00:00,63.6326784566927
2011-12-23 07:00:00,252.84176125662998
2011-12-23 08:00:00,376.6001910506687
2011-12-23 09:00:00,252.84176125662998
2011-12-23 10:00:00,119.21961934120202
2011-12-23 11:00:00,119.21961934120202
2011-12-23 12:00:00,119.21961934120202
2011-12-23 13:00:00,119.21961934120202
2011-12-23 14:00:00,119.21961934120202
2011-12-23 15:00:00,119.21961934120202
2011-12-23 16:00:00,209.46406724923017
2011-12-23 17:00:00,374.99374169636354
2011-12-23 18:00:00,352.77957959338016
2011-12-23 19:00:00,241.41494700859124
2011-12-23 20:00:00,102.4398698442368
2011-12-23 21:00:00,102.4398698442368
2011-12-23 22:00:00,102.4398698442368
2011-12-23 23:00:00,103.95940909245074
2011-12-24 00:00:00,98.5330094676125
2011-12-24 01:00:00,43.469081389714766
2011-12-24 02:00:00,39.60041498791209
2011-12-24 03:00:00,25.282287665626008
2011-12-24 04:00:00,3.4780790234048284
2011-12-24 05:00:00,4.1536750065179415
2011-12-24 06:00:00,11.822855093292251
2011-12-24 07:00:00,21.167094244821502
2011-12-24 08:00:00,76.54896739916708
2011-12-24 09:00:00,130.89813368831773
2011-12-24 10:00:00,243.24550905216813
2011-12-24 11:00:00,243.24550905216813
2011-12-24 12:00:00,243.24550905216813
2011-12-24 13:00:00,243.24550905216813
2011-12-24 14:00:00,243.24550905216813
2011-12-24 15:00:00,243.24550905216813
2011-12-24 16:00:00,243.24550905216813
2011-12-24 17:00:00,167.90269763391876
2011-12-24 18:00:00,243.24550905216813
2011-12-24 19:00:00,121.03474527136306
2011-12-24 20:00:00,130.89813368831773
2011-12-24 21:00:00,130.89813368831773
2011-12-24 22:00:00,76.08475784253596
2011-12-24 23:00:00,76.08475784253596
2011-12-25 00:00:00,45.98404409334586
2011-12-25 01:00:00,61.63913626139104
2011-12-25 02:00:00,54.643026462660806
2011-12-25 03:00:00,10.521297899669268
2011-12-25 05:00:00,7.126974573876275
2011-12-25 06:00:00,4.531235737250722
2011-12-25 07:00:00,19.856159869318702
2011-12-25 08:00:00,82.84618910331157
2011-12-25 09:00:00,82.84618910331157
2011-12-25 10:00:00,162.2283144178124
2011-12-25 11:00:00,230.57793556229154
2011-12-25 12:00:00,237.4183532764289
2011-12-25 13:00:00,222.20012979998063
2011-12-25 14:00:00,222.20012979998063
2011-12-25 15:00:00,230.57793556229154
2011-12-25 16:00:00,326.7160955698835
2011-12-25 17:00:00,230.57793556229154
2011-12-25 18:00:00,230.57793556229154
2011-12-25 19:00:00,47.66965240553032
2011-12-25 20:00:00,47.66965240553032
2011-12-25 21:00:00,121.03474527136306
2011-12-25 22:00:00,130.89813368831773
2011-12-25 23:00:00,130.89813368831773
2011-12-26 00:00:00,45.98404409334586
2011-12-26 01:00:00,43.469081389714766
2011-12-26 02:00:00,54.643026462660806
2011-12-26 04:00:00,3.160167646103808
2011-12-26 05:00:00,4.1536750065179415
2011-12-26 06:00:00,135.26602293452106
2011-12-26 07:00:00,135.26602293452106
2011-12-26 08:00:00,135.26602293452106
2011-12-26 09:00:00,126.71700251822608
2011-12-26 10:00:00,243.24550905216813
2011-12-26 11:00:00,237.4183532764289
2011-12-26 12:00:00,326.7160955698835
2011-12-26 13:00:00,243.24550905216813
2011-12-26 14:00:00,243.24550905216813
2011-12-26 15:00:00,243.24550905216813
2011-12-26 16:00:00,326.7160955698835
2011-12-26 17:00:00,167.90269763391876
2011-12-26 18:00:00,167.90269763391876
2011-12-26 19:00:00,121.03474527136306
2011-12-26 20:00:00,121.03474527136306
2011-12-26 21:00:00,121.03474527136306
2011-12-26 22:00:00,121.03474527136306
2011-12-26 23:00:00,130.89813368831773
2011-12-27 00:00:00,14.94166603529066
2011-12-27 01:00:00,15.734616769992613
2011-12-27 02:00:00,9.178939149546203
2011-12-27 03:00:00,4.51891864584486
2011-12-27 04:00:00,4.3734795795713275
2011-12-27 05:00:00,19.765375717187375
2011-12-27 06:00:00,126.2044943630013
2011-12-27 07:00:00,252.84176125662998
2011-12-27 08:00:00,346.238613338794
2011-12-27 09:00:00,113.7711643252236
2011-12-27 10:00:00,103.95940909245074
2011-12-27 11:00:00,103.95940909245074
2011-12-27 12:00:00,56.91804773739404
2011-12-27 13:00:00,56.91804773739404
2011-12-27 14:00:00,44.518930801953175
2011-12-27 15:00:00,44.518930801953175
2011-12-27 16:00:00,44.518930801953175
2011-12-27 17:00:00,55.73658109088722
2011-12-27 18:00:00,352.77957959338016
2011-12-27 19:00:00,252.84176125662998
2011-12-27 20:00:00,57.00295864050695
2011-12-27 21:00:00,57.00295864050695
2011-12-27 22:00:00,57.00295864050695
2011-12-27 23:00:00,56.91804773739404
2011-12-28 00:00:00,14.951127638620337
2011-12-28 01:00:00,11.68114772176028
2011-12-28 02:00:00,5.597539553864471
2011-12-28 03:00:00,4.51891864584486
2011-12-28 05:00:00,19.765375717187375
2011-12-28 06:00:00,102.4398698442368
2011-12-28 07:00:00,241.41494700859124
2011-12-28 08:00:00,346.238613338794
2011-12-28 09:00:00,241.41494700859124
2011-12-28 10:00:00,126.71700251822608
2011-12-28 11:00:00,108.2922807286619
2011-12-28 12:00:00,167.05546956502553
2011-12-28 13:00:00,126.71700251822608
2011-12-28 14:00:00,135.26602293452106
2011-12-28 15:00:00,135.26602293452106
2011-12-28 16:00:00,126.2044943630013
2011-12-28 17:00:00,374.99374169636354
2011-12-28 18:00:00,228.9707837017902
2011-12-28 19:00:00,228.9707837017902
2011-12-28 20:00:00,87.55339552012633
2011-12-28 21:00:00,87.55339552012633
2011-12-28 22:00:00,87.55339552012633
2011-12-28 23:00:00,21.285310010266564
2011-12-29 00:00:00,27.710776899407033
2011-12-29 01:00:00,15.734616769992613
2011-12-29 02:00:00,3.476105944522984
2011-12-29 03:00:00,1.0
2011-12-29 04:00:00,3.3356685051319204
2011-12-29 05:00:00,19.765375717187375
2011-12-29 06:00:00,87.55339552012633
2011-12-29 07:00:00,209.42655455917173
2011-12-29 08:00:00,416.35173215226496
2011-12-29 09:00:00,209.42655455917173
2011-12-29 10:00:00,87.55339552012633
2011-12-29 11:00:00,87.55339552012633
2011-12-29 12:00:00,144.2384570116718
2011-12-29 13:00:00,144.2384570116718
2011-12-29 14:00:00,144.2384570116718
2011-12-29 15:00:00,144.2384570116718
2011-12-29 16:00:00,101.76492013667075
2011-12-29 17:00:00,374.99374169636354
2011-12-29 18:00:00,352.77957959338016
2011-12-29 19:00:00,227.2704007915197
2011-12-29 20:00:00,144.2384570116718
2011-12-29 21:00:00,101.76492013667075
2011-12-29 22:00:00,101.76492013667075
2011-12-29 23:00:00,101.76492013667075
2011-12-30 00:00:00,19.33703956742157
2011-12-30 01:00:00,15.734616769992613
2011-12-30 02:00:00,8.127735225551637
2011-12-30 03:00:00,2.554253676274776
2011-12-30 04:00:00,2.4375438551749578
2011-12-30 05:00:00,19.765375717187375
2011-12-30 06:00:00,87.55339552012633
2011-12-30 07:00:00,209.42655455917173
2011-12-30 08:00:00,416.35173215226496
2011-12-30 09:00:00,252.84176125662998
2011-12-30 10:00:00,126.2044943630013
2011-12-30 11:00:00,102.4398698442368
2011-12-30 12:00:00,103.95940909245074
2011-12-30 13:00:00,108.2922807286619
2011-12-30 14:00:00,186.6796913035463
2011-12-30 15:00:00,186.6796913035463
2011-12-30 16:00:00,209.46406724923017
2011-12-30 17:00:00,374.99374169636354
2011-12-30 18:00:00,352.77957959338016
2011-12-30 19:00:00,241.41494700859124
2011-12-30 20:00:00,146.30759855455452
2011-12-30 21:00:00,108.2922807286619
2011-12-30 22:00:00,146.30759855455452
2011-12-30 23:00:00,108.2922807286619
2011-12-31 00:00:00,65.84639577479456
2011-12-31 01:00:00,34.48305085917388
2011-12-31 02:00:00,26.607688226662717
2011-12-31 03:00:00,18.47134100346365
2011-12-31 04:00:00,3.160167646103808
2011-12-31 05:00:00,4.216930942979165
2011-12-31 06:00:00,160.81134163183046
2011-12-31 07:00:00,29.456399256728993
2011-12-31 08:00:00,85.0539071272267
2011-12-31 09:00:00,25.028532545715574
2011-12-31 10:00:00,271.67505816018644
2011-12-31 11:00:00,271.67505816018644
2011-12-31 12:00:00,368.9267798382953
2011-12-31 13:00:00,314.25925294894176
2011-12-31 14:00:00,326.7160955698835
2011-12-31 15:00:00,326.7160955698835
2011-12-31 16:00:00,326.7160955698835
2011-12-31 17:00:00,326.7160955698835
2011-12-31 18:00:00,326.7160955698835
2011-12-31 19:00:00,148.40445237890566
2011-12-31 20:00:00,148.40445237890566
2011-12-31 21:00:00,160.81134163183046
2011-12-31 22:00:00,160.81134163183046
2011-12-31 23:00:00,108.2922807286619
2012-01-20 00:00:00,42.4202113074776
2012-01-20 01:00:00,5.280317305810081
2012-01-20 02:00:00,8.127735225551637
2012-01-20 03:00:00,3.9190189716987263
2012-01-20 04:00:00,3.0356543087298045
2012-01-20 05:00:00,21.39740528486815
2012-01-20 06:00:00,106.09138426556525
2012-01-20 07:00:00,234.640760427768
2012-01-20 08:00:00,321.62934904555163
2012-01-20 09:00:00,292.90700768952644
2012-01-20 10:00:00,76.28487452213517
2012-01-20 11:00:00,124.31729787796696
2012-01-20 12:00:00,124.31729787796696
2012-01-20 13:00:00,124.31729787796696
2012-01-20 14:00:00,124.31729787796696
2012-01-20 15:00:00,124.31729787796696
2012-01-20 16:00:00,124.31729787796696
2012-01-20 17:00:00,212.21036244127302
2012-01-20 18:00:00,212.21036244127302
2012-01-20 19:00:00,234.640760427768
2012-01-20 20:00:00,124.31729787796696
2012-01-20 21:00:00,124.31729787796696
2012-01-20 22:00:00,124.31729787796696
2012-01-20 23:00:00,68.58397160097374
2012-01-21 00:00:00,27.382484153853554
2012-01-21 01:00:00,38.34886060744209
2012-01-21 02:00:00,47.635415963375266
2012-01-21 03:00:00,12.31370109505993
2012-01-21 04:00:00,3.042823217079862
2012-01-21 05:00:00,6.303826693129251
2012-01-21 06:00:00,6.807894749712356
2012-01-21 07:00:00,35.9981832264479
2012-01-21 08:00:00,94.71786225309809
2012-01-21 09:00:00,120.38474658971509
2012-01-21 10:00:00,142.21206587681206
2012-01-21 11:00:00,164.66771166465662
2012-01-21 12:00:00,164.66771166465662
2012-01-21 13:00:00,164.66771166465662
2012-01-21 14:00:00,108.48756961746886
2012-01-21 15:00:00,108.48756961746886
2012-01-21 16:00:00,223.13204451828088
2012-01-21 17:00:00,190.78969386077708
2012-01-21 18:00:00,190.78969386077708
2012-01-21 19:00:00,94.71786225309809
2012-01-21 20:00:00,94.71786225309809
2012-01-21 21:00:00,94.71786225309809
2012-01-21 22:00:00,53.248405935491206
2012-01-21 23:00:00,37.141035814890536
2012-01-22 00:00:00,27.382484153853554
2012-01-22 01:00:00,38.34886060744209
2012-01-22 02:00:00,47.635415963375266
2012-01-22 03:00:00,12.31370109505993
2012-01-22 04:00:00,3.8913822841295973
2012-01-22 05:00:00,6.303826693129251
2012-01-22 06:00:00,6.807894749712356
2012-01-22 07:00:00,19.317233696279143
2012-01-22 08:00:00,88.47231958133791
2012-01-22 09:00:00,88.47231958133791
2012-01-22 10:00:00,142.21206587681206
2012-01-22 11:00:00,142.21206587681206
2012-01-22 12:00:00,142.21206587681206
2012-01-22 13:00:00,164.66771166465662
2012-01-22 14:00:00,164.66771166465662
2012-01-22 15:00:00,142.21206587681206
2012-01-22 16:00:00,142.21206587681206
2012-01-22 17:00:00,164.66771166465662
2012-01-22 18:00:00,108.48756961746886
2012-01-22 19:00:00,88.47231958133791
2012-01-22 20:00:00,88.47231958133791
2012-01-22 21:00:00,88.47231958133791
2012-01-22 22:00:00,53.248405935491206
2012-01-22 23:00:00,37.141035814890536
2012-01-23 00:00:00,18.541671870389077
2012-01-23 01:00:00,8.193460600152326
2012-01-23 02:00:00,1.701920077041227
2012-01-23 03:00:00,3.6439843790034585
2012-01-23 04:00:00,3.0356543087298045
2012-01-23 05:00:00,21.39740528486815
2012-01-23 06:00:00,84.25704777217528
2012-01-23 07:00:00,164.47589493422086
2012-01-23 08:00:00,419.3772803675695
2012-01-23 09:00:00,212.21036244127302
2012-01-23 10:00:00,84.25704777217528
2012-01-23 11:00:00,84.25704777217528
2012-01-23 12:00:00,84.25704777217528
2012-01-23 13:00:00,66.55277563906219
2012-01-23 14:00:00,66.55277563906219
2012-01-23 15:00:00,84.25704777217528
2012-01-23 16:00:00,92.82249849265517
2012-01-23 17:00:00,234.640760427768
2012-01-23 18:00:00,234.640760427768
2012-01-23 19:00:00,228.6555891035125
2012-01-23 20:00:00,107.97505307999417
2012-01-23 21:00:00,124.18489984866824
2012-01-23 22:00:00,124.18489984866824
2012-01-23 23:00:00,52.39538388737128
2012-01-24 00:00:00,14.94166603529066
2012-01-24 01:00:00,11.68114772176028
2012-01-24 02:00:00,10.469123272454777
2012-01-24 03:00:00,3.6439843790034585
2012-01-24 04:00:00,3.0356543087298045
2012-01-24 05:00:00,15.774212261674425
2012-01-24 06:00:00,116.44863020817657
2012-01-24 07:00:00,228.6555891035125
2012-01-24 08:00:00,419.3772803675695
2012-01-24 09:00:00,228.6555891035125
2012-01-24 10:00:00,90.8756927070859
2012-01-24 11:00:00,90.8756927070859
2012-01-24 12:00:00,90.8756927070859
2012-01-24 13:00:00,90.8756927070859
2012-01-24 14:00:00,90.8756927070859
2012-01-24 15:00:00,176.67199054115392
2012-01-24 16:00:00,359.4671555800694
2012-01-24 17:00:00,412.90851121930706
2012-01-24 18:00:00,412.90851121930706
2012-01-24 19:00:00,439.8204558580583
2012-01-24 20:00:00,90.8756927070859
2012-01-24 21:00:00,176.67199054115392
2012-01-24 22:00:00,125.13168206344197
2012-01-24 23:00:00,107.13532892527994
2012-01-25 00:00:00,28.272311049969026
2012-01-25 01:00:00,23.08353110232643
2012-01-25 02:00:00,9.178939149546203
2012-01-25 03:00:00,3.6439843790034585
2012-01-25 04:00:00,2.2875036590344515
2012-01-25 05:00:00,21.39740528486815
2012-01-25 06:00:00,106.09138426556525
2012-01-25 07:00:00,234.640760427768
2012-01-25 08:00:00,321.62934904555163
2012-01-25 09:00:00,292.90700768952644
2012-01-25 10:00:00,124.18489984866824
2012-01-25 11:00:00,124.18489984866824
2012-01-25 12:00:00,176.67199054115392
2012-01-25 13:00:00,176.67199054115392
2012-01-25 14:00:00,176.67199054115392
2012-01-25 15:00:00,176.67199054115392
2012-01-25 16:00:00,359.4671555800694
2012-01-25 17:00:00,578.7149738379452
2012-01-25 18:00:00,516.2209818837497
2012-01-25 19:00:00,228.6555891035125
2012-01-25 20:00:00,176.67199054115392
2012-01-25 21:00:00,113.46904117473657
2012-01-25 22:00:00,113.46904117473657
2012-01-25 23:00:00,52.39538388737128
2012-01-26 00:00:00,42.4202113074776
2012-01-26 01:00:00,14.68578175425129
2012-01-26 02:00:00,4.674611802000319
2012-01-26 03:00:00,3.6439843790034585
2012-01-26 04:00:00,3.0356543087298045
2012-01-26 05:00:00,15.774212261674425
2012-01-26 06:00:00,89.30299403479407
2012-01-26 07:00:00,228.6555891035125
2012-01-26 08:00:00,419.3772803675695
2012-01-26 09:00:00,228.6555891035125
2012-01-26 10:00:00,113.46904117473657
2012-01-26 11:00:00,113.46904117473657
2012-01-26 12:00:00,134.53817174409048
2012-01-26 13:00:00,176.67199054115392
2012-01-26 14:00:00,176.67199054115392
2012-01-26 15:00:00,176.67199054115392
2012-01-26 16:00:00,359.4671555800694
2012-01-26 17:00:00,412.90851121930706
2012-01-26 18:00:00,412.90851121930706
2012-01-26 19:00:00,439.8204558580583
2012-01-26 20:00:00,134.53817174409048
2012-01-26 21:00:00,134.53817174409048
2012-01-26 22:00:00,125.13168206344197
2012-01-26 23:00:00,73.28813742286486
2012-01-27 00:00:00,48.75851629521259
2012-01-27 01:00:00,11.324191189759013
2012-01-27 02:00:00,6.815513254092055
2012-01-27 03:00:00,3.317799791065254
2012-01-27 04:00:00,3.0356543087298045
2012-01-27 05:00:00,34.885025751631204
2012-01-27 06:00:00,116.44863020817657
2012-01-27 07:00:00,332.5798331723656
2012-01-27 08:00:00,103.93967397628947
2012-01-27 09:00:00,176.95955202672303
2012-01-27 10:00:00,72.38192910270406
2012-01-27 11:00:00,231.0739293243095
2012-01-27 12:00:00,231.0739293243095
2012-01-27 13:00:00,191.86670729919922
2012-01-27 14:00:00,191.86670729919922
2012-01-27 15:00:00,191.86670729919922
2012-01-27 16:00:00,320.94124174922865
2012-01-27 17:00:00,462.2890837322211
2012-01-27 18:00:00,462.2890837322211
2012-01-27 19:00:00,228.6555891035125
2012-01-27 20:00:00,136.846443186258
2012-01-27 21:00:00,136.846443186258
2012-01-27 22:00:00,106.76593371757214
2012-01-27 23:00:00,88.27793017041095
2012-01-28 00:00:00,91.30605960448312
2012-01-28 01:00:00,46.704249246660794
2012-01-28 02:00:00,47.635415963375266
2012-01-28 03:00:00,19.727432807356927
2012-01-28 04:00:00,8.835968283352129
2012-01-28 05:00:00,6.303826693129251
2012-01-28 06:00:00,9.661716018648649
2012-01-28 07:00:00,35.9981832264479
2012-01-28 08:00:00,94.71786225309809
2012-01-28 09:00:00,120.38474658971509
2012-01-28 10:00:00,143.18184044619827
2012-01-28 11:00:00,143.18184044619827
2012-01-28 12:00:00,143.18184044619827
2012-01-28 13:00:00,190.5922025965992
2012-01-28 14:00:00,232.6758945511939
2012-01-28 15:00:00,232.6758945511939
2012-01-28 16:00:00,332.669726344932
2012-01-28 17:00:00,332.669726344932
2012-01-28 18:00:00,332.669726344932
2012-01-28 19:00:00,102.95753586604962
2012-01-28 20:00:00,102.95753586604962
2012-01-28 21:00:00,102.95753586604962
2012-01-28 22:00:00,131.42064760368189
2012-01-28 23:00:00,155.4451739878725
2012-01-29 00:00:00,91.30605960448312
2012-01-29 01:00:00,77.25074795991203
2012-01-29 02:00:00,29.163034098541388
2012-01-29 03:00:00,19.727432807356927
2012-01-29 04:00:00,7.338810502082335
2012-01-29 05:00:00,6.303826693129251
2012-01-29 06:00:00,6.807894749712356
2012-01-29 07:00:00,19.317233696279143
2012-01-29 08:00:00,88.47231958133791
2012-01-29 09:00:00,88.47231958133791
2012-01-29 10:00:00,143.18184044619827
2012-01-29 11:00:00,143.18184044619827
2012-01-29 12:00:00,332.669726344932
2012-01-29 13:00:00,332.669726344932
2012-01-29 14:00:00,332.669726344932
2012-01-29 15:00:00,332.669726344932
2012-01-29 16:00:00,332.669726344932
2012-01-29 17:00:00,332.669726344932
2012-01-29 18:00:00,332.669726344932
2012-01-29 19:00:00,102.95753586604962
2012-01-29 20:00:00,68.11348835998989
2012-01-29 21:00:00,68.11348835998989
2012-01-29 22:00:00,88.93558874035122
2012-01-29 23:00:00,68.11348835998989
2012-01-30 00:00:00,12.80631139999931
2012-01-30 01:00:00,8.193460600152326
2012-01-30 02:00:00,2.4818232333160943
2012-01-30 03:00:00,3.9190189716987263
2012-01-30 04:00:00,3.042823217079862
2012-01-30 05:00:00,21.39740528486815
2012-01-30 06:00:00,66.55277563906219
2012-01-30 07:00:00,292.90700768952644
2012-01-30 08:00:00,321.62934904555163
2012-01-30 09:00:00,234.640760427768
2012-01-30 10:00:00,124.31729787796696
2012-01-30 11:00:00,124.52064586932472
2012-01-30 12:00:00,145.7557644239522
2012-01-30 13:00:00,124.52064586932472
2012-01-30 14:00:00,176.67199054115392
2012-01-30 15:00:00,176.67199054115392
2012-01-30 16:00:00,238.35662554128757
2012-01-30 17:00:00,429.2515685958354
2012-01-30 18:00:00,375.8127223424862
2012-01-30 19:00:00,228.6555891035125
2012-01-30 20:00:00,217.35987237281287
2012-01-30 21:00:00,124.52064586932472
2012-01-30 22:00:00,124.52064586932472
2012-01-30 23:00:00,52.39538388737128
2012-01-31 00:00:00,14.94166603529066
2012-01-31 01:00:00,7.521252162542176
2012-01-31 02:00:00,2.4818232333160943
2012-01-31 03:00:00,3.9190189716987263
2012-01-31 04:00:00,3.0356543087298045
2012-01-31 05:00:00,21.39740528486815
2012-01-31 06:00:00,124.52064586932472
2012-01-31 07:00:00,228.6555891035125
2012-01-31 08:00:00,419.3772803675695
2012-01-31 09:00:00,228.6555891035125
2012-01-31 10:00:00,176.67199054115392
2012-01-31 11:00:00,127.62527542179146
2012-01-31 12:00:00,136.846443186258
2012-01-31 13:00:00,191.86670729919922
2012-01-31 14:00:00,191.86670729919922
2012-01-31 15:00:00,191.86670729919922
2012-01-31 16:00:00,419.2480605877892
2012-01-31 17:00:00,654.3057405070158
2012-01-31 18:00:00,581.8860433963383
2012-01-31 19:00:00,297.66150348003015
2012-01-31 20:00:00,176.67199054115392
2012-01-31 21:00:00,230.3150881398538
2012-01-31 22:00:00,131.42064760368189
2012-01-31 23:00:00,106.59713872018469
2012-02-20 00:00:00,45.98404409334586
2012-02-20 01:00:00,38.34886060744209
2012-02-20 02:00:00,47.635415963375266
2012-02-20 03:00:00,12.31370109505993
2012-02-20 05:00:00,2.4877505632064345
2012-02-20 06:00:00,13.418480250391825
2012-02-20 07:00:00,19.317233696279143
2012-02-20 08:00:00,72.10837026508399
2012-02-20 09:00:00,72.10837026508399
2012-02-20 10:00:00,220.41203091568303
2012-02-20 11:00:00,220.41203091568303
2012-02-20 12:00:00,264.7803050106478
2012-02-20 13:00:00,220.41203091568303
2012-02-20 14:00:00,257.8765907385544
2012-02-20 15:00:00,257.8765907385544
2012-02-20 16:00:00,257.8765907385544
2012-02-20 17:00:00,257.8765907385544
2012-02-20 18:00:00,257.8765907385544
2012-02-20 19:00:00,136.63911196399636
2012-02-20 20:00:00,187.0022919484498
2012-02-20 21:00:00,99.39910895690801
2012-02-20 22:00:00,99.39910895690801
2012-02-20 23:00:00,99.39910895690801
2012-02-21 00:00:00,14.94166603529066
2012-02-21 01:00:00,5.280317305810081
2012-02-21 02:00:00,1.701920077041227
2012-02-21 04:00:00,1.4494897427831783
2012-02-21 05:00:00,19.456465584265427
2012-02-21 06:00:00,93.71569866760066
2012-02-21 07:00:00,212.21036244127302
2012-02-21 08:00:00,456.0293286596672
2012-02-21 09:00:00,282.012385324447
2012-02-21 10:00:00,121.26062533717243
2012-02-21 11:00:00,124.18489984866824
2012-02-21 12:00:00,124.18489984866824
2012-02-21 13:00:00,136.63911196399636
2012-02-21 14:00:00,135.68811912251937
2012-02-21 15:00:00,136.63911196399636
2012-02-21 16:00:00,320.94124174922865
2012-02-21 17:00:00,416.86296242167623
2012-02-21 18:00:00,375.8127223424862
2012-02-21 19:00:00,304.21632242878354
2012-02-21 20:00:00,187.0022919484498
2012-02-21 21:00:00,153.22893833409498
2012-02-21 22:00:00,110.82167475461819
2012-02-21 23:00:00,67.01069453885641
2012-02-22 00:00:00,26.473627644434295
2012-02-22 01:00:00,4.75265209551364
2012-02-22 02:00:00,9.178939149546203
2012-02-22 03:00:00,6.056663961310677
2012-02-22 04:00:00,1.2456485239871014
2012-02-22 05:00:00,19.456465584265427
2012-02-22 06:00:00,116.44863020817657
2012-02-22 07:00:00,269.15127206182115
2012-02-22 08:00:00,515.7463849476262
2012-02-22 09:00:00,248.88925143389545
2012-02-22 10:00:00,153.22893833409498
2012-02-22 11:00:00,153.22893833409498
2012-02-22 12:00:00,162.82008373555854
2012-02-22 13:00:00,162.82008373555854
2012-02-22 14:00:00,135.68811912251937
2012-02-22 15:00:00,225.16823838248888
2012-02-22 16:00:00,419.2480605877892
2012-02-22 17:00:00,654.3057405070158
2012-02-22 18:00:00,461.3847303138571
2012-02-22 19:00:00,297.66150348003015
2012-02-22 20:00:00,187.0022919484498
2012-02-22 21:00:00,230.3150881398538
2012-02-22 22:00:00,110.82167475461819
2012-02-22 23:00:00,67.01069453885641
2012-02-23 00:00:00,47.77493615674066
2012-02-23 01:00:00,4.75265209551364
2012-02-23 02:00:00,12.573832761086356
2012-02-23 03:00:00,4.386846609422752
2012-02-23 04:00:00,1.7981664143395273
2012-02-23 05:00:00,19.456465584265427
2012-02-23 06:00:00,116.44863020817657
2012-02-23 07:00:00,269.15127206182115
2012-02-23 08:00:00,515.7463849476262
2012-02-23 09:00:00,248.88925143389545
2012-02-23 10:00:00,162.82008373555854
2012-02-23 11:00:00,242.38373286581975
2012-02-23 12:00:00,242.38373286581975
2012-02-23 13:00:00,338.6308582914013
2012-02-23 14:00:00,288.3768883066666
2012-02-23 15:00:00,288.3768883066666
2012-02-23 16:00:00,440.55564668283927
2012-02-23 17:00:00,657.9542030889938
2012-02-23 18:00:00,657.9542030889938
2012-02-23 19:00:00,439.8204558580583
2012-02-23 20:00:00,344.7217082686978
2012-02-23 21:00:00,162.82008373555854
2012-02-23 22:00:00,110.82167475461819
2012-02-23 23:00:00,67.01069453885641
2012-02-24 00:00:00,57.35667646731375
2012-02-24 01:00:00,46.06113545206921
2012-02-24 02:00:00,12.25171895955795
2012-02-24 03:00:00,8.326350102279884
2012-02-24 04:00:00,1.7981664143395273
2012-02-24 05:00:00,19.456465584265427
2012-02-24 06:00:00,116.44863020817657
2012-02-24 07:00:00,352.16730969574417
2012-02-24 08:00:00,515.7463849476262
2012-02-24 09:00:00,136.17801670668862
2012-02-24 10:00:00,147.33166819434433
2012-02-24 11:00:00,149.37716478580077
2012-02-24 12:00:00,199.00981795630958
2012-02-24 13:00:00,134.5966451683451
2012-02-24 14:00:00,279.7318635796577
2012-02-24 15:00:00,72.38192910270406
2012-02-24 16:00:00,72.38192910270406
2012-02-24 17:00:00,103.93967397628947
2012-02-24 18:00:00,332.5798331723656
2012-02-24 19:00:00,332.5798331723656
2012-02-24 20:00:00,187.0022919484498
2012-02-24 21:00:00,172.54571745010813
2012-02-24 22:00:00,110.82167475461819
2012-02-24 23:00:00,67.01069453885641
2012-02-25 00:00:00,65.84639577479456
2012-02-25 01:00:00,46.704249246660794
2012-02-25 02:00:00,29.163034098541388
2012-02-25 03:00:00,19.727432807356927
2012-02-25 04:00:00,8.835968283352129
2012-02-25 05:00:00,4.1536750065179415
2012-02-25 06:00:00,11.822855093292251
2012-02-25 07:00:00,21.167094244821502
2012-02-25 08:00:00,89.37780609886376
2012-02-25 09:00:00,120.38474658971509
2012-02-25 10:00:00,220.41203091568303
2012-02-25 11:00:00,220.41203091568303
2012-02-25 12:00:00,257.8765907385544
2012-02-25 13:00:00,257.8765907385544
2012-02-25 14:00:00,257.8765907385544
2012-02-25 15:00:00,257.8765907385544
2012-02-25 16:00:00,257.8765907385544
2012-02-25 17:00:00,220.41203091568303
2012-02-25 18:00:00,220.41203091568303
2012-02-25 19:00:00,62.312974663197956
2012-02-25 20:00:00,62.312974663197956
2012-02-25 21:00:00,84.89179503643713
2012-02-25 22:00:00,53.248405935491206
2012-02-25 23:00:00,37.141035814890536
2012-02-26 00:00:00,45.98404409334586
2012-02-26 01:00:00,38.34886060744209
2012-02-26 02:00:00,29.163034098541388
2012-02-26 03:00:00,12.31370109505993
2012-02-26 04:00:00,7.338810502082335
2012-02-26 05:00:00,2.4877505632064345
2012-02-26 06:00:00,6.807894749712356
2012-02-26 07:00:00,19.317233696279143
2012-02-26 08:00:00,73.47831000769963
2012-02-26 09:00:00,73.47831000769963
2012-02-26 10:00:00,209.2060261393666
2012-02-26 11:00:00,220.41203091568303
2012-02-26 12:00:00,264.7803050106478
2012-02-26 13:00:00,257.8765907385544
2012-02-26 14:00:00,257.8765907385544
2012-02-26 15:00:00,257.8765907385544
2012-02-26 16:00:00,257.8765907385544
2012-02-26 17:00:00,257.8765907385544
2012-02-26 18:00:00,257.8765907385544
2012-02-26 19:00:00,136.63911196399636
2012-02-26 20:00:00,187.0022919484498
2012-02-26 21:00:00,99.39910895690801
2012-02-26 22:00:00,99.39910895690801
2012-02-26 23:00:00,89.37780609886376
2012-02-27 00:00:00,28.272311049969026
2012-02-27 01:00:00,8.193460600152326
2012-02-27 02:00:00,9.178939149546203
2012-02-27 03:00:00,2.6590516533172073
2012-02-27 04:00:00,1.4494897427831783
2012-02-27 05:00:00,19.456465584265427
2012-02-27 06:00:00,106.09138426556525
2012-02-27 07:00:00,252.63495144563808
2012-02-27 08:00:00,456.0293286596672
2012-02-27 09:00:00,248.88925143389545
2012-02-27 10:00:00,136.63911196399636
2012-02-27 11:00:00,136.63911196399636
2012-02-27 12:00:00,151.6261504441643
2012-02-27 13:00:00,162.82008373555854
2012-02-27 14:00:00,259.8703218937874
2012-02-27 15:00:00,288.3768883066666
2012-02-27 16:00:00,419.2480605877892
2012-02-27 17:00:00,654.3057405070158
2012-02-27 18:00:00,581.8860433963383
2012-02-27 19:00:00,297.66150348003015
2012-02-27 20:00:00,344.7217082686978
2012-02-27 21:00:00,230.3150881398538
2012-02-27 22:00:00,110.82167475461819
2012-02-27 23:00:00,67.01069453885641
2012-02-28 00:00:00,26.473627644434295
2012-02-28 01:00:00,4.75265209551364
2012-02-28 02:00:00,5.789095234303574
2012-02-28 03:00:00,4.473160837109944
2012-02-28 04:00:00,1.4494897427831783
2012-02-28 05:00:00,16.772078373720348
2012-02-28 06:00:00,171.87658368822693
2012-02-28 07:00:00,282.21088225517593
2012-02-28 08:00:00,456.0293286596672
2012-02-28 09:00:00,282.21088225517593
2012-02-28 10:00:00,171.87658368822693
2012-02-28 11:00:00,136.63911196399636
2012-02-28 12:00:00,136.63911196399636
2012-02-28 13:00:00,136.63911196399636
2012-02-28 14:00:00,135.68811912251937
2012-02-28 15:00:00,151.6261504441643
2012-02-28 16:00:00,289.85461157366757
2012-02-28 17:00:00,412.90851121930706
2012-02-28 18:00:00,461.3847303138571
2012-02-28 19:00:00,439.8204558580583
2012-02-28 20:00:00,180.40687945701313
2012-02-28 21:00:00,136.63911196399636
2012-02-28 22:00:00,110.82167475461819
2012-02-28 23:00:00,67.01069453885641
2012-02-29 00:00:00,12.80631139999931
2012-02-29 01:00:00,4.75265209551364
2012-02-29 02:00:00,5.597539553864471
2012-02-29 03:00:00,2.6590516533172073
2012-02-29 05:00:00,19.456465584265427
2012-02-29 06:00:00,89.30299403479407
2012-02-29 07:00:00,269.15127206182115
2012-02-29 08:00:00,515.7463849476262
2012-02-29 09:00:00,252.46123272460005
2012-02-29 10:00:00,64.10255628970386
2012-02-29 11:00:00,64.10255628970386
2012-02-29 12:00:00,29.827183400843985
2012-02-29 13:00:00,149.37716478580077
2012-02-29 14:00:00,149.37716478580077
2012-02-29 15:00:00,199.00981795630958
2012-02-29 16:00:00,72.38192910270406
2012-02-29 17:00:00,442.57199785388855
2012-02-29 18:00:00,441.7715219114836
2012-02-29 19:00:00,369.83831846478205
2012-02-29 20:00:00,72.38192910270406
2012-02-29 21:00:00,72.38192910270406
2012-02-29 22:00:00,72.38192910270406
2012-02-29 23:00:00,72.38192910270406
2012-03-20 00:00:00,35.32229793005917
2012-03-20 01:00:00,14.756940183293873
2012-03-20 02:00:00,8.043204594875197
2012-03-20 03:00:00,5.127311684095713
2012-03-20 04:00:00,9.854057630269201
2012-03-20 05:00:00,25.47978409294852
2012-03-20 06:00:00,145.1477832471837
2012-03-20 07:00:00,210.03165958319812
2012-03-20 08:00:00,550.1634114582704
2012-03-20 09:00:00,295.7271361238354
2012-03-20 10:00:00,157.1861561037798
2012-03-20 11:00:00,186.47157336594105
2012-03-20 12:00:00,169.18434146720458
2012-03-20 13:00:00,270.4315345219072
2012-03-20 14:00:00,211.56904866197442
2012-03-20 15:00:00,268.847940412052
2012-03-20 16:00:00,354.888255263787
2012-03-20 17:00:00,638.4213913389611
2012-03-20 18:00:00,638.4213913389611
2012-03-20 19:00:00,553.5958225612712
2012-03-20 20:00:00,405.7406675883537
2012-03-20 21:00:00,290.1271289616862
2012-03-20 22:00:00,152.29521236945672
2012-03-20 23:00:00,107.13532892527994
2012-03-21 00:00:00,30.741472756957865
2012-03-21 01:00:00,14.756940183293873
2012-03-21 02:00:00,8.043204594875197
2012-03-21 03:00:00,6.056663961310677
2012-03-21 04:00:00,7.6475520358328595
2012-03-21 05:00:00,25.47978409294852
2012-03-21 06:00:00,164.2850697348654
2012-03-21 07:00:00,441.7715219114836
2012-03-21 08:00:00,441.7715219114836
2012-03-21 09:00:00,295.7271361238354
2012-03-21 10:00:00,157.1861561037798
2012-03-21 11:00:00,241.70415899453752
2012-03-21 12:00:00,186.47157336594105
2012-03-21 13:00:00,186.47157336594105
2012-03-21 14:00:00,186.47157336594105
2012-03-21 15:00:00,186.47157336594105
2012-03-21 16:00:00,354.888255263787
2012-03-21 17:00:00,638.4213913389611
2012-03-21 18:00:00,638.4213913389611
2012-03-21 19:00:00,542.5856426743436
2012-03-21 20:00:00,260.2407116096399
2012-03-21 21:00:00,270.8599319614543
2012-03-21 22:00:00,173.881618909595
2012-03-21 23:00:00,107.13532892527994
2012-03-22 00:00:00,47.77493615674066
2012-03-22 01:00:00,24.001756425180314
2012-03-22 02:00:00,15.955616618809582
2012-03-22 03:00:00,5.127311684095713
2012-03-22 04:00:00,7.870710897486367
2012-03-22 05:00:00,25.47978409294852
2012-03-22 06:00:00,145.1477832471837
2012-03-22 07:00:00,369.83831846478205
2012-03-22 08:00:00,550.1634114582704
2012-03-22 09:00:00,295.7271361238354
2012-03-22 10:00:00,157.1861561037798
2012-03-22 11:00:00,241.70415899453752
2012-03-22 12:00:00,148.4824926476716
2012-03-22 13:00:00,186.47157336594105
2012-03-22 14:00:00,211.56904866197442
2012-03-22 15:00:00,231.32830472519726
2012-03-22 16:00:00,354.888255263787
2012-03-22 17:00:00,638.4213913389611
2012-03-22 18:00:00,638.4213913389611
2012-03-22 19:00:00,542.5856426743436
2012-03-22 20:00:00,440.3971822190921
2012-03-22 21:00:00,240.34938912519786
2012-03-22 22:00:00,173.881618909595
2012-03-22 23:00:00,107.13532892527994
2012-03-23 00:00:00,71.20150495361854
2012-03-23 01:00:00,46.06113545206921
2012-03-23 02:00:00,10.637245757666157
2012-03-23 03:00:00,11.804858680531813
2012-03-23 04:00:00,9.854057630269201
2012-03-23 05:00:00,25.47978409294852
2012-03-23 06:00:00,145.1477832471837
2012-03-23 07:00:00,332.5798331723656
2012-03-23 08:00:00,550.1634114582704
2012-03-23 09:00:00,295.7271361238354
2012-03-23 10:00:00,231.0739293243095
2012-03-23 11:00:00,295.070771409828
2012-03-23 12:00:00,394.1649261309676
2012-03-23 13:00:00,394.1649261309676
2012-03-23 14:00:00,354.80929206376754
2012-03-23 15:00:00,365.9716787494237
2012-03-23 16:00:00,568.5246548690703
2012-03-23 17:00:00,767.0044668168126
2012-03-23 18:00:00,654.7945088436331
2012-03-23 19:00:00,511.1989231142659
2012-03-23 20:00:00,354.4536322304342
2012-03-23 21:00:00,298.0357685712395
2012-03-23 22:00:00,273.1793963787942
2012-03-23 23:00:00,188.9968128960928
2012-03-24 00:00:00,151.51223957948451
2012-03-24 01:00:00,104.25772691913185
2012-03-24 02:00:00,62.733438768356386
2012-03-24 03:00:00,31.19439297506817
2012-03-24 04:00:00,8.5124264507716
2012-03-24 05:00:00,8.816375970185396
2012-03-24 06:00:00,49.788950628288816
2012-03-24 07:00:00,126.34636076428033
2012-03-24 08:00:00,241.70415899453752
2012-03-24 09:00:00,261.7158853007433
2012-03-24 10:00:00,461.5412508533011
2012-03-24 11:00:00,512.9788925508627
2012-03-24 12:00:00,206.2386259426519
2012-03-24 13:00:00,206.2386259426519
2012-03-24 14:00:00,206.2386259426519
2012-03-24 15:00:00,206.2386259426519
2012-03-24 16:00:00,206.2386259426519
2012-03-24 17:00:00,206.2386259426519
2012-03-24 18:00:00,187.62174980290442
2012-03-24 19:00:00,72.38192910270406
2012-03-24 20:00:00,72.38192910270406
2012-03-24 21:00:00,72.38192910270406
2012-03-24 22:00:00,72.38192910270406
2012-03-24 23:00:00,128.8838341729315
2012-03-25 00:00:00,37.16404282847216
2012-03-25 01:00:00,114.91254531395684
2012-03-25 02:00:00,57.383184454323256
2012-03-25 03:00:00,26.70982866937812
2012-03-25 04:00:00,13.227911657249079
2012-03-25 05:00:00,8.816375970185396
2012-03-25 06:00:00,15.263717209562678
2012-03-25 07:00:00,126.34636076428033
2012-03-25 08:00:00,103.36197534909927
2012-03-25 09:00:00,178.67163969698447
2012-03-25 10:00:00,250.50354667032812
2012-03-25 11:00:00,503.4417719392271
2012-03-25 12:00:00,412.1815373600474
2012-03-25 13:00:00,503.4417719392271
2012-03-25 14:00:00,503.4417719392271
2012-03-25 15:00:00,503.4417719392271
2012-03-25 16:00:00,279.5858104433883
2012-03-25 17:00:00,517.8208056422479
2012-03-25 18:00:00,444.96301163019115
2012-03-25 19:00:00,211.56190422189184
2012-03-25 20:00:00,328.69825282885904
2012-03-25 21:00:00,142.4069755480095
2012-03-25 22:00:00,102.31829265603051
2012-03-25 23:00:00,57.63817866892076
2012-03-26 00:00:00,21.658100271077643
2012-03-26 01:00:00,10.755379497395626
2012-03-26 02:00:00,8.966554934125966
2012-03-26 03:00:00,5.065561555625851
2012-03-26 04:00:00,7.689967296861839
2012-03-26 05:00:00,25.47978409294852
2012-03-26 06:00:00,116.44863020817657
2012-03-26 07:00:00,352.16730969574417
2012-03-26 08:00:00,661.3375997359567
2012-03-26 09:00:00,314.9830861176072
2012-03-26 10:00:00,182.20761669860136
2012-03-26 11:00:00,234.43412354737816
2012-03-26 12:00:00,234.43412354737816
2012-03-26 13:00:00,234.43412354737816
2012-03-26 14:00:00,234.43412354737816
2012-03-26 15:00:00,234.43412354737816
2012-03-26 16:00:00,331.3514009114516
2012-03-26 17:00:00,546.083149547232
2012-03-26 18:00:00,546.083149547232
2012-03-26 19:00:00,297.66150348003015
2012-03-26 20:00:00,212.0781582014733
2012-03-26 21:00:00,212.0781582014733
2012-03-26 22:00:00,131.42064760368189
2012-03-26 23:00:00,106.59713872018469
2012-03-27 00:00:00,12.80631139999931
2012-03-27 01:00:00,7.521252162542176
2012-03-27 02:00:00,2.4818232333160943
2012-03-27 03:00:00,3.9190189716987263
2012-03-27 04:00:00,3.8913822841295973
2012-03-27 05:00:00,22.492500199625287
2012-03-27 06:00:00,124.31729787796696
2012-03-27 07:00:00,252.63495144563808
2012-03-27 08:00:00,509.38658002841396
2012-03-27 09:00:00,252.63495144563808
2012-03-27 10:00:00,137.50811365908896
2012-03-27 11:00:00,171.87658368822693
2012-03-27 12:00:00,158.67198553816218
2012-03-27 13:00:00,162.47700751143785
2012-03-27 14:00:00,162.47700751143785
2012-03-27 15:00:00,162.47700751143785
2012-03-27 16:00:00,289.85461157366757
2012-03-27 17:00:00,412.90851121930706
2012-03-27 18:00:00,412.90851121930706
2012-03-27 19:00:00,439.8204558580583
2012-03-27 20:00:00,162.47700751143785
2012-03-27 21:00:00,162.47700751143785
2012-03-27 22:00:00,131.42064760368189
2012-03-27 23:00:00,96.8634155438748
2012-03-28 00:00:00,12.80631139999931
2012-03-28 01:00:00,7.521252162542176
2012-03-28 02:00:00,2.4818232333160943
2012-03-28 03:00:00,2.6501860513592352
2012-03-28 04:00:00,2.2875036590344515
2012-03-28 05:00:00,22.492500199625287
2012-03-28 06:00:00,96.3714018458907
2012-03-28 07:00:00,265.65734640771115
2012-03-28 08:00:00,509.38658002841396
2012-03-28 09:00:00,358.29338198933584
2012-03-28 10:00:00,182.20761669860136
2012-03-28 11:00:00,211.56190422189184
2012-03-28 12:00:00,211.56190422189184
2012-03-28 13:00:00,231.32830472519726
2012-03-28 14:00:00,214.06821215795975
2012-03-28 15:00:00,257.7388475471053
2012-03-28 16:00:00,312.62327909272466
2012-03-28 17:00:00,735.1855452053601
2012-03-28 18:00:00,735.1855452053601
2012-03-28 19:00:00,542.5856426743436
2012-03-28 20:00:00,405.7406675883537
2012-03-28 21:00:00,329.83659036509727
2012-03-28 22:00:00,224.88199214302043
2012-03-28 23:00:00,103.80201003743856
2012-03-29 00:00:00,63.28535443070615
2012-03-29 01:00:00,24.001756425180314
2012-03-29 02:00:00,11.567428725311855
2012-03-29 03:00:00,4.448139854853321
2012-03-29 04:00:00,5.991540175127155
2012-03-29 05:00:00,25.47978409294852
2012-03-29 06:00:00,125.69541158164374
2012-03-29 07:00:00,352.16730969574417
2012-03-29 08:00:00,634.5119517762331
2012-03-29 09:00:00,358.29338198933584
2012-03-29 10:00:00,154.35948337749213
2012-03-29 11:00:00,211.56190422189184
2012-03-29 12:00:00,211.56190422189184
2012-03-29 13:00:00,211.56190422189184
2012-03-29 14:00:00,211.56190422189184
2012-03-29 15:00:00,211.56190422189184
2012-03-29 16:00:00,419.2480605877892
2012-03-29 17:00:00,654.3057405070158
2012-03-29 18:00:00,581.8860433963383
2012-03-29 19:00:00,297.66150348003015
2012-03-29 20:00:00,211.56190422189184
2012-03-29 21:00:00,162.47700751143785
2012-03-29 22:00:00,131.42064760368189
2012-03-29 23:00:00,88.27793017041095
2012-03-30 00:00:00,48.75851629521259
2012-03-30 01:00:00,46.06113545206921
2012-03-30 02:00:00,8.672705464483128
2012-03-30 03:00:00,7.42057919070329
2012-03-30 04:00:00,1.7981664143395273
2012-03-30 05:00:00,22.492500199625287
2012-03-30 06:00:00,96.3714018458907
2012-03-30 07:00:00,291.3587362414393
2012-03-30 08:00:00,509.38658002841396
2012-03-30 09:00:00,291.3587362414393
2012-03-30 10:00:00,133.81053812251082
2012-03-30 11:00:00,133.81053812251082
2012-03-30 12:00:00,133.81053812251082
2012-03-30 13:00:00,61.098574544602414
2012-03-30 14:00:00,61.098574544602414
2012-03-30 15:00:00,61.098574544602414
2012-03-30 16:00:00,130.74551449132193
2012-03-30 17:00:00,601.5330599176887
2012-03-30 18:00:00,601.5330599176887
2012-03-30 19:00:00,439.8204558580583
2012-03-30 20:00:00,133.81053812251082
2012-03-30 21:00:00,133.81053812251082
2012-03-30 22:00:00,153.38111047277798
2012-03-30 23:00:00,96.8634155438748
2012-03-31 00:00:00,52.198069688976794
2012-03-31 01:00:00,46.704249246660794
2012-03-31 02:00:00,47.37063102547298
2012-03-31 03:00:00,8.742695187269838
2012-03-31 04:00:00,4.164775739317724
2012-03-31 05:00:00,22.437740149139458
2012-03-31 06:00:00,49.788950628288816
2012-03-31 07:00:00,77.65768811650024
2012-03-31 08:00:00,149.37716478580077
2012-03-31 09:00:00,199.00981795630958
2012-03-31 10:00:00,250.50354667032812
2012-03-31 11:00:00,446.8339522290608
2012-03-31 12:00:00,389.955112002859
2012-03-31 13:00:00,633.61676433574
2012-03-31 14:00:00,512.9788925508627
2012-03-31 15:00:00,512.9788925508627
2012-03-31 16:00:00,512.9788925508627
2012-03-31 17:00:00,354.5993745361915
2012-03-31 18:00:00,354.5993745361915
2012-03-31 19:00:00,133.81053812251082
2012-03-31 20:00:00,133.81053812251082
2012-03-31 21:00:00,133.81053812251082
2012-03-31 22:00:00,153.38111047277798
2012-03-31 23:00:00,128.8838341729315
2012-04-20 00:00:00,71.20150495361854
2012-04-20 01:00:00,46.06113545206921
2012-04-20 02:00:00,6.815513254092055
2012-04-20 03:00:00,11.804858680531813
2012-04-20 04:00:00,7.689967296861839
2012-04-20 05:00:00,39.520744449814245
2012-04-20 06:00:00,142.4262837832373
2012-04-20 07:00:00,332.5798331723656
2012-04-20 08:00:00,607.7362577654096
2012-04-20 09:00:00,295.7271361238354
2012-04-20 10:00:00,231.0739293243095
2012-04-20 11:00:00,377.387602223438
2012-04-20 12:00:00,394.1649261309676
2012-04-20 13:00:00,394.1649261309676
2012-04-20 14:00:00,354.80929206376754
2012-04-20 15:00:00,394.1649261309676
2012-04-20 16:00:00,568.5246548690703
2012-04-20 17:00:00,767.0044668168126
2012-04-20 18:00:00,654.7945088436331
2012-04-20 19:00:00,511.1989231142659
2012-04-20 20:00:00,354.4536322304342
2012-04-20 21:00:00,295.070771409828
2012-04-20 22:00:00,164.79299960970076
2012-04-20 23:00:00,103.80201003743856
2012-04-21 00:00:00,109.48737657965536
2012-04-21 01:00:00,83.06964198845307
2012-04-21 02:00:00,62.733438768356386
2012-04-21 03:00:00,31.19439297506817
2012-04-21 04:00:00,8.5124264507716
2012-04-21 05:00:00,22.437740149139458
2012-04-21 06:00:00,49.788950628288816
2012-04-21 07:00:00,126.34636076428033
2012-04-21 08:00:00,241.70415899453752
2012-04-21 09:00:00,261.7158853007433
2012-04-21 10:00:00,461.5412508533011
2012-04-21 11:00:00,494.39020743454637
2012-04-21 12:00:00,671.7148826163445
2012-04-21 13:00:00,671.7148826163445
2012-04-21 14:00:00,671.7148826163445
2012-04-21 15:00:00,671.7148826163445
2012-04-21 16:00:00,671.7148826163445
2012-04-21 17:00:00,444.06063157618
2012-04-21 18:00:00,425.21913424854273
2012-04-21 19:00:00,396.7423552517337
2012-04-21 20:00:00,72.38192910270406
2012-04-21 21:00:00,72.38192910270406
2012-04-21 22:00:00,165.57992722052236
2012-04-21 23:00:00,128.8838341729315
2012-04-22 00:00:00,109.48737657965536
2012-04-22 01:00:00,114.91254531395684
2012-04-22 02:00:00,74.33035057989447
2012-04-22 03:00:00,26.70982866937812
2012-04-22 04:00:00,13.227911657249079
2012-04-22 05:00:00,8.816375970185396
2012-04-22 06:00:00,33.13535776619756
2012-04-22 07:00:00,72.38192910270406
2012-04-22 08:00:00,72.38192910270406
2012-04-22 09:00:00,72.38192910270406
2012-04-22 10:00:00,187.62174980290442
2012-04-22 11:00:00,187.62174980290442
2012-04-22 12:00:00,187.62174980290442
2012-04-22 13:00:00,187.62174980290442
2012-04-22 14:00:00,187.62174980290442
2012-04-22 15:00:00,187.62174980290442
2012-04-22 16:00:00,187.62174980290442
2012-04-22 17:00:00,187.62174980290442
2012-04-22 18:00:00,187.62174980290442
2012-04-22 19:00:00,73.12601222949245
2012-04-22 20:00:00,73.12601222949245
2012-04-22 21:00:00,73.12601222949245
2012-04-22 22:00:00,29.827183400843985
2012-04-22 23:00:00,147.33166819434433
2012-04-23 00:00:00,26.473627644434295
2012-04-23 01:00:00,3.192962712629477
2012-04-23 02:00:00,10.469123272454777
2012-04-23 03:00:00,3.6439843790034585
2012-04-23 04:00:00,1.4494897427831783
2012-04-23 05:00:00,24.926769315622707
2012-04-23 06:00:00,124.18489984866824
2012-04-23 07:00:00,98.7482947466813
2012-04-23 08:00:00,517.4707627569533
2012-04-23 09:00:00,299.4099854443881
2012-04-23 10:00:00,168.54932163852857
2012-04-23 11:00:00,168.54932163852857
2012-04-23 12:00:00,130.74551449132193
2012-04-23 13:00:00,130.74551449132193
2012-04-23 14:00:00,130.74551449132193
2012-04-23 15:00:00,168.54932163852857
2012-04-23 16:00:00,64.10255628970386
2012-04-23 17:00:00,98.7482947466813
2012-04-23 18:00:00,252.46123272460005
2012-04-23 19:00:00,316.8064094611648
2012-04-23 20:00:00,192.29465603637175
2012-04-23 21:00:00,192.29465603637175
2012-04-23 22:00:00,125.13168206344197
2012-04-23 23:00:00,107.13532892527994
2012-04-24 00:00:00,26.473627644434295
2012-04-24 01:00:00,11.68114772176028
2012-04-24 02:00:00,9.178939149546203
2012-04-24 03:00:00,3.6439843790034585
2012-04-24 04:00:00,1.4494897427831783
2012-04-24 05:00:00,24.926769315622707
2012-04-24 06:00:00,89.30299403479407
2012-04-24 07:00:00,316.8064094611648
2012-04-24 08:00:00,599.4758980041278
2012-04-24 09:00:00,358.29338198933584
2012-04-24 10:00:00,187.50949930750994
2012-04-24 11:00:00,259.8703218937874
2012-04-24 12:00:00,242.38373286581975
2012-04-24 13:00:00,242.38373286581975
2012-04-24 14:00:00,242.38373286581975
2012-04-24 15:00:00,242.38373286581975
2012-04-24 16:00:00,419.2480605877892
2012-04-24 17:00:00,654.3057405070158
2012-04-24 18:00:00,716.0681091870949
2012-04-24 19:00:00,439.8204558580583
2012-04-24 20:00:00,262.0610021878231
2012-04-24 21:00:00,275.17037013744067
2012-04-24 22:00:00,143.71987951037462
2012-04-24 23:00:00,156.48303294213486
2012-04-25 00:00:00,42.03031654765799
2012-04-25 01:00:00,13.32708937125924
2012-04-25 02:00:00,3.179080098442391
2012-04-25 03:00:00,3.6439843790034585
2012-04-25 04:00:00,1.2456485239871014
2012-04-25 05:00:00,24.926769315622707
2012-04-25 06:00:00,120.9923776398372
2012-04-25 07:00:00,316.8064094611648
2012-04-25 08:00:00,517.4707627569533
2012-04-25 09:00:00,335.3003307796358
2012-04-25 10:00:00,182.20761669860136
2012-04-25 11:00:00,240.84723163718738
2012-04-25 12:00:00,353.7581848590844
2012-04-25 13:00:00,256.91953720143056
2012-04-25 14:00:00,241.7982101670999
2012-04-25 15:00:00,256.91953720143056
2012-04-25 16:00:00,375.3344324611533
2012-04-25 17:00:00,757.813857275515
2012-04-25 18:00:00,757.813857275515
2012-04-25 19:00:00,542.5856426743436
2012-04-25 20:00:00,385.70966315959066
2012-04-25 21:00:00,223.3344913854947
2012-04-25 22:00:00,186.38755482503475
2012-04-25 23:00:00,103.80201003743856
2012-04-26 00:00:00,47.77493615674066
2012-04-26 01:00:00,16.854780255586874
2012-04-26 02:00:00,9.329551478635452
2012-04-26 03:00:00,4.09011451236789
2012-04-26 04:00:00,7.870710897486367
2012-04-26 05:00:00,33.46808461181489
2012-04-26 06:00:00,155.9569154911903
2012-04-26 07:00:00,352.16730969574417
2012-04-26 08:00:00,661.3375997359567
2012-04-26 09:00:00,176.95955202672303
2012-04-26 10:00:00,157.1861561037798
2012-04-26 11:00:00,241.70415899453752
2012-04-26 12:00:00,241.70415899453752
2012-04-26 13:00:00,241.70415899453752
2012-04-26 14:00:00,270.4315345219072
2012-04-26 15:00:00,241.70415899453752
2012-04-26 16:00:00,241.70415899453752
2012-04-26 17:00:00,657.9542030889938
2012-04-26 18:00:00,657.9542030889938
2012-04-26 19:00:00,439.8204558580583
2012-04-26 20:00:00,328.69825282885904
2012-04-26 21:00:00,270.8599319614543
2012-04-26 22:00:00,173.881618909595
2012-04-26 23:00:00,107.13532892527994
2012-04-27 00:00:00,71.20150495361854
2012-04-27 01:00:00,46.06113545206921
2012-04-27 02:00:00,12.25171895955795
2012-04-27 03:00:00,8.326350102279884
2012-04-27 04:00:00,2.2357099472394135
2012-04-27 05:00:00,40.14261519276058
2012-04-27 06:00:00,96.3714018458907
2012-04-27 07:00:00,316.8064094611648
2012-04-27 08:00:00,661.3375997359567
2012-04-27 09:00:00,358.29338198933584
2012-04-27 10:00:00,187.50949930750994
2012-04-27 11:00:00,298.17684286851795
2012-04-27 12:00:00,279.7318635796577
2012-04-27 13:00:00,279.7318635796577
2012-04-27 14:00:00,279.7318635796577
2012-04-27 15:00:00,377.387602223438
2012-04-27 16:00:00,419.2480605877892
2012-04-27 17:00:00,654.3057405070158
2012-04-27 18:00:00,581.8860433963383
2012-04-27 19:00:00,297.66150348003015
2012-04-27 20:00:00,279.7318635796577
2012-04-27 21:00:00,298.17684286851795
2012-04-27 22:00:00,143.71987951037462
2012-04-27 23:00:00,88.27793017041095
2012-04-28 00:00:00,52.198069688976794
2012-04-28 01:00:00,46.704249246660794
2012-04-28 02:00:00,47.37063102547298
2012-04-28 03:00:00,18.47134100346365
2012-04-28 04:00:00,8.835968283352129
2012-04-28 05:00:00,4.1536750065179415
2012-04-28 06:00:00,22.69544990677215
2012-04-28 07:00:00,70.87422721655118
2012-04-28 08:00:00,244.56811108648336
2012-04-28 09:00:00,244.56811108648336
2012-04-28 10:00:00,411.8792454403795
2012-04-28 11:00:00,411.8792454403795
2012-04-28 12:00:00,427.8834402621007
2012-04-28 13:00:00,541.8732926685078
2012-04-28 14:00:00,541.8732926685078
2012-04-28 15:00:00,481.91761350132543
2012-04-28 16:00:00,541.8732926685078
2012-04-28 17:00:00,481.91761350132543
2012-04-28 18:00:00,267.6904862309561
2012-04-28 19:00:00,61.098574544602414
2012-04-28 20:00:00,244.56811108648336
2012-04-28 21:00:00,130.74551449132193
2012-04-28 22:00:00,153.38111047277798
2012-04-28 23:00:00,128.8838341729315
2012-04-29 00:00:00,52.198069688976794
2012-04-29 01:00:00,114.91254531395684
2012-04-29 02:00:00,79.88984060267374
2012-04-29 03:00:00,26.70982866937812
2012-04-29 04:00:00,9.83421337906109
2012-04-29 05:00:00,8.402849556115939
2012-04-29 06:00:00,21.719538003845667
2012-04-29 07:00:00,42.886663525267736
2012-04-29 08:00:00,132.48163498492335
2012-04-29 09:00:00,155.17336110572612
2012-04-29 10:00:00,352.80984072814084
2012-04-29 11:00:00,389.955112002859
2012-04-29 12:00:00,481.91761350132543
2012-04-29 13:00:00,534.7982140254295
2012-04-29 14:00:00,487.4468093771714
2012-04-29 15:00:00,487.4468093771714
2012-04-29 16:00:00,487.4468093771714
2012-04-29 17:00:00,494.39020743454637
2012-04-29 18:00:00,362.6038218957895
2012-04-29 19:00:00,483.6621211469109
2012-04-29 20:00:00,311.38492689827444
2012-04-29 21:00:00,175.9093578353812
2012-04-29 22:00:00,88.93558874035122
2012-04-29 23:00:00,60.4741551641422
2012-04-30 00:00:00,55.12442378980962
2012-04-30 01:00:00,13.32708937125924
2012-04-30 02:00:00,5.789095234303574
2012-04-30 03:00:00,5.065561555625851
2012-04-30 04:00:00,1.7981664143395273
2012-04-30 05:00:00,24.926769315622707
2012-04-30 06:00:00,96.3714018458907
2012-04-30 07:00:00,352.16730969574417
2012-04-30 08:00:00,661.3375997359567
2012-04-30 09:00:00,314.9830861176072
2012-04-30 10:00:00,187.50949930750994
2012-04-30 11:00:00,191.11489779288206
2012-04-30 12:00:00,244.56811108648336
2012-04-30 13:00:00,268.1101150014084
2012-04-30 14:00:00,268.1101150014084
2012-04-30 15:00:00,338.6308582914013
2012-04-30 16:00:00,401.1424506414834
2012-04-30 17:00:00,657.9542030889938
2012-04-30 18:00:00,657.9542030889938
2012-04-30 19:00:00,439.8204558580583
2012-04-30 20:00:00,253.41588661771885
2012-04-30 21:00:00,275.17037013744067
2012-04-30 22:00:00,210.0773342226963
2012-04-30 23:00:00,72.27660634329932
2012-05-20 00:00:00,120.48127495211318
2012-05-20 01:00:00,104.90222174837231
2012-05-20 02:00:00,83.29853775505796
2012-05-20 03:00:00,30.46475471218364
2012-05-20 04:00:00,14.75905009012408
2012-05-20 05:00:00,12.513584049793547
2012-05-20 06:00:00,22.69544990677215
2012-05-20 07:00:00,49.41806869943173
2012-05-20 08:00:00,152.33730556194493
2012-05-20 09:00:00,275.3812062153346
2012-05-20 10:00:00,380.91859310061665
2012-05-20 11:00:00,564.5496332736394
2012-05-20 12:00:00,672.521889102296
2012-05-20 13:00:00,615.756366346714
2012-05-20 14:00:00,615.756366346714
2012-05-20 15:00:00,615.756366346714
2012-05-20 16:00:00,615.756366346714
2012-05-20 17:00:00,509.2833580995305
2012-05-20 18:00:00,425.21913424854273
2012-05-20 19:00:00,346.08359508289874
2012-05-20 20:00:00,260.9160708395753
2012-05-20 21:00:00,204.3545729532138
2012-05-20 22:00:00,140.2537047385671
2012-05-20 23:00:00,115.05037014604815
2012-05-21 00:00:00,25.935217998454263
2012-05-21 01:00:00,14.756940183293873
2012-05-21 02:00:00,4.0258803537639665
2012-05-21 03:00:00,5.065561555625851
2012-05-21 04:00:00,4.440086845994798
2012-05-21 05:00:00,18.708479745249353
2012-05-21 06:00:00,50.20942701625907
2012-05-21 07:00:00,149.74564478331612
2012-05-21 08:00:00,149.74564478331612
2012-05-21 09:00:00,176.95955202672303
2012-05-21 10:00:00,85.94189039120185
2012-05-21 11:00:00,270.4315345219072
2012-05-21 12:00:00,169.18434146720458
2012-05-21 13:00:00,85.94189039120185
2012-05-21 14:00:00,85.94189039120185
2012-05-21 15:00:00,263.2475321637733
2012-05-21 16:00:00,373.5402212441085
2012-05-21 17:00:00,638.4213913389611
2012-05-21 18:00:00,638.4213913389611
2012-05-21 19:00:00,542.5856426743436
2012-05-21 20:00:00,405.7406675883537
2012-05-21 21:00:00,290.1271289616862
2012-05-21 22:00:00,163.29336890799138
2012-05-21 23:00:00,105.99212351168693
2012-05-22 00:00:00,25.935217998454263
2012-05-22 01:00:00,14.756940183293873
2012-05-22 02:00:00,4.0258803537639665
2012-05-22 03:00:00,5.127311684095713
2012-05-22 04:00:00,9.854057630269201
2012-05-22 05:00:00,18.708479745249353
2012-05-22 06:00:00,122.544396144408
2012-05-22 07:00:00,149.74564478331612
2012-05-22 08:00:00,550.1634114582704
2012-05-22 09:00:00,329.02323180091093
2012-05-22 10:00:00,178.92678785552502
2012-05-22 11:00:00,186.47157336594105
2012-05-22 12:00:00,186.47157336594105
2012-05-22 13:00:00,268.847940412052
2012-05-22 14:00:00,211.56904866197442
2012-05-22 15:00:00,268.847940412052
2012-05-22 16:00:00,381.019554344833
2012-05-22 17:00:00,735.4751860372178
2012-05-22 18:00:00,735.4751860372178
2012-05-22 19:00:00,523.0627101969519
2012-05-22 20:00:00,405.7406675883537
2012-05-22 21:00:00,240.34938912519786
2012-05-22 22:00:00,201.94157098417415
2012-05-22 23:00:00,138.50592241281902
2012-05-23 00:00:00,31.328406696541037
2012-05-23 01:00:00,14.756940183293873
2012-05-23 02:00:00,7.352597472575926
2012-05-23 03:00:00,7.320335292207616
2012-05-23 04:00:00,4.440086845994798
2012-05-23 05:00:00,18.708479745249353
2012-05-23 06:00:00,164.2850697348654
2012-05-23 07:00:00,369.83831846478205
2012-05-23 08:00:00,550.1634114582704
2012-05-23 09:00:00,343.8432757190494
2012-05-23 10:00:00,178.92678785552502
2012-05-23 11:00:00,227.83992301873536
2012-05-23 12:00:00,268.847940412052
2012-05-23 13:00:00,263.87323768451716
2012-05-23 14:00:00,259.0974183265229
2012-05-23 15:00:00,268.847940412052
2012-05-23 16:00:00,312.62327909272466
2012-05-23 17:00:00,473.39235767707925
2012-05-23 18:00:00,473.39235767707925
2012-05-23 19:00:00,474.03607568214807
2012-05-23 20:00:00,215.83171553512938
2012-05-23 21:00:00,197.9061013190227
2012-05-23 22:00:00,195.2536116167535
2012-05-23 23:00:00,144.75706571181698
2012-05-24 00:00:00,69.72333092598454
2012-05-24 01:00:00,24.001756425180314
2012-05-24 02:00:00,15.955616618809582
2012-05-24 03:00:00,5.127311684095713
2012-05-24 04:00:00,9.854057630269201
2012-05-24 05:00:00,18.708479745249353
2012-05-24 06:00:00,145.1477832471837
2012-05-24 07:00:00,474.03607568214807
2012-05-24 08:00:00,707.7343533277159
2012-05-24 09:00:00,343.8432757190494
2012-05-24 10:00:00,189.99453449040166
2012-05-24 11:00:00,227.83992301873536
2012-05-24 12:00:00,268.847940412052
2012-05-24 13:00:00,263.87323768451716
2012-05-24 14:00:00,254.09868587546433
2012-05-24 15:00:00,263.87323768451716
2012-05-24 16:00:00,381.019554344833
2012-05-24 17:00:00,853.4702926602511
2012-05-24 18:00:00,853.4702926602511
2012-05-24 19:00:00,582.7836001398643
2012-05-24 20:00:00,319.22960193593735
2012-05-24 21:00:00,115.05037014604815
2012-05-24 22:00:00,238.94768962468115
2012-05-24 23:00:00,144.75706571181698
2012-05-25 00:00:00,88.32578621987683
2012-05-25 01:00:00,37.5240012000884
2012-05-25 02:00:00,6.815513254092055
2012-05-25 03:00:00,7.1519310960592275
2012-05-25 04:00:00,7.870710897486367
2012-05-25 05:00:00,18.708479745249353
2012-05-25 06:00:00,145.1477832471837
2012-05-25 07:00:00,332.5798331723656
2012-05-25 08:00:00,690.5039359582745
2012-05-25 09:00:00,329.02323180091093
2012-05-25 10:00:00,231.0739293243095
2012-05-25 11:00:00,231.0739293243095
2012-05-25 12:00:00,295.070771409828
2012-05-25 13:00:00,365.9716787494237
2012-05-25 14:00:00,354.80929206376754
2012-05-25 15:00:00,322.39192672615764
2012-05-25 16:00:00,465.15332047298494
2012-05-25 17:00:00,767.0044668168126
2012-05-25 18:00:00,654.7945088436331
2012-05-25 19:00:00,511.1989231142659
2012-05-25 20:00:00,377.9793604118662
2012-05-25 21:00:00,298.0357685712395
2012-05-25 22:00:00,295.070771409828
2012-05-25 23:00:00,195.49963901527806
2012-05-26 00:00:00,170.17024164590163
2012-05-26 01:00:00,83.06964198845307
2012-05-26 02:00:00,79.34745069240991
2012-05-26 03:00:00,31.19439297506817
2012-05-26 04:00:00,10.5029308403321
2012-05-26 05:00:00,9.177580067354647
2012-05-26 06:00:00,29.466341259993644
2012-05-26 07:00:00,77.65768811650024
2012-05-26 08:00:00,186.47157336594105
2012-05-26 09:00:00,261.7158853007433
2012-05-26 10:00:00,431.0663635279634
2012-05-26 11:00:00,436.56767867762557
2012-05-26 12:00:00,545.9489753056132
2012-05-26 13:00:00,545.9489753056132
2012-05-26 14:00:00,545.9489753056132
2012-05-26 15:00:00,545.9489753056132
2012-05-26 16:00:00,545.9489753056132
2012-05-26 17:00:00,512.9788925508627
2012-05-26 18:00:00,474.2096994068411
2012-05-26 19:00:00,396.7423552517337
2012-05-26 20:00:00,289.78569083272697
2012-05-26 21:00:00,238.03080109446347
2012-05-26 22:00:00,261.8627927221288
2012-05-26 23:00:00,138.50592241281902
2012-05-27 00:00:00,117.8883838565961
2012-05-27 01:00:00,116.99433927386976
2012-05-27 02:00:00,93.06444182508848
2012-05-27 03:00:00,49.05754623270168
2012-05-27 04:00:00,10.585502998348346
2012-05-27 05:00:00,9.177580067354647
2012-05-27 06:00:00,21.719538003845667
2012-05-27 07:00:00,77.65768811650024
2012-05-27 08:00:00,142.4069755480095
2012-05-27 09:00:00,261.7158853007433
2012-05-27 10:00:00,338.09246330555686
2012-05-27 11:00:00,436.56767867762557
2012-05-27 12:00:00,517.8208056422479
2012-05-27 13:00:00,551.3702261959683
2012-05-27 14:00:00,551.3702261959683
2012-05-27 15:00:00,534.7982140254295
2012-05-27 16:00:00,534.7982140254295
2012-05-27 17:00:00,534.7982140254295
2012-05-27 18:00:00,425.21913424854273
2012-05-27 19:00:00,346.08359508289874
2012-05-27 20:00:00,289.78569083272697
2012-05-27 21:00:00,204.3545729532138
2012-05-27 22:00:00,115.05037014604815
2012-05-27 23:00:00,115.05037014604815
2012-05-28 00:00:00,170.17024164590163
2012-05-28 01:00:00,83.06964198845307
2012-05-28 02:00:00,26.04389203360677
2012-05-28 03:00:00,19.863800750287652
2012-05-28 04:00:00,8.5124264507716
2012-05-28 05:00:00,9.177580067354647
2012-05-28 06:00:00,28.791058378707778
2012-05-28 07:00:00,42.886663525267736
2012-05-28 08:00:00,184.80848261868496
2012-05-28 09:00:00,268.847940412052
2012-05-28 10:00:00,412.8936907844623
2012-05-28 11:00:00,445.8559879761723
2012-05-28 12:00:00,445.8559879761723
2012-05-28 13:00:00,445.8559879761723
2012-05-28 14:00:00,445.8559879761723
2012-05-28 15:00:00,445.8559879761723
2012-05-28 16:00:00,445.8559879761723
2012-05-28 17:00:00,445.8559879761723
2012-05-28 18:00:00,445.8559879761723
2012-05-28 19:00:00,396.7423552517337
2012-05-28 20:00:00,260.9160708395753
2012-05-28 21:00:00,264.65918590053616
2012-05-28 22:00:00,206.69799067654827
2012-05-28 23:00:00,105.99212351168693
2012-05-29 00:00:00,53.53201574370037
2012-05-29 01:00:00,15.97179005371775
2012-05-29 02:00:00,11.456312651911642
2012-05-29 03:00:00,4.16697527742531
2012-05-29 04:00:00,8.761715284345422
2012-05-29 05:00:00,29.1159201207174
2012-05-29 06:00:00,174.35068261534622
2012-05-29 07:00:00,512.54661886329
2012-05-29 08:00:00,659.4165066556158
2012-05-29 09:00:00,343.8432757190494
2012-05-29 10:00:00,176.93563784287272
2012-05-29 11:00:00,208.22486135896986
2012-05-29 12:00:00,267.05260352231716
2012-05-29 13:00:00,267.05260352231716
2012-05-29 14:00:00,254.09868587546433
2012-05-29 15:00:00,267.05260352231716
2012-05-29 16:00:00,381.019554344833
2012-05-29 17:00:00,853.4702926602511
2012-05-29 18:00:00,853.4702926602511
2012-05-29 19:00:00,523.0627101969519
2012-05-29 20:00:00,388.2609388363966
2012-05-29 21:00:00,110.6938283885853
2012-05-29 22:00:00,238.94768962468115
2012-05-29 23:00:00,66.11903064095496
2012-05-30 00:00:00,25.935217998454263
2012-05-30 01:00:00,19.44248290388652
2012-05-30 02:00:00,7.352597472575926
2012-05-30 03:00:00,4.386846609422752
2012-05-30 04:00:00,5.418171676656989
2012-05-30 05:00:00,18.708479745249353
2012-05-30 06:00:00,168.09426167805287
2012-05-30 07:00:00,512.54661886329
2012-05-30 08:00:00,696.9161999987218
2012-05-30 09:00:00,343.8432757190494
2012-05-30 10:00:00,170.74427689694872
2012-05-30 11:00:00,227.83992301873536
2012-05-30 12:00:00,268.847940412052
2012-05-30 13:00:00,268.847940412052
2012-05-30 14:00:00,259.0974183265229
2012-05-30 15:00:00,263.87323768451716
2012-05-30 16:00:00,381.019554344833
2012-05-30 17:00:00,780.8983307732478
2012-05-30 18:00:00,827.3493207763465
2012-05-30 19:00:00,641.156906057847
2012-05-30 20:00:00,353.7581848590844
2012-05-30 21:00:00,329.83659036509727
2012-05-30 22:00:00,261.8627927221288
2012-05-30 23:00:00,147.89834783512708
2012-05-31 00:00:00,63.28535443070615
2012-05-31 01:00:00,24.001756425180314
2012-05-31 02:00:00,11.567428725311855
2012-05-31 03:00:00,7.15157793924984
2012-05-31 04:00:00,9.195539195115671
2012-05-31 05:00:00,29.1159201207174
2012-05-31 06:00:00,160.5024614859558
2012-05-31 07:00:00,488.8746578967158
2012-05-31 08:00:00,707.7343533277159
2012-05-31 09:00:00,379.1570363968652
2012-05-31 10:00:00,189.99453449040166
2012-05-31 11:00:00,220.95521925605104
2012-05-31 12:00:00,310.51716092006626
2012-05-31 13:00:00,256.91953720143056
2012-05-31 14:00:00,242.30993574309718
2012-05-31 15:00:00,256.91953720143056
2012-05-31 16:00:00,417.60224129282443
2012-05-31 17:00:00,780.8983307732478
2012-05-31 18:00:00,797.3000532382674
2012-05-31 19:00:00,582.7836001398643
2012-05-31 20:00:00,486.42617970299864
2012-05-31 21:00:00,345.78406234708984
2012-05-31 22:00:00,298.67550181058596
2012-05-31 23:00:00,221.3070194287049
2012-06-20 00:00:00,47.66233628073531
2012-06-20 01:00:00,19.44248290388652
2012-06-20 02:00:00,5.228718871351122
2012-06-20 03:00:00,7.320335292207616
2012-06-20 04:00:00,5.418171676656989
2012-06-20 05:00:00,39.916722521433044
2012-06-20 06:00:00,174.35068261534622
2012-06-20 07:00:00,516.8571892683733
2012-06-20 08:00:00,696.9161999987218
2012-06-20 09:00:00,343.8432757190494
2012-06-20 10:00:00,176.93563784287272
2012-06-20 11:00:00,245.4751912637083
2012-06-20 12:00:00,304.4727964226013
2012-06-20 13:00:00,319.96660803111376
2012-06-20 14:00:00,208.94501918200422
2012-06-20 15:00:00,319.96660803111376
2012-06-20 16:00:00,440.55564668283927
2012-06-20 17:00:00,749.3855783768155
2012-06-20 18:00:00,749.3855783768155
2012-06-20 19:00:00,641.156906057847
2012-06-20 20:00:00,430.92250172412946
2012-06-20 21:00:00,388.7912279759959
2012-06-20 22:00:00,298.67550181058596
2012-06-20 23:00:00,147.89834783512708
2012-06-21 00:00:00,63.28535443070615
2012-06-21 01:00:00,18.001959372083242
2012-06-21 02:00:00,11.567428725311855
2012-06-21 03:00:00,4.16697527742531
2012-06-21 04:00:00,9.195539195115671
2012-06-21 05:00:00,39.916722521433044
2012-06-21 06:00:00,186.31995139282552
2012-06-21 07:00:00,516.8571892683733
2012-06-21 08:00:00,707.7343533277159
2012-06-21 09:00:00,296.4886978513565
2012-06-21 10:00:00,176.93563784287272
2012-06-21 11:00:00,240.5327995094264
2012-06-21 12:00:00,304.4727964226013
2012-06-21 13:00:00,319.96660803111376
2012-06-21 14:00:00,208.94501918200422
2012-06-21 15:00:00,243.6037625899599
2012-06-21 16:00:00,440.55564668283927
2012-06-21 17:00:00,749.3855783768155
2012-06-21 18:00:00,818.1664426141742
2012-06-21 19:00:00,582.7836001398643
2012-06-21 20:00:00,486.42617970299864
2012-06-21 21:00:00,345.78406234708984
2012-06-21 22:00:00,238.94796180508672
2012-06-21 23:00:00,168.35336361261383
2012-06-22 00:00:00,88.32578621987683
2012-06-22 01:00:00,37.5240012000884
2012-06-22 02:00:00,16.011030953089755
2012-06-22 03:00:00,11.804858680531813
2012-06-22 04:00:00,7.870710897486367
2012-06-22 05:00:00,33.46808461181489
2012-06-22 06:00:00,160.5024614859558
2012-06-22 07:00:00,488.8746578967158
2012-06-22 08:00:00,614.5911668703127
2012-06-22 09:00:00,352.3385267454446
2012-06-22 10:00:00,247.77068626220336
2012-06-22 11:00:00,272.53460689319417
2012-06-22 12:00:00,322.39192672615764
2012-06-22 13:00:00,322.39192672615764
2012-06-22 14:00:00,322.39192672615764
2012-06-22 15:00:00,322.39192672615764
2012-06-22 16:00:00,465.15332047298494
2012-06-22 17:00:00,728.9375589979985
2012-06-22 18:00:00,654.7945088436331
2012-06-22 19:00:00,529.3272830471692
2012-06-22 20:00:00,388.2609388363966
2012-06-22 21:00:00,298.0357685712395
2012-06-22 22:00:00,295.070771409828
2012-06-22 23:00:00,138.50592241281902
2012-06-23 00:00:00,170.17024164590163
2012-06-23 01:00:00,83.06964198845307
2012-06-23 02:00:00,79.34745069240991
2012-06-23 03:00:00,31.19439297506817
2012-06-23 04:00:00,13.67124710967591
2012-06-23 05:00:00,8.816375970185396
2012-06-23 06:00:00,29.466341259993644
2012-06-23 07:00:00,77.65768811650024
2012-06-23 08:00:00,184.80848261868496
2012-06-23 09:00:00,304.4727964226013
2012-06-23 10:00:00,431.0663635279634
2012-06-23 11:00:00,545.9489753056132
2012-06-23 12:00:00,545.9489753056132
2012-06-23 13:00:00,545.9489753056132
2012-06-23 14:00:00,545.9489753056132
2012-06-23 15:00:00,498.5323462247643
2012-06-23 16:00:00,498.5323462247643
2012-06-23 17:00:00,545.9489753056132
2012-06-23 18:00:00,425.21913424854273
2012-06-23 19:00:00,344.4018276906292
2012-06-23 20:00:00,368.29686034520887
2012-06-23 21:00:00,290.1271289616862
2012-06-23 22:00:00,298.67550181058596
2012-06-23 23:00:00,221.3070194287049
2012-06-24 00:00:00,120.48127495211318
2012-06-24 01:00:00,116.99433927386976
2012-06-24 02:00:00,93.06444182508848
2012-06-24 03:00:00,37.64080238513544
2012-06-24 04:00:00,15.419397114475757
2012-06-24 05:00:00,9.177580067354647
2012-06-24 06:00:00,28.791058378707778
2012-06-24 07:00:00,58.75269146617324
2012-06-24 08:00:00,163.96197173394154
2012-06-24 09:00:00,233.93347852387643
2012-06-24 10:00:00,380.91859310061665
2012-06-24 11:00:00,453.68300147236494
2012-06-24 12:00:00,487.4468093771714
2012-06-24 13:00:00,500.9353378789123
2012-06-24 14:00:00,500.9353378789123
2012-06-24 15:00:00,487.4468093771714
2012-06-24 16:00:00,487.4468093771714
2012-06-24 17:00:00,487.4468093771714
2012-06-24 18:00:00,474.2096994068411
2012-06-24 19:00:00,442.7103665933669
2012-06-24 20:00:00,368.29686034520887
2012-06-24 21:00:00,218.69328586779412
2012-06-24 22:00:00,163.96197173394154
2012-06-24 23:00:00,104.38843556676046
2012-06-25 00:00:00,47.66233628073531
2012-06-25 01:00:00,19.44248290388652
2012-06-25 02:00:00,10.667493449377812
2012-06-25 03:00:00,5.065561555625851
2012-06-25 04:00:00,8.761715284345422
2012-06-25 05:00:00,42.87888709119713
2012-06-25 06:00:00,143.1453950744561
2012-06-25 07:00:00,458.6655814067638
2012-06-25 08:00:00,651.7188600101874
2012-06-25 09:00:00,314.9830861176072
2012-06-25 10:00:00,176.93563784287272
2012-06-25 11:00:00,220.95521925605104
2012-06-25 12:00:00,263.2475321637733
2012-06-25 13:00:00,270.75410547905636
2012-06-25 14:00:00,275.76248257614543
2012-06-25 15:00:00,270.75410547905636
2012-06-25 16:00:00,417.60224129282443
2012-06-25 17:00:00,818.1664426141742
2012-06-25 18:00:00,818.1664426141742
2012-06-25 19:00:00,582.7836001398643
2012-06-25 20:00:00,430.92250172412946
2012-06-25 21:00:00,264.65918590053616
2012-06-25 22:00:00,163.29336890799138
2012-06-25 23:00:00,105.99212351168693
2012-06-26 00:00:00,31.042154871781563
2012-06-26 01:00:00,9.917628250014388
2012-06-26 02:00:00,11.745571066388772
2012-06-26 03:00:00,2.6501860513592352
2012-06-26 04:00:00,5.991540175127155
2012-06-26 05:00:00,40.14261519276058
2012-06-26 06:00:00,125.69541158164374
2012-06-26 07:00:00,390.18836487857965
2012-06-26 08:00:00,654.3057405070158
2012-06-26 09:00:00,379.1570363968652
2012-06-26 10:00:00,189.99453449040166
2012-06-26 11:00:00,220.95521925605104
2012-06-26 12:00:00,255.07428296521266
2012-06-26 13:00:00,255.07428296521266
2012-06-26 14:00:00,275.76248257614543
2012-06-26 15:00:00,255.07428296521266
2012-06-26 16:00:00,417.60224129282443
2012-06-26 17:00:00,818.1664426141742
2012-06-26 18:00:00,818.1664426141742
2012-06-26 19:00:00,523.0627101969519
2012-06-26 20:00:00,430.92250172412946
2012-06-26 21:00:00,264.65918590053616
2012-06-26 22:00:00,201.94157098417415
2012-06-26 23:00:00,188.9968128960928
2012-06-27 00:00:00,42.03031654765799
2012-06-27 01:00:00,9.917628250014388
2012-06-27 02:00:00,7.3588553872544935
2012-06-27 03:00:00,2.6501860513592352
2012-06-27 04:00:00,5.418171676656989
2012-06-27 05:00:00,40.14261519276058
2012-06-27 06:00:00,143.04392443169104
2012-06-27 07:00:00,390.18836487857965
2012-06-27 08:00:00,659.4165066556158
2012-06-27 09:00:00,379.1570363968652
2012-06-27 10:00:00,189.99453449040166
2012-06-27 11:00:00,220.95521925605104
2012-06-27 12:00:00,304.4727964226013
2012-06-27 13:00:00,304.4727964226013
2012-06-27 14:00:00,275.76248257614543
2012-06-27 15:00:00,304.4727964226013
2012-06-27 16:00:00,417.60224129282443
2012-06-27 17:00:00,818.1664426141742
2012-06-27 18:00:00,818.1664426141742
2012-06-27 19:00:00,641.156906057847
2012-06-27 20:00:00,430.92250172412946
2012-06-27 21:00:00,388.7912279759959
2012-06-27 22:00:00,298.67550181058596
2012-06-27 23:00:00,147.89834783512708
2012-06-28 00:00:00,63.28535443070615
2012-06-28 01:00:00,18.001959372083242
2012-06-28 02:00:00,11.567428725311855
2012-06-28 03:00:00,6.547161807368474
2012-06-28 04:00:00,9.854057630269201
2012-06-28 05:00:00,33.46808461181489
2012-06-28 06:00:00,143.04392443169104
2012-06-28 07:00:00,488.8746578967158
2012-06-28 08:00:00,707.7343533277159
2012-06-28 09:00:00,352.3385267454446
2012-06-28 10:00:00,189.99453449040166
2012-06-28 11:00:00,220.95521925605104
2012-06-28 12:00:00,304.4727964226013
2012-06-28 13:00:00,304.4727964226013
2012-06-28 14:00:00,275.76248257614543
2012-06-28 15:00:00,304.4727964226013
2012-06-28 16:00:00,440.55564668283927
2012-06-28 17:00:00,818.1664426141742
2012-06-28 18:00:00,818.1664426141742
2012-06-28 19:00:00,582.7836001398643
2012-06-28 20:00:00,486.42617970299864
2012-06-28 21:00:00,345.78406234708984
2012-06-28 22:00:00,298.67550181058596
2012-06-28 23:00:00,168.35336361261383
2012-06-29 00:00:00,88.32578621987683
2012-06-29 01:00:00,37.5240012000884
2012-06-29 02:00:00,12.25171895955795
2012-06-29 03:00:00,8.326350102279884
2012-06-29 04:00:00,9.854057630269201
2012-06-29 05:00:00,33.46808461181489
2012-06-29 06:00:00,143.04392443169104
2012-06-29 07:00:00,488.8746578967158
2012-06-29 08:00:00,696.9161999987218
2012-06-29 09:00:00,352.3385267454446
2012-06-29 10:00:00,247.77068626220336
2012-06-29 11:00:00,272.53460689319417
2012-06-29 12:00:00,341.8290293471441
2012-06-29 13:00:00,322.39192672615764
2012-06-29 14:00:00,322.39192672615764
2012-06-29 15:00:00,322.39192672615764
2012-06-29 16:00:00,465.15332047298494
2012-06-29 17:00:00,728.9375589979985
2012-06-29 18:00:00,640.7488111354538
2012-06-29 19:00:00,511.1989231142659
2012-06-29 20:00:00,377.9793604118662
2012-06-29 21:00:00,341.8290293471441
2012-06-29 22:00:00,273.1793963787942
2012-06-29 23:00:00,168.35336361261383
2012-06-30 00:00:00,117.8883838565961
2012-06-30 01:00:00,83.06964198845307
2012-06-30 02:00:00,79.34745069240991
2012-06-30 03:00:00,31.19439297506817
2012-06-30 04:00:00,10.5029308403321
2012-06-30 05:00:00,9.177580067354647
2012-06-30 06:00:00,29.466341259993644
2012-06-30 07:00:00,77.65768811650024
2012-06-30 08:00:00,148.4824926476716
2012-06-30 09:00:00,261.7158853007433
2012-06-30 10:00:00,431.0663635279634
2012-06-30 11:00:00,498.5323462247643
2012-06-30 12:00:00,498.5323462247643
2012-06-30 13:00:00,498.5323462247643
2012-06-30 14:00:00,498.5323462247643
2012-06-30 15:00:00,498.5323462247643
2012-06-30 16:00:00,498.5323462247643
2012-06-30 17:00:00,498.5323462247643
2012-06-30 18:00:00,474.2096994068411
2012-06-30 19:00:00,442.7103665933669
2012-06-30 20:00:00,289.78569083272697
2012-06-30 21:00:00,264.65918590053616
2012-06-30 22:00:00,238.94796180508672
2012-06-30 23:00:00,168.35336361261383
2012-07-20 00:00:00,29.37185152009449
2012-07-20 01:00:00,37.5240012000884
2012-07-20 02:00:00,6.815513254092055
2012-07-20 03:00:00,7.1519310960592275
2012-07-20 04:00:00,7.1184065711171005
2012-07-20 05:00:00,39.916722521433044
2012-07-20 06:00:00,174.35068261534622
2012-07-20 07:00:00,332.5798331723656
2012-07-20 08:00:00,607.7362577654096
2012-07-20 09:00:00,343.8432757190494
2012-07-20 10:00:00,231.0739293243095
2012-07-20 11:00:00,295.070771409828
2012-07-20 12:00:00,147.33166819434433
2012-07-20 13:00:00,147.33166819434433
2012-07-20 14:00:00,66.11903064095496
2012-07-20 15:00:00,231.0739293243095
2012-07-20 16:00:00,231.0739293243095
2012-07-20 17:00:00,332.5798331723656
2012-07-20 18:00:00,638.4213913389611
2012-07-20 19:00:00,332.5798331723656
2012-07-20 20:00:00,115.05037014604815
2012-07-20 21:00:00,115.05037014604815
2012-07-20 22:00:00,195.2536116167535
2012-07-20 23:00:00,144.75706571181698
2012-07-21 00:00:00,117.8883838565961
2012-07-21 01:00:00,83.06964198845307
2012-07-21 02:00:00,62.733438768356386
2012-07-21 03:00:00,31.19439297506817
2012-07-21 04:00:00,8.5124264507716
2012-07-21 05:00:00,8.816375970185396
2012-07-21 06:00:00,29.466341259993644
2012-07-21 07:00:00,77.65768811650024
2012-07-21 08:00:00,169.18434146720458
2012-07-21 09:00:00,261.7158853007433
2012-07-21 10:00:00,206.2386259426519
2012-07-21 11:00:00,445.0205729540481
2012-07-21 12:00:00,206.2386259426519
2012-07-21 13:00:00,206.2386259426519
2012-07-21 14:00:00,445.0205729540481
2012-07-21 15:00:00,206.2386259426519
2012-07-21 16:00:00,206.2386259426519
2012-07-21 17:00:00,206.2386259426519
2012-07-21 18:00:00,445.0205729540481
2012-07-21 19:00:00,288.5099845736116
2012-07-21 20:00:00,125.86408468858545
2012-07-21 21:00:00,197.9061013190227
2012-07-21 22:00:00,165.57992722052236
2012-07-21 23:00:00,128.8838341729315
2012-07-22 00:00:00,117.8883838565961
2012-07-22 01:00:00,104.90222174837231
2012-07-22 02:00:00,83.29853775505796
2012-07-22 03:00:00,30.46475471218364
2012-07-22 04:00:00,14.75905009012408
2012-07-22 05:00:00,22.437740149139458
2012-07-22 06:00:00,21.719538003845667
2012-07-22 07:00:00,42.886663525267736
2012-07-22 08:00:00,142.4069755480095
2012-07-22 09:00:00,275.3812062153346
2012-07-22 10:00:00,319.1645283920739
2012-07-22 11:00:00,319.1645283920739
2012-07-22 12:00:00,319.1645283920739
2012-07-22 13:00:00,319.1645283920739
2012-07-22 14:00:00,319.1645283920739
2012-07-22 15:00:00,319.1645283920739
2012-07-22 16:00:00,319.1645283920739
2012-07-22 17:00:00,319.1645283920739
2012-07-22 18:00:00,319.1645283920739
2012-07-22 19:00:00,346.08359508289874
2012-07-22 20:00:00,260.9160708395753
2012-07-22 21:00:00,142.4069755480095
2012-07-22 22:00:00,140.2537047385671
2012-07-22 23:00:00,195.49963901527806
2012-07-23 00:00:00,47.66233628073531
2012-07-23 01:00:00,19.44248290388652
2012-07-23 02:00:00,4.4989185479944105
2012-07-23 03:00:00,2.314454017339987
2012-07-23 04:00:00,7.1184065711171005
2012-07-23 05:00:00,39.916722521433044
2012-07-23 06:00:00,143.1453950744561
2012-07-23 07:00:00,474.03607568214807
2012-07-23 08:00:00,651.7188600101874
2012-07-23 09:00:00,301.7640495639802
2012-07-23 10:00:00,170.74427689694872
2012-07-23 11:00:00,224.63590680079133
2012-07-23 12:00:00,263.2475321637733
2012-07-23 13:00:00,302.77613131281555
2012-07-23 14:00:00,259.0974183265229
2012-07-23 15:00:00,270.75410547905636
2012-07-23 16:00:00,381.019554344833
2012-07-23 17:00:00,749.3855783768155
2012-07-23 18:00:00,749.3855783768155
2012-07-23 19:00:00,582.7836001398643
2012-07-23 20:00:00,430.92250172412946
2012-07-23 21:00:00,264.65918590053616
2012-07-23 22:00:00,206.69799067654827
2012-07-23 23:00:00,105.99212351168693
2012-07-24 00:00:00,53.53201574370037
2012-07-24 01:00:00,19.44248290388652
2012-07-24 02:00:00,5.228718871351122
2012-07-24 03:00:00,7.15157793924984
2012-07-24 04:00:00,7.1184065711171005
2012-07-24 05:00:00,39.916722521433044
2012-07-24 06:00:00,174.35068261534622
2012-07-24 07:00:00,512.54661886329
2012-07-24 08:00:00,659.4165066556158
2012-07-24 09:00:00,296.4886978513565
2012-07-24 10:00:00,176.93563784287272
2012-07-24 11:00:00,204.44813392236512
2012-07-24 12:00:00,267.05260352231716
2012-07-24 13:00:00,267.05260352231716
2012-07-24 14:00:00,208.94501918200422
2012-07-24 15:00:00,267.05260352231716
2012-07-24 16:00:00,381.019554344833
2012-07-24 17:00:00,853.4702926602511
2012-07-24 18:00:00,853.4702926602511
2012-07-24 19:00:00,553.5958225612712
2012-07-24 20:00:00,462.4405894581358
2012-07-24 21:00:00,264.65918590053616
2012-07-24 22:00:00,201.94157098417415
2012-07-24 23:00:00,168.35336361261383
2012-07-25 00:00:00,47.66233628073531
2012-07-25 01:00:00,19.44248290388652
2012-07-25 02:00:00,10.667493449377812
2012-07-25 03:00:00,6.547161807368474
2012-07-25 04:00:00,5.418171676656989
2012-07-25 05:00:00,33.46808461181489
2012-07-25 06:00:00,160.5024614859558
2012-07-25 07:00:00,390.18836487857965
2012-07-25 08:00:00,659.4165066556158
2012-07-25 09:00:00,379.1570363968652
2012-07-25 10:00:00,189.99453449040166
2012-07-25 11:00:00,224.63590680079133
2012-07-25 12:00:00,308.9435769182727
2012-07-25 13:00:00,256.91953720143056
2012-07-25 14:00:00,259.0974183265229
2012-07-25 15:00:00,308.9435769182727
2012-07-25 16:00:00,440.55564668283927
2012-07-25 17:00:00,780.8983307732478
2012-07-25 18:00:00,827.3493207763465
2012-07-25 19:00:00,641.156906057847
2012-07-25 20:00:00,430.92250172412946
2012-07-25 21:00:00,388.7912279759959
2012-07-25 22:00:00,238.94796180508672
2012-07-25 23:00:00,147.89834783512708
2012-07-26 00:00:00,63.28535443070615
2012-07-26 01:00:00,24.001756425180314
2012-07-26 02:00:00,11.567428725311855
2012-07-26 03:00:00,7.15157793924984
2012-07-26 04:00:00,8.761715284345422
2012-07-26 05:00:00,34.885025751631204
2012-07-26 06:00:00,174.35068261534622
2012-07-26 07:00:00,512.54661886329
2012-07-26 08:00:00,707.7343533277159
2012-07-26 09:00:00,343.8432757190494
2012-07-26 10:00:00,176.93563784287272
2012-07-26 11:00:00,224.63590680079133
2012-07-26 12:00:00,283.75907129345586
2012-07-26 13:00:00,263.87323768451716
2012-07-26 14:00:00,208.94501918200422
2012-07-26 15:00:00,243.6037625899599
2012-07-26 16:00:00,417.60224129282443
2012-07-26 17:00:00,797.3000532382674
2012-07-26 18:00:00,797.3000532382674
2012-07-26 19:00:00,582.7836001398643
2012-07-26 20:00:00,486.42617970299864
2012-07-26 21:00:00,345.78406234708984
2012-07-26 22:00:00,298.67550181058596
2012-07-26 23:00:00,168.35336361261383
2012-07-27 00:00:00,88.32578621987683
2012-07-27 01:00:00,37.5240012000884
2012-07-27 02:00:00,18.264873442121324
2012-07-27 03:00:00,8.326350102279884
2012-07-27 04:00:00,7.1184065711171005
2012-07-27 05:00:00,39.916722521433044
2012-07-27 06:00:00,186.31995139282552
2012-07-27 07:00:00,488.8746578967158
2012-07-27 08:00:00,614.5911668703127
2012-07-27 09:00:00,296.4886978513565
2012-07-27 10:00:00,247.77068626220336
2012-07-27 11:00:00,272.53460689319417
2012-07-27 12:00:00,296.2113599930238
2012-07-27 13:00:00,296.2113599930238
2012-07-27 14:00:00,296.2113599930238
2012-07-27 15:00:00,296.2113599930238
2012-07-27 16:00:00,465.15332047298494
2012-07-27 17:00:00,728.9375589979985
2012-07-27 18:00:00,654.7945088436331
2012-07-27 19:00:00,511.1989231142659
2012-07-27 20:00:00,377.9793604118662
2012-07-27 21:00:00,296.2113599930238
2012-07-27 22:00:00,273.1793963787942
2012-07-27 23:00:00,168.35336361261383
2012-07-28 00:00:00,151.51223957948451
2012-07-28 01:00:00,104.25772691913185
2012-07-28 02:00:00,79.34745069240991
2012-07-28 03:00:00,36.29578366646045
2012-07-28 04:00:00,13.67124710967591
2012-07-28 05:00:00,18.01210999719749
2012-07-28 06:00:00,28.791058378707778
2012-07-28 07:00:00,58.75269146617324
2012-07-28 08:00:00,184.80848261868496
2012-07-28 09:00:00,273.57769859067326
2012-07-28 10:00:00,528.8095598041697
2012-07-28 11:00:00,528.8095598041697
2012-07-28 12:00:00,528.8095598041697
2012-07-28 13:00:00,528.8095598041697
2012-07-28 14:00:00,528.8095598041697
2012-07-28 15:00:00,528.8095598041697
2012-07-28 16:00:00,528.8095598041697
2012-07-28 17:00:00,528.8095598041697
2012-07-28 18:00:00,528.8095598041697
2012-07-28 19:00:00,288.5099845736116
2012-07-28 20:00:00,328.69825282885904
2012-07-28 21:00:00,240.34938912519786
2012-07-28 22:00:00,165.57992722052236
2012-07-28 23:00:00,195.49963901527806
2012-07-29 00:00:00,170.17024164590163
2012-07-29 01:00:00,116.99433927386976
2012-07-29 02:00:00,93.06444182508848
2012-07-29 03:00:00,49.05754623270168
2012-07-29 04:00:00,10.585502998348346
2012-07-29 05:00:00,9.177580067354647
2012-07-29 06:00:00,28.791058378707778
2012-07-29 07:00:00,58.75269146617324
2012-07-29 08:00:00,124.09069862062698
2012-07-29 09:00:00,233.93347852387643
2012-07-29 10:00:00,319.1645283920739
2012-07-29 11:00:00,480.5390033378394
2012-07-29 12:00:00,364.6103190287359
2012-07-29 13:00:00,480.5390033378394
2012-07-29 14:00:00,480.5390033378394
2012-07-29 15:00:00,480.5390033378394
2012-07-29 16:00:00,480.5390033378394
2012-07-29 17:00:00,480.5390033378394
2012-07-29 18:00:00,364.6103190287359
2012-07-29 19:00:00,346.08359508289874
2012-07-29 20:00:00,260.9160708395753
2012-07-29 21:00:00,204.3545729532138
2012-07-29 22:00:00,140.2537047385671
2012-07-29 23:00:00,82.05567158000818
2012-07-30 00:00:00,47.66233628073531
2012-07-30 01:00:00,17.44344900001542
2012-07-30 02:00:00,14.521484970630786
2012-07-30 03:00:00,5.065561555625851
2012-07-30 04:00:00,7.1184065711171005
2012-07-30 05:00:00,39.916722521433044
2012-07-30 06:00:00,143.1453950744561
2012-07-30 07:00:00,458.6655814067638
2012-07-30 08:00:00,651.7188600101874
2012-07-30 09:00:00,301.7640495639802
2012-07-30 10:00:00,170.74427689694872
2012-07-30 11:00:00,224.63590680079133
2012-07-30 12:00:00,308.9435769182727
2012-07-30 13:00:00,270.75410547905636
2012-07-30 14:00:00,230.2146553226782
2012-07-30 15:00:00,270.75410547905636
2012-07-30 16:00:00,381.019554344833
2012-07-30 17:00:00,853.4702926602511
2012-07-30 18:00:00,853.4702926602511
2012-07-30 19:00:00,582.7836001398643
2012-07-30 20:00:00,462.4405894581358
2012-07-30 21:00:00,264.65918590053616
2012-07-30 22:00:00,206.69799067654827
2012-07-30 23:00:00,105.99212351168693
2012-07-31 00:00:00,53.53201574370037
2012-07-31 01:00:00,19.44248290388652
2012-07-31 02:00:00,5.228718871351122
2012-07-31 03:00:00,7.15157793924984
2012-07-31 04:00:00,7.1184065711171005
2012-07-31 05:00:00,39.916722521433044
2012-07-31 06:00:00,174.35068261534622
2012-07-31 07:00:00,304.574226312683
2012-07-31 08:00:00,659.4165066556158
2012-07-31 09:00:00,343.8432757190494
2012-07-31 10:00:00,176.93563784287272
2012-07-31 11:00:00,224.63590680079133
2012-07-31 12:00:00,273.57769859067326
2012-07-31 13:00:00,267.05260352231716
2012-07-31 14:00:00,254.09868587546433
2012-07-31 15:00:00,279.59152882078456
2012-07-31 16:00:00,381.019554344833
2012-07-31 17:00:00,853.4702926602511
2012-07-31 18:00:00,853.4702926602511
2012-07-31 19:00:00,439.8332133852442
2012-07-31 20:00:00,388.2609388363966
2012-07-31 21:00:00,240.34938912519786
2012-07-31 22:00:00,201.94157098417415
2012-07-31 23:00:00,195.49963901527806
2012-08-20 00:00:00,25.935217998454263
2012-08-20 01:00:00,14.756940183293873
2012-08-20 02:00:00,8.966554934125966
2012-08-20 03:00:00,5.065561555625851
2012-08-20 04:00:00,7.870710897486367
2012-08-20 05:00:00,39.520744449814245
2012-08-20 06:00:00,143.1453950744561
2012-08-20 07:00:00,458.6655814067638
2012-08-20 08:00:00,651.7188600101874
2012-08-20 09:00:00,343.8432757190494
2012-08-20 10:00:00,213.48041424200167
2012-08-20 11:00:00,227.83992301873536
2012-08-20 12:00:00,268.847940412052
2012-08-20 13:00:00,282.09033280787935
2012-08-20 14:00:00,259.0974183265229
2012-08-20 15:00:00,270.75410547905636
2012-08-20 16:00:00,440.07040979661923
2012-08-20 17:00:00,850.9634566022997
2012-08-20 18:00:00,638.4213913389611
2012-08-20 19:00:00,493.0604943164811
2012-08-20 20:00:00,215.83171553512938
2012-08-20 21:00:00,270.8599319614543
2012-08-20 22:00:00,238.94768962468115
2012-08-20 23:00:00,144.75706571181698
2012-08-21 00:00:00,30.741472756957865
2012-08-21 01:00:00,14.756940183293873
2012-08-21 02:00:00,4.632852683254654
2012-08-21 03:00:00,5.127311684095713
2012-08-21 04:00:00,9.195539195115671
2012-08-21 05:00:00,35.52748442895791
2012-08-21 06:00:00,145.1477832471837
2012-08-21 07:00:00,469.5347797358111
2012-08-21 08:00:00,659.4165066556158
2012-08-21 09:00:00,343.8432757190494
2012-08-21 10:00:00,213.48041424200167
2012-08-21 11:00:00,256.52626821897803
2012-08-21 12:00:00,308.9435769182727
2012-08-21 13:00:00,308.9435769182727
2012-08-21 14:00:00,259.0974183265229
2012-08-21 15:00:00,308.9435769182727
2012-08-21 16:00:00,440.07040979661923
2012-08-21 17:00:00,850.9634566022997
2012-08-21 18:00:00,826.5265552625526
2012-08-21 19:00:00,493.0604943164811
2012-08-21 20:00:00,405.7406675883537
2012-08-21 21:00:00,307.8696648893753
2012-08-21 22:00:00,238.94768962468115
2012-08-21 23:00:00,144.75706571181698
2012-08-22 00:00:00,25.935217998454263
2012-08-22 01:00:00,9.917628250014388
2012-08-22 02:00:00,4.126120837370822
2012-08-22 03:00:00,7.320335292207616
2012-08-22 04:00:00,5.418171676656989
2012-08-22 05:00:00,39.520744449814245
2012-08-22 06:00:00,160.5024614859558
2012-08-22 07:00:00,469.5347797358111
2012-08-22 08:00:00,659.4165066556158
2012-08-22 09:00:00,358.7235442701269
2012-08-22 10:00:00,213.48041424200167
2012-08-22 11:00:00,256.52626821897803
2012-08-22 12:00:00,308.9435769182727
2012-08-22 13:00:00,308.9435769182727
2012-08-22 14:00:00,259.0974183265229
2012-08-22 15:00:00,281.93180791023485
2012-08-22 16:00:00,312.62327909272466
2012-08-22 17:00:00,746.4472807586233
2012-08-22 18:00:00,746.4472807586233
2012-08-22 19:00:00,439.8332133852442
2012-08-22 20:00:00,405.7406675883537
2012-08-22 21:00:00,329.83659036509727
2012-08-22 22:00:00,261.8627927221288
2012-08-22 23:00:00,144.75706571181698
2012-08-23 00:00:00,69.72333092598454
2012-08-23 01:00:00,24.001756425180314
2012-08-23 02:00:00,15.955616618809582
2012-08-23 03:00:00,7.15157793924984
2012-08-23 04:00:00,9.195539195115671
2012-08-23 05:00:00,39.520744449814245
2012-08-23 06:00:00,145.1477832471837
2012-08-23 07:00:00,474.03607568214807
2012-08-23 08:00:00,707.7343533277159
2012-08-23 09:00:00,343.8432757190494
2012-08-23 10:00:00,213.48041424200167
2012-08-23 11:00:00,240.5327995094264
2012-08-23 12:00:00,308.9435769182727
2012-08-23 13:00:00,273.57769859067326
2012-08-23 14:00:00,230.2146553226782
2012-08-23 15:00:00,281.93180791023485
2012-08-23 16:00:00,440.07040979661923
2012-08-23 17:00:00,850.9634566022997
2012-08-23 18:00:00,826.5265552625526
2012-08-23 19:00:00,619.083445122083
2012-08-23 20:00:00,486.42617970299864
2012-08-23 21:00:00,345.78406234708984
2012-08-23 22:00:00,238.94796180508672
2012-08-23 23:00:00,221.3070194287049
2012-08-24 00:00:00,88.32578621987683
2012-08-24 01:00:00,29.62611424008832
2012-08-24 02:00:00,16.011030953089755
2012-08-24 03:00:00,11.804858680531813
2012-08-24 04:00:00,7.870710897486367
2012-08-24 05:00:00,42.87888709119713
2012-08-24 06:00:00,145.1477832471837
2012-08-24 07:00:00,469.5347797358111
2012-08-24 08:00:00,696.9161999987218
2012-08-24 09:00:00,358.7235442701269
2012-08-24 10:00:00,247.77068626220336
2012-08-24 11:00:00,272.53460689319417
2012-08-24 12:00:00,365.9716787494237
2012-08-24 13:00:00,341.8290293471441
2012-08-24 14:00:00,322.39192672615764
2012-08-24 15:00:00,365.9716787494237
2012-08-24 16:00:00,465.15332047298494
2012-08-24 17:00:00,767.0044668168126
2012-08-24 18:00:00,654.7945088436331
2012-08-24 19:00:00,439.8332133852442
2012-08-24 20:00:00,388.2609388363966
2012-08-24 21:00:00,298.0357685712395
2012-08-24 22:00:00,273.1793963787942
2012-08-24 23:00:00,221.3070194287049
2012-08-25 00:00:00,117.8883838565961
2012-08-25 01:00:00,104.25772691913185
2012-08-25 02:00:00,79.34745069240991
2012-08-25 03:00:00,36.29578366646045
2012-08-25 04:00:00,10.5029308403321
2012-08-25 05:00:00,8.816375970185396
2012-08-25 06:00:00,29.466341259993644
2012-08-25 07:00:00,77.65768811650024
2012-08-25 08:00:00,184.80848261868496
2012-08-25 09:00:00,281.93180791023485
2012-08-25 10:00:00,431.0663635279634
2012-08-25 11:00:00,564.5496332736394
2012-08-25 12:00:00,414.2092554938047
2012-08-25 13:00:00,671.7148826163445
2012-08-25 14:00:00,414.2092554938047
2012-08-25 15:00:00,436.56767867762557
2012-08-25 16:00:00,436.56767867762557
2012-08-25 17:00:00,436.56767867762557
2012-08-25 18:00:00,425.21913424854273
2012-08-25 19:00:00,288.5099845736116
2012-08-25 20:00:00,178.25840974816902
2012-08-25 21:00:00,270.8599319614543
2012-08-25 22:00:00,165.57992722052236
2012-08-25 23:00:00,144.75706571181698
2012-08-26 00:00:00,170.17024164590163
2012-08-26 01:00:00,104.90222174837231
2012-08-26 02:00:00,93.06444182508848
2012-08-26 03:00:00,30.46475471218364
2012-08-26 04:00:00,15.419397114475757
2012-08-26 05:00:00,9.177580067354647
2012-08-26 06:00:00,21.719538003845667
2012-08-26 07:00:00,77.65768811650024
2012-08-26 08:00:00,142.4069755480095
2012-08-26 09:00:00,261.7158853007433
2012-08-26 10:00:00,412.8936907844623
2012-08-26 11:00:00,453.68300147236494
2012-08-26 12:00:00,414.2092554938047
2012-08-26 13:00:00,414.2092554938047
2012-08-26 14:00:00,436.56767867762557
2012-08-26 15:00:00,206.2386259426519
2012-08-26 16:00:00,206.2386259426519
2012-08-26 17:00:00,436.56767867762557
2012-08-26 18:00:00,444.96301163019115
2012-08-26 19:00:00,288.5099845736116
2012-08-26 20:00:00,328.69825282885904
2012-08-26 21:00:00,142.4069755480095
2012-08-26 22:00:00,102.31829265603051
2012-08-26 23:00:00,144.75706571181698
2012-08-27 00:00:00,30.741472756957865
2012-08-27 01:00:00,14.756940183293873
2012-08-27 02:00:00,8.966554934125966
2012-08-27 03:00:00,5.065561555625851
2012-08-27 04:00:00,9.195539195115671
2012-08-27 05:00:00,39.520744449814245
2012-08-27 06:00:00,143.1453950744561
2012-08-27 07:00:00,474.03607568214807
2012-08-27 08:00:00,607.7362577654096
2012-08-27 09:00:00,295.7271361238354
2012-08-27 10:00:00,213.48041424200167
2012-08-27 11:00:00,227.83992301873536
2012-08-27 12:00:00,308.9435769182727
2012-08-27 13:00:00,270.75410547905636
2012-08-27 14:00:00,259.0974183265229
2012-08-27 15:00:00,270.75410547905636
2012-08-27 16:00:00,440.07040979661923
2012-08-27 17:00:00,850.9634566022997
2012-08-27 18:00:00,826.5265552625526
2012-08-27 19:00:00,619.083445122083
2012-08-27 20:00:00,462.4405894581358
2012-08-27 21:00:00,307.8696648893753
2012-08-27 22:00:00,195.2536116167535
2012-08-27 23:00:00,115.96368767649625
2012-08-28 00:00:00,53.53201574370037
2012-08-28 01:00:00,19.44248290388652
2012-08-28 02:00:00,5.228718871351122
2012-08-28 03:00:00,2.314454017339987
2012-08-28 04:00:00,9.854057630269201
2012-08-28 05:00:00,39.916722521433044
2012-08-28 06:00:00,174.35068261534622
2012-08-28 07:00:00,304.574226312683
2012-08-28 08:00:00,607.7362577654096
2012-08-28 09:00:00,343.8432757190494
2012-08-28 10:00:00,213.48041424200167
2012-08-28 11:00:00,245.4751912637083
2012-08-28 12:00:00,267.05260352231716
2012-08-28 13:00:00,255.07428296521266
2012-08-28 14:00:00,230.2146553226782
2012-08-28 15:00:00,255.07428296521266
2012-08-28 16:00:00,440.07040979661923
2012-08-28 17:00:00,850.9634566022997
2012-08-28 18:00:00,826.5265552625526
2012-08-28 19:00:00,553.5958225612712
2012-08-28 20:00:00,430.92250172412946
2012-08-28 21:00:00,307.8696648893753
2012-08-28 22:00:00,201.94157098417415
2012-08-28 23:00:00,221.3070194287049
2012-08-29 00:00:00,47.66233628073531
2012-08-29 01:00:00,19.44248290388652
2012-08-29 02:00:00,5.296903516328984
2012-08-29 03:00:00,7.320335292207616
2012-08-29 04:00:00,5.418171676656989
2012-08-29 05:00:00,34.885025751631204
2012-08-29 06:00:00,160.5024614859558
2012-08-29 07:00:00,469.5347797358111
2012-08-29 08:00:00,659.4165066556158
2012-08-29 09:00:00,379.1570363968652
2012-08-29 10:00:00,213.48041424200167
2012-08-29 11:00:00,256.52626821897803
2012-08-29 12:00:00,308.9435769182727
2012-08-29 13:00:00,308.9435769182727
2012-08-29 14:00:00,259.0974183265229
2012-08-29 15:00:00,289.38122776964553
2012-08-29 16:00:00,440.07040979661923
2012-08-29 17:00:00,850.9634566022997
2012-08-29 18:00:00,826.5265552625526
2012-08-29 19:00:00,641.156906057847
2012-08-29 20:00:00,430.92250172412946
2012-08-29 21:00:00,329.83659036509727
2012-08-29 22:00:00,298.67550181058596
2012-08-29 23:00:00,147.89834783512708
2012-08-30 00:00:00,63.28535443070615
2012-08-30 01:00:00,24.001756425180314
2012-08-30 02:00:00,11.567428725311855
2012-08-30 03:00:00,7.15157793924984
2012-08-30 04:00:00,9.195539195115671
2012-08-30 05:00:00,42.87888709119713
2012-08-30 06:00:00,145.1477832471837
2012-08-30 07:00:00,469.5347797358111
2012-08-30 08:00:00,707.7343533277159
2012-08-30 09:00:00,358.7235442701269
2012-08-30 10:00:00,213.48041424200167
2012-08-30 11:00:00,240.5327995094264
2012-08-30 12:00:00,310.51716092006626
2012-08-30 13:00:00,308.9435769182727
2012-08-30 14:00:00,242.30993574309718
2012-08-30 15:00:00,281.93180791023485
2012-08-30 16:00:00,440.07040979661923
2012-08-30 17:00:00,850.9634566022997
2012-08-30 18:00:00,826.5265552625526
2012-08-30 19:00:00,619.083445122083
2012-08-30 20:00:00,486.42617970299864
2012-08-30 21:00:00,345.78406234708984
2012-08-30 22:00:00,261.8627927221288
2012-08-30 23:00:00,138.50592241281902
2012-08-31 00:00:00,88.32578621987683
2012-08-31 01:00:00,37.5240012000884
2012-08-31 02:00:00,6.815513254092055
2012-08-31 03:00:00,11.804858680531813
2012-08-31 04:00:00,9.854057630269201
2012-08-31 05:00:00,35.52748442895791
2012-08-31 06:00:00,174.35068261534622
2012-08-31 07:00:00,332.5798331723656
2012-08-31 08:00:00,696.9161999987218
2012-08-31 09:00:00,301.7640495639802
2012-08-31 10:00:00,222.65130527856837
2012-08-31 11:00:00,272.53460689319417
2012-08-31 12:00:00,322.39192672615764
2012-08-31 13:00:00,322.39192672615764
2012-08-31 14:00:00,322.39192672615764
2012-08-31 15:00:00,322.39192672615764
2012-08-31 16:00:00,465.15332047298494
2012-08-31 17:00:00,728.9375589979985
2012-08-31 18:00:00,640.7488111354538
2012-08-31 19:00:00,511.1989231142659
2012-08-31 20:00:00,377.9793604118662
2012-08-31 21:00:00,322.39192672615764
2012-08-31 22:00:00,273.1793963787942
2012-08-31 23:00:00,168.35336361261383
2012-09-20 00:00:00,47.77493615674066
2012-09-20 01:00:00,16.854780255586874
2012-09-20 02:00:00,11.576839368698112
2012-09-20 03:00:00,8.3219594566223
2012-09-20 04:00:00,7.689967296861839
2012-09-20 05:00:00,47.94505887414011
2012-09-20 06:00:00,171.2157718953082
2012-09-20 07:00:00,431.89889761422677
2012-09-20 08:00:00,746.6624261863037
2012-09-20 09:00:00,335.3003307796358
2012-09-20 10:00:00,202.29461259873383
2012-09-20 11:00:00,256.52626821897803
2012-09-20 12:00:00,309.46569110663955
2012-09-20 13:00:00,335.6848942066884
2012-09-20 14:00:00,289.8410632375585
2012-09-20 15:00:00,335.6848942066884
2012-09-20 16:00:00,497.45626720275396
2012-09-20 17:00:00,881.268030743533
2012-09-20 18:00:00,881.268030743533
2012-09-20 19:00:00,621.0176029263843
2012-09-20 20:00:00,440.3971822190921
2012-09-20 21:00:00,294.6037576246623
2012-09-20 22:00:00,210.0773342226963
2012-09-20 23:00:00,103.80201003743856
2012-09-21 00:00:00,71.20150495361854
2012-09-21 01:00:00,46.06113545206921
2012-09-21 02:00:00,16.011030953089755
2012-09-21 03:00:00,11.804858680531813
2012-09-21 04:00:00,9.195539195115671
2012-09-21 05:00:00,47.94505887414011
2012-09-21 06:00:00,168.09426167805287
2012-09-21 07:00:00,552.8689070080853
2012-09-21 08:00:00,746.6624261863037
2012-09-21 09:00:00,324.0061769525088
2012-09-21 10:00:00,222.65130527856837
2012-09-21 11:00:00,292.21705137097234
2012-09-21 12:00:00,394.1649261309676
2012-09-21 13:00:00,394.1649261309676
2012-09-21 14:00:00,354.80929206376754
2012-09-21 15:00:00,394.1649261309676
2012-09-21 16:00:00,568.5246548690703
2012-09-21 17:00:00,881.268030743533
2012-09-21 18:00:00,809.795729729376
2012-09-21 19:00:00,511.1989231142659
2012-09-21 20:00:00,354.4536322304342
2012-09-21 21:00:00,252.06305657414555
2012-09-21 22:00:00,295.070771409828
2012-09-21 23:00:00,138.50592241281902
2012-09-22 00:00:00,170.17024164590163
2012-09-22 01:00:00,83.06964198845307
2012-09-22 02:00:00,62.733438768356386
2012-09-22 03:00:00,31.19439297506817
2012-09-22 04:00:00,8.5124264507716
2012-09-22 05:00:00,22.437740149139458
2012-09-22 06:00:00,29.466341259993644
2012-09-22 07:00:00,77.65768811650024
2012-09-22 08:00:00,184.80848261868496
2012-09-22 09:00:00,335.6848942066884
2012-09-22 10:00:00,431.0663635279634
2012-09-22 11:00:00,564.5496332736394
2012-09-22 12:00:00,634.4440775439184
2012-09-22 13:00:00,497.90081411495964
2012-09-22 14:00:00,545.9489753056132
2012-09-22 15:00:00,607.2272586479436
2012-09-22 16:00:00,497.90081411495964
2012-09-22 17:00:00,497.90081411495964
2012-09-22 18:00:00,474.2096994068411
2012-09-22 19:00:00,396.7423552517337
2012-09-22 20:00:00,289.78569083272697
2012-09-22 21:00:00,264.65918590053616
2012-09-22 22:00:00,298.67550181058596
2012-09-22 23:00:00,188.9968128960928
2012-09-23 00:00:00,120.48127495211318
2012-09-23 01:00:00,104.90222174837231
2012-09-23 02:00:00,74.33035057989447
2012-09-23 03:00:00,44.75036680039304
2012-09-23 04:00:00,7.338810502082335
2012-09-23 05:00:00,12.513584049793547
2012-09-23 06:00:00,22.69544990677215
2012-09-23 07:00:00,49.41806869943173
2012-09-23 08:00:00,152.72260756878563
2012-09-23 09:00:00,242.38373286581975
2012-09-23 10:00:00,380.91859310061665
2012-09-23 11:00:00,453.68300147236494
2012-09-23 12:00:00,534.7982140254295
2012-09-23 13:00:00,487.4468093771714
2012-09-23 14:00:00,487.4468093771714
2012-09-23 15:00:00,487.4468093771714
2012-09-23 16:00:00,500.9353378789123
2012-09-23 17:00:00,500.9353378789123
2012-09-23 18:00:00,362.6038218957895
2012-09-23 19:00:00,338.6308582914013
2012-09-23 20:00:00,338.6308582914013
2012-09-23 21:00:00,175.9093578353812
2012-09-23 22:00:00,88.93558874035122
2012-09-23 23:00:00,60.4741551641422
2012-09-24 00:00:00,42.03031654765799
2012-09-24 01:00:00,22.72226882344579
2012-09-24 02:00:00,9.329551478635452
2012-09-24 03:00:00,6.493514628781196
2012-09-24 04:00:00,7.689967296861839
2012-09-24 05:00:00,47.94505887414011
2012-09-24 06:00:00,125.69541158164374
2012-09-24 07:00:00,431.89889761422677
2012-09-24 08:00:00,881.268030743533
2012-09-24 09:00:00,314.9830861176072
2012-09-24 10:00:00,182.20761669860136
2012-09-24 11:00:00,220.95521925605104
2012-09-24 12:00:00,309.46569110663955
2012-09-24 13:00:00,309.46569110663955
2012-09-24 14:00:00,289.8410632375585
2012-09-24 15:00:00,309.46569110663955
2012-09-24 16:00:00,497.45626720275396
2012-09-24 17:00:00,911.8932806322601
2012-09-24 18:00:00,911.8932806322601
2012-09-24 19:00:00,439.8204558580583
2012-09-24 20:00:00,338.6308582914013
2012-09-24 21:00:00,223.3344913854947
2012-09-24 22:00:00,164.79299960970076
2012-09-24 23:00:00,103.80201003743856
2012-09-25 00:00:00,35.32229793005917
2012-09-25 01:00:00,16.69833276517134
2012-09-25 02:00:00,5.228718871351122
2012-09-25 03:00:00,8.3219594566223
2012-09-25 04:00:00,7.689967296861839
2012-09-25 05:00:00,47.94505887414011
2012-09-25 06:00:00,171.2157718953082
2012-09-25 07:00:00,352.16730969574417
2012-09-25 08:00:00,661.3375997359567
2012-09-25 09:00:00,352.3385267454446
2012-09-25 10:00:00,202.29461259873383
2012-09-25 11:00:00,220.95521925605104
2012-09-25 12:00:00,309.46569110663955
2012-09-25 13:00:00,335.6848942066884
2012-09-25 14:00:00,289.8410632375585
2012-09-25 15:00:00,335.6848942066884
2012-09-25 16:00:00,497.45626720275396
2012-09-25 17:00:00,911.8932806322601
2012-09-25 18:00:00,911.8932806322601
2012-09-25 19:00:00,523.0627101969519
2012-09-25 20:00:00,405.7406675883537
2012-09-25 21:00:00,264.65918590053616
2012-09-25 22:00:00,201.94157098417415
2012-09-25 23:00:00,188.9968128960928
2012-09-26 00:00:00,35.59741677814852
2012-09-26 01:00:00,22.72226882344579
2012-09-26 02:00:00,2.203100947528845
2012-09-26 03:00:00,6.493514628781196
2012-09-26 04:00:00,5.418171676656989
2012-09-26 05:00:00,40.705216782461484
2012-09-26 06:00:00,155.9569154911903
2012-09-26 07:00:00,552.8689070080853
2012-09-26 08:00:00,746.6624261863037
2012-09-26 09:00:00,352.3385267454446
2012-09-26 10:00:00,202.29461259873383
2012-09-26 11:00:00,208.22486135896986
2012-09-26 12:00:00,335.6848942066884
2012-09-26 13:00:00,335.6848942066884
2012-09-26 14:00:00,289.8410632375585
2012-09-26 15:00:00,335.6848942066884
2012-09-26 16:00:00,497.45626720275396
2012-09-26 17:00:00,881.268030743533
2012-09-26 18:00:00,881.268030743533
2012-09-26 19:00:00,641.156906057847
2012-09-26 20:00:00,405.7406675883537
2012-09-26 21:00:00,329.83659036509727
2012-09-26 22:00:00,148.14930957979618
2012-09-26 23:00:00,144.75706571181698
2012-09-27 00:00:00,69.72333092598454
2012-09-27 01:00:00,24.001756425180314
2012-09-27 02:00:00,15.955616618809582
2012-09-27 03:00:00,8.3219594566223
2012-09-27 04:00:00,9.854057630269201
2012-09-27 05:00:00,40.705216782461484
2012-09-27 06:00:00,145.1477832471837
2012-09-27 07:00:00,552.8689070080853
2012-09-27 08:00:00,746.6624261863037
2012-09-27 09:00:00,335.3003307796358
2012-09-27 10:00:00,202.29461259873383
2012-09-27 11:00:00,245.4751912637083
2012-09-27 12:00:00,335.6848942066884
2012-09-27 13:00:00,316.21377410508796
2012-09-27 14:00:00,289.8410632375585
2012-09-27 15:00:00,316.21377410508796
2012-09-27 16:00:00,497.45626720275396
2012-09-27 17:00:00,809.795729729376
2012-09-27 18:00:00,809.795729729376
2012-09-27 19:00:00,621.0176029263843
2012-09-27 20:00:00,319.22960193593735
2012-09-27 21:00:00,115.05037014604815
2012-09-27 22:00:00,115.05037014604815
2012-09-27 23:00:00,115.05037014604815
2012-09-28 00:00:00,29.37185152009449
2012-09-28 01:00:00,29.62611424008832
2012-09-28 02:00:00,10.637245757666157
2012-09-28 03:00:00,7.1519310960592275
2012-09-28 04:00:00,4.440086845994798
2012-09-28 05:00:00,40.705216782461484
2012-09-28 06:00:00,145.1477832471837
2012-09-28 07:00:00,332.5798331723656
2012-09-28 08:00:00,550.1634114582704
2012-09-28 09:00:00,295.7271361238354
2012-09-28 10:00:00,231.0739293243095
2012-09-28 11:00:00,295.070771409828
2012-09-28 12:00:00,394.1649261309676
2012-09-28 13:00:00,394.1649261309676
2012-09-28 14:00:00,354.80929206376754
2012-09-28 15:00:00,394.1649261309676
2012-09-28 16:00:00,568.5246548690703
2012-09-28 17:00:00,881.268030743533
2012-09-28 18:00:00,881.268030743533
2012-09-28 19:00:00,439.8332133852442
2012-09-28 20:00:00,319.22960193593735
2012-09-28 21:00:00,298.0357685712395
2012-09-28 22:00:00,273.1793963787942
2012-09-28 23:00:00,125.96099858584465
2012-09-29 00:00:00,151.51223957948451
2012-09-29 01:00:00,83.06964198845307
2012-09-29 02:00:00,62.733438768356386
2012-09-29 03:00:00,31.19439297506817
2012-09-29 04:00:00,8.5124264507716
2012-09-29 05:00:00,14.737472371553041
2012-09-29 06:00:00,22.69544990677215
2012-09-29 07:00:00,70.87422721655118
2012-09-29 08:00:00,152.72260756878563
2012-09-29 09:00:00,289.6970288799515
2012-09-29 10:00:00,461.5412508533011
2012-09-29 11:00:00,588.5980254939503
2012-09-29 12:00:00,634.4440775439184
2012-09-29 13:00:00,634.4440775439184
2012-09-29 14:00:00,588.5980254939503
2012-09-29 15:00:00,588.5980254939503
2012-09-29 16:00:00,634.4440775439184
2012-09-29 17:00:00,497.90081411495964
2012-09-29 18:00:00,362.6038218957895
2012-09-29 19:00:00,338.6308582914013
2012-09-29 20:00:00,338.6308582914013
2012-09-29 21:00:00,175.9093578353812
2012-09-29 22:00:00,210.0773342226963
2012-09-29 23:00:00,155.4451739878725
2012-09-30 00:00:00,54.61973198428962
2012-09-30 01:00:00,116.99433927386976
2012-09-30 02:00:00,74.33035057989447
2012-09-30 03:00:00,26.70982866937812
2012-09-30 04:00:00,13.227911657249079
2012-09-30 05:00:00,12.513584049793547
2012-09-30 06:00:00,33.13535776619756
2012-09-30 07:00:00,126.34636076428033
2012-09-30 08:00:00,152.72260756878563
2012-09-30 09:00:00,253.41588661771885
2012-09-30 10:00:00,380.91859310061665
2012-09-30 11:00:00,453.68300147236494
2012-09-30 12:00:00,634.4440775439184
2012-09-30 13:00:00,634.4440775439184
2012-09-30 14:00:00,634.4440775439184
2012-09-30 15:00:00,679.0628077144025
2012-09-30 16:00:00,679.0628077144025
2012-09-30 17:00:00,679.0628077144025
2012-09-30 18:00:00,444.96301163019115
2012-09-30 19:00:00,150.26020076040612
2012-09-30 20:00:00,150.26020076040612
2012-09-30 21:00:00,175.9093578353812
2012-09-30 22:00:00,88.93558874035122
2012-09-30 23:00:00,60.4741551641422
2012-10-20 00:00:00,131.3893798297929
2012-10-20 01:00:00,61.656715616127606
2012-10-20 02:00:00,47.37063102547298
2012-10-20 03:00:00,8.742695187269838
2012-10-20 04:00:00,8.835968283352129
2012-10-20 05:00:00,22.437740149139458
2012-10-20 06:00:00,33.13535776619756
2012-10-20 07:00:00,126.34636076428033
2012-10-20 08:00:00,152.72260756878563
2012-10-20 09:00:00,289.6970288799515
2012-10-20 10:00:00,461.5412508533011
2012-10-20 11:00:00,622.8368442680003
2012-10-20 12:00:00,633.61676433574
2012-10-20 13:00:00,633.61676433574
2012-10-20 14:00:00,633.61676433574
2012-10-20 15:00:00,633.61676433574
2012-10-20 16:00:00,588.5980254939503
2012-10-20 17:00:00,622.8368442680003
2012-10-20 18:00:00,362.6038218957895
2012-10-20 19:00:00,289.6970288799515
2012-10-20 20:00:00,344.7217082686978
2012-10-20 21:00:00,175.9093578353812
2012-10-20 22:00:00,131.42064760368189
2012-10-20 23:00:00,155.4451739878725
2012-10-21 00:00:00,131.3893798297929
2012-10-21 01:00:00,77.25074795991203
2012-10-21 02:00:00,57.383184454323256
2012-10-21 03:00:00,26.70982866937812
2012-10-21 04:00:00,9.83421337906109
2012-10-21 05:00:00,12.513584049793547
2012-10-21 06:00:00,22.69544990677215
2012-10-21 07:00:00,49.41806869943173
2012-10-21 08:00:00,155.17336110572612
2012-10-21 09:00:00,289.6970288799515
2012-10-21 10:00:00,380.91859310061665
2012-10-21 11:00:00,453.68300147236494
2012-10-21 12:00:00,534.7982140254295
2012-10-21 13:00:00,487.4468093771714
2012-10-21 14:00:00,487.4468093771714
2012-10-21 15:00:00,500.9353378789123
2012-10-21 16:00:00,487.4468093771714
2012-10-21 17:00:00,534.7982140254295
2012-10-21 18:00:00,362.6038218957895
2012-10-21 19:00:00,289.6970288799515
2012-10-21 20:00:00,344.7217082686978
2012-10-21 21:00:00,155.17336110572612
2012-10-21 22:00:00,88.93558874035122
2012-10-21 23:00:00,60.4741551641422
2012-10-22 00:00:00,34.746226290847055
2012-10-22 01:00:00,13.32708937125924
2012-10-22 02:00:00,5.789095234303574
2012-10-22 03:00:00,4.09011451236789
2012-10-22 04:00:00,7.102687082284621
2012-10-22 05:00:00,40.58743900245718
2012-10-22 06:00:00,142.4262837832373
2012-10-22 07:00:00,377.50614116394433
2012-10-22 08:00:00,786.6358201109243
2012-10-22 09:00:00,365.6495122666985
2012-10-22 10:00:00,222.33315926086698
2012-10-22 11:00:00,220.95521925605104
2012-10-22 12:00:00,312.1066274518468
2012-10-22 13:00:00,312.1066274518468
2012-10-22 14:00:00,259.0974183265229
2012-10-22 15:00:00,312.1066274518468
2012-10-22 16:00:00,478.99818765504193
2012-10-22 17:00:00,885.0638896934447
2012-10-22 18:00:00,834.5429203901966
2012-10-22 19:00:00,546.4359390301247
2012-10-22 20:00:00,344.7217082686978
2012-10-22 21:00:00,223.3344913854947
2012-10-22 22:00:00,173.881618909595
2012-10-22 23:00:00,107.13532892527994
2012-10-23 00:00:00,21.658100271077643
2012-10-23 01:00:00,10.755379497395626
2012-10-23 02:00:00,8.043204594875197
2012-10-23 03:00:00,4.3345372167931995
2012-10-23 04:00:00,7.102687082284621
2012-10-23 05:00:00,35.52748442895791
2012-10-23 06:00:00,142.4262837832373
2012-10-23 07:00:00,431.89889761422677
2012-10-23 08:00:00,786.6358201109243
2012-10-23 09:00:00,377.1408937450743
2012-10-23 10:00:00,222.33315926086698
2012-10-23 11:00:00,256.52626821897803
2012-10-23 12:00:00,312.1066274518468
2012-10-23 13:00:00,312.1066274518468
2012-10-23 14:00:00,259.0974183265229
2012-10-23 15:00:00,312.1066274518468
2012-10-23 16:00:00,478.99818765504193
2012-10-23 17:00:00,885.0638896934447
2012-10-23 18:00:00,885.0638896934447
2012-10-23 19:00:00,553.5958225612712
2012-10-23 20:00:00,405.7406675883537
2012-10-23 21:00:00,290.1271289616862
2012-10-23 22:00:00,201.94157098417415
2012-10-23 23:00:00,103.80201003743856
2012-10-24 00:00:00,55.12442378980962
2012-10-24 01:00:00,22.72226882344579
2012-10-24 02:00:00,7.3588553872544935
2012-10-24 03:00:00,6.056663961310677
2012-10-24 04:00:00,7.6475520358328595
2012-10-24 05:00:00,39.520744449814245
2012-10-24 06:00:00,171.2157718953082
2012-10-24 07:00:00,369.83831846478205
2012-10-24 08:00:00,550.1634114582704
2012-10-24 09:00:00,377.1408937450743
2012-10-24 10:00:00,222.33315926086698
2012-10-24 11:00:00,208.22486135896986
2012-10-24 12:00:00,362.3672532241908
2012-10-24 13:00:00,362.3672532241908
2012-10-24 14:00:00,230.2146553226782
2012-10-24 15:00:00,312.1066274518468
2012-10-24 16:00:00,478.99818765504193
2012-10-24 17:00:00,885.0638896934447
2012-10-24 18:00:00,885.0638896934447
2012-10-24 19:00:00,439.8332133852442
2012-10-24 20:00:00,319.22960193593735
2012-10-24 21:00:00,238.03080109446347
2012-10-24 22:00:00,224.88199214302043
2012-10-24 23:00:00,147.89834783512708
2012-10-25 00:00:00,63.28535443070615
2012-10-25 01:00:00,24.001756425180314
2012-10-25 02:00:00,11.576839368698112
2012-10-25 03:00:00,4.3345372167931995
2012-10-25 04:00:00,9.854057630269201
2012-10-25 05:00:00,35.52748442895791
2012-10-25 06:00:00,145.1477832471837
2012-10-25 07:00:00,442.57199785388855
2012-10-25 08:00:00,550.1634114582704
2012-10-25 09:00:00,377.1408937450743
2012-10-25 10:00:00,157.1861561037798
2012-10-25 11:00:00,186.47157336594105
2012-10-25 12:00:00,186.47157336594105
2012-10-25 13:00:00,186.47157336594105
2012-10-25 14:00:00,211.56904866197442
2012-10-25 15:00:00,362.3672532241908
2012-10-25 16:00:00,373.5402212441085
2012-10-25 17:00:00,834.5429203901966
2012-10-25 18:00:00,369.83831846478205
2012-10-25 19:00:00,442.57199785388855
2012-10-25 20:00:00,215.83171553512938
2012-10-25 21:00:00,197.9061013190227
2012-10-25 22:00:00,173.881618909595
2012-10-25 23:00:00,84.17771033204207
2012-10-26 00:00:00,71.20150495361854
2012-10-26 01:00:00,16.807590034023516
2012-10-26 02:00:00,10.637245757666157
2012-10-26 03:00:00,3.317799791065254
2012-10-26 04:00:00,9.854057630269201
2012-10-26 05:00:00,35.52748442895791
2012-10-26 06:00:00,145.1477832471837
2012-10-26 07:00:00,332.5798331723656
2012-10-26 08:00:00,550.1634114582704
2012-10-26 09:00:00,377.1408937450743
2012-10-26 10:00:00,231.0739293243095
2012-10-26 11:00:00,231.0739293243095
2012-10-26 12:00:00,295.070771409828
2012-10-26 13:00:00,295.070771409828
2012-10-26 14:00:00,407.49684188996554
2012-10-26 15:00:00,407.49684188996554
2012-10-26 16:00:00,465.15332047298494
2012-10-26 17:00:00,834.5429203901966
2012-10-26 18:00:00,834.5429203901966
2012-10-26 19:00:00,332.5798331723656
2012-10-26 20:00:00,215.83171553512938
2012-10-26 21:00:00,197.9061013190227
2012-10-26 22:00:00,173.881618909595
2012-10-26 23:00:00,107.13532892527994
2012-10-27 00:00:00,131.3893798297929
2012-10-27 01:00:00,83.06964198845307
2012-10-27 02:00:00,62.733438768356386
2012-10-27 03:00:00,31.19439297506817
2012-10-27 04:00:00,8.5124264507716
2012-10-27 05:00:00,8.816375970185396
2012-10-27 06:00:00,49.788950628288816
2012-10-27 07:00:00,126.34636076428033
2012-10-27 08:00:00,241.70415899453752
2012-10-27 09:00:00,261.7158853007433
2012-10-27 10:00:00,461.5412508533011
2012-10-27 11:00:00,588.5980254939503
2012-10-27 12:00:00,588.5980254939503
2012-10-27 13:00:00,588.5980254939503
2012-10-27 14:00:00,588.5980254939503
2012-10-27 15:00:00,512.9788925508627
2012-10-27 16:00:00,512.9788925508627
2012-10-27 17:00:00,512.9788925508627
2012-10-27 18:00:00,444.96301163019115
2012-10-27 19:00:00,284.3553315226655
2012-10-27 20:00:00,284.3553315226655
2012-10-27 21:00:00,175.9093578353812
2012-10-27 22:00:00,164.79299960970076
2012-10-27 23:00:00,72.27660634329932
2012-10-28 00:00:00,65.84639577479456
2012-10-28 01:00:00,116.99433927386976
2012-10-28 02:00:00,74.33035057989447
2012-10-28 03:00:00,49.05754623270168
2012-10-28 04:00:00,15.419397114475757
2012-10-28 05:00:00,8.816375970185396
2012-10-28 06:00:00,22.69544990677215
2012-10-28 07:00:00,49.41806869943173
2012-10-28 08:00:00,152.72260756878563
2012-10-28 09:00:00,242.38373286581975
2012-10-28 10:00:00,250.50354667032812
2012-10-28 11:00:00,453.68300147236494
2012-10-28 12:00:00,354.5993745361915
2012-10-28 13:00:00,354.5993745361915
2012-10-28 14:00:00,551.3702261959683
2012-10-28 15:00:00,551.3702261959683
2012-10-28 16:00:00,267.6904862309561
2012-10-28 17:00:00,267.6904862309561
2012-10-28 18:00:00,187.62174980290442
2012-10-28 19:00:00,100.83806937975898
2012-10-28 20:00:00,100.83806937975898
2012-10-28 21:00:00,100.83806937975898
2012-10-28 22:00:00,100.83806937975898
2012-10-28 23:00:00,100.83806937975898
2012-10-29 00:00:00,21.658100271077643
2012-10-30 13:00:00,64.10255628970386
2012-10-30 14:00:00,64.10255628970386
2012-10-30 15:00:00,64.10255628970386
2012-10-30 16:00:00,64.10255628970386
2012-10-30 17:00:00,98.7482947466813
2012-10-30 18:00:00,252.46123272460005
2012-10-30 19:00:00,546.4359390301247
2012-10-30 20:00:00,113.46904117473657
2012-10-30 21:00:00,113.46904117473657
2012-10-30 22:00:00,113.46904117473657
2012-10-30 23:00:00,52.39538388737128
2012-10-31 00:00:00,42.4202113074776
2012-10-31 01:00:00,11.68114772176028
2012-10-31 02:00:00,4.674611802000319
2012-10-31 03:00:00,3.6439843790034585
2012-10-31 04:00:00,7.102687082284621
2012-10-31 05:00:00,40.58743900245718
2012-10-31 06:00:00,89.30299403479407
2012-10-31 07:00:00,376.8932448971655
2012-10-31 08:00:00,517.4707627569533
2012-10-31 09:00:00,299.4099854443881
2012-10-31 10:00:00,163.6430742646942
2012-10-31 11:00:00,350.33451486622806
2012-10-31 12:00:00,350.33451486622806
2012-10-31 13:00:00,350.33451486622806
2012-10-31 14:00:00,350.33451486622806
2012-10-31 15:00:00,350.33451486622806
2012-10-31 16:00:00,359.4671555800694
2012-10-31 17:00:00,601.5330599176887
2012-10-31 18:00:00,601.5330599176887
2012-10-31 19:00:00,546.4359390301247
2012-10-31 20:00:00,350.33451486622806
2012-10-31 21:00:00,350.33451486622806
2012-10-31 22:00:00,131.42064760368189
2012-10-31 23:00:00,96.8634155438748
2012-11-20 00:00:00,26.473627644434295
2012-11-20 01:00:00,11.68114772176028
2012-11-20 02:00:00,4.674611802000319
2012-11-20 03:00:00,2.898059840916189
2012-11-20 04:00:00,6.495987724126606
2012-11-20 05:00:00,40.58743900245718
2012-11-20 06:00:00,120.9923776398372
2012-11-20 07:00:00,376.8932448971655
2012-11-20 08:00:00,706.8591331658962
2012-11-20 09:00:00,299.4099854443881
2012-11-20 10:00:00,187.50949930750994
2012-11-20 11:00:00,191.11489779288206
2012-11-20 12:00:00,230.65061120414876
2012-11-20 13:00:00,230.65061120414876
2012-11-20 14:00:00,216.2072728786445
2012-11-20 15:00:00,289.6970288799515
2012-11-20 16:00:00,359.4671555800694
2012-11-20 17:00:00,601.5330599176887
2012-11-20 18:00:00,412.90851121930706
2012-11-20 19:00:00,439.8204558580583
2012-11-20 20:00:00,149.37716478580077
2012-11-20 21:00:00,230.65061120414876
2012-11-20 22:00:00,153.38111047277798
2012-11-20 23:00:00,107.13532892527994
2012-11-21 00:00:00,34.746226290847055
2012-11-21 01:00:00,11.68114772176028
2012-11-21 02:00:00,9.178939149546203
2012-11-21 03:00:00,3.6439843790034585
2012-11-21 04:00:00,6.495987724126606
2012-11-21 05:00:00,25.958227124987854
2012-11-21 06:00:00,129.23022863557065
2012-11-21 07:00:00,376.8932448971655
2012-11-21 08:00:00,517.4707627569533
2012-11-21 09:00:00,299.4099854443881
2012-11-21 10:00:00,187.50949930750994
2012-11-21 11:00:00,191.11489779288206
2012-11-21 12:00:00,230.65061120414876
2012-11-21 13:00:00,230.65061120414876
2012-11-21 14:00:00,225.16823838248888
2012-11-21 15:00:00,225.16823838248888
2012-11-21 16:00:00,289.85461157366757
2012-11-21 17:00:00,601.5330599176887
2012-11-21 18:00:00,412.90851121930706
2012-11-21 19:00:00,364.84527178298384
2012-11-21 20:00:00,190.7132508979403
2012-11-21 21:00:00,230.65061120414876
2012-11-21 22:00:00,159.7533446785423
2012-11-21 23:00:00,96.8634155438748
2012-11-22 00:00:00,98.5330094676125
2012-11-22 01:00:00,80.52447251728906
2012-11-22 02:00:00,47.635415963375266
2012-11-22 03:00:00,19.727432807356927
2012-11-22 04:00:00,4.164775739317724
2012-11-22 05:00:00,6.303826693129251
2012-11-22 06:00:00,20.696656839767943
2012-11-22 07:00:00,19.317233696279143
2012-11-22 08:00:00,72.10837026508399
2012-11-22 09:00:00,115.28729837632721
2012-11-22 10:00:00,378.7417179404727
2012-11-22 11:00:00,481.91761350132543
2012-11-22 12:00:00,541.8732926685078
2012-11-22 13:00:00,541.8732926685078
2012-11-22 14:00:00,541.8732926685078
2012-11-22 15:00:00,541.8732926685078
2012-11-22 16:00:00,541.8732926685078
2012-11-22 17:00:00,541.8732926685078
2012-11-22 18:00:00,481.91761350132543
2012-11-22 19:00:00,222.47020910131164
2012-11-22 20:00:00,282.70151135079607
2012-11-22 21:00:00,224.30907047210314
2012-11-22 22:00:00,159.7533446785423
2012-11-22 23:00:00,115.28729837632721
2012-11-23 00:00:00,28.272311049969026
2012-11-23 01:00:00,24.96702060170204
2012-11-23 02:00:00,10.548359595423767
2012-11-23 03:00:00,3.6439843790034585
2012-11-23 04:00:00,6.495987724126606
2012-11-23 05:00:00,30.362425172396513
2012-11-23 06:00:00,121.26062533717243
2012-11-23 07:00:00,212.21036244127302
2012-11-23 08:00:00,517.4707627569533
2012-11-23 09:00:00,346.0505323097104
2012-11-23 10:00:00,163.6430742646942
2012-11-23 11:00:00,258.6597917526178
2012-11-23 12:00:00,258.6597917526178
2012-11-23 13:00:00,279.7318635796577
2012-11-23 14:00:00,377.387602223438
2012-11-23 15:00:00,377.387602223438
2012-11-23 16:00:00,331.3514009114516
2012-11-23 17:00:00,412.90851121930706
2012-11-23 18:00:00,412.90851121930706
2012-11-23 19:00:00,439.8204558580583
2012-11-23 20:00:00,279.7318635796577
2012-11-23 21:00:00,230.3150881398538
2012-11-23 22:00:00,106.76593371757214
2012-11-23 23:00:00,106.59713872018469
2012-11-24 00:00:00,65.84639577479456
2012-11-24 01:00:00,46.704249246660794
2012-11-24 02:00:00,29.163034098541388
2012-11-24 03:00:00,19.727432807356927
2012-11-24 04:00:00,3.8913822841295973
2012-11-24 05:00:00,6.303826693129251
2012-11-24 06:00:00,13.418480250391825
2012-11-24 07:00:00,53.058467206824616
2012-11-24 08:00:00,124.8851338737648
2012-11-24 09:00:00,124.8851338737648
2012-11-24 10:00:00,161.291205749406
2012-11-24 11:00:00,161.291205749406
2012-11-24 12:00:00,161.291205749406
2012-11-24 13:00:00,341.3441837059363
2012-11-24 14:00:00,341.3441837059363
2012-11-24 15:00:00,220.41203091568303
2012-11-24 16:00:00,220.41203091568303
2012-11-24 17:00:00,220.41203091568303
2012-11-24 18:00:00,220.41203091568303
2012-11-24 19:00:00,124.8851338737648
2012-11-24 20:00:00,94.71786225309809
2012-11-24 21:00:00,94.71786225309809
2012-11-24 22:00:00,53.248405935491206
2012-11-24 23:00:00,37.141035814890536
2012-11-25 00:00:00,45.98404409334586
2012-11-25 01:00:00,38.34886060744209
2012-11-25 02:00:00,29.163034098541388
2012-11-25 03:00:00,19.727432807356927
2012-11-25 04:00:00,7.338810502082335
2012-11-25 05:00:00,6.303826693129251
2012-11-25 06:00:00,6.807894749712356
2012-11-25 07:00:00,19.317233696279143
2012-11-25 08:00:00,73.47831000769963
2012-11-25 09:00:00,73.47831000769963
2012-11-25 10:00:00,220.41203091568303
2012-11-25 11:00:00,209.2060261393666
2012-11-25 12:00:00,209.2060261393666
2012-11-25 13:00:00,209.2060261393666
2012-11-25 14:00:00,219.1659486400982
2012-11-25 15:00:00,220.41203091568303
2012-11-25 16:00:00,264.7803050106478
2012-11-25 17:00:00,264.7803050106478
2012-11-25 18:00:00,209.2060261393666
2012-11-25 19:00:00,82.37142072476537
2012-11-25 20:00:00,73.47831000769963
2012-11-25 21:00:00,82.37142072476537
2012-11-25 22:00:00,53.248405935491206
2012-11-25 23:00:00,37.141035814890536
2012-11-26 00:00:00,18.541671870389077
2012-11-26 01:00:00,8.193460600152326
2012-11-26 02:00:00,3.476105944522984
2012-11-26 03:00:00,5.787437193002006
2012-11-26 04:00:00,6.495987724126606
2012-11-26 05:00:00,36.84471950028885
2012-11-26 06:00:00,93.71569866760066
2012-11-26 07:00:00,212.21036244127302
2012-11-26 08:00:00,667.929089400219
2012-11-26 09:00:00,330.15224268712973
2012-11-26 10:00:00,187.50949930750994
2012-11-26 11:00:00,191.11489779288206
2012-11-26 12:00:00,230.65061120414876
2012-11-26 13:00:00,230.65061120414876
2012-11-26 14:00:00,216.2072728786445
2012-11-26 15:00:00,230.65061120414876
2012-11-26 16:00:00,289.85461157366757
2012-11-26 17:00:00,412.90851121930706
2012-11-26 18:00:00,516.2209818837497
2012-11-26 19:00:00,364.84527178298384
2012-11-26 20:00:00,230.65061120414876
2012-11-26 21:00:00,230.65061120414876
2012-11-26 22:00:00,159.7533446785423
2012-11-26 23:00:00,96.8634155438748
2012-11-27 00:00:00,34.746226290847055
2012-11-27 01:00:00,11.68114772176028
2012-11-27 02:00:00,4.674611802000319
2012-11-27 03:00:00,3.6439843790034585
2012-11-27 04:00:00,6.495987724126606
2012-11-27 05:00:00,36.84471950028885
2012-11-27 06:00:00,129.23022863557065
2012-11-27 07:00:00,252.46123272460005
2012-11-27 08:00:00,517.4707627569533
2012-11-27 09:00:00,299.4099854443881
2012-11-27 10:00:00,29.827183400843985
2012-11-27 11:00:00,64.10255628970386
2012-11-27 12:00:00,64.10255628970386
2012-11-27 13:00:00,64.10255628970386
2012-11-27 14:00:00,64.10255628970386
2012-11-27 15:00:00,164.52995335276503
2012-11-27 16:00:00,164.52995335276503
2012-11-27 17:00:00,578.7149738379452
2012-11-27 18:00:00,489.24599416174334
2012-11-27 19:00:00,341.55146883566835
2012-11-27 20:00:00,164.52995335276503
2012-11-27 21:00:00,106.09138426556525
2012-11-27 22:00:00,121.26062533717243
2012-11-27 23:00:00,52.39538388737128
2012-11-28 00:00:00,42.4202113074776
2012-11-28 01:00:00,8.193460600152326
2012-11-28 02:00:00,10.469123272454777
2012-11-28 03:00:00,3.6439843790034585
2012-11-28 04:00:00,6.495987724126606
2012-11-28 05:00:00,36.84471950028885
2012-11-28 06:00:00,129.23022863557065
2012-11-28 07:00:00,341.55146883566835
2012-11-28 08:00:00,631.6752033227182
2012-11-28 09:00:00,330.15224268712973
2012-11-28 10:00:00,171.87658368822693
2012-11-28 11:00:00,182.0214644008788
2012-11-28 12:00:00,228.23384955426647
2012-11-28 13:00:00,182.0214644008788
2012-11-28 14:00:00,218.73071004185266
2012-11-28 15:00:00,218.73071004185266
2012-11-28 16:00:00,238.35662554128757
2012-11-28 17:00:00,429.2515685958354
2012-11-28 18:00:00,375.8127223424862
2012-11-28 19:00:00,401.77253827955207
2012-11-28 20:00:00,207.16098799810288
2012-11-28 21:00:00,171.87658368822693
2012-11-28 22:00:00,137.50811365908896
2012-11-28 23:00:00,78.31518294734767
2012-11-29 00:00:00,18.541671870389077
2012-11-29 01:00:00,8.193460600152326
2012-11-29 02:00:00,1.701920077041227
2012-11-29 04:00:00,6.495987724126606
2012-11-29 05:00:00,36.84471950028885
2012-11-29 06:00:00,98.88053377189483
2012-11-29 07:00:00,212.21036244127302
2012-11-29 08:00:00,631.6752033227182
2012-11-29 09:00:00,212.21036244127302
2012-11-29 10:00:00,164.52995335276503
2012-11-29 11:00:00,211.21959203990968
2012-11-29 12:00:00,211.21959203990968
2012-11-29 13:00:00,211.21959203990968
2012-11-29 14:00:00,211.21959203990968
2012-11-29 15:00:00,218.73071004185266
2012-11-29 16:00:00,359.4671555800694
2012-11-29 17:00:00,429.2515685958354
2012-11-29 18:00:00,516.2209818837497
2012-11-29 19:00:00,399.64812121082497
2012-11-29 20:00:00,217.35987237281287
2012-11-29 21:00:00,164.52995335276503
2012-11-29 22:00:00,164.52995335276503
2012-11-29 23:00:00,52.39538388737128
2012-11-30 00:00:00,28.272311049969026
2012-11-30 01:00:00,8.193460600152326
2012-11-30 02:00:00,10.548359595423767
2012-11-30 03:00:00,3.6439843790034585
2012-11-30 04:00:00,6.495987724126606
2012-11-30 05:00:00,30.362425172396513
2012-11-30 06:00:00,93.71569866760066
2012-11-30 07:00:00,212.21036244127302
2012-11-30 08:00:00,517.4707627569533
2012-11-30 09:00:00,212.21036244127302
2012-11-30 10:00:00,164.52995335276503
2012-11-30 11:00:00,233.5300997112435
2012-11-30 12:00:00,258.6597917526178
2012-11-30 13:00:00,258.6597917526178
2012-11-30 14:00:00,258.6597917526178
2012-11-30 15:00:00,258.6597917526178
2012-11-30 16:00:00,359.4671555800694
2012-11-30 17:00:00,604.8137428814905
2012-11-30 18:00:00,516.2209818837497
2012-11-30 19:00:00,336.73848562626415
2012-11-30 20:00:00,233.5300997112435
2012-11-30 21:00:00,164.52995335276503
2012-11-30 22:00:00,164.52995335276503
2012-11-30 23:00:00,52.39538388737128
2012-12-20 00:00:00,26.473627644434295
2012-12-20 01:00:00,14.68578175425129
2012-12-20 02:00:00,3.179080098442391
2012-12-20 03:00:00,3.6439843790034585
2012-12-20 04:00:00,6.3709766402546135
2012-12-20 05:00:00,40.58743900245718
2012-12-20 06:00:00,131.57285088706465
2012-12-20 07:00:00,399.64812121082497
2012-12-20 08:00:00,706.8591331658962
2012-12-20 09:00:00,299.4099854443881
2012-12-20 10:00:00,168.54932163852857
2012-12-20 11:00:00,168.54932163852857
2012-12-20 12:00:00,248.36318755284537
2012-12-20 13:00:00,248.36318755284537
2012-12-20 14:00:00,248.36318755284537
2012-12-20 15:00:00,168.54932163852857
2012-12-20 16:00:00,320.94124174922865
2012-12-20 17:00:00,578.7149738379452
2012-12-20 18:00:00,551.8621624256796
2012-12-20 19:00:00,324.3278838256972
2012-12-20 20:00:00,29.827183400843985
2012-12-20 21:00:00,29.827183400843985
2012-12-20 22:00:00,29.827183400843985
2012-12-20 23:00:00,72.38192910270406
2012-12-21 00:00:00,29.37185152009449
2012-12-21 01:00:00,11.324191189759013
2012-12-21 02:00:00,6.815513254092055
2012-12-21 03:00:00,3.317799791065254
2012-12-21 04:00:00,6.3709766402546135
2012-12-21 05:00:00,30.362425172396513
2012-12-21 06:00:00,96.3714018458907
2012-12-21 07:00:00,376.8932448971655
2012-12-21 08:00:00,706.8591331658962
2012-12-21 09:00:00,346.0505323097104
2012-12-21 10:00:00,164.0938545894616
2012-12-21 11:00:00,157.13992144047793
2012-12-21 12:00:00,228.23384955426647
2012-12-21 13:00:00,157.13992144047793
2012-12-21 14:00:00,157.13992144047793
2012-12-21 15:00:00,196.7551533024743
2012-12-21 16:00:00,196.7551533024743
2012-12-21 17:00:00,578.7149738379452
2012-12-21 18:00:00,489.24599416174334
2012-12-21 19:00:00,341.55146883566835
2012-12-21 20:00:00,217.35987237281287
2012-12-21 21:00:00,196.7551533024743
2012-12-21 22:00:00,196.7551533024743
2012-12-21 23:00:00,90.376969185204
2012-12-22 00:00:00,91.30605960448312
2012-12-22 01:00:00,46.704249246660794
2012-12-22 02:00:00,54.643026462660806
2012-12-22 03:00:00,12.31370109505993
2012-12-22 04:00:00,8.835968283352129
2012-12-22 05:00:00,7.126974573876275
2012-12-22 06:00:00,11.822855093292251
2012-12-22 07:00:00,21.167094244821502
2012-12-22 08:00:00,76.54896739916708
2012-12-22 09:00:00,176.1657590616531
2012-12-22 10:00:00,220.41203091568303
2012-12-22 11:00:00,220.41203091568303
2012-12-22 12:00:00,220.41203091568303
2012-12-22 13:00:00,341.3441837059363
2012-12-22 14:00:00,341.3441837059363
2012-12-22 15:00:00,341.3441837059363
2012-12-22 16:00:00,220.41203091568303
2012-12-22 17:00:00,220.41203091568303
2012-12-22 18:00:00,220.41203091568303
2012-12-22 19:00:00,94.71786225309809
2012-12-22 20:00:00,94.71786225309809
2012-12-22 21:00:00,94.71786225309809
2012-12-22 22:00:00,53.248405935491206
2012-12-22 23:00:00,37.141035814890536
2012-12-23 00:00:00,45.98404409334586
2012-12-23 01:00:00,38.34886060744209
2012-12-23 02:00:00,54.643026462660806
2012-12-23 03:00:00,12.31370109505993
2012-12-23 04:00:00,3.042823217079862
2012-12-23 05:00:00,7.126974573876275
2012-12-23 06:00:00,6.807894749712356
2012-12-23 07:00:00,19.317233696279143
2012-12-23 08:00:00,88.47231958133791
2012-12-23 09:00:00,73.47831000769963
2012-12-23 10:00:00,209.2060261393666
2012-12-23 11:00:00,209.2060261393666
2012-12-23 12:00:00,264.7803050106478
2012-12-23 13:00:00,275.231873983686
2012-12-23 14:00:00,275.231873983686
2012-12-23 15:00:00,378.7417179404727
2012-12-23 16:00:00,378.7417179404727
2012-12-23 17:00:00,378.7417179404727
2012-12-23 18:00:00,264.7803050106478
2012-12-23 19:00:00,176.1657590616531
2012-12-23 20:00:00,176.1657590616531
2012-12-23 21:00:00,73.47831000769963
2012-12-23 22:00:00,53.248405935491206
2012-12-23 23:00:00,37.141035814890536
2012-12-24 00:00:00,27.710776899407033
2012-12-24 01:00:00,15.734616769992613
2012-12-24 02:00:00,3.476105944522984
2012-12-24 03:00:00,3.6439843790034585
2012-12-24 05:00:00,36.84471950028885
2012-12-24 06:00:00,93.71569866760066
2012-12-24 07:00:00,337.32159573915624
2012-12-24 08:00:00,667.929089400219
2012-12-24 09:00:00,337.32159573915624
2012-12-24 10:00:00,131.57285088706465
2012-12-24 11:00:00,131.57285088706465
2012-12-24 12:00:00,131.57285088706465
2012-12-24 13:00:00,156.45426706677105
2012-12-24 14:00:00,156.45426706677105
2012-12-24 15:00:00,156.45426706677105
2012-12-24 16:00:00,156.45426706677105
2012-12-24 17:00:00,164.47589493422086
2012-12-24 18:00:00,164.47589493422086
2012-12-24 19:00:00,337.32159573915624
2012-12-24 20:00:00,156.45426706677105
2012-12-24 21:00:00,156.45426706677105
2012-12-24 22:00:00,156.45426706677105
2012-12-24 23:00:00,68.58397160097374
2012-12-25 00:00:00,45.98404409334586
2012-12-25 01:00:00,46.704249246660794
2012-12-25 02:00:00,54.643026462660806
2012-12-25 04:00:00,4.164775739317724
2012-12-25 05:00:00,7.126974573876275
2012-12-25 06:00:00,6.807894749712356
2012-12-25 07:00:00,19.317233696279143
2012-12-25 08:00:00,72.10837026508399
2012-12-25 09:00:00,72.10837026508399
2012-12-25 10:00:00,283.61106063002154
2012-12-25 11:00:00,283.61106063002154
2012-12-25 12:00:00,378.7417179404727
2012-12-25 13:00:00,354.5993745361915
2012-12-25 14:00:00,322.4907678067217
2012-12-25 15:00:00,322.4907678067217
2012-12-25 16:00:00,322.4907678067217
2012-12-25 17:00:00,275.231873983686
2012-12-25 18:00:00,263.5154841360002
2012-12-25 19:00:00,168.54932163852857
2012-12-25 20:00:00,253.56392513227436
2012-12-25 21:00:00,176.1657590616531
2012-12-25 22:00:00,176.1657590616531
2012-12-25 23:00:00,176.1657590616531
2012-12-26 00:00:00,42.4202113074776
2012-12-26 01:00:00,15.734616769992613
2012-12-26 02:00:00,10.469123272454777
2012-12-26 03:00:00,3.6439843790034585
2012-12-26 04:00:00,3.8913822841295973
2012-12-26 05:00:00,36.84471950028885
2012-12-26 06:00:00,93.71569866760066
2012-12-26 07:00:00,98.7482947466813
2012-12-26 08:00:00,517.4707627569533
2012-12-26 09:00:00,98.7482947466813
2012-12-26 10:00:00,93.71569866760066
2012-12-26 11:00:00,93.71569866760066
2012-12-26 12:00:00,93.71569866760066
2012-12-26 13:00:00,93.71569866760066
2012-12-26 14:00:00,93.71569866760066
2012-12-26 15:00:00,64.10255628970386
2012-12-26 16:00:00,64.10255628970386
2012-12-26 17:00:00,98.7482947466813
2012-12-26 18:00:00,98.7482947466813
2012-12-26 19:00:00,98.7482947466813
2012-12-26 20:00:00,29.827183400843985
2012-12-26 21:00:00,131.57285088706465
2012-12-26 22:00:00,156.45426706677105
2012-12-26 23:00:00,90.376969185204
2012-12-27 00:00:00,28.272311049969026
2012-12-27 01:00:00,8.287968758006917
2012-12-27 02:00:00,10.469123272454777
2012-12-27 03:00:00,3.6439843790034585
2012-12-27 04:00:00,3.8913822841295973
2012-12-27 05:00:00,36.84471950028885
2012-12-27 06:00:00,156.45426706677105
2012-12-27 07:00:00,337.32159573915624
2012-12-27 08:00:00,631.6752033227182
2012-12-27 09:00:00,330.15224268712973
2012-12-27 10:00:00,131.57285088706465
2012-12-27 11:00:00,131.57285088706465
2012-12-27 12:00:00,196.7551533024743
2012-12-27 13:00:00,196.7551533024743
2012-12-27 14:00:00,131.57285088706465
2012-12-27 15:00:00,131.57285088706465
2012-12-27 16:00:00,196.7551533024743
2012-12-27 17:00:00,578.7149738379452
2012-12-27 18:00:00,337.32159573915624
2012-12-27 19:00:00,337.32159573915624
2012-12-27 20:00:00,156.45426706677105
2012-12-27 21:00:00,156.45426706677105
2012-12-27 22:00:00,156.45426706677105
2012-12-27 23:00:00,68.58397160097374
2012-12-28 00:00:00,27.710776899407033
2012-12-28 01:00:00,15.734616769992613
2012-12-28 02:00:00,8.127735225551637
2012-12-28 03:00:00,5.787437193002006
2012-12-28 04:00:00,8.619482395525665
2012-12-28 05:00:00,30.362425172396513
2012-12-28 06:00:00,93.71569866760066
2012-12-28 07:00:00,337.32159573915624
2012-12-28 08:00:00,631.6752033227182
2012-12-28 09:00:00,337.32159573915624
2012-12-28 10:00:00,131.57285088706465
2012-12-28 11:00:00,196.7551533024743
2012-12-28 12:00:00,196.7551533024743
2012-12-28 13:00:00,196.7551533024743
2012-12-28 14:00:00,196.7551533024743
2012-12-28 15:00:00,196.7551533024743
2012-12-28 16:00:00,196.7551533024743
2012-12-28 17:00:00,337.32159573915624
2012-12-28 18:00:00,337.32159573915624
2012-12-28 19:00:00,337.32159573915624
2012-12-28 20:00:00,156.45426706677105
2012-12-28 21:00:00,156.45426706677105
2012-12-28 22:00:00,156.45426706677105
2012-12-28 23:00:00,68.58397160097374
2012-12-29 00:00:00,45.98404409334586
2012-12-29 01:00:00,38.34886060744209
2012-12-29 02:00:00,54.643026462660806
2012-12-29 03:00:00,19.727432807356927
2012-12-29 04:00:00,4.164775739317724
2012-12-29 05:00:00,7.126974573876275
2012-12-29 06:00:00,11.822855093292251
2012-12-29 07:00:00,21.167094244821502
2012-12-29 08:00:00,76.54896739916708
2012-12-29 09:00:00,176.1657590616531
2012-12-29 10:00:00,108.48756961746886
2012-12-29 11:00:00,108.48756961746886
2012-12-29 12:00:00,108.48756961746886
2012-12-29 13:00:00,108.48756961746886
2012-12-29 14:00:00,209.2060261393666
2012-12-29 15:00:00,209.2060261393666
2012-12-29 16:00:00,283.61106063002154
2012-12-29 17:00:00,209.2060261393666
2012-12-29 18:00:00,283.61106063002154
2012-12-29 19:00:00,176.1657590616531
2012-12-29 20:00:00,176.1657590616531
2012-12-29 21:00:00,176.1657590616531
2012-12-29 22:00:00,176.1657590616531
2012-12-29 23:00:00,176.1657590616531
2012-12-30 00:00:00,91.30605960448312
2012-12-30 01:00:00,77.25074795991203
2012-12-30 02:00:00,54.643026462660806
2012-12-30 03:00:00,12.31370109505993
2012-12-30 04:00:00,7.338810502082335
2012-12-30 05:00:00,7.126974573876275
2012-12-30 06:00:00,13.418480250391825
2012-12-30 07:00:00,19.317233696279143
2012-12-30 08:00:00,73.47831000769963
2012-12-30 09:00:00,73.47831000769963
2012-12-30 10:00:00,220.41203091568303
2012-12-30 11:00:00,220.41203091568303
2012-12-30 12:00:00,220.41203091568303
2012-12-30 13:00:00,220.41203091568303
2012-12-30 14:00:00,220.41203091568303
2012-12-30 15:00:00,220.41203091568303
2012-12-30 16:00:00,220.41203091568303
2012-12-30 17:00:00,220.41203091568303
2012-12-30 18:00:00,161.291205749406
2012-12-30 19:00:00,155.17336110572612
2012-12-30 20:00:00,73.47831000769963
2012-12-30 21:00:00,73.47831000769963
2012-12-30 22:00:00,53.248405935491206
2012-12-30 23:00:00,37.141035814890536
2012-12-31 00:00:00,27.710776899407033
2012-12-31 01:00:00,15.734616769992613
2012-12-31 02:00:00,2.7719455481170794
2012-12-31 03:00:00,1.7594593229224293
2012-12-31 04:00:00,3.042823217079862
2012-12-31 05:00:00,36.84471950028885
2012-12-31 06:00:00,93.71569866760066
2012-12-31 07:00:00,337.32159573915624
2012-12-31 08:00:00,631.6752033227182
2012-12-31 09:00:00,337.32159573915624
2012-12-31 10:00:00,93.71569866760066
2012-12-31 11:00:00,93.71569866760066
2012-12-31 12:00:00,156.45426706677105
2012-12-31 13:00:00,196.7551533024743
2012-12-31 14:00:00,196.7551533024743
2012-12-31 15:00:00,196.7551533024743
2012-12-31 16:00:00,196.7551533024743
2012-12-31 17:00:00,604.8137428814905
2012-12-31 18:00:00,516.2209818837497
2012-12-31 19:00:00,341.55146883566835
2012-12-31 20:00:00,131.57285088706465
2012-12-31 21:00:00,131.57285088706465
2012-12-31 22:00:00,131.57285088706465
2012-12-31 23:00:00,90.376969185204
