datetime,count
2011-01-20 00:00:00,11.009762789432928
2011-01-20 01:00:00,4.638782627300927
2011-01-20 02:00:00,3.457691618200972
2011-01-20 03:00:00,3.470059780754407
2011-01-20 04:00:00,2.102613066174194
2011-01-20 05:00:00,7.8948929987515495
2011-01-20 06:00:00,34.550990581993815
2011-01-20 07:00:00,103.7314395290712
2011-01-20 08:00:00,200.0655504773778
2011-01-20 09:00:00,110.88997032177878
2011-01-20 10:00:00,48.164864356878745
2011-01-20 11:00:00,54.49317067919541
2011-01-20 12:00:00,66.79933966846302
2011-01-20 13:00:00,69.17604801873166
2011-01-20 14:00:00,56.91806870181485
2011-01-20 15:00:00,63.92851982979951
2011-01-20 16:00:00,89.07980804060306
2011-01-20 17:00:00,193.38828008340235
2011-01-20 18:00:00,170.3264937656485
2011-01-20 19:00:00,126.93226032410446
2011-01-20 20:00:00,67.68167329870535
2011-01-20 21:00:00,48.08207467170004
2011-01-20 22:00:00,37.3608924552445
2011-01-20 23:00:00,22.81646838357917
2011-01-21 00:00:00,13.652525905485
2011-01-21 01:00:00,6.398733645211769
2011-01-21 02:00:00,4.792468008370246
2011-01-21 03:00:00,1.8751167206222616
2011-01-21 04:00:00,2.079841526293342
2011-01-21 05:00:00,5.831848680347556
2011-01-21 06:00:00,32.01909680179862
2011-01-21 07:00:00,92.37032968670229
2011-01-21 08:00:00,199.94220387225488
2011-01-21 09:00:00,109.02829204143661
2011-01-21 10:00:00,42.77250628659393
2011-01-21 11:00:00,49.44182376302547
2011-01-21 12:00:00,57.70481564540098
2011-01-21 13:00:00,63.766370742428094
2011-01-21 14:00:00,53.603320609971384
2011-01-21 15:00:00,56.53941886472601
2011-01-21 16:00:00,87.40929339923356
2011-01-21 17:00:00,159.2333569662176
2011-01-21 18:00:00,141.3820211577439
2011-01-21 19:00:00,92.27375380783641
2011-01-21 20:00:00,46.711873027038884
2011-01-21 21:00:00,38.26016503851352
2011-01-21 22:00:00,27.03933790507533
2011-01-21 23:00:00,23.16540854638533
2011-01-22 00:00:00,18.638803773848405
2011-01-22 01:00:00,10.418575233609516
2011-01-22 02:00:00,12.058623716595381
2011-01-22 03:00:00,4.361400428321869
2011-01-22 04:00:00,1.3645699247960223
2011-01-22 06:00:00,3.1939457704799077
2011-01-22 07:00:00,9.56284335184823
2011-01-22 08:00:00,26.290123583899828
2011-01-22 09:00:00,29.93356320262709
2011-01-22 10:00:00,65.25977309691082
2011-01-22 11:00:00,70.98028706904991
2011-01-22 12:00:00,94.72178859346356
2011-01-22 13:00:00,95.28911690425367
2011-01-22 14:00:00,84.7413542038946
2011-01-22 15:00:00,92.91794285450335
2011-01-22 16:00:00,94.04979587481705
2011-01-22 17:00:00,71.41671151685512
2011-01-22 18:00:00,62.050806178223674
2011-01-22 19:00:00,44.97295557797439
2011-01-22 20:00:00,37.4184557333786
2011-01-22 21:00:00,36.29027095457315
2011-01-22 22:00:00,25.745446240852065
2011-01-22 23:00:00,22.401209575963065
2011-01-23 00:00:00,19.53691543046589
2011-01-23 01:00:00,16.475166065981444
2011-01-23 02:00:00,12.770125466586268
2011-01-23 03:00:00,7.341868870682534
2011-01-23 05:00:00,1.175498060790292
2011-01-23 06:00:00,1.3019992459573557
2011-01-23 07:00:00,5.0229185108392675
2011-01-23 08:00:00,19.175673798496497
2011-01-23 09:00:00,24.501739036598853
2011-01-23 10:00:00,51.87129810781126
2011-01-23 11:00:00,64.6399518404122
2011-01-23 12:00:00,86.98539259224795
2011-01-23 13:00:00,73.69534545169624
2011-01-23 14:00:00,80.89341240643105
2011-01-23 15:00:00,85.19782695305824
2011-01-23 16:00:00,92.82329179178406
2011-01-23 17:00:00,59.959631478215755
2011-01-23 18:00:00,61.74429908112267
2011-01-23 19:00:00,37.096279768417084
2011-01-23 20:00:00,34.67106094779028
2011-01-23 21:00:00,30.872862564849825
2011-01-23 22:00:00,22.098720343091294
2011-01-23 23:00:00,12.29194561327845
2011-01-24 00:00:00,8.550478406132008
2011-01-24 01:00:00,2.99291208253903
2011-01-24 03:00:00,0.7739155323427607
2011-01-24 04:00:00,1.5099063881058892
2011-01-24 05:00:00,4.734381035946528
2011-01-24 06:00:00,26.814802310646435
2011-01-24 07:00:00,79.63152743846918
2011-01-24 08:00:00,160.09365842018235
2011-01-24 09:00:00,105.2634198080191
2011-01-24 10:00:00,36.67281474989298
2011-01-24 11:00:00,33.84892120038623
2011-01-24 12:00:00,44.692432922614046
2011-01-24 13:00:00,40.98427989947236
2011-01-24 14:00:00,36.52362142935263
2011-01-24 15:00:00,49.573360487241786
2011-01-24 16:00:00,68.81192844374019
2011-01-24 17:00:00,137.57170190685622
2011-01-24 18:00:00,138.9225585869525
2011-01-24 19:00:00,111.5421623865164
2011-01-24 20:00:00,53.07163794876651
2011-01-24 21:00:00,39.237368350262145
2011-01-24 22:00:00,29.154327174721168
2011-01-24 23:00:00,16.333967846798068
2011-01-25 00:00:00,7.1189968450475885
2011-01-25 01:00:00,3.1041452057058434
2011-01-25 02:00:00,2.0422226625512696
2011-01-25 04:00:00,1.5574425127014346
2011-01-25 05:00:00,4.922003152643265
2011-01-25 06:00:00,33.49295132083431
2011-01-25 07:00:00,89.86646902333635
2011-01-25 08:00:00,172.07145133914517
2011-01-25 09:00:00,111.58414659126029
2011-01-25 10:00:00,42.213219275740904
2011-01-25 11:00:00,40.5206579966278
2011-01-25 12:00:00,54.18269961203417
2011-01-25 13:00:00,52.523968525542045
2011-01-25 14:00:00,54.237395264773916
2011-01-25 15:00:00,63.36573653596288
2011-01-25 16:00:00,91.04941370304422
2011-01-25 17:00:00,196.69645162591937
2011-01-25 18:00:00,175.90658575577308
2011-01-25 19:00:00,129.0870542090979
2011-01-25 20:00:00,65.38265818976096
2011-01-25 21:00:00,47.83612072376088
2011-01-25 22:00:00,35.693436703938744
2011-01-25 23:00:00,22.21502135786732
2011-01-26 00:00:00,8.433740283826666
2011-01-26 01:00:00,4.108908175182422
2011-01-26 02:00:00,3.1225394850757375
2011-01-26 05:00:00,3.3176366639047856
2011-01-26 06:00:00,20.18004316577249
2011-01-26 07:00:00,42.109464300451656
2011-01-26 08:00:00,86.38799971765617
2011-01-26 09:00:00,46.61979778707039
2011-01-26 10:00:00,25.051554820978048
2011-01-26 11:00:00,21.805080888619894
2011-01-26 12:00:00,17.94707953275648
2011-01-26 13:00:00,26.28420324813674
2011-01-26 14:00:00,19.406068579941216
2011-01-26 15:00:00,18.677068934341886
2011-01-26 16:00:00,47.17585521569433
2011-01-26 17:00:00,62.40348677445861
2011-01-27 16:00:00,66.95450289387965
2011-01-27 17:00:00,167.2254159337011
2011-01-27 18:00:00,149.3382214757337
2011-01-27 19:00:00,114.41501777667308
2011-01-27 20:00:00,63.521433168268516
2011-01-27 21:00:00,48.59151681982669
2011-01-27 22:00:00,36.10093621378613
2011-01-27 23:00:00,26.146030958138002
2011-01-28 00:00:00,13.31098871024541
2011-01-28 01:00:00,6.2869708758289615
2011-01-28 02:00:00,2.586858888275596
2011-01-28 03:00:00,3.075501476170867
2011-01-28 05:00:00,6.700067249209027
2011-01-28 06:00:00,33.498892286823775
2011-01-28 07:00:00,78.18675596874859
2011-01-28 08:00:00,171.22600309344998
2011-01-28 09:00:00,55.56094114376949
2011-01-28 10:00:00,32.88540035130349
2011-01-28 11:00:00,27.86824512011958
2011-01-28 12:00:00,26.37268875059988
2011-01-28 13:00:00,35.70105440344212
2011-01-28 14:00:00,25.508160978306563
2011-01-28 15:00:00,43.86834437770017
2011-01-28 16:00:00,65.18201665075192
2011-01-28 17:00:00,153.0587655266055
2011-01-28 18:00:00,137.84195649726976
2011-01-28 19:00:00,99.62425775234696
2011-01-28 20:00:00,54.32734106740858
2011-01-28 21:00:00,45.24182715959296
2011-01-28 22:00:00,39.75863268633444
2011-01-28 23:00:00,31.527158663677817
2011-01-29 00:00:00,17.829391935990124
2011-01-29 01:00:00,18.64420554038824
2011-01-29 02:00:00,14.381148086672
2011-01-29 03:00:00,8.562975335173709
2011-01-29 04:00:00,2.1684117982274187
2011-01-29 06:00:00,3.5521405661446748
2011-01-29 07:00:00,10.991408163543978
2011-01-29 08:00:00,31.44184803159237
2011-01-29 09:00:00,38.41131250530294
2011-01-29 10:00:00,67.503168633005
2011-01-29 11:00:00,73.60525625655279
2011-01-29 12:00:00,89.79770780574802
2011-01-29 13:00:00,92.88580492047741
2011-01-29 14:00:00,81.57613492639581
2011-01-29 15:00:00,81.47821368733665
2011-01-29 16:00:00,88.68988085155021
2011-01-29 17:00:00,68.92132980840034
2011-01-29 18:00:00,62.76486366003378
2011-01-29 19:00:00,43.57007914512851
2011-01-29 20:00:00,39.000834131581755
2011-01-29 21:00:00,36.08630409776681
2011-01-29 22:00:00,29.013737188344187
2011-01-29 23:00:00,27.959569988344366
2011-01-30 00:00:00,22.258625563957313
2011-01-30 01:00:00,17.108900637409857
2011-01-30 02:00:00,14.74880820758748
2011-01-30 03:00:00,8.878092306458395
2011-01-30 04:00:00,1.6606018818099226
2011-01-30 05:00:00,1.6981496325616403
2011-01-30 07:00:00,4.287410723827092
2011-01-30 08:00:00,18.46074613675629
2011-01-30 09:00:00,32.15424221924435
2011-01-30 10:00:00,56.194753296770045
2011-01-30 11:00:00,59.693717463312765
2011-01-30 12:00:00,120.90871765110609
2011-01-30 13:00:00,95.46225839293388
2011-01-30 14:00:00,89.26510539402976
2011-01-30 15:00:00,110.30661583186796
2011-01-30 16:00:00,104.21337133314444
2011-01-30 17:00:00,78.64908998127363
2011-01-30 18:00:00,65.96975328351265
2011-01-30 19:00:00,38.54231950422482
2011-01-30 20:00:00,38.39050878278987
2011-01-30 21:00:00,31.64294831519097
2011-01-30 22:00:00,26.55781841119082
2011-01-30 23:00:00,15.214821447565011
2011-01-31 00:00:00,8.44728423213904
2011-01-31 01:00:00,3.4985238335240876
2011-01-31 02:00:00,2.7668167732071116
2011-01-31 03:00:00,2.0078449515670167
2011-01-31 04:00:00,1.5381961687328563
2011-01-31 05:00:00,5.288737563897895
2011-01-31 06:00:00,28.582724215337233
2011-01-31 07:00:00,88.00497694717494
2011-01-31 08:00:00,162.1015710941685
2011-01-31 09:00:00,100.51479485656016
2011-01-31 10:00:00,38.057157199340665
2011-01-31 11:00:00,36.797614872563074
2011-01-31 12:00:00,49.15922609974257
2011-01-31 13:00:00,44.43158890826778
2011-01-31 14:00:00,39.04365295507143
2011-01-31 15:00:00,40.73862785740664
2011-01-31 16:00:00,67.3747056333818
2011-01-31 17:00:00,151.36594904925013
2011-01-31 18:00:00,145.76787290491094
2011-01-31 19:00:00,144.45576792982874
2011-01-31 20:00:00,46.82208737108412
2011-01-31 21:00:00,32.31731912298138
2011-01-31 22:00:00,33.56949293175452
2011-01-31 23:00:00,17.47242077114855
2011-02-20 00:00:00,25.610749061420016
2011-02-20 01:00:00,21.852706472677774
2011-02-20 02:00:00,18.605970778044902
2011-02-20 03:00:00,8.025814166620545
2011-02-20 04:00:00,0.9426507048035495
2011-02-20 06:00:00,1.9075927521061486
2011-02-20 07:00:00,8.595201642402154
2011-02-20 08:00:00,26.589328544585296
2011-02-20 09:00:00,35.67638056059659
2011-02-20 10:00:00,97.07687979042993
2011-02-20 11:00:00,120.61045376277491
2011-02-20 12:00:00,156.01868056055443
2011-02-20 13:00:00,151.1925421814078
2011-02-20 14:00:00,156.85021974729497
2011-02-20 15:00:00,161.23634072469565
2011-02-20 16:00:00,157.23670834549355
2011-02-20 17:00:00,126.59419067811392
2011-02-20 18:00:00,110.53205924010956
2011-02-20 19:00:00,61.178269013034694
2011-02-20 20:00:00,69.17591151861552
2011-02-20 21:00:00,58.77627267657981
2011-02-20 22:00:00,49.71328922025905
2011-02-20 23:00:00,22.344005088597964
2011-02-21 00:00:00,27.764272684421623
2011-02-21 01:00:00,15.645269283309602
2011-02-21 02:00:00,12.630041773579075
2011-02-21 03:00:00,5.626555120802135
2011-02-21 04:00:00,3.557413109911712
2011-02-21 05:00:00,2.0533438089869755
2011-02-21 06:00:00,7.358840953673003
2011-02-21 07:00:00,35.246980463642
2011-02-21 08:00:00,59.49859249048109
2011-02-21 09:00:00,59.986218012039096
2011-02-21 10:00:00,119.71315342929893
2011-02-21 11:00:00,134.9353625038683
2011-02-21 12:00:00,140.13290721628533
2011-02-21 13:00:00,81.85106383496831
2011-02-21 14:00:00,117.37952547486991
2011-02-21 15:00:00,113.82683714455281
2011-02-21 16:00:00,82.8601442200844
2011-02-21 17:00:00,86.67254317622876
2011-02-21 18:00:00,89.27497342025835
2011-02-21 19:00:00,49.638026246888195
2011-02-21 20:00:00,32.04888652102013
2011-02-21 21:00:00,28.75466077997468
2011-02-21 22:00:00,26.241631515978735
2011-02-21 23:00:00,13.614053756313952
2011-02-22 06:00:00,34.694947376383986
2011-02-22 07:00:00,92.68399646592596
2011-02-22 08:00:00,194.3221351257425
2011-02-22 09:00:00,118.96039636078311
2011-02-22 10:00:00,43.031456521108375
2011-02-22 11:00:00,45.07521652162345
2011-02-22 12:00:00,55.56319939232817
2011-02-22 13:00:00,54.78907645173555
2011-02-22 14:00:00,47.430275190847205
2011-02-22 15:00:00,54.247485906440616
2011-02-22 16:00:00,71.24454597205184
2011-02-22 17:00:00,185.1550560674303
2011-02-22 18:00:00,175.39712120743258
2011-02-22 19:00:00,126.0911683578071
2011-02-22 20:00:00,69.94525524795758
2011-02-22 21:00:00,48.1372831017907
2011-02-22 22:00:00,37.338167708638
2011-02-22 23:00:00,24.48277472584897
2011-02-23 00:00:00,10.58639409413151
2011-02-23 01:00:00,4.984301367650709
2011-02-23 02:00:00,2.4320836807447717
2011-02-23 03:00:00,0.98181229460312
2011-02-23 05:00:00,5.174251394849205
2011-02-23 06:00:00,32.47951931099755
2011-02-23 07:00:00,104.04497334736209
2011-02-23 08:00:00,210.9064210512872
2011-02-23 09:00:00,132.40282183438728
2011-02-23 10:00:00,51.89022364786539
2011-02-23 11:00:00,53.323812538066115
2011-02-23 12:00:00,67.85895350568032
2011-02-23 13:00:00,65.81436908014102
2011-02-23 14:00:00,69.18853582086057
2011-02-23 15:00:00,76.61816758638884
2011-02-23 16:00:00,104.03218422924911
2011-02-23 17:00:00,213.05261823670963
2011-02-23 18:00:00,187.01551067744936
2011-02-23 19:00:00,146.3075948938822
2011-02-23 20:00:00,75.45481865492525
2011-02-23 21:00:00,50.17944110495067
2011-02-23 22:00:00,39.79587560086135
2011-02-23 23:00:00,25.28035898762076
2011-02-24 00:00:00,13.138939618917258
2011-02-24 01:00:00,5.53373498311619
2011-02-24 02:00:00,3.17454978386498
2011-02-24 03:00:00,1.854602410827829
2011-02-24 05:00:00,6.839145718949986
2011-02-24 06:00:00,39.104470443586074
2011-02-24 07:00:00,118.2546845489568
2011-02-24 08:00:00,228.95199592583074
2011-02-24 09:00:00,121.25642497785385
2011-02-24 10:00:00,49.74223758567693
2011-02-24 11:00:00,69.1631390017545
2011-02-24 12:00:00,87.0226394870113
2011-02-24 13:00:00,83.31164923980872
2011-02-24 14:00:00,75.75235488598938
2011-02-24 15:00:00,62.2017106648369
2011-02-24 16:00:00,83.22179908511133
2011-02-24 17:00:00,111.1584804446551
2011-02-24 18:00:00,166.7132442102382
2011-02-24 19:00:00,51.05498104578735
2011-02-24 20:00:00,66.63403017717236
2011-02-24 21:00:00,61.6161999608276
2011-02-24 22:00:00,34.88308518361851
2011-02-24 23:00:00,32.61883332200456
2011-02-25 00:00:00,12.544845096048427
2011-02-25 01:00:00,11.507797940676161
2011-02-25 02:00:00,5.7604179967479805
2011-02-25 03:00:00,2.4581719972938925
2011-02-25 05:00:00,9.847030686258542
2011-02-25 06:00:00,32.84452490998453
2011-02-25 07:00:00,56.14057032672229
2011-02-25 08:00:00,131.05309370716333
2011-02-25 09:00:00,51.076439688325195
2011-02-25 10:00:00,41.48054238734787
2011-02-25 11:00:00,89.71958630636121
2011-02-25 12:00:00,100.36748530425638
2011-02-25 13:00:00,95.8964743784454
2011-02-25 14:00:00,75.49849972330004
2011-02-25 15:00:00,108.21159131969178
2011-02-25 16:00:00,113.069689503855
2011-02-25 17:00:00,183.60329866293475
2011-02-25 18:00:00,154.92048787495332
2011-02-25 19:00:00,110.31981762171655
2011-02-25 20:00:00,73.92632777487378
2011-02-25 21:00:00,60.413449683923346
2011-02-25 22:00:00,43.61119879057563
2011-02-25 23:00:00,35.34328888873562
2011-02-26 00:00:00,31.80695796135131
2011-02-26 01:00:00,23.873916493933923
2011-02-26 02:00:00,16.3200452949427
2011-02-26 03:00:00,8.102728880792203
2011-02-26 04:00:00,3.166833850703216
2011-02-26 05:00:00,1.7327618301965941
2011-02-26 06:00:00,3.8551857585806566
2011-02-26 07:00:00,12.061315368023536
2011-02-26 08:00:00,38.587148236346394
2011-02-26 09:00:00,49.727101806637144
2011-02-26 10:00:00,121.77994358149881
2011-02-26 11:00:00,132.57783727317505
2011-02-26 12:00:00,170.69647747909647
2011-02-26 13:00:00,157.53941908784
2011-02-26 14:00:00,141.13153765357814
2011-02-26 15:00:00,162.056717919826
2011-02-26 16:00:00,150.54555915927196
2011-02-26 17:00:00,151.15518109126657
2011-02-26 18:00:00,117.65977625719454
2011-02-26 19:00:00,70.97718882259444
2011-02-26 20:00:00,66.11643347569913
2011-02-26 21:00:00,52.73513662289819
2011-02-26 22:00:00,43.86795098256006
2011-02-26 23:00:00,37.45080499050883
2011-02-27 00:00:00,28.293941298516092
2011-02-27 01:00:00,30.42098273789923
2011-02-27 02:00:00,21.7516586722056
2011-02-27 03:00:00,9.343761622534439
2011-02-27 04:00:00,3.907881732367339
2011-02-27 06:00:00,2.7041276513227457
2011-02-27 07:00:00,11.175678313236787
2011-02-27 08:00:00,33.22594704628744
2011-02-27 09:00:00,43.793317576423505
2011-02-27 10:00:00,102.57334281886862
2011-02-27 11:00:00,135.95481888057853
2011-02-27 12:00:00,195.9524646098377
2011-02-27 13:00:00,185.85184181849627
2011-02-27 14:00:00,176.16385472824774
2011-02-27 15:00:00,203.24091237714882
2011-02-27 16:00:00,214.5531851147292
2011-02-27 17:00:00,154.35526264770542
2011-02-27 18:00:00,133.3858111511917
2011-02-27 19:00:00,75.16642046969065
2011-02-27 20:00:00,87.92663421309192
2011-02-27 21:00:00,76.03712926304001
2011-02-27 22:00:00,62.66292769887474
2011-02-27 23:00:00,31.992985152265412
2011-02-28 00:00:00,16.137033982672715
2011-02-28 01:00:00,3.9104608785521853
2011-02-28 03:00:00,1.1705675105946383
2011-02-28 05:00:00,9.82258048357122
2011-02-28 06:00:00,45.804727460021034
2011-02-28 07:00:00,158.0407206953959
2011-02-28 08:00:00,201.8248458161298
2011-02-28 09:00:00,136.38926671774476
2011-02-28 10:00:00,68.11608852461282
2011-02-28 11:00:00,86.17516553956933
2011-02-28 12:00:00,107.49823995996461
2011-02-28 13:00:00,66.0561610196455
2011-02-28 14:00:00,33.86553971827284
2011-02-28 15:00:00,31.33301661641503
2011-02-28 16:00:00,83.72149996842414
2011-02-28 17:00:00,78.55625198047086
2011-02-28 18:00:00,141.79596927998915
2011-02-28 19:00:00,70.24714543077049
2011-02-28 20:00:00,51.2813790566293
2011-02-28 21:00:00,66.11353826049967
2011-02-28 22:00:00,26.385759996799184
2011-02-28 23:00:00,24.025656151277172
2011-03-20 00:00:00,40.82533834700845
2011-03-20 01:00:00,31.632170923755766
2011-03-20 02:00:00,25.915857280269464
2011-03-20 03:00:00,17.538303688482937
2011-03-20 04:00:00,3.652032200297204
2011-03-20 05:00:00,2.309652786277791
2011-03-20 06:00:00,3.9331382592000645
2011-03-20 07:00:00,10.573508325003422
2011-03-20 08:00:00,41.49987138889678
2011-03-20 09:00:00,56.614814640187745
2011-03-20 10:00:00,121.4714254631026
2011-03-20 11:00:00,135.5597852790667
2011-03-20 12:00:00,191.42876517680548
2011-03-20 13:00:00,200.25383480696144
2011-03-20 14:00:00,187.3402606808685
2011-03-20 15:00:00,196.96268190208318
2011-03-20 16:00:00,186.74187122772128
2011-03-20 17:00:00,167.84225656895083
2011-03-20 18:00:00,149.0899187844601
2011-03-20 19:00:00,84.35387498288048
2011-03-20 20:00:00,79.32650250856351
2011-03-20 21:00:00,60.288210995124594
2011-03-20 22:00:00,44.10791222920425
2011-03-20 23:00:00,16.069380379399437
2011-03-21 00:00:00,7.737313833997852
2011-03-21 01:00:00,6.390306411339764
2011-03-21 02:00:00,4.628560463016251
2011-03-21 03:00:00,2.562799589714418
2011-03-21 05:00:00,9.053306021546323
2011-03-21 06:00:00,25.223093478966312
2011-03-21 07:00:00,37.683383972607416
2011-03-21 08:00:00,179.88054671246223
2011-03-21 09:00:00,120.41342143927842
2011-03-21 10:00:00,60.62864001208244
2011-03-21 11:00:00,71.39943482420779
2011-03-21 12:00:00,88.20143617297947
2011-03-21 13:00:00,122.94585813748185
2011-03-21 14:00:00,113.7501452418179
2011-03-21 15:00:00,120.84587716566617
2011-03-21 16:00:00,154.93896002935224
2011-03-21 17:00:00,354.4396209590303
2011-03-21 18:00:00,331.54864996082216
2011-03-21 19:00:00,253.37220373681694
2011-03-21 20:00:00,179.30645790273022
2011-03-21 21:00:00,64.46572104412743
2011-03-21 22:00:00,67.03652240358392
2011-03-21 23:00:00,44.990095037790695
2011-03-22 00:00:00,17.895753738988045
2011-03-22 01:00:00,5.743575616713517
2011-03-22 02:00:00,3.6816521548328867
2011-03-22 03:00:00,3.5840239166579213
2011-03-22 04:00:00,2.2386584551405866
2011-03-22 05:00:00,11.891795279412868
2011-03-22 06:00:00,56.62441795697348
2011-03-22 07:00:00,155.7471802062601
2011-03-22 08:00:00,199.760731578101
2011-03-22 09:00:00,145.54979890073332
2011-03-22 10:00:00,72.6619939808286
2011-03-22 11:00:00,83.36357810571383
2011-03-22 12:00:00,114.36365642083011
2011-03-22 13:00:00,136.3551998556828
2011-03-22 14:00:00,122.55777417329831
2011-03-22 15:00:00,131.89151038255608
2011-03-22 16:00:00,181.05277718102596
2011-03-22 17:00:00,363.48380444167447
2011-03-22 18:00:00,338.60748652910723
2011-03-22 19:00:00,202.8564575355127
2011-03-22 20:00:00,119.59719623128704
2011-03-22 21:00:00,87.91604702395247
2011-03-22 22:00:00,73.34434987913801
2011-03-22 23:00:00,44.6674423385256
2011-03-23 00:00:00,9.39704942775355
2011-03-23 01:00:00,4.0493439702753316
2011-03-23 02:00:00,2.5211462051255684
2011-03-23 03:00:00,3.455055282360102
2011-03-23 05:00:00,4.827398317598152
2011-03-23 06:00:00,44.60978326341417
2011-03-23 07:00:00,105.84462700906708
2011-03-23 08:00:00,214.4726251904092
2011-03-23 09:00:00,128.5483835156102
2011-03-23 10:00:00,49.01806524143317
2011-03-23 11:00:00,49.15540744343872
2011-03-23 12:00:00,57.254148572681075
2011-03-23 13:00:00,32.93328846465811
2011-03-23 14:00:00,58.28904474689362
2011-03-23 15:00:00,73.96638058857204
2011-03-23 16:00:00,94.94306793962743
2011-03-23 17:00:00,236.95588070122128
2011-03-23 18:00:00,71.20486769579806
2011-03-23 19:00:00,58.8570109105983
2011-03-23 20:00:00,28.25118797158795
2011-03-23 21:00:00,15.522159863843324
2011-03-23 22:00:00,35.515827531838305
2011-03-23 23:00:00,18.032338923577036
2011-03-24 00:00:00,8.958524369968517
2011-03-24 01:00:00,3.2134696249121975
2011-03-24 02:00:00,2.1962461260679573
2011-03-24 03:00:00,2.390778529991116
2011-03-24 04:00:00,0.7820718647443459
2011-03-24 05:00:00,6.4771972171908905
2011-03-24 06:00:00,34.35198013258533
2011-03-24 07:00:00,35.71330304770955
2011-03-24 08:00:00,60.44397013715853
2011-03-24 09:00:00,109.77705201580564
2011-03-24 10:00:00,34.5522788564207
2011-03-24 11:00:00,49.94173188589591
2011-03-24 12:00:00,71.18371236732341
2011-03-24 13:00:00,70.25779723515984
2011-03-24 14:00:00,60.0753329228386
2011-03-24 15:00:00,62.62196245656771
2011-03-24 16:00:00,78.88843710494424
2011-03-24 17:00:00,204.03313546182375
2011-03-24 18:00:00,192.21216934506276
2011-03-24 19:00:00,140.2425023208459
2011-03-24 20:00:00,85.3100996786531
2011-03-24 21:00:00,58.06182296015181
2011-03-24 22:00:00,44.431008788292026
2011-03-24 23:00:00,28.439474166160917
2011-03-25 00:00:00,18.045595630164044
2011-03-25 01:00:00,7.050241783049431
2011-03-25 02:00:00,2.7387262171459517
2011-03-25 03:00:00,2.803656030105577
2011-03-25 04:00:00,1.6249242577626082
2011-03-25 05:00:00,6.401501394468379
2011-03-25 06:00:00,37.25196313979416
2011-03-25 07:00:00,108.49786080768011
2011-03-25 08:00:00,219.61992946612594
2011-03-25 09:00:00,125.82751126072529
2011-03-25 10:00:00,55.833003257876655
2011-03-25 11:00:00,66.32478580261913
2011-03-25 12:00:00,96.52186721740787
2011-03-25 13:00:00,94.79228255302304
2011-03-25 14:00:00,93.49426411579964
2011-03-25 15:00:00,87.96863561909827
2011-03-25 16:00:00,109.2841454349217
2011-03-25 17:00:00,210.8815247376021
2011-03-25 18:00:00,188.60186952951705
2011-03-25 19:00:00,128.31492995163472
2011-03-25 20:00:00,82.42504624887313
2011-03-25 21:00:00,68.83180994111741
2011-03-25 22:00:00,54.09151741306052
2011-03-25 23:00:00,33.24059051337829
2011-03-26 00:00:00,29.740937260552883
2011-03-26 01:00:00,24.25584208724855
2011-03-26 02:00:00,17.36327601851853
2011-03-26 03:00:00,6.6441212853949
2011-03-26 04:00:00,1.6226360527406993
2011-03-26 05:00:00,1.9901538132181416
2011-03-26 06:00:00,6.273087587656098
2011-03-26 07:00:00,13.716390231548793
2011-03-26 08:00:00,39.72384637721563
2011-03-26 09:00:00,54.27824998210675
2011-03-26 10:00:00,112.83314101311234
2011-03-26 11:00:00,127.14843077985469
2011-03-26 12:00:00,160.6365880678366
2011-03-26 13:00:00,170.7603299615058
2011-03-26 14:00:00,165.66059365292162
2011-03-26 15:00:00,173.98542935842218
2011-03-26 16:00:00,154.308970056889
2011-03-26 17:00:00,145.44306919202978
2011-03-26 18:00:00,132.49954209684114
2011-03-26 19:00:00,72.11286600342058
2011-03-26 20:00:00,64.6370644566029
2011-03-26 21:00:00,46.017608339224616
2011-03-26 22:00:00,46.45206792930628
2011-03-26 23:00:00,27.60248530915084
2011-03-27 00:00:00,34.11230337265875
2011-03-27 01:00:00,25.6588878169407
2011-03-27 02:00:00,10.755150110845289
2011-03-27 03:00:00,6.102102614031597
2011-03-27 04:00:00,2.816632061543876
2011-03-27 06:00:00,2.7638856329762196
2011-03-27 07:00:00,7.826615268860635
2011-03-27 08:00:00,29.270341253591518
2011-03-27 09:00:00,39.01976181114186
2011-03-27 10:00:00,80.32136951124947
2011-03-27 11:00:00,100.15606010747943
2011-03-27 12:00:00,123.6706236793724
2011-03-27 13:00:00,144.0770776888639
2011-03-27 14:00:00,153.74246630867316
2011-03-27 15:00:00,148.65086276990945
2011-03-27 16:00:00,144.34233831260468
2011-03-27 17:00:00,133.93438292788267
2011-03-27 18:00:00,111.04256669375448
2011-03-27 19:00:00,62.20149610242209
2011-03-27 20:00:00,60.03967641996682
2011-03-27 21:00:00,43.555251042796534
2011-03-27 22:00:00,33.057064550314195
2011-03-27 23:00:00,18.128674989316586
2011-03-28 00:00:00,9.947879787436806
2011-03-28 01:00:00,4.374652030457857
2011-03-28 02:00:00,3.1778166283306204
2011-03-28 03:00:00,1.4632579123271041
2011-03-28 05:00:00,5.839843477094384
2011-03-28 06:00:00,37.17434192100873
2011-03-28 07:00:00,110.03149979800857
2011-03-28 08:00:00,206.95562297029412
2011-03-28 09:00:00,123.9881577657011
2011-03-28 10:00:00,53.16843685854195
2011-03-28 11:00:00,48.298494865756794
2011-03-28 12:00:00,62.06804348500417
2011-03-28 13:00:00,71.47881259833835
2011-03-28 14:00:00,72.74908510356597
2011-03-28 15:00:00,76.42118306715936
2011-03-28 16:00:00,94.1369727137609
2011-03-28 17:00:00,199.34886306689518
2011-03-28 18:00:00,183.06005416018473
2011-03-28 19:00:00,147.1389401719321
2011-03-28 20:00:00,99.59206728275646
2011-03-28 21:00:00,74.89498176080014
2011-03-28 22:00:00,49.025057580591906
2011-03-28 23:00:00,22.78888572867479
2011-03-29 00:00:00,10.354519125464998
2011-03-29 01:00:00,4.3873247999226335
2011-03-29 02:00:00,3.3849335649244026
2011-03-29 03:00:00,1.9266709532060502
2011-03-29 04:00:00,1.4511657238930304
2011-03-29 05:00:00,7.54351193293304
2011-03-29 06:00:00,38.11459984135256
2011-03-29 07:00:00,113.01172461659216
2011-03-29 08:00:00,215.62834107569427
2011-03-29 09:00:00,141.06738772598402
2011-03-29 10:00:00,57.949557261253396
2011-03-29 11:00:00,63.96679605174495
2011-03-29 12:00:00,86.63397677138138
2011-03-29 13:00:00,79.95755891232997
2011-03-29 14:00:00,81.6528929577645
2011-03-29 15:00:00,91.89488674509265
2011-03-29 16:00:00,120.7547374200945
2011-03-29 17:00:00,245.5446906365207
2011-03-29 18:00:00,207.51180431229054
2011-03-29 19:00:00,165.04618117915163
2011-03-29 20:00:00,113.67759997645817
2011-03-29 21:00:00,75.80129109441312
2011-03-29 22:00:00,58.08577137256344
2011-03-29 23:00:00,37.951845633277436
2011-03-30 00:00:00,17.45191930127167
2011-03-30 01:00:00,7.7889558433468835
2011-03-30 02:00:00,3.8779651679091325
2011-03-30 03:00:00,2.3186414478256516
2011-03-30 04:00:00,1.8686507770649126
2011-03-30 05:00:00,10.725226229030454
2011-03-30 06:00:00,46.60942692816334
2011-03-30 07:00:00,135.8342194140924
2011-03-30 08:00:00,202.16958286112478
2011-03-30 09:00:00,131.01689383939788
2011-03-30 10:00:00,61.17297989765819
2011-03-30 11:00:00,66.7866149034756
2011-03-30 12:00:00,87.15042006421741
2011-03-30 13:00:00,85.90779905336298
2011-03-30 14:00:00,77.93973420785372
2011-03-30 15:00:00,20.646753829780614
2011-03-30 16:00:00,34.58057280806474
2011-03-30 17:00:00,69.231385356997
2011-03-30 18:00:00,144.55043246966977
2011-03-30 19:00:00,118.06660637841105
2011-03-30 20:00:00,23.8798472380156
2011-03-30 21:00:00,41.188714538293475
2011-03-30 22:00:00,16.684336255567317
2011-03-30 23:00:00,10.05842158375739
2011-03-31 00:00:00,3.557993695268549
2011-03-31 01:00:00,1.5037172073625005
2011-03-31 02:00:00,1.375947692835223
2011-03-31 03:00:00,0.5592242225868209
2011-03-31 04:00:00,0.09510333974066715
2011-03-31 05:00:00,2.709669391828145
2011-03-31 06:00:00,12.748428635266665
2011-03-31 07:00:00,38.25937270106356
2011-03-31 08:00:00,159.02284104110822
2011-03-31 09:00:00,38.77685814924811
2011-03-31 10:00:00,18.931848437872254
2011-03-31 11:00:00,20.538100003014815
2011-03-31 12:00:00,23.482982996320057
2011-03-31 13:00:00,31.267307110947776
2011-03-31 14:00:00,25.594606090740868
2011-03-31 15:00:00,17.443383720459458
2011-03-31 16:00:00,64.75735676059566
2011-03-31 17:00:00,199.35484816336654
2011-03-31 18:00:00,185.17791710794074
2011-03-31 19:00:00,140.37517147298428
2011-03-31 20:00:00,26.68765754112768
2011-03-31 21:00:00,48.3652380877553
2011-03-31 22:00:00,16.804373920646647
2011-03-31 23:00:00,11.91774341335655
2011-04-20 00:00:00,22.285419029490196
2011-04-20 01:00:00,7.000313834305624
2011-04-20 02:00:00,5.265529593991815
2011-04-20 03:00:00,3.4734205738631987
2011-04-20 04:00:00,2.262160966929108
2011-04-20 05:00:00,12.430782234112563
2011-04-20 06:00:00,56.0734070216407
2011-04-20 07:00:00,190.50457141808747
2011-04-20 08:00:00,357.8807462737617
2011-04-20 09:00:00,202.39219137599218
2011-04-20 10:00:00,115.52903440496237
2011-04-20 11:00:00,125.22615572616849
2011-04-20 12:00:00,164.23297070773808
2011-04-20 13:00:00,157.40363167613071
2011-04-20 14:00:00,129.88812944794344
2011-04-20 15:00:00,148.28949264737523
2011-04-20 16:00:00,217.77094029496618
2011-04-20 17:00:00,381.4769121312283
2011-04-20 18:00:00,362.5275574977987
2011-04-20 19:00:00,295.50958714202375
2011-04-20 20:00:00,236.38748370057272
2011-04-20 21:00:00,173.97493491416992
2011-04-20 22:00:00,136.03655767046638
2011-04-20 23:00:00,82.49891720321853
2011-04-21 00:00:00,29.143196738294023
2011-04-21 01:00:00,12.822886164580716
2011-04-21 02:00:00,8.07248659541473
2011-04-21 03:00:00,3.20700959575207
2011-04-21 04:00:00,3.7472884148014414
2011-04-21 05:00:00,12.903214009183795
2011-04-21 06:00:00,64.56730056688443
2011-04-21 07:00:00,177.72404296697823
2011-04-21 08:00:00,231.61194529416986
2011-04-21 09:00:00,162.43307531886873
2011-04-21 10:00:00,80.2540801302324
2011-04-21 11:00:00,90.26854109244414
2011-04-21 12:00:00,136.61633740548075
2011-04-21 13:00:00,139.0377712107594
2011-04-21 14:00:00,127.05380065301307
2011-04-21 15:00:00,132.62996884021203
2011-04-21 16:00:00,193.8380166839786
2011-04-21 17:00:00,388.77709309346653
2011-04-21 18:00:00,346.49292803580545
2011-04-21 19:00:00,249.5276521977482
2011-04-21 20:00:00,152.3890350551067
2011-04-21 21:00:00,108.00389143284016
2011-04-21 22:00:00,83.68761360230889
2011-04-21 23:00:00,59.03125096892003
2011-04-22 00:00:00,35.53420044329777
2011-04-22 01:00:00,13.305423089595358
2011-04-22 02:00:00,6.891199481147389
2011-04-22 03:00:00,4.862869114084294
2011-04-22 04:00:00,3.078846805510656
2011-04-22 05:00:00,12.531989126000354
2011-04-22 06:00:00,60.328948349140205
2011-04-22 07:00:00,147.74819252752124
2011-04-22 08:00:00,242.8231286413258
2011-04-22 09:00:00,86.81553528206655
2011-04-22 10:00:00,78.27136480119708
2011-04-22 11:00:00,56.10040856377216
2011-04-22 12:00:00,63.512222177994275
2011-04-22 13:00:00,49.62983975204502
2011-04-22 14:00:00,35.26651416596211
2011-04-22 15:00:00,45.28874303774589
2011-04-22 16:00:00,73.28061377382579
2011-04-22 17:00:00,87.94972597607963
2011-04-22 18:00:00,74.13238352065586
2011-04-22 19:00:00,54.425753520227595
2011-04-22 20:00:00,53.816644176824624
2011-04-22 21:00:00,41.95903046314597
2011-04-22 22:00:00,30.906300841592962
2011-04-22 23:00:00,30.845176764492994
2011-04-23 00:00:00,28.114276312240754
2011-04-23 01:00:00,21.76103550542345
2011-04-23 02:00:00,14.28973904384196
2011-04-23 03:00:00,10.9775307368156
2011-04-23 04:00:00,2.5410058863330662
2011-04-23 05:00:00,3.6795816257061027
2011-04-23 06:00:00,10.435585945142316
2011-04-23 07:00:00,16.523490305983064
2011-04-23 08:00:00,59.64821218363266
2011-04-23 09:00:00,53.259093030890234
2011-04-23 10:00:00,132.55667711938608
2011-04-23 11:00:00,159.09791128862523
2011-04-23 12:00:00,187.58654311101213
2011-04-23 13:00:00,192.83571179026816
2011-04-23 14:00:00,217.16702267689007
2011-04-23 15:00:00,239.6254567128603
2011-04-23 16:00:00,245.21393739624494
2011-04-23 17:00:00,225.13765508874081
2011-04-23 18:00:00,184.33742185357787
2011-04-23 19:00:00,129.93296080486618
2011-04-23 20:00:00,99.18708249580125
2011-04-23 21:00:00,96.14286444269425
2011-04-23 22:00:00,80.23782208434076
2011-04-23 23:00:00,64.15520650762541
2011-04-24 00:00:00,57.81251390544116
2011-04-24 01:00:00,47.0272386360292
2011-04-24 02:00:00,40.3229383663825
2011-04-24 03:00:00,19.419973786863057
2011-04-24 04:00:00,5.5016925284010405
2011-04-24 05:00:00,8.239801904380316
2011-04-24 06:00:00,9.06537926584652
2011-04-24 07:00:00,19.16523965559969
2011-04-24 08:00:00,58.890354254024174
2011-04-24 09:00:00,89.12657794479614
2011-04-24 10:00:00,206.08694983305915
2011-04-24 11:00:00,263.4552346766793
2011-04-24 12:00:00,307.137077261562
2011-04-24 13:00:00,307.0913846902664
2011-04-24 14:00:00,309.1674307501817
2011-04-24 15:00:00,300.48256413240676
2011-04-24 16:00:00,334.69523879046704
2011-04-24 17:00:00,296.21434463856986
2011-04-24 18:00:00,240.86721612557176
2011-04-24 19:00:00,95.8306374371977
2011-04-24 20:00:00,89.71921160392694
2011-04-24 21:00:00,53.7025794419951
2011-04-24 22:00:00,39.7585207619857
2011-04-24 23:00:00,26.919971810574825
2011-04-25 00:00:00,11.868372110577674
2011-04-25 01:00:00,8.626462213915437
2011-04-25 02:00:00,4.788494333221807
2011-04-25 03:00:00,3.1267676162036127
2011-04-25 04:00:00,3.1107052351360283
2011-04-25 05:00:00,9.745939481481283
2011-04-25 06:00:00,52.72844517458982
2011-04-25 07:00:00,162.18591258899298
2011-04-25 08:00:00,403.76156898644
2011-04-25 09:00:00,205.43455310109812
2011-04-25 10:00:00,110.98836401787553
2011-04-25 11:00:00,119.13536307999246
2011-04-25 12:00:00,136.49196080075882
2011-04-25 13:00:00,148.315441347264
2011-04-25 14:00:00,141.6725961480508
2011-04-25 15:00:00,146.79031638802672
2011-04-25 16:00:00,219.01357272961226
2011-04-25 17:00:00,392.6368662308572
2011-04-25 18:00:00,365.99172967546315
2011-04-25 19:00:00,276.5224741227705
2011-04-25 20:00:00,240.66017378828758
2011-04-25 21:00:00,156.2089349367085
2011-04-25 22:00:00,93.79127766285707
2011-04-25 23:00:00,54.09214958729417
2011-04-26 00:00:00,28.62347959278249
2011-04-26 01:00:00,11.224878351305836
2011-04-26 02:00:00,5.289434359326978
2011-04-26 03:00:00,3.2895178972404535
2011-04-26 04:00:00,3.6731718005260774
2011-04-26 05:00:00,17.242264782366554
2011-04-26 06:00:00,74.64603223056493
2011-04-26 07:00:00,232.14619396726138
2011-04-26 08:00:00,377.04884142256293
2011-04-26 09:00:00,202.19008973759955
2011-04-26 10:00:00,113.39275648294172
2011-04-26 11:00:00,138.04678544650122
2011-04-26 12:00:00,150.9268704295934
2011-04-26 13:00:00,152.95655077294523
2011-04-26 14:00:00,136.247676788938
2011-04-26 15:00:00,150.36554595527826
2011-04-26 16:00:00,212.40756110681377
2011-04-26 17:00:00,399.85243201762245
2011-04-26 18:00:00,370.64525611929605
2011-04-26 19:00:00,282.16296488401076
2011-04-26 20:00:00,218.21460441583855
2011-04-26 21:00:00,120.89059330701386
2011-04-26 22:00:00,75.222371511688
2011-04-26 23:00:00,49.581542733451016
2011-04-27 00:00:00,28.0829767723979
2011-04-27 01:00:00,12.490728419173765
2011-04-27 02:00:00,5.965850629995324
2011-04-27 03:00:00,3.0830491093236763
2011-04-27 04:00:00,2.4907508803180414
2011-04-27 05:00:00,11.63494083895602
2011-04-27 06:00:00,61.14032463602911
2011-04-27 07:00:00,197.66755495988065
2011-04-27 08:00:00,339.6666185210085
2011-04-27 09:00:00,164.70283086437547
2011-04-27 10:00:00,73.37147755670678
2011-04-27 11:00:00,84.59383794464384
2011-04-27 12:00:00,120.57585409212065
2011-04-27 13:00:00,97.8653919389361
2011-04-27 14:00:00,117.43921617323471
2011-04-27 15:00:00,136.37830379805163
2011-04-27 16:00:00,202.81791162400154
2011-04-27 17:00:00,229.3229126006722
2011-04-27 18:00:00,215.45390360885324
2011-04-27 19:00:00,297.61290503353365
2011-04-27 20:00:00,154.73385224828704
2011-04-27 21:00:00,110.3155392123467
2011-04-27 22:00:00,64.06478176606258
2011-04-27 23:00:00,41.16637069553777
2011-04-28 00:00:00,26.305944594074724
2011-04-28 01:00:00,10.907260530150952
2011-04-28 02:00:00,5.214674985718987
2011-04-28 03:00:00,3.8215380317797925
2011-04-28 04:00:00,3.620844487279178
2011-04-28 05:00:00,14.18772621236252
2011-04-28 06:00:00,81.75966381897689
2011-04-28 07:00:00,231.5804101145862
2011-04-28 08:00:00,380.35946987984653
2011-04-28 09:00:00,94.53230346322857
2011-04-28 10:00:00,66.99158013125583
2011-04-28 11:00:00,78.5863462860047
2011-04-28 12:00:00,113.65084696456805
2011-04-28 13:00:00,82.55751881125923
2011-04-28 14:00:00,90.56423842773329
2011-04-28 15:00:00,137.30809567615756
2011-04-28 16:00:00,161.9376130096511
2011-04-28 17:00:00,393.8923828254537
2011-04-28 18:00:00,366.09020192656055
2011-04-28 19:00:00,269.607980600478
2011-04-28 20:00:00,193.3263949988794
2011-04-28 21:00:00,157.04424024336382
2011-04-28 22:00:00,117.96924725646252
2011-04-28 23:00:00,81.87321900008946
2011-04-29 00:00:00,39.597445182817644
2011-04-29 01:00:00,21.664452244194873
2011-04-29 02:00:00,9.582249217548364
2011-04-29 03:00:00,5.430131987480794
2011-04-29 04:00:00,3.8652967531065174
2011-04-29 05:00:00,18.812206249332824
2011-04-29 06:00:00,102.72372182256814
2011-04-29 07:00:00,237.9510431281909
2011-04-29 08:00:00,379.97157509540096
2011-04-29 09:00:00,200.029311923245
2011-04-29 10:00:00,122.1090592109883
2011-04-29 11:00:00,167.72342151972913
2011-04-29 12:00:00,167.87444155409204
2011-04-29 13:00:00,169.51180877080972
2011-04-29 14:00:00,175.96619419939822
2011-04-29 15:00:00,155.99985158317614
2011-04-29 16:00:00,215.89080177122594
2011-04-29 17:00:00,376.26561228285203
2011-04-29 18:00:00,340.3388428018837
2011-04-29 19:00:00,225.36388472741737
2011-04-29 20:00:00,184.91558187583817
2011-04-29 21:00:00,121.34139464245395
2011-04-29 22:00:00,95.39154716999937
2011-04-29 23:00:00,72.71400250633317
2011-04-30 00:00:00,54.983357267967186
2011-04-30 01:00:00,44.810009979760046
2011-04-30 02:00:00,33.71282644397735
2011-04-30 03:00:00,16.938862101501307
2011-04-30 04:00:00,5.168713237937381
2011-04-30 05:00:00,5.166694431835462
2011-04-30 06:00:00,15.960577123659569
2011-04-30 07:00:00,33.246851383342474
2011-04-30 08:00:00,94.218687096872
2011-04-30 09:00:00,97.97168644642869
2011-04-30 10:00:00,189.8684559314358
2011-04-30 11:00:00,224.48414193754695
2011-04-30 12:00:00,290.27600489957337
2011-04-30 13:00:00,286.25731103618796
2011-04-30 14:00:00,276.8719896139732
2011-04-30 15:00:00,304.80741630823815
2011-04-30 16:00:00,292.52056869186976
2011-04-30 17:00:00,286.79323239366903
2011-04-30 18:00:00,244.4037247884586
2011-04-30 19:00:00,173.41551297627908
2011-04-30 20:00:00,113.77528480127278
2011-04-30 21:00:00,108.4854332757725
2011-04-30 22:00:00,82.33625405963288
2011-04-30 23:00:00,71.00440270616897
2011-05-20 00:00:00,40.61065640637177
2011-05-20 01:00:00,22.399155906039624
2011-05-20 02:00:00,12.479213853459145
2011-05-20 03:00:00,7.02046519846998
2011-05-20 04:00:00,5.291731198941583
2011-05-20 05:00:00,21.15061506003219
2011-05-20 06:00:00,104.09644879166983
2011-05-20 07:00:00,337.93041952261564
2011-05-20 08:00:00,486.11773202504776
2011-05-20 09:00:00,250.99406725698438
2011-05-20 10:00:00,152.4288658252583
2011-05-20 11:00:00,156.6608209462608
2011-05-20 12:00:00,224.87907329637545
2011-05-20 13:00:00,217.3705687800681
2011-05-20 14:00:00,214.66838350075733
2011-05-20 15:00:00,217.45453075642945
2011-05-20 16:00:00,315.7573274890189
2011-05-20 17:00:00,509.4020980886532
2011-05-20 18:00:00,459.8373592609548
2011-05-20 19:00:00,335.20142486967944
2011-05-20 20:00:00,255.39034522457501
2011-05-20 21:00:00,203.37359296806815
2011-05-20 22:00:00,157.16045183646608
2011-05-20 23:00:00,139.27923961712352
2011-05-21 00:00:00,103.75826313335281
2011-05-21 01:00:00,83.5120572911637
2011-05-21 02:00:00,64.81125297539205
2011-05-21 03:00:00,26.249938738282907
2011-05-21 04:00:00,7.78236154676237
2011-05-21 05:00:00,11.026365305439978
2011-05-21 06:00:00,23.525979501267905
2011-05-21 07:00:00,66.74010410990259
2011-05-21 08:00:00,145.4661551132646
2011-05-21 09:00:00,230.02009479723733
2011-05-21 10:00:00,309.37850503437215
2011-05-21 11:00:00,357.8227642557875
2011-05-21 12:00:00,389.1450277474813
2011-05-21 13:00:00,420.51568734799037
2011-05-21 14:00:00,405.8683292759183
2011-05-21 15:00:00,409.2098306430992
2011-05-21 16:00:00,425.1346588460368
2011-05-21 17:00:00,411.1956086548237
2011-05-21 18:00:00,362.36052813762126
2011-05-21 19:00:00,302.74623512775634
2011-05-21 20:00:00,264.7146471764114
2011-05-21 21:00:00,231.60600069337423
2011-05-21 22:00:00,152.2468954627027
2011-05-21 23:00:00,131.68379758528755
2011-05-22 00:00:00,96.98845788865428
2011-05-22 01:00:00,64.59955447795718
2011-05-22 02:00:00,45.78006781820347
2011-05-22 03:00:00,30.25433965815569
2011-05-22 04:00:00,8.21639237609124
2011-05-22 05:00:00,13.51281466003573
2011-05-22 06:00:00,11.573869234625308
2011-05-22 07:00:00,39.161092132931344
2011-05-22 08:00:00,122.96769652493106
2011-05-22 09:00:00,197.76673657430015
2011-05-22 10:00:00,302.20807260249194
2011-05-22 11:00:00,343.3512491082676
2011-05-22 12:00:00,389.86763825221703
2011-05-22 13:00:00,398.9300848351632
2011-05-22 14:00:00,314.9581016661061
2011-05-22 15:00:00,373.4071040791024
2011-05-22 16:00:00,398.71734090030213
2011-05-22 17:00:00,378.57884975001633
2011-05-22 18:00:00,342.4156297460804
2011-05-22 19:00:00,262.64772185382645
2011-05-22 20:00:00,265.2782144085825
2011-05-22 21:00:00,171.6424562194026
2011-05-22 22:00:00,119.24846763454902
2011-05-22 23:00:00,70.07347878183855
2011-05-23 00:00:00,33.142349146608616
2011-05-23 01:00:00,16.94472639697794
2011-05-23 02:00:00,7.623663271787734
2011-05-23 03:00:00,3.5508691163828097
2011-05-23 04:00:00,5.290748931642985
2011-05-23 05:00:00,18.02129821497129
2011-05-23 06:00:00,76.83918236700309
2011-05-23 07:00:00,229.11003773374316
2011-05-23 08:00:00,481.8386375898498
2011-05-23 09:00:00,252.07637413401295
2011-05-23 10:00:00,155.7145583364007
2011-05-23 11:00:00,162.74146826247267
2011-05-23 12:00:00,187.31288421203482
2011-05-23 13:00:00,182.7285974183773
2011-05-23 14:00:00,167.6294471660587
2011-05-23 15:00:00,186.61250131512242
2011-05-23 16:00:00,280.4755812367974
2011-05-23 17:00:00,432.4579527101094
2011-05-23 18:00:00,548.569415097035
2011-05-23 19:00:00,440.8944952992229
2011-05-23 20:00:00,219.7304426796901
2011-05-23 21:00:00,150.42778318541727
2011-05-23 22:00:00,86.55454737905619
2011-05-23 23:00:00,57.869763999669594
2011-05-24 00:00:00,20.694780020138733
2011-05-24 01:00:00,11.416663086186773
2011-05-24 02:00:00,6.1819450893460735
2011-05-24 03:00:00,4.188412251917656
2011-05-24 04:00:00,6.708671761667054
2011-05-24 05:00:00,17.210753028134924
2011-05-24 06:00:00,77.41021696515624
2011-05-24 07:00:00,261.53378887644294
2011-05-24 08:00:00,356.1392611296562
2011-05-24 09:00:00,252.21325527098665
2011-05-24 10:00:00,162.1208577096525
2011-05-24 11:00:00,188.2585614608954
2011-05-24 12:00:00,203.46147012930987
2011-05-24 13:00:00,206.53228434799135
2011-05-24 14:00:00,182.71595463371733
2011-05-24 15:00:00,191.92874058238337
2011-05-24 16:00:00,275.71813492625046
2011-05-24 17:00:00,512.2272577552521
2011-05-24 18:00:00,529.7571784654208
2011-05-24 19:00:00,432.75303944510074
2011-05-24 20:00:00,323.1333696802047
2011-05-24 21:00:00,169.8352391273671
2011-05-24 22:00:00,70.57438044482605
2011-05-24 23:00:00,114.84097347525655
2011-05-25 00:00:00,26.893626950936447
2011-05-25 01:00:00,13.302923701459482
2011-05-25 02:00:00,6.105276303107714
2011-05-25 03:00:00,6.455216195336301
2011-05-25 04:00:00,5.0328673521039615
2011-05-25 05:00:00,23.798779771474553
2011-05-25 06:00:00,83.87691332665996
2011-05-25 07:00:00,353.0878635260114
2011-05-25 08:00:00,452.27357948051264
2011-05-25 09:00:00,246.95131378001682
2011-05-25 10:00:00,165.9144447652533
2011-05-25 11:00:00,188.72226398141305
2011-05-25 12:00:00,208.12264011625894
2011-05-25 13:00:00,200.0671351730236
2011-05-25 14:00:00,182.09861830879095
2011-05-25 15:00:00,196.18566151362634
2011-05-25 16:00:00,287.5210413949268
2011-05-25 17:00:00,516.8544106757819
2011-05-25 18:00:00,472.67571472770476
2011-05-25 19:00:00,387.9775397959114
2011-05-25 20:00:00,316.95861972327646
2011-05-25 21:00:00,206.58934260492194
2011-05-25 22:00:00,166.15363337202916
2011-05-25 23:00:00,121.65067806852113
2011-05-26 00:00:00,52.610515350997595
2011-05-26 01:00:00,21.88885424735687
2011-05-26 02:00:00,9.605271341246048
2011-05-26 03:00:00,5.581527413927182
2011-05-26 04:00:00,6.8614361949077125
2011-05-26 05:00:00,22.558218583211758
2011-05-26 06:00:00,82.33719892806523
2011-05-26 07:00:00,230.53160807575662
2011-05-26 08:00:00,459.21541826262836
2011-05-26 09:00:00,253.9306429398591
2011-05-26 10:00:00,162.9980348254903
2011-05-26 11:00:00,185.405780072632
2011-05-26 12:00:00,204.78069795399824
2011-05-26 13:00:00,207.5725896803777
2011-05-26 14:00:00,180.7478615095922
2011-05-26 15:00:00,190.78343107609928
2011-05-26 16:00:00,291.9903116343937
2011-05-26 17:00:00,525.3303638683014
2011-05-26 18:00:00,475.4452531794761
2011-05-26 19:00:00,363.34340153704454
2011-05-26 20:00:00,315.85618567963326
2011-05-26 21:00:00,248.32848015280416
2011-05-26 22:00:00,191.93800425808215
2011-05-26 23:00:00,139.24888581751767
2011-05-27 00:00:00,68.9146551645888
2011-05-27 01:00:00,24.01017480514311
2011-05-27 02:00:00,16.496212865003237
2011-05-27 03:00:00,7.042533531356721
2011-05-27 04:00:00,6.052104947826204
2011-05-27 05:00:00,37.04821307080593
2011-05-27 06:00:00,146.41486159555964
2011-05-27 07:00:00,343.8800326272381
2011-05-27 08:00:00,532.453207179711
2011-05-27 09:00:00,256.19758909558425
2011-05-27 10:00:00,183.79369939928173
2011-05-27 11:00:00,206.1204088333463
2011-05-27 12:00:00,242.77664249852566
2011-05-27 13:00:00,230.44659497752755
2011-05-27 14:00:00,217.89020478375156
2011-05-27 15:00:00,238.5965688570005
2011-05-27 16:00:00,312.98535436321305
2011-05-27 17:00:00,533.8498856275675
2011-05-27 18:00:00,460.9116298955259
2011-05-27 19:00:00,284.57912907195
2011-05-27 20:00:00,240.4898002746978
2011-05-27 21:00:00,177.92040115763922
2011-05-27 22:00:00,143.1682246353155
2011-05-27 23:00:00,118.07426159705975
2011-05-28 00:00:00,97.92720206197608
2011-05-28 01:00:00,73.53846363261036
2011-05-28 02:00:00,42.67438612850967
2011-05-28 03:00:00,24.901389759971746
2011-05-28 04:00:00,7.506991337383569
2011-05-28 05:00:00,13.425503185244889
2011-05-28 06:00:00,23.75496833922571
2011-05-28 07:00:00,52.63365056358488
2011-05-28 08:00:00,134.73571001492252
2011-05-28 09:00:00,215.07123321921273
2011-05-28 10:00:00,314.97348100721956
2011-05-28 11:00:00,360.2508096492635
2011-05-28 12:00:00,378.65419364323895
2011-05-28 13:00:00,413.28686180215755
2011-05-28 14:00:00,384.285087164876
2011-05-28 15:00:00,413.0602518615077
2011-05-28 16:00:00,424.39888603646557
2011-05-28 17:00:00,409.9824624418077
2011-05-28 18:00:00,355.4433378983206
2011-05-28 19:00:00,303.884644416104
2011-05-28 20:00:00,281.7321448670483
2011-05-28 21:00:00,209.20058197809686
2011-05-28 22:00:00,161.40736672660657
2011-05-28 23:00:00,128.6651131611532
2011-05-29 00:00:00,104.14623399407138
2011-05-29 01:00:00,84.57782273972231
2011-05-29 02:00:00,56.82286824530593
2011-05-29 03:00:00,32.86829730064749
2011-05-29 04:00:00,10.295640325271837
2011-05-29 05:00:00,11.700047266840658
2011-05-29 06:00:00,13.865208433896504
2011-05-29 07:00:00,30.33430839255459
2011-05-29 08:00:00,81.45612951675103
2011-05-29 09:00:00,86.09249541972254
2011-05-29 10:00:00,214.3603071692469
2011-05-29 11:00:00,233.70972223536873
2011-05-29 12:00:00,351.9116400331611
2011-05-29 13:00:00,374.6549315701166
2011-05-29 14:00:00,356.78806783015546
2011-05-29 15:00:00,360.8537485512349
2011-05-29 16:00:00,388.8127290462314
2011-05-29 17:00:00,362.3599304808897
2011-05-29 18:00:00,311.32240231070324
2011-05-29 19:00:00,259.00793619866414
2011-05-29 20:00:00,222.70871821404097
2011-05-29 21:00:00,180.8369437497417
2011-05-29 22:00:00,106.49632956559881
2011-05-29 23:00:00,76.16036646580989
2011-05-30 00:00:00,78.02864999969864
2011-05-30 01:00:00,46.83554321538358
2011-05-30 02:00:00,27.842410736223083
2011-05-30 03:00:00,14.413484629170007
2011-05-30 04:00:00,7.510257841213562
2011-05-30 05:00:00,9.157201050685252
2011-05-30 06:00:00,17.512168396620527
2011-05-30 07:00:00,47.554306908655754
2011-05-30 08:00:00,105.07974536373179
2011-05-30 09:00:00,201.40341639295278
2011-05-30 10:00:00,287.09492279559925
2011-05-30 11:00:00,329.1815681010788
2011-05-30 12:00:00,340.940607839433
2011-05-30 13:00:00,335.6966238124079
2011-05-30 14:00:00,330.4717109053428
2011-05-30 15:00:00,321.9075813412266
2011-05-30 16:00:00,353.8650156487283
2011-05-30 17:00:00,360.6408009966142
2011-05-30 18:00:00,349.75082111540837
2011-05-30 19:00:00,203.26081019506972
2011-05-30 20:00:00,248.2085648804961
2011-05-30 21:00:00,221.02375870256844
2011-05-30 22:00:00,171.87854602371664
2011-05-30 23:00:00,94.52649593751515
2011-05-31 00:00:00,41.13289696873469
2011-05-31 01:00:00,18.507551452353045
2011-05-31 02:00:00,6.459271570154048
2011-05-31 03:00:00,4.026607577045283
2011-05-31 04:00:00,7.057914337744624
2011-05-31 05:00:00,26.818392936220423
2011-05-31 06:00:00,132.65268858955312
2011-05-31 07:00:00,319.32994147302355
2011-05-31 08:00:00,400.50623668673325
2011-05-31 09:00:00,241.90577421256913
2011-05-31 10:00:00,146.5492884010842
2011-05-31 11:00:00,160.13087304007024
2011-05-31 12:00:00,180.9140995301997
2011-05-31 13:00:00,172.02575919297905
2011-05-31 14:00:00,162.62220214263456
2011-05-31 15:00:00,167.74376893308482
2011-05-31 16:00:00,264.52182032120834
2011-05-31 17:00:00,535.8515163621405
2011-05-31 18:00:00,500.6338515941609
2011-05-31 19:00:00,384.51872466242907
2011-05-31 20:00:00,317.78144140031924
2011-05-31 21:00:00,224.40212316279843
2011-05-31 22:00:00,173.70106951250924
2011-05-31 23:00:00,102.69716227700086
2011-06-20 00:00:00,40.131173879779
2011-06-20 01:00:00,14.713701272361432
2011-06-20 02:00:00,7.494480710141623
2011-06-20 03:00:00,3.1840911976720108
2011-06-20 04:00:00,4.397838612901876
2011-06-20 05:00:00,17.262968896645496
2011-06-20 06:00:00,88.40463100071824
2011-06-20 07:00:00,141.0064799138408
2011-06-20 08:00:00,261.7810727402723
2011-06-20 09:00:00,237.45507554237773
2011-06-20 10:00:00,99.31313929784115
2011-06-20 11:00:00,106.17130037407114
2011-06-20 12:00:00,171.2685455060839
2011-06-20 13:00:00,177.07444386042434
2011-06-20 14:00:00,165.68824979290247
2011-06-20 15:00:00,179.94782462042747
2011-06-20 16:00:00,260.22635295206754
2011-06-20 17:00:00,471.4782549381223
2011-06-20 18:00:00,455.5445900305328
2011-06-20 19:00:00,353.69136202419224
2011-06-20 20:00:00,254.61324337475753
2011-06-20 21:00:00,188.43651419958485
2011-06-20 22:00:00,131.80532994751695
2011-06-20 23:00:00,68.92797897160162
2011-06-21 00:00:00,27.53333186221996
2011-06-21 01:00:00,12.586001504907813
2011-06-21 02:00:00,6.271369671417068
2011-06-21 03:00:00,3.962199075006594
2011-06-21 04:00:00,5.552176439463142
2011-06-21 05:00:00,19.75354572348977
2011-06-21 06:00:00,83.69359179778574
2011-06-21 07:00:00,201.34906379222622
2011-06-21 08:00:00,407.36084522001096
2011-06-21 09:00:00,220.93869581413787
2011-06-21 10:00:00,88.9562834778258
2011-06-21 11:00:00,123.5756300426696
2011-06-21 12:00:00,159.59483970476134
2011-06-21 13:00:00,171.76922692677655
2011-06-21 14:00:00,166.7144306080635
2011-06-21 15:00:00,181.03374096004043
2011-06-21 16:00:00,257.46267721334823
2011-06-21 17:00:00,492.4270156984929
2011-06-21 18:00:00,434.8576496823008
2011-06-21 19:00:00,362.26789515499934
2011-06-21 20:00:00,222.4920025769183
2011-06-21 21:00:00,192.783301292378
2011-06-21 22:00:00,121.84638448421178
2011-06-21 23:00:00,104.70809037668378
2011-06-22 00:00:00,36.93067595966187
2011-06-22 01:00:00,19.597101314298474
2011-06-22 02:00:00,7.968687570814382
2011-06-22 03:00:00,5.674238584171145
2011-06-22 04:00:00,5.586788261741411
2011-06-22 05:00:00,22.571970394826813
2011-06-22 06:00:00,115.57781680658954
2011-06-22 07:00:00,296.1041967559421
2011-06-22 08:00:00,428.6349010752993
2011-06-22 09:00:00,244.64089842848006
2011-06-22 10:00:00,147.887916036707
2011-06-22 11:00:00,159.00450919798152
2011-06-22 12:00:00,182.57189685466798
2011-06-22 13:00:00,160.98980806194888
2011-06-22 14:00:00,163.7616755797585
2011-06-22 15:00:00,157.25523026054154
2011-06-22 16:00:00,236.3659376932282
2011-06-22 17:00:00,481.21223802065066
2011-06-22 18:00:00,430.84417167167203
2011-06-22 19:00:00,351.4504562638674
2011-06-22 20:00:00,281.29645145903714
2011-06-22 21:00:00,174.97560998028624
2011-06-22 22:00:00,116.37725468861044
2011-06-22 23:00:00,81.50259880151546
2011-06-23 00:00:00,44.19728105411425
2011-06-23 01:00:00,19.10415071965456
2011-06-23 02:00:00,9.961371534354404
2011-06-23 03:00:00,4.065347941061779
2011-06-23 04:00:00,6.008229839547614
2011-06-23 05:00:00,27.316232302731613
2011-06-23 06:00:00,131.84393983985558
2011-06-23 07:00:00,296.23899922813433
2011-06-23 08:00:00,419.48086615179085
2011-06-23 09:00:00,237.00997333498648
2011-06-23 10:00:00,151.21663259834017
2011-06-23 11:00:00,143.4279720471145
2011-06-23 12:00:00,187.5943513571478
2011-06-23 13:00:00,189.5741933925497
2011-06-23 14:00:00,150.2578024801605
2011-06-23 15:00:00,178.05961330072918
2011-06-23 16:00:00,270.64670437052763
2011-06-23 17:00:00,445.1272473110933
2011-06-23 18:00:00,452.8051627471987
2011-06-23 19:00:00,358.06410920416494
2011-06-23 20:00:00,287.46821275036075
2011-06-23 21:00:00,204.55117199541036
2011-06-23 22:00:00,140.3573750835212
2011-06-23 23:00:00,109.19591459927962
2011-06-24 00:00:00,60.404486255234296
2011-06-24 01:00:00,28.9708303795249
2011-06-24 02:00:00,12.860942323731193
2011-06-24 03:00:00,6.1512612552589605
2011-06-24 04:00:00,6.499210215363766
2011-06-24 05:00:00,23.58177331209533
2011-06-24 06:00:00,118.22894414602851
2011-06-24 07:00:00,257.00999928395936
2011-06-24 08:00:00,460.2314478244687
2011-06-24 09:00:00,243.0678051875632
2011-06-24 10:00:00,170.63986244545586
2011-06-24 11:00:00,200.9877103015862
2011-06-24 12:00:00,231.53008851585756
2011-06-24 13:00:00,233.85256471408547
2011-06-24 14:00:00,210.06718444422393
2011-06-24 15:00:00,232.63820171530344
2011-06-24 16:00:00,304.2296790961597
2011-06-24 17:00:00,499.34091077132877
2011-06-24 18:00:00,441.2347958320881
2011-06-24 19:00:00,330.20139073685834
2011-06-24 20:00:00,278.756166442126
2011-06-24 21:00:00,219.29559146289785
2011-06-24 22:00:00,179.13555076456348
2011-06-24 23:00:00,138.81671895736696
2011-06-25 00:00:00,121.44405913886477
2011-06-25 01:00:00,72.44973331815245
2011-06-25 02:00:00,72.80448155615046
2011-06-25 03:00:00,30.824671196522036
2011-06-25 04:00:00,8.452069150587441
2011-06-25 05:00:00,11.565068809419124
2011-06-25 06:00:00,34.22750139517175
2011-06-25 07:00:00,69.03038851453185
2011-06-25 08:00:00,186.91894582032734
2011-06-25 09:00:00,209.33854780788693
2011-06-25 10:00:00,283.5910707090167
2011-06-25 11:00:00,334.2487536854044
2011-06-25 12:00:00,377.742051718683
2011-06-25 13:00:00,395.87854323010356
2011-06-25 14:00:00,377.0035429465842
2011-06-25 15:00:00,379.79290768260523
2011-06-25 16:00:00,403.52929001283934
2011-06-25 17:00:00,393.91207039774304
2011-06-25 18:00:00,344.0715955330384
2011-06-25 19:00:00,292.9380876431011
2011-06-25 20:00:00,242.5136639740525
2011-06-25 21:00:00,205.59206001141223
2011-06-25 22:00:00,171.83494779516144
2011-06-25 23:00:00,123.11019578577144
2011-06-26 00:00:00,117.96817868833593
2011-06-26 01:00:00,78.85234307314569
2011-06-26 02:00:00,71.52946136090765
2011-06-26 03:00:00,38.8614212397809
2011-06-26 04:00:00,10.990148836709656
2011-06-26 05:00:00,11.742863066965764
2011-06-26 06:00:00,25.768076823831088
2011-06-26 07:00:00,52.74260240605524
2011-06-26 08:00:00,146.5899507557836
2011-06-26 09:00:00,194.52983570266275
2011-06-26 10:00:00,285.83072001139476
2011-06-26 11:00:00,322.9712352188461
2011-06-26 12:00:00,373.9393829261741
2011-06-26 13:00:00,377.2360385280149
2011-06-26 14:00:00,366.2980551716443
2011-06-26 15:00:00,354.5444135402894
2011-06-26 16:00:00,392.4980488962839
2011-06-26 17:00:00,371.8533070984244
2011-06-26 18:00:00,322.25185766555313
2011-06-26 19:00:00,251.99926670197527
2011-06-26 20:00:00,225.4431419804104
2011-06-26 21:00:00,189.469464800165
2011-06-26 22:00:00,149.88469193942618
2011-06-26 23:00:00,102.80012708686525
2011-06-27 00:00:00,32.73234808349323
2011-06-27 01:00:00,15.075764971292898
2011-06-27 02:00:00,7.861167642929944
2011-06-27 03:00:00,4.244875044947823
2011-06-27 04:00:00,5.850110408487872
2011-06-27 05:00:00,18.38271244982024
2011-06-27 06:00:00,104.1631107138805
2011-06-27 07:00:00,284.8792776092107
2011-06-27 08:00:00,426.4972666212396
2011-06-27 09:00:00,232.30123922579506
2011-06-27 10:00:00,156.57427300145432
2011-06-27 11:00:00,165.6064507039158
2011-06-27 12:00:00,189.15408355584353
2011-06-27 13:00:00,173.0053180069404
2011-06-27 14:00:00,160.65793023030633
2011-06-27 15:00:00,180.86919079383352
2011-06-27 16:00:00,273.9749324844531
2011-06-27 17:00:00,482.75151632565655
2011-06-27 18:00:00,449.7337098688919
2011-06-27 19:00:00,356.391598807059
2011-06-27 20:00:00,282.90053565428644
2011-06-27 21:00:00,207.88725720309708
2011-06-27 22:00:00,146.54088764692534
2011-06-27 23:00:00,84.39676151985853
2011-06-28 00:00:00,29.40938880137937
2011-06-28 01:00:00,18.586702464843402
2011-06-28 02:00:00,8.156023047560714
2011-06-28 03:00:00,4.412842469839362
2011-06-28 04:00:00,6.846245383769859
2011-06-28 05:00:00,26.580800814722274
2011-06-28 06:00:00,116.03364722880038
2011-06-28 07:00:00,288.568593563533
2011-06-28 08:00:00,449.0198401365429
2011-06-28 09:00:00,248.38204115894732
2011-06-28 10:00:00,159.18969424865082
2011-06-28 11:00:00,168.756069592192
2011-06-28 12:00:00,179.48923138497278
2011-06-28 13:00:00,175.11047897896623
2011-06-28 14:00:00,161.2902817807701
2011-06-28 15:00:00,165.48457387190714
2011-06-28 16:00:00,257.24714092596804
2011-06-28 17:00:00,450.9864198634243
2011-06-28 18:00:00,397.20197336957904
2011-06-28 19:00:00,320.3701642148537
2011-06-28 20:00:00,297.39283390772266
2011-06-28 21:00:00,199.92518113521655
2011-06-28 22:00:00,153.8506786421
2011-06-28 23:00:00,110.73669408772157
2011-06-29 00:00:00,37.66360206974802
2011-06-29 01:00:00,17.912432076233802
2011-06-29 02:00:00,7.433638536155319
2011-06-29 03:00:00,4.8383185501860595
2011-06-29 04:00:00,5.561732447422664
2011-06-29 05:00:00,21.46502052391825
2011-06-29 06:00:00,131.58041249044547
2011-06-29 07:00:00,297.7354702743567
2011-06-29 08:00:00,382.5901864573948
2011-06-29 09:00:00,233.60102139569756
2011-06-29 10:00:00,152.6560952094203
2011-06-29 11:00:00,177.62979319999243
2011-06-29 12:00:00,199.1620300953424
2011-06-29 13:00:00,187.39231724077024
2011-06-29 14:00:00,172.54924730193179
2011-06-29 15:00:00,181.71616420382315
2011-06-29 16:00:00,265.4033574356849
2011-06-29 17:00:00,469.2729535158564
2011-06-29 18:00:00,434.52131836590604
2011-06-29 19:00:00,345.50409644065024
2011-06-29 20:00:00,274.3361872855179
2011-06-29 21:00:00,208.47030037107845
2011-06-29 22:00:00,163.48202035796538
2011-06-29 23:00:00,111.37524070701473
2011-06-30 00:00:00,44.43750208716522
2011-06-30 01:00:00,14.755202154607714
2011-06-30 02:00:00,9.538333726036203
2011-06-30 03:00:00,5.713602223334644
2011-06-30 04:00:00,6.051051874417681
2011-06-30 05:00:00,25.82457769938998
2011-06-30 06:00:00,148.01914321322266
2011-06-30 07:00:00,303.46696988952556
2011-06-30 08:00:00,389.2931633784484
2011-06-30 09:00:00,232.43837936875377
2011-06-30 10:00:00,154.99439635801767
2011-06-30 11:00:00,181.20121393238335
2011-06-30 12:00:00,200.27395306440067
2011-06-30 13:00:00,194.96400855686045
2011-06-30 14:00:00,172.97136127081424
2011-06-30 15:00:00,188.32177822285627
2011-06-30 16:00:00,282.2896442947677
2011-06-30 17:00:00,483.1337826146043
2011-06-30 18:00:00,447.9965392831338
2011-06-30 19:00:00,346.3491075112125
2011-06-30 20:00:00,292.33215063100533
2011-06-30 21:00:00,218.9528081218554
2011-06-30 22:00:00,166.02415210118662
2011-06-30 23:00:00,117.01336402060042
2011-07-20 00:00:00,42.632616710564655
2011-07-20 01:00:00,18.395110598302043
2011-07-20 02:00:00,7.3803504951814265
2011-07-20 03:00:00,5.499514301669133
2011-07-20 04:00:00,5.635041071725235
2011-07-20 05:00:00,25.34933098867014
2011-07-20 06:00:00,101.0787356577095
2011-07-20 07:00:00,266.292506090943
2011-07-20 08:00:00,433.4348443528658
2011-07-20 09:00:00,257.7928943786069
2011-07-20 10:00:00,134.8083046357965
2011-07-20 11:00:00,163.0144908263403
2011-07-20 12:00:00,177.59066728417798
2011-07-20 13:00:00,157.63219580229108
2011-07-20 14:00:00,161.3419105021165
2011-07-20 15:00:00,164.5490873851287
2011-07-20 16:00:00,241.748447649512
2011-07-20 17:00:00,528.0136047775661
2011-07-20 18:00:00,486.418185374019
2011-07-20 19:00:00,392.0323057718455
2011-07-20 20:00:00,257.63457136367884
2011-07-20 21:00:00,197.62898471082912
2011-07-20 22:00:00,162.11703083737035
2011-07-20 23:00:00,105.96219383288573
2011-07-21 00:00:00,40.55619510828971
2011-07-21 01:00:00,17.8219053999853
2011-07-21 02:00:00,7.910143830762667
2011-07-21 03:00:00,5.2679313101385565
2011-07-21 04:00:00,6.391906752788649
2011-07-21 05:00:00,21.157297138499562
2011-07-21 06:00:00,115.07496157415213
2011-07-21 07:00:00,274.41478350716966
2011-07-21 08:00:00,463.3589157692511
2011-07-21 09:00:00,222.57200052915437
2011-07-21 10:00:00,107.36278815835819
2011-07-21 11:00:00,153.73222028497906
2011-07-21 12:00:00,163.11076289971075
2011-07-21 13:00:00,156.83138072274429
2011-07-21 14:00:00,156.3802168714159
2011-07-21 15:00:00,154.86619652980187
2011-07-21 16:00:00,253.52208156388633
2011-07-21 17:00:00,481.7034548119512
2011-07-21 18:00:00,461.96798473704064
2011-07-21 19:00:00,371.64368696174114
2011-07-21 20:00:00,257.4135403613312
2011-07-21 21:00:00,182.52525923769082
2011-07-21 22:00:00,139.31871264017366
2011-07-21 23:00:00,101.32600314585356
2011-07-22 00:00:00,64.34438181847841
2011-07-22 01:00:00,21.979860692040752
2011-07-22 02:00:00,12.087390411630562
2011-07-22 03:00:00,5.6091960127116565
2011-07-22 04:00:00,8.03894303082861
2011-07-22 05:00:00,25.904793163087497
2011-07-22 06:00:00,129.56001273177463
2011-07-22 07:00:00,281.7745122033039
2011-07-22 08:00:00,412.2821402264432
2011-07-22 09:00:00,221.02013634833946
2011-07-22 10:00:00,130.18128577500823
2011-07-22 11:00:00,155.06651700737035
2011-07-22 12:00:00,155.31800005480983
2011-07-22 13:00:00,177.1174298479367
2011-07-22 14:00:00,171.58358198898114
2011-07-22 15:00:00,166.88098716385915
2011-07-22 16:00:00,216.0467566223734
2011-07-22 17:00:00,472.18632626846687
2011-07-22 18:00:00,427.399663268084
2011-07-22 19:00:00,328.61657505883966
2011-07-22 20:00:00,256.0101294621857
2011-07-22 21:00:00,213.16198767953244
2011-07-22 22:00:00,177.72659774491484
2011-07-22 23:00:00,147.7632920876867
2011-07-23 00:00:00,129.7163857766647
2011-07-23 01:00:00,71.85885904055556
2011-07-23 02:00:00,74.79232794409961
2011-07-23 03:00:00,22.89507910120557
2011-07-23 04:00:00,10.318214295993368
2011-07-23 05:00:00,10.881487047406129
2011-07-23 06:00:00,33.81886824157978
2011-07-23 07:00:00,72.82311185408565
2011-07-23 08:00:00,172.1898988304273
2011-07-23 09:00:00,201.9333617033407
2011-07-23 10:00:00,259.2634932796541
2011-07-23 11:00:00,292.44223306672853
2011-07-23 12:00:00,305.00006396623564
2011-07-23 13:00:00,282.22390703247913
2011-07-23 14:00:00,315.38536855965657
2011-07-23 15:00:00,255.04615222308792
2011-07-23 16:00:00,256.36665879133596
2011-07-23 17:00:00,276.67071177893615
2011-07-23 18:00:00,309.4993449202321
2011-07-23 19:00:00,271.1969442548055
2011-07-23 20:00:00,261.98514918602456
2011-07-23 21:00:00,207.1734359840956
2011-07-23 22:00:00,185.18846038986
2011-07-23 23:00:00,153.28607687813917
2011-07-24 00:00:00,134.12250526005607
2011-07-24 01:00:00,77.55569719844355
2011-07-24 02:00:00,68.35226224437586
2011-07-24 03:00:00,34.37262794564161
2011-07-24 04:00:00,9.696358815525306
2011-07-24 05:00:00,11.636275107254502
2011-07-24 06:00:00,25.00852861210204
2011-07-24 07:00:00,52.46727984279687
2011-07-24 08:00:00,124.38053387197813
2011-07-24 09:00:00,178.9373665285996
2011-07-24 10:00:00,217.5584388433268
2011-07-24 11:00:00,304.3664525659999
2011-07-24 12:00:00,316.1492044710588
2011-07-24 13:00:00,329.28291996534114
2011-07-24 14:00:00,319.8986075996451
2011-07-24 15:00:00,287.37893271455664
2011-07-24 16:00:00,298.1524875260209
2011-07-24 17:00:00,321.03695327209607
2011-07-24 18:00:00,307.3114235291456
2011-07-24 19:00:00,248.9036909770297
2011-07-24 20:00:00,240.02888024780955
2011-07-24 21:00:00,199.96908530383394
2011-07-24 22:00:00,162.70743116223352
2011-07-24 23:00:00,104.83814074775019
2011-07-25 00:00:00,39.36250647189049
2011-07-25 01:00:00,17.566581776262552
2011-07-25 02:00:00,7.666373756682905
2011-07-25 03:00:00,5.071095408343084
2011-07-25 04:00:00,6.3046979746856975
2011-07-25 05:00:00,23.361166666406653
2011-07-25 06:00:00,112.8201298814209
2011-07-25 07:00:00,280.04834610354993
2011-07-25 08:00:00,418.7760955199148
2011-07-25 09:00:00,218.06054627213712
2011-07-25 10:00:00,135.5000543825464
2011-07-25 11:00:00,143.8822218408348
2011-07-25 12:00:00,161.43304462506813
2011-07-25 13:00:00,146.21656984840035
2011-07-25 14:00:00,117.17762453319273
2011-07-25 15:00:00,134.8262027351164
2011-07-25 16:00:00,195.11423864884097
2011-07-25 17:00:00,475.90800878029575
2011-07-25 18:00:00,485.913345664111
2011-07-25 19:00:00,384.98084759854385
2011-07-25 20:00:00,281.1623550932191
2011-07-25 21:00:00,175.1312556129347
2011-07-25 22:00:00,123.83912118243347
2011-07-25 23:00:00,81.23514961587011
2011-07-26 00:00:00,37.72350264805304
2011-07-26 01:00:00,17.35980546872767
2011-07-26 02:00:00,7.812776822604421
2011-07-26 03:00:00,4.436435819954831
2011-07-26 04:00:00,5.53788086326988
2011-07-26 05:00:00,21.777794423036692
2011-07-26 06:00:00,118.18313548074549
2011-07-26 07:00:00,296.28041994080496
2011-07-26 08:00:00,401.1303236383574
2011-07-26 09:00:00,241.31431901390533
2011-07-26 10:00:00,151.23578723976306
2011-07-26 11:00:00,179.69897722852645
2011-07-26 12:00:00,183.38262787500003
2011-07-26 13:00:00,184.29190761647365
2011-07-26 14:00:00,174.95241761813153
2011-07-26 15:00:00,178.85176538555268
2011-07-26 16:00:00,279.19769247633945
2011-07-26 17:00:00,496.08965234651174
2011-07-26 18:00:00,441.27398377498923
2011-07-26 19:00:00,352.95222515125425
2011-07-26 20:00:00,293.5367711272695
2011-07-26 21:00:00,212.97287847690438
2011-07-26 22:00:00,177.666425857498
2011-07-26 23:00:00,109.39027340527589
2011-07-27 00:00:00,41.72959261087222
2011-07-27 01:00:00,15.656995005778693
2011-07-27 02:00:00,10.285476021357997
2011-07-27 03:00:00,4.659100798516833
2011-07-27 04:00:00,6.545611916000975
2011-07-27 05:00:00,30.049928640722406
2011-07-27 06:00:00,140.5477147366334
2011-07-27 07:00:00,288.99327400832
2011-07-27 08:00:00,390.0268221502113
2011-07-27 09:00:00,241.31431901390533
2011-07-27 10:00:00,144.9117491270439
2011-07-27 11:00:00,179.69897722852645
2011-07-27 12:00:00,202.53363571919533
2011-07-27 13:00:00,181.94741122363655
2011-07-27 14:00:00,175.3503930759308
2011-07-27 15:00:00,186.6303608087023
2011-07-27 16:00:00,281.38069210270993
2011-07-27 17:00:00,487.0757366920866
2011-07-27 18:00:00,453.83799356552765
2011-07-27 19:00:00,361.1818013171153
2011-07-27 20:00:00,293.5367711272695
2011-07-27 21:00:00,210.81766561614995
2011-07-27 22:00:00,166.13666075905718
2011-07-27 23:00:00,111.71806044823397
2011-07-28 00:00:00,45.73057985194864
2011-07-28 01:00:00,15.468378767589542
2011-07-28 02:00:00,11.468930778595613
2011-07-28 03:00:00,7.0010366743533154
2011-07-28 04:00:00,7.8047727895520325
2011-07-28 05:00:00,30.95880310143783
2011-07-28 06:00:00,145.7894854693356
2011-07-28 07:00:00,316.5627514351186
2011-07-28 08:00:00,427.94637818552104
2011-07-28 09:00:00,241.52717489330155
2011-07-28 10:00:00,156.39922890652304
2011-07-28 11:00:00,151.55287029449917
2011-07-28 12:00:00,180.6876548403176
2011-07-28 13:00:00,176.24952043010998
2011-07-28 14:00:00,164.83648657014876
2011-07-28 15:00:00,161.03461563366054
2011-07-28 16:00:00,272.6092134265041
2011-07-28 17:00:00,518.2308001978527
2011-07-28 18:00:00,466.8789826915597
2011-07-28 19:00:00,370.46235935892247
2011-07-28 20:00:00,297.3347374873099
2011-07-28 21:00:00,214.1985059023921
2011-07-28 22:00:00,164.3645934431854
2011-07-28 23:00:00,114.43966025556728
2011-07-29 00:00:00,61.66180943090866
2011-07-29 01:00:00,28.415456325577765
2011-07-29 02:00:00,12.474259464173722
2011-07-29 03:00:00,6.709182070524241
2011-07-29 04:00:00,6.412479073936432
2011-07-29 05:00:00,25.607063254022645
2011-07-29 06:00:00,109.6206400712741
2011-07-29 07:00:00,277.20511901712086
2011-07-29 08:00:00,451.7033814885086
2011-07-29 09:00:00,223.00222439353715
2011-07-29 10:00:00,134.2734196995786
2011-07-29 11:00:00,171.9819207101896
2011-07-29 12:00:00,171.28721748935484
2011-07-29 13:00:00,183.96887199358233
2011-07-29 14:00:00,166.5619126912877
2011-07-29 15:00:00,171.4162054549556
2011-07-29 16:00:00,245.05806802520993
2011-07-29 17:00:00,448.72466860313807
2011-07-29 18:00:00,434.46843677393497
2011-07-29 19:00:00,325.29752238959026
2011-07-29 20:00:00,268.8622280527555
2011-07-29 21:00:00,221.4370272469882
2011-07-29 22:00:00,184.16309356886234
2011-07-29 23:00:00,140.67742250057415
2011-07-30 00:00:00,122.7809272096326
2011-07-30 01:00:00,73.39077515260273
2011-07-30 02:00:00,76.3073803733786
2011-07-30 03:00:00,29.4838928638233
2011-07-30 04:00:00,10.318214295993368
2011-07-30 05:00:00,13.49181605263165
2011-07-30 06:00:00,32.51979497874889
2011-07-30 07:00:00,66.42903691106193
2011-07-30 08:00:00,182.81380255629045
2011-07-30 09:00:00,207.18180337191168
2011-07-30 10:00:00,276.569866897659
2011-07-30 11:00:00,332.5970493523979
2011-07-30 12:00:00,359.79024103596976
2011-07-30 13:00:00,346.2492699012722
2011-07-30 14:00:00,343.8439992853066
2011-07-30 15:00:00,329.00459165224123
2011-07-30 16:00:00,361.85289740445404
2011-07-30 17:00:00,351.3288009825114
2011-07-30 18:00:00,351.223483110187
2011-07-30 19:00:00,288.42688717929303
2011-07-30 20:00:00,264.0058231327617
2011-07-30 21:00:00,211.76866654087254
2011-07-30 22:00:00,177.72273885929525
2011-07-30 23:00:00,159.11251272591468
2011-07-31 00:00:00,122.55638064575227
2011-07-31 01:00:00,79.69870848755386
2011-07-31 02:00:00,79.36144445254284
2011-07-31 03:00:00,31.730726531834193
2011-07-31 04:00:00,7.908333801692271
2011-07-31 05:00:00,11.967984347140362
2011-07-31 06:00:00,23.387658084414404
2011-07-31 07:00:00,52.54719643592453
2011-07-31 08:00:00,152.8190176497016
2011-07-31 09:00:00,195.0617890860495
2011-07-31 10:00:00,270.8028807612699
2011-07-31 11:00:00,315.5885718707819
2011-07-31 12:00:00,345.2101228799647
2011-07-31 13:00:00,338.77425455942614
2011-07-31 14:00:00,359.07085045836186
2011-07-31 15:00:00,346.70606732713384
2011-07-31 16:00:00,325.6819443576664
2011-07-31 17:00:00,310.3029648359501
2011-07-31 18:00:00,321.71660815907137
2011-07-31 19:00:00,252.64572938588367
2011-07-31 20:00:00,233.45804285431822
2011-07-31 21:00:00,198.19210944078657
2011-07-31 22:00:00,148.33248452653595
2011-07-31 23:00:00,99.58286417642252
2011-08-20 00:00:00,79.82147581837442
2011-08-20 01:00:00,71.08630509555967
2011-08-20 02:00:00,51.91158540395484
2011-08-20 03:00:00,22.862693954221943
2011-08-20 04:00:00,6.941757116399106
2011-08-20 05:00:00,10.953171405442035
2011-08-20 06:00:00,18.83057969570336
2011-08-20 07:00:00,45.56769793430913
2011-08-20 08:00:00,152.7654437955595
2011-08-20 09:00:00,188.84720711124226
2011-08-20 10:00:00,284.0286431421071
2011-08-20 11:00:00,312.46802212610646
2011-08-20 12:00:00,343.0338483601646
2011-08-20 13:00:00,371.44287441145696
2011-08-20 14:00:00,370.24160807047974
2011-08-20 15:00:00,359.5539375579572
2011-08-20 16:00:00,380.96525294705486
2011-08-20 17:00:00,370.2829661856997
2011-08-20 18:00:00,322.61289031087904
2011-08-20 19:00:00,282.41187514295507
2011-08-20 20:00:00,252.98537208015387
2011-08-20 21:00:00,207.06134787438404
2011-08-20 22:00:00,142.4773194873489
2011-08-20 23:00:00,141.53137952363235
2011-08-21 00:00:00,109.61735259247592
2011-08-21 01:00:00,82.24019811893106
2011-08-21 02:00:00,65.9597550145484
2011-08-21 03:00:00,31.215159693401674
2011-08-21 04:00:00,7.343610958317235
2011-08-21 05:00:00,8.304292460010647
2011-08-21 06:00:00,13.298659553930225
2011-08-21 07:00:00,41.80231673787667
2011-08-21 08:00:00,109.74015773112961
2011-08-21 09:00:00,166.0361815285924
2011-08-21 10:00:00,240.58140768849924
2011-08-21 11:00:00,299.9906948405034
2011-08-21 12:00:00,336.6853399985423
2011-08-21 13:00:00,335.2174298427279
2011-08-21 14:00:00,214.17619274361473
2011-08-21 15:00:00,253.7369749411947
2011-08-21 16:00:00,286.52232601728826
2011-08-21 17:00:00,245.33006221766271
2011-08-21 18:00:00,222.56221760241596
2011-08-21 19:00:00,240.58187743074703
2011-08-21 20:00:00,193.71389008720058
2011-08-21 21:00:00,160.3518023073217
2011-08-21 22:00:00,115.31514823460698
2011-08-21 23:00:00,93.56967002300928
2011-08-22 00:00:00,39.59828384206148
2011-08-22 01:00:00,18.314249134027843
2011-08-22 02:00:00,8.611429788552623
2011-08-22 03:00:00,3.667538410322507
2011-08-22 04:00:00,6.601530457932335
2011-08-22 05:00:00,28.166793324422887
2011-08-22 06:00:00,138.38659972821029
2011-08-22 07:00:00,278.4944754760104
2011-08-22 08:00:00,374.95320587959367
2011-08-22 09:00:00,234.09003888961612
2011-08-22 10:00:00,146.74632588908494
2011-08-22 11:00:00,168.8665578594677
2011-08-22 12:00:00,189.3424644756317
2011-08-22 13:00:00,179.31454086768764
2011-08-22 14:00:00,165.16409955621623
2011-08-22 15:00:00,180.0882892058418
2011-08-22 16:00:00,259.15884971821833
2011-08-22 17:00:00,460.1608362037827
2011-08-22 18:00:00,429.56569187469137
2011-08-22 19:00:00,341.2748037852543
2011-08-22 20:00:00,275.6342153623147
2011-08-22 21:00:00,199.05337935267963
2011-08-22 22:00:00,145.6475171503277
2011-08-22 23:00:00,84.78237496059478
2011-08-23 00:00:00,36.1865598890593
2011-08-23 01:00:00,14.205364150792485
2011-08-23 02:00:00,8.594759086488203
2011-08-23 03:00:00,4.886238568430996
2011-08-23 04:00:00,5.686498215074267
2011-08-23 05:00:00,23.118543055847006
2011-08-23 06:00:00,118.45193412027123
2011-08-23 07:00:00,270.7881432068365
2011-08-23 08:00:00,356.24652576302765
2011-08-23 09:00:00,219.38301897461457
2011-08-23 10:00:00,152.29730472462987
2011-08-23 11:00:00,171.75941311197914
2011-08-23 12:00:00,186.16050312729973
2011-08-23 13:00:00,187.13957184547465
2011-08-23 14:00:00,168.9229280427222
2011-08-23 15:00:00,186.96325018451023
2011-08-23 16:00:00,271.6966064754023
2011-08-23 17:00:00,481.4601722426361
2011-08-23 18:00:00,449.8106004484097
2011-08-23 19:00:00,345.5476278399435
2011-08-23 20:00:00,298.51613726527427
2011-08-23 21:00:00,189.6764394952655
2011-08-23 22:00:00,160.3991749569511
2011-08-23 23:00:00,110.34901777449821
2011-08-24 00:00:00,44.50292867817678
2011-08-24 01:00:00,13.348470268388049
2011-08-24 02:00:00,8.868729394612226
2011-08-24 03:00:00,3.6652371185333497
2011-08-24 04:00:00,6.078086697258785
2011-08-24 05:00:00,23.43184574221087
2011-08-24 06:00:00,112.16613542617317
2011-08-24 07:00:00,274.4258966562522
2011-08-24 08:00:00,398.3059235265702
2011-08-24 09:00:00,242.44462243560585
2011-08-24 10:00:00,149.3270726776357
2011-08-24 11:00:00,175.82770288322038
2011-08-24 12:00:00,192.52047882471686
2011-08-24 13:00:00,183.1641283949926
2011-08-24 14:00:00,166.60429504175093
2011-08-24 15:00:00,179.3151129417493
2011-08-24 16:00:00,263.0922820208296
2011-08-24 17:00:00,476.2448449251661
2011-08-24 18:00:00,442.0681327549021
2011-08-24 19:00:00,351.50839976769737
2011-08-24 20:00:00,275.4792305664659
2011-08-24 21:00:00,194.96483047611818
2011-08-24 22:00:00,164.5584048269689
2011-08-24 23:00:00,90.56893532216662
2011-08-25 00:00:00,41.12563295358887
2011-08-25 01:00:00,19.12468174928949
2011-08-25 02:00:00,10.04631575451811
2011-08-25 03:00:00,4.969614848038093
2011-08-25 04:00:00,6.013771299676647
2011-08-25 05:00:00,22.272899237629385
2011-08-25 06:00:00,115.5996539224464
2011-08-25 07:00:00,271.679182357766
2011-08-25 08:00:00,407.55533965004923
2011-08-25 09:00:00,231.6766641416902
2011-08-25 10:00:00,146.09978777947197
2011-08-25 11:00:00,100.35137756290331
2011-08-25 12:00:00,111.59533618487698
2011-08-25 13:00:00,124.51717677507892
2011-08-25 14:00:00,127.47202493008643
2011-08-25 15:00:00,156.63327734301578
2011-08-25 16:00:00,190.93989101552205
2011-08-25 17:00:00,423.2928806699821
2011-08-25 18:00:00,389.61702160936574
2011-08-25 19:00:00,325.52934605646345
2011-08-25 20:00:00,204.66341565577451
2011-08-25 21:00:00,150.59411050182666
2011-08-25 22:00:00,104.27017627927182
2011-08-25 23:00:00,78.48713122916972
2011-08-26 00:00:00,49.52262443721841
2011-08-26 01:00:00,25.953554901049177
2011-08-26 02:00:00,11.262207723581112
2011-08-26 03:00:00,5.203522070257669
2011-08-26 04:00:00,5.722105914993614
2011-08-26 05:00:00,19.94942765623779
2011-08-26 06:00:00,89.35540902397435
2011-08-26 07:00:00,262.256283766851
2011-08-26 08:00:00,439.0518387599982
2011-08-26 09:00:00,243.0443354979007
2011-08-26 10:00:00,156.29233624282745
2011-08-26 11:00:00,183.0020775638219
2011-08-26 12:00:00,206.80627548639788
2011-08-26 13:00:00,208.14934891164702
2011-08-26 14:00:00,183.73687804158277
2011-08-26 15:00:00,203.02029372248654
2011-08-26 16:00:00,298.9917146961258
2011-08-26 17:00:00,481.07014447959654
2011-08-26 18:00:00,417.95224424296686
2011-08-26 19:00:00,330.1029157291381
2011-08-26 20:00:00,220.3941272994896
2011-08-26 21:00:00,181.91771201956684
2011-08-26 22:00:00,129.41893477224394
2011-08-26 23:00:00,117.71299835028967
2011-08-27 00:00:00,103.60145524775257
2011-08-27 01:00:00,73.75837045189742
2011-08-27 02:00:00,56.4524149175354
2011-08-27 03:00:00,21.70057824900625
2011-08-27 04:00:00,6.806848334712313
2011-08-27 05:00:00,9.797286441125307
2011-08-27 06:00:00,22.39856572999929
2011-08-27 07:00:00,44.96602707380997
2011-08-27 08:00:00,123.67222541274771
2011-08-27 09:00:00,129.88224410898363
2011-08-27 10:00:00,193.87350944465766
2011-08-27 11:00:00,146.85491320912317
2011-08-27 12:00:00,148.53012148711184
2011-08-27 13:00:00,181.06260046617814
2011-08-27 14:00:00,112.43591307434518
2011-08-27 15:00:00,135.95684752530707
2011-08-27 16:00:00,75.43037043561706
2011-08-27 17:00:00,82.22264243613463
2011-08-28 07:00:00,30.91998301514879
2011-08-28 08:00:00,63.68630243872224
2011-08-28 09:00:00,161.79906693842312
2011-08-28 10:00:00,247.31022075831564
2011-08-28 11:00:00,302.8353615562083
2011-08-28 12:00:00,361.76738135095246
2011-08-28 13:00:00,366.8345918269293
2011-08-28 14:00:00,346.7193068538329
2011-08-28 15:00:00,346.24611720679985
2011-08-28 16:00:00,364.39585582433324
2011-08-28 17:00:00,367.76710713194615
2011-08-28 18:00:00,327.15221370822604
2011-08-28 19:00:00,248.4011532351816
2011-08-28 20:00:00,222.22270529992565
2011-08-28 21:00:00,198.38879289968506
2011-08-28 22:00:00,143.82500411279824
2011-08-28 23:00:00,71.74185274538567
2011-08-29 00:00:00,31.21652867262734
2011-08-29 01:00:00,16.365391489185782
2011-08-29 02:00:00,8.793684788082743
2011-08-29 03:00:00,3.3625852678980994
2011-08-29 04:00:00,5.244237210153378
2011-08-29 05:00:00,22.518652491991332
2011-08-29 06:00:00,112.64942465284531
2011-08-29 07:00:00,273.8995804169341
2011-08-29 08:00:00,367.96570908862674
2011-08-29 09:00:00,228.27135352348446
2011-08-29 10:00:00,146.4414104412492
2011-08-29 11:00:00,171.28793326383118
2011-08-29 12:00:00,190.4396254001715
2011-08-29 13:00:00,180.9236193455635
2011-08-29 14:00:00,163.4012562045012
2011-08-29 15:00:00,180.98495643692473
2011-08-29 16:00:00,273.90601404848985
2011-08-29 17:00:00,459.1171344136076
2011-08-29 18:00:00,434.36381287403356
2011-08-29 19:00:00,332.7980147481797
2011-08-29 20:00:00,287.5589625845088
2011-08-29 21:00:00,196.525373477062
2011-08-29 22:00:00,156.64819527776473
2011-08-29 23:00:00,94.47502591137008
2011-08-30 00:00:00,28.48592608923519
2011-08-30 01:00:00,15.918114859793459
2011-08-30 02:00:00,7.922189367164112
2011-08-30 03:00:00,4.166370648816595
2011-08-30 04:00:00,6.590255407559107
2011-08-30 05:00:00,22.285820913188513
2011-08-30 06:00:00,113.80796525617063
2011-08-30 07:00:00,282.2246545762653
2011-08-30 08:00:00,369.31758212436233
2011-08-30 09:00:00,235.8039177733442
2011-08-30 10:00:00,150.3523437704382
2011-08-30 11:00:00,174.92445568619914
2011-08-30 12:00:00,184.38716349396216
2011-08-30 13:00:00,187.13957184547465
2011-08-30 14:00:00,170.29867988088935
2011-08-30 15:00:00,187.21071631424303
2011-08-30 16:00:00,283.1335107338455
2011-08-30 17:00:00,480.8428979729419
2011-08-30 18:00:00,438.4981310994809
2011-08-30 19:00:00,337.77941449631646
2011-08-30 20:00:00,284.7847250129028
2011-08-30 21:00:00,206.77376597036798
2011-08-30 22:00:00,166.36900255570438
2011-08-30 23:00:00,109.97574228701689
2011-08-31 00:00:00,32.8475951165872
2011-08-31 01:00:00,17.002259446469573
2011-08-31 02:00:00,8.151574173229363
2011-08-31 03:00:00,5.027164474139386
2011-08-31 04:00:00,5.933363797628347
2011-08-31 05:00:00,20.561421627072928
2011-08-31 06:00:00,106.77427070964738
2011-08-31 07:00:00,293.91105775988194
2011-08-31 08:00:00,394.270657871018
2011-08-31 09:00:00,234.88566758969085
2011-08-31 10:00:00,153.862296551182
2011-08-31 11:00:00,171.75941311197914
2011-08-31 12:00:00,190.5562244045751
2011-08-31 13:00:00,184.5676849406681
2011-08-31 14:00:00,166.77551006893165
2011-08-31 15:00:00,181.4829729723875
2011-08-31 16:00:00,273.0525228059064
2011-08-31 17:00:00,458.9180374392739
2011-08-31 18:00:00,441.6075838064259
2011-08-31 19:00:00,357.55493574639667
2011-08-31 20:00:00,278.7072132497433
2011-08-31 21:00:00,214.33064791685246
2011-08-31 22:00:00,144.36391522731373
2011-08-31 23:00:00,78.80970509814722
2011-09-20 00:00:00,26.618583011634726
2011-09-20 01:00:00,12.548184215024511
2011-09-20 02:00:00,6.558096975156227
2011-09-20 03:00:00,5.492294501231601
2011-09-20 04:00:00,4.989516895229633
2011-09-20 05:00:00,20.911386657128727
2011-09-20 06:00:00,82.40859156215716
2011-09-20 07:00:00,261.45286127309885
2011-09-20 08:00:00,197.26474440488656
2011-09-20 09:00:00,97.88088906591535
2011-09-20 10:00:00,64.246404103611
2011-09-20 11:00:00,67.0946800392602
2011-09-20 12:00:00,82.73418647211916
2011-09-20 13:00:00,71.66463725380667
2011-09-20 14:00:00,89.24191729651281
2011-09-20 15:00:00,135.09182146225814
2011-09-20 16:00:00,175.57903044645798
2011-09-20 17:00:00,452.0134550206695
2011-09-20 18:00:00,408.55294954804066
2011-09-20 19:00:00,330.85014048110355
2011-09-20 20:00:00,147.55107354797022
2011-09-20 21:00:00,110.56338662347979
2011-09-20 22:00:00,77.17007915512038
2011-09-20 23:00:00,58.56551015532072
2011-09-21 00:00:00,25.586780599172595
2011-09-21 01:00:00,12.423042877140395
2011-09-21 02:00:00,6.178493713728204
2011-09-21 03:00:00,4.495777823214653
2011-09-21 04:00:00,4.078738151217377
2011-09-21 05:00:00,13.753165474837413
2011-09-21 06:00:00,65.4288611402616
2011-09-21 07:00:00,190.5997832590394
2011-09-21 08:00:00,336.089475586463
2011-09-21 09:00:00,173.53035559344218
2011-09-21 10:00:00,81.07595811512532
2011-09-21 11:00:00,98.00254350237458
2011-09-21 12:00:00,140.44158769005858
2011-09-21 13:00:00,141.5500262581003
2011-09-21 14:00:00,136.36561172292696
2011-09-21 15:00:00,156.11940494213445
2011-09-21 16:00:00,228.62587225848526
2011-09-21 17:00:00,334.88212474612646
2011-09-21 18:00:00,258.6464897864522
2011-09-21 19:00:00,126.86134473917538
2011-09-21 20:00:00,84.90083735116433
2011-09-21 21:00:00,94.90859435285627
2011-09-21 22:00:00,67.45993572904379
2011-09-21 23:00:00,60.42378618237088
2011-09-22 00:00:00,29.476665326055496
2011-09-22 01:00:00,11.36256383402712
2011-09-22 02:00:00,6.283245028947502
2011-09-22 03:00:00,4.5919483201390205
2011-09-22 04:00:00,4.716029083475271
2011-09-22 05:00:00,18.13964465373669
2011-09-22 06:00:00,69.75849258947464
2011-09-22 07:00:00,211.58529053385038
2011-09-22 08:00:00,347.99942523036077
2011-09-22 09:00:00,176.39230259148894
2011-09-22 10:00:00,82.63115205553784
2011-09-22 11:00:00,87.57801011239415
2011-09-22 12:00:00,110.96381332910698
2011-09-22 13:00:00,118.95655209899668
2011-09-22 14:00:00,112.58300777887672
2011-09-22 15:00:00,131.95941219034455
2011-09-22 16:00:00,233.17801073027786
2011-09-22 17:00:00,466.6698138707647
2011-09-22 18:00:00,391.32062419804686
2011-09-22 19:00:00,295.93079486955793
2011-09-22 20:00:00,139.0075724748892
2011-09-22 21:00:00,127.82392679465272
2011-09-22 22:00:00,60.81992691892947
2011-09-22 23:00:00,52.89431739408537
2011-09-23 00:00:00,28.373718527696436
2011-09-23 01:00:00,17.29809970168436
2011-09-23 02:00:00,8.739746232920785
2011-09-23 03:00:00,5.840642607094456
2011-09-23 04:00:00,3.6805150361170176
2011-09-23 05:00:00,17.680301790134756
2011-09-23 06:00:00,70.67136298491936
2011-09-23 07:00:00,124.28662161416202
2011-09-23 08:00:00,218.5998504481969
2011-09-23 09:00:00,95.18455737317218
2011-09-23 10:00:00,50.11967633978738
2011-09-23 11:00:00,51.08094083582289
2011-09-23 12:00:00,68.03037749034888
2011-09-23 13:00:00,32.73723564151647
2011-09-23 14:00:00,48.44395703842554
2011-09-23 15:00:00,67.26701323259543
2011-09-23 16:00:00,115.01281704796273
2011-09-23 17:00:00,283.41972062875885
2011-09-23 18:00:00,300.1463878982533
2011-09-23 19:00:00,226.37337110843492
2011-09-23 20:00:00,143.74681866458434
2011-09-23 21:00:00,113.18042013736743
2011-09-23 22:00:00,86.78046726114981
2011-09-23 23:00:00,71.15794660521605
2011-09-24 00:00:00,71.24311701868119
2011-09-24 01:00:00,49.50864447464835
2011-09-24 02:00:00,34.28272995763682
2011-09-24 03:00:00,22.851484283797113
2011-09-24 04:00:00,6.713861122021983
2011-09-24 05:00:00,9.850853489795087
2011-09-24 06:00:00,14.110455097879028
2011-09-24 07:00:00,39.07598998533524
2011-09-24 08:00:00,86.04714135821393
2011-09-24 09:00:00,106.16456840053115
2011-09-24 10:00:00,189.2413821961695
2011-09-24 11:00:00,225.08705948366895
2011-09-24 12:00:00,285.1801077228354
2011-09-24 13:00:00,302.48049837908775
2011-09-24 14:00:00,302.9734472647122
2011-09-24 15:00:00,374.1131058641884
2011-09-24 16:00:00,328.85926691892087
2011-09-24 17:00:00,318.63883141089775
2011-09-24 18:00:00,258.4744266752465
2011-09-24 19:00:00,160.82669343231169
2011-09-24 20:00:00,172.8031087355212
2011-09-24 21:00:00,154.10421192237325
2011-09-24 22:00:00,88.27837828975368
2011-09-24 23:00:00,86.51688396277837
2011-09-25 00:00:00,75.65635938183861
2011-09-25 01:00:00,67.63731248951615
2011-09-25 02:00:00,25.80719241507958
2011-09-25 03:00:00,16.306568427169
2011-09-25 04:00:00,5.565742301387467
2011-09-25 05:00:00,14.291931971523226
2011-09-25 06:00:00,12.991356351023597
2011-09-25 07:00:00,23.066128622136304
2011-09-25 08:00:00,74.6551376902272
2011-09-25 09:00:00,110.1071740090583
2011-09-25 10:00:00,200.94274117518952
2011-09-25 11:00:00,244.37757138447446
2011-09-25 12:00:00,299.6040266518048
2011-09-25 13:00:00,286.8042139650618
2011-09-25 14:00:00,274.3871876546054
2011-09-25 15:00:00,283.23591147377704
2011-09-25 16:00:00,355.0386770443821
2011-09-25 17:00:00,301.6749375456056
2011-09-25 18:00:00,272.75382046754123
2011-09-25 19:00:00,160.16085827378498
2011-09-25 20:00:00,167.17745306043648
2011-09-25 21:00:00,97.5568581555958
2011-09-25 22:00:00,93.4159326774284
2011-09-25 23:00:00,44.53518529835686
2011-09-26 00:00:00,20.773923608516977
2011-09-26 01:00:00,13.543161936179427
2011-09-26 02:00:00,7.179718380490902
2011-09-26 03:00:00,4.1589066498975615
2011-09-26 04:00:00,4.507799573280666
2011-09-26 05:00:00,20.18458857705389
2011-09-26 06:00:00,68.07566174253273
2011-09-26 07:00:00,197.5108688350701
2011-09-26 08:00:00,329.7971452488884
2011-09-26 09:00:00,230.36390600999417
2011-09-26 10:00:00,80.9135842800632
2011-09-26 11:00:00,124.88279033570291
2011-09-26 12:00:00,127.12867331807209
2011-09-26 13:00:00,143.23832683575992
2011-09-26 14:00:00,153.48714951167918
2011-09-26 15:00:00,182.3156012988507
2011-09-26 16:00:00,273.1109819885447
2011-09-26 17:00:00,471.70808279846824
2011-09-26 18:00:00,427.79985805810026
2011-09-26 19:00:00,354.914702496896
2011-09-26 20:00:00,179.11484633341252
2011-09-26 21:00:00,134.98171914929517
2011-09-26 22:00:00,78.43973352639775
2011-09-26 23:00:00,55.81419004843818
2011-09-27 00:00:00,23.107241790212637
2011-09-27 01:00:00,11.201343495502181
2011-09-27 02:00:00,6.073189193834538
2011-09-27 03:00:00,4.113970868558835
2011-09-27 04:00:00,3.623074544380315
2011-09-27 05:00:00,12.838847586972115
2011-09-27 06:00:00,68.88372580287546
2011-09-27 07:00:00,204.23165012654604
2011-09-27 08:00:00,414.5623774339737
2011-09-27 09:00:00,145.36734635173815
2011-09-27 10:00:00,50.4064485629414
2011-09-27 11:00:00,87.63588057498663
2011-09-27 12:00:00,106.65773638668763
2011-09-27 13:00:00,144.36929640084801
2011-09-27 14:00:00,113.91580519969742
2011-09-27 15:00:00,129.87422693426035
2011-09-27 16:00:00,188.78963212496333
2011-09-27 17:00:00,370.06571870166164
2011-09-27 18:00:00,371.9844387912704
2011-09-27 19:00:00,313.0643474319749
2011-09-27 20:00:00,217.25169702374484
2011-09-27 21:00:00,150.67081242417305
2011-09-27 22:00:00,93.28989550204757
2011-09-27 23:00:00,67.32594447352763
2011-09-28 00:00:00,31.33403123765813
2011-09-28 01:00:00,14.998647643595156
2011-09-28 02:00:00,7.496068282776781
2011-09-28 03:00:00,4.438676616398617
2011-09-28 04:00:00,5.187464422814678
2011-09-28 05:00:00,16.430590022365
2011-09-28 06:00:00,44.102723578284376
2011-09-28 07:00:00,101.5942654166846
2011-09-28 08:00:00,179.4563260459031
2011-09-28 09:00:00,88.41993571949519
2011-09-28 10:00:00,63.666146388683885
2011-09-28 11:00:00,118.4277004653014
2011-09-28 12:00:00,126.33475838437474
2011-09-28 13:00:00,149.3775887031873
2011-09-28 14:00:00,174.43085228034153
2011-09-28 15:00:00,177.2133409274075
2011-09-28 16:00:00,260.30405009615976
2011-09-28 17:00:00,476.1793913586999
2011-09-28 18:00:00,262.30905890316615
2011-09-28 19:00:00,215.9428716743315
2011-09-28 20:00:00,115.03712881878133
2011-09-28 21:00:00,77.12467370612428
2011-09-28 22:00:00,93.88149280518275
2011-09-28 23:00:00,60.42378618237088
2011-09-29 00:00:00,28.481430022382828
2011-09-29 01:00:00,10.45716371402873
2011-09-29 02:00:00,5.9263372692083465
2011-09-29 03:00:00,4.509327742666552
2011-09-29 04:00:00,4.999794784597912
2011-09-29 05:00:00,22.604809449526027
2011-09-29 06:00:00,87.02749427210196
2011-09-29 07:00:00,307.87666884172654
2011-09-29 08:00:00,462.8495501807673
2011-09-29 09:00:00,259.4248238132005
2011-09-29 10:00:00,156.12186337971394
2011-09-29 11:00:00,185.82668326474342
2011-09-29 12:00:00,196.6219573789423
2011-09-29 13:00:00,195.18279945785412
2011-09-29 14:00:00,174.61612772596106
2011-09-29 15:00:00,190.92120674489146
2011-09-29 16:00:00,283.88468873771785
2011-09-29 17:00:00,485.1028633152981
2011-09-29 18:00:00,453.8371312054814
2011-09-29 19:00:00,346.88718120637213
2011-09-29 20:00:00,312.0108705950668
2011-09-29 21:00:00,185.49479957291393
2011-09-29 22:00:00,135.8014017015708
2011-09-29 23:00:00,90.39894660363828
2011-09-30 00:00:00,51.47150091247358
2011-09-30 01:00:00,27.667917642029003
2011-09-30 02:00:00,11.533950052621693
2011-09-30 03:00:00,7.7639016073954235
2011-09-30 04:00:00,5.713222145528385
2011-09-30 05:00:00,24.335845892037515
2011-09-30 06:00:00,104.91640681510502
2011-09-30 07:00:00,277.0350035739248
2011-09-30 08:00:00,481.67851289781885
2011-09-30 09:00:00,258.6834245381647
2011-09-30 10:00:00,171.37208269171686
2011-09-30 11:00:00,190.82792720574963
2011-09-30 12:00:00,216.38662888556695
2011-09-30 13:00:00,237.2919688875005
2011-09-30 14:00:00,209.68005136395075
2011-09-30 15:00:00,223.87652261185445
2011-09-30 16:00:00,302.93126135121383
2011-09-30 17:00:00,495.45512605993326
2011-09-30 18:00:00,411.90936650032694
2011-09-30 19:00:00,297.47563771736895
2011-09-30 20:00:00,233.36370459989934
2011-09-30 21:00:00,176.18340427628067
2011-09-30 22:00:00,148.79536719365768
2011-09-30 23:00:00,117.27557726743638
2011-10-20 00:00:00,32.93842911566308
2011-10-20 01:00:00,13.693803310897337
2011-10-20 02:00:00,6.121724368738512
2011-10-20 03:00:00,4.291294305656919
2011-10-20 04:00:00,5.36230507752241
2011-10-20 05:00:00,21.168037111912035
2011-10-20 06:00:00,81.86444460267606
2011-10-20 07:00:00,265.8658979508776
2011-10-20 08:00:00,360.92491412351524
2011-10-20 09:00:00,194.54140810494167
2011-10-20 10:00:00,108.45630284588455
2011-10-20 11:00:00,155.2189563940535
2011-10-20 12:00:00,189.6809593664281
2011-10-20 13:00:00,181.69721137406532
2011-10-20 14:00:00,155.2111759404348
2011-10-20 15:00:00,163.01655924997175
2011-10-20 16:00:00,245.5679989505077
2011-10-20 17:00:00,493.1264124252275
2011-10-20 18:00:00,383.1844449114505
2011-10-20 19:00:00,307.30589644378585
2011-10-20 20:00:00,193.78260175242679
2011-10-20 21:00:00,127.24856078628193
2011-10-20 22:00:00,100.50947936691996
2011-10-20 23:00:00,75.87333263091375
2011-10-21 00:00:00,44.67904590583211
2011-10-21 01:00:00,18.862133485462536
2011-10-21 02:00:00,10.332981854450026
2011-10-21 03:00:00,4.754146648899947
2011-10-21 04:00:00,5.012496576266017
2011-10-21 05:00:00,16.923468735725148
2011-10-21 06:00:00,93.2984490124983
2011-10-21 07:00:00,210.04447716144412
2011-10-21 08:00:00,313.4065367379733
2011-10-21 09:00:00,198.2464926873091
2011-10-21 10:00:00,129.04257787233965
2011-10-21 11:00:00,177.32803083630503
2011-10-21 12:00:00,224.8601359138238
2011-10-21 13:00:00,219.61951298172033
2011-10-21 14:00:00,203.82661825392896
2011-10-21 15:00:00,210.47841992710738
2011-10-21 16:00:00,295.0548673861224
2011-10-21 17:00:00,451.224909291692
2011-10-21 18:00:00,335.9945337683114
2011-10-21 19:00:00,253.47221388893337
2011-10-21 20:00:00,168.65802950858932
2011-10-21 21:00:00,141.13740330121928
2011-10-21 22:00:00,118.53459916290137
2011-10-21 23:00:00,91.06145640140645
2011-10-22 00:00:00,82.9023589401997
2011-10-22 01:00:00,59.290625424728326
2011-10-22 02:00:00,42.76030029071092
2011-10-22 03:00:00,21.56942567067946
2011-10-22 04:00:00,7.973153755633126
2011-10-22 05:00:00,7.000469039937858
2011-10-22 06:00:00,20.40388539330355
2011-10-22 07:00:00,44.14227828249089
2011-10-22 08:00:00,109.83414022987729
2011-10-22 09:00:00,133.5065209935641
2011-10-22 10:00:00,226.3317729176424
2011-10-22 11:00:00,249.1912091216356
2011-10-22 12:00:00,369.1187906919633
2011-10-22 13:00:00,438.3442028235102
2011-10-22 14:00:00,354.10496006065176
2011-10-22 15:00:00,373.1078730883774
2011-10-22 16:00:00,399.88868322431466
2011-10-22 17:00:00,302.5007144297518
2011-10-22 18:00:00,251.9281948001356
2011-10-22 19:00:00,174.02587392741046
2011-10-22 20:00:00,136.68165775425211
2011-10-22 21:00:00,126.69179719426191
2011-10-22 22:00:00,101.36874323880176
2011-10-22 23:00:00,100.82451402260114
2011-10-23 00:00:00,67.48975762272708
2011-10-23 01:00:00,53.03569685012029
2011-10-23 02:00:00,41.90480216322567
2011-10-23 03:00:00,23.625617653858136
2011-10-23 04:00:00,7.7177004702398335
2011-10-23 05:00:00,7.461578058200436
2011-10-23 06:00:00,10.159205786575196
2011-10-23 07:00:00,25.944927585103056
2011-10-23 08:00:00,64.92922372498889
2011-10-23 09:00:00,117.04948829805798
2011-10-23 10:00:00,225.41816294899868
2011-10-23 11:00:00,266.85118766152925
2011-10-23 12:00:00,386.2286675700043
2011-10-23 13:00:00,422.84027726180904
2011-10-23 14:00:00,393.32754040087724
2011-10-23 15:00:00,415.64315341792775
2011-10-23 16:00:00,412.4278597151266
2011-10-23 17:00:00,328.6075477071308
2011-10-23 18:00:00,300.4078935060465
2011-10-23 19:00:00,166.3149959845996
2011-10-23 20:00:00,141.60248636417472
2011-10-23 21:00:00,130.00737624412346
2011-10-23 22:00:00,91.43737092737175
2011-10-23 23:00:00,65.29609127635517
2011-10-24 00:00:00,27.800872776594268
2011-10-24 01:00:00,12.981620196559241
2011-10-24 02:00:00,6.0156438452019625
2011-10-24 03:00:00,4.476129644705887
2011-10-24 04:00:00,5.899437718579122
2011-10-24 05:00:00,20.008926097051006
2011-10-24 06:00:00,79.51892473553586
2011-10-24 07:00:00,177.95244318798999
2011-10-24 08:00:00,342.8044284951276
2011-10-24 09:00:00,213.24373054756555
2011-10-24 10:00:00,95.42858042137202
2011-10-24 11:00:00,136.96024826280023
2011-10-24 12:00:00,184.57163612059853
2011-10-24 13:00:00,177.0291522692032
2011-10-24 14:00:00,163.26604750059764
2011-10-24 15:00:00,173.9905848258375
2011-10-24 16:00:00,252.73926505401315
2011-10-24 17:00:00,524.9659192462349
2011-10-24 18:00:00,491.93838704324315
2011-10-24 19:00:00,261.00553259251825
2011-10-24 20:00:00,211.1211200874237
2011-10-24 21:00:00,125.40660038035354
2011-10-24 22:00:00,131.6013489386598
2011-10-24 23:00:00,79.76167158367386
2011-10-25 00:00:00,26.45814425919671
2011-10-25 01:00:00,13.991358652498759
2011-10-25 02:00:00,5.325157484461368
2011-10-25 03:00:00,4.677405375297147
2011-10-25 04:00:00,4.930551244187863
2011-10-25 05:00:00,19.7291351888404
2011-10-25 06:00:00,89.6679493892475
2011-10-25 07:00:00,233.68469125844464
2011-10-25 08:00:00,404.9700730102342
2011-10-25 09:00:00,242.09690916051352
2011-10-25 10:00:00,144.890664448899
2011-10-25 11:00:00,160.1532692076738
2011-10-25 12:00:00,196.51177886390786
2011-10-25 13:00:00,192.28052859704016
2011-10-25 14:00:00,178.3972569459622
2011-10-25 15:00:00,199.2427927502033
2011-10-25 16:00:00,286.5770674999406
2011-10-25 17:00:00,554.66197698905
2011-10-25 18:00:00,475.05974544904404
2011-10-25 19:00:00,369.7884017250368
2011-10-25 20:00:00,194.0080447109536
2011-10-25 21:00:00,142.2735780499798
2011-10-25 22:00:00,109.24609145257969
2011-10-25 23:00:00,79.5114315520498
2011-10-26 00:00:00,31.312676110487686
2011-10-26 01:00:00,13.88999969580949
2011-10-26 02:00:00,7.077213557027285
2011-10-26 03:00:00,4.009634688709553
2011-10-26 04:00:00,4.564864364681753
2011-10-26 05:00:00,19.996748910562324
2011-10-26 06:00:00,95.736597732806
2011-10-26 07:00:00,268.18410510316477
2011-10-26 08:00:00,353.7477613856483
2011-10-26 09:00:00,236.04419180301383
2011-10-26 10:00:00,134.4139467262476
2011-10-26 11:00:00,147.98543282736492
2011-10-26 12:00:00,170.32748255433992
2011-10-26 13:00:00,139.98863334815687
2011-10-26 14:00:00,128.21476908768312
2011-10-26 15:00:00,143.46656906449377
2011-10-26 16:00:00,200.45689112390332
2011-10-26 17:00:00,524.0262198986909
2011-10-26 18:00:00,504.5584186272287
2011-10-26 19:00:00,376.1861455717367
2011-10-26 20:00:00,190.74576486451852
2011-10-26 21:00:00,149.74918544996478
2011-10-26 22:00:00,89.47160705447631
2011-10-26 23:00:00,63.10762965964541
2011-10-27 00:00:00,33.04479663378225
2011-10-27 01:00:00,13.118118888586329
2011-10-27 02:00:00,6.116119353761081
2011-10-27 03:00:00,4.211353766479639
2011-10-27 04:00:00,6.411940142435867
2011-10-27 05:00:00,20.855302624114934
2011-10-27 06:00:00,84.325520060116
2011-10-27 07:00:00,227.12177079505113
2011-10-27 08:00:00,303.4419836802333
2011-10-27 09:00:00,233.6941527849905
2011-10-27 10:00:00,82.3829893914659
2011-10-27 11:00:00,90.3689861570105
2011-10-27 12:00:00,103.38964425327192
2011-10-27 13:00:00,112.7251636920462
2011-10-27 14:00:00,116.75780232902424
2011-10-27 15:00:00,135.7168893695626
2011-10-27 16:00:00,232.10662024088518
2011-10-27 17:00:00,478.3770983704134
2011-10-27 18:00:00,418.54928960038734
2011-10-27 19:00:00,254.29198192761362
2011-10-27 20:00:00,147.02488921881417
2011-10-27 21:00:00,100.29125175591874
2011-10-27 22:00:00,86.02392358964475
2011-10-27 23:00:00,55.1078542556199
2011-10-28 00:00:00,37.3512277573519
2011-10-28 01:00:00,17.297181206495612
2011-10-28 02:00:00,7.691237095536669
2011-10-28 03:00:00,4.412284001529888
2011-10-28 04:00:00,4.342512151021738
2011-10-28 05:00:00,14.755985057615392
2011-10-28 06:00:00,64.9552619201896
2011-10-28 07:00:00,185.33283957719198
2011-10-28 08:00:00,303.1503867570999
2011-10-28 09:00:00,166.17929154694463
2011-10-28 10:00:00,94.33672258520603
2011-10-28 11:00:00,112.12686798037542
2011-10-28 12:00:00,154.4074821353828
2011-10-28 13:00:00,143.1048115561884
2011-10-28 14:00:00,127.52568924011047
2011-10-28 15:00:00,136.92550961825808
2011-10-28 16:00:00,195.12539405832618
2011-10-28 17:00:00,330.6577386927512
2011-10-28 18:00:00,274.7174070077556
2011-10-28 19:00:00,212.00977882628513
2011-10-28 20:00:00,107.7634806126677
2011-10-28 21:00:00,93.2738767784213
2011-10-28 22:00:00,67.50860567455477
2011-10-28 23:00:00,48.58865333186339
2011-10-29 00:00:00,34.803781416202135
2011-10-29 01:00:00,24.852055288196745
2011-10-29 02:00:00,22.34453621755378
2011-10-29 03:00:00,11.095292105377084
2011-10-29 04:00:00,4.603691063370771
2011-10-29 05:00:00,3.476022231812772
2011-10-29 06:00:00,10.118859244414615
2011-10-29 07:00:00,19.52478191733411
2011-10-29 08:00:00,47.15191038297508
2011-10-29 09:00:00,66.86250660244954
2011-10-29 10:00:00,107.25675497039363
2011-10-29 11:00:00,115.56499261676538
2011-10-29 12:00:00,88.08503857335121
2011-10-29 13:00:00,91.40649868583414
2011-10-29 14:00:00,120.74197776942886
2011-10-29 15:00:00,119.0898403734293
2011-10-29 16:00:00,57.369968006989986
2011-10-29 17:00:00,89.2228682346631
2011-10-29 18:00:00,84.40039757820217
2011-10-29 19:00:00,81.7707369212779
2011-10-29 20:00:00,58.352599235548944
2011-10-29 21:00:00,59.64099166431697
2011-10-29 22:00:00,53.10409541736834
2011-10-29 23:00:00,56.37188882941491
2011-10-30 00:00:00,44.4347971402994
2011-10-30 01:00:00,36.0336817512413
2011-10-30 02:00:00,28.786651133683137
2011-10-30 03:00:00,14.989201171029082
2011-10-30 04:00:00,3.617722306438024
2011-10-30 05:00:00,4.724403792591809
2011-10-30 06:00:00,8.37137537282666
2011-10-30 07:00:00,21.479457437898233
2011-10-30 08:00:00,47.856240481561365
2011-10-30 09:00:00,82.29935203957241
2011-10-30 10:00:00,169.3264594926537
2011-10-30 11:00:00,216.16897101445204
2011-10-30 12:00:00,297.10141902168914
2011-10-30 13:00:00,283.7541364060371
2011-10-30 14:00:00,266.5953094984114
2011-10-30 15:00:00,281.4411334245575
2011-10-30 16:00:00,271.68601032630835
2011-10-30 17:00:00,247.00785610758174
2011-10-30 18:00:00,208.36421641532667
2011-10-30 19:00:00,242.6390623654482
2011-10-30 20:00:00,118.01283779238237
2011-10-30 21:00:00,93.35882937463963
2011-10-30 22:00:00,74.04931004003987
2011-10-30 23:00:00,36.07130310173066
2011-10-31 00:00:00,16.107969770960747
2011-10-31 01:00:00,6.624579574562337
2011-10-31 02:00:00,3.870749121500589
2011-10-31 03:00:00,2.8356229465200036
2011-10-31 04:00:00,3.811762433168113
2011-10-31 05:00:00,11.10737157453304
2011-10-31 06:00:00,55.5813456311775
2011-10-31 07:00:00,143.52323748162746
2011-10-31 08:00:00,291.22655430413494
2011-10-31 09:00:00,189.41149284019653
2011-10-31 10:00:00,96.35927997520179
2011-10-31 11:00:00,106.02476557526546
2011-10-31 12:00:00,134.1341256539979
2011-10-31 13:00:00,135.48992334495662
2011-10-31 14:00:00,123.07455704735466
2011-10-31 15:00:00,136.28782794138775
2011-10-31 16:00:00,185.11305015958888
2011-10-31 17:00:00,405.68628381926163
2011-10-31 18:00:00,323.7624924405176
2011-10-31 19:00:00,259.96036020638593
2011-10-31 20:00:00,158.27814176240457
2011-10-31 21:00:00,110.7371790583194
2011-10-31 22:00:00,83.02373629862747
2011-10-31 23:00:00,55.73100383401
2011-11-20 00:00:00,85.25706716805068
2011-11-20 01:00:00,73.13503260161401
2011-11-20 02:00:00,45.13274224595367
2011-11-20 03:00:00,21.027369685654342
2011-11-20 04:00:00,7.022711859136866
2011-11-20 05:00:00,8.41928846298574
2011-11-20 06:00:00,14.846881955476064
2011-11-20 07:00:00,41.03558502712633
2011-11-20 08:00:00,86.34227866967284
2011-11-20 09:00:00,131.57456755762956
2011-11-20 10:00:00,231.34652729257485
2011-11-20 11:00:00,304.26537603095517
2011-11-20 12:00:00,378.15309870447163
2011-11-20 13:00:00,368.0532623569264
2011-11-20 14:00:00,349.0992969627351
2011-11-20 15:00:00,343.43186651501014
2011-11-20 16:00:00,366.38840831013465
2011-11-20 17:00:00,335.55456334327687
2011-11-20 18:00:00,301.5305347872278
2011-11-20 19:00:00,173.6034528565899
2011-11-20 20:00:00,184.03930937284667
2011-11-20 21:00:00,132.63088743794037
2011-11-20 22:00:00,63.92178800471886
2011-11-20 23:00:00,41.96208873941112
2011-11-21 00:00:00,23.27043502593814
2011-11-21 01:00:00,8.089771696339696
2011-11-21 02:00:00,5.066371525769278
2011-11-21 03:00:00,3.162643197181084
2011-11-21 04:00:00,3.0149160003993423
2011-11-21 05:00:00,16.48076155118744
2011-11-21 06:00:00,68.72118571183431
2011-11-21 07:00:00,266.24218940380894
2011-11-21 08:00:00,414.5648319229251
2011-11-21 09:00:00,196.75185497826877
2011-11-21 10:00:00,100.1214784806094
2011-11-21 11:00:00,107.63385680571717
2011-11-21 12:00:00,147.01942165033392
2011-11-21 13:00:00,132.7882116179026
2011-11-21 14:00:00,108.99339513261843
2011-11-21 15:00:00,53.79002559805004
2011-11-21 16:00:00,88.96690215011571
2011-11-21 17:00:00,126.14904890612563
2011-11-21 18:00:00,147.99233682623296
2011-11-21 19:00:00,82.04393177323685
2011-11-21 20:00:00,88.98087781766692
2011-11-21 21:00:00,71.55899635172392
2011-11-21 22:00:00,56.04302387770391
2011-11-21 23:00:00,34.700916883231805
2011-11-22 00:00:00,10.766990250743776
2011-11-22 01:00:00,6.593056915677759
2011-11-22 02:00:00,4.148175599911239
2011-11-22 03:00:00,3.0215215114681273
2011-11-22 04:00:00,2.8577588632153907
2011-11-22 05:00:00,11.6330564177113
2011-11-22 06:00:00,70.21489021757185
2011-11-22 07:00:00,74.81574701306684
2011-11-22 08:00:00,129.99854422338674
2011-11-22 09:00:00,67.83059190812914
2011-11-22 10:00:00,44.34493301361376
2011-11-22 11:00:00,49.42068988474851
2011-11-22 12:00:00,56.06497288887642
2011-11-22 13:00:00,60.875510070413625
2011-11-22 14:00:00,45.50591496430302
2011-11-22 15:00:00,53.28567358439584
2011-11-22 16:00:00,89.67238848201619
2011-11-22 17:00:00,143.87186625220554
2011-11-22 18:00:00,133.44543755506487
2011-11-22 19:00:00,129.371329084125
2011-11-22 20:00:00,123.52727489385023
2011-11-22 21:00:00,94.67265589547013
2011-11-22 22:00:00,71.2760550172672
2011-11-22 23:00:00,49.773981975042894
2011-11-23 00:00:00,22.073551590820276
2011-11-23 01:00:00,9.365979173422504
2011-11-23 02:00:00,3.8883617796246437
2011-11-23 03:00:00,2.036394470428204
2011-11-23 04:00:00,3.9160626881979583
2011-11-23 05:00:00,16.64232094214581
2011-11-23 06:00:00,70.6768832452671
2011-11-23 07:00:00,254.63560007681758
2011-11-23 08:00:00,409.53814015411757
2011-11-23 09:00:00,190.88302776536918
2011-11-23 10:00:00,70.09792295830563
2011-11-23 11:00:00,118.57205003092365
2011-11-23 12:00:00,184.69345782484228
2011-11-23 13:00:00,132.13002322510138
2011-11-23 14:00:00,123.36434518703861
2011-11-23 15:00:00,126.01237622783273
2011-11-23 16:00:00,173.03868484507873
2011-11-23 17:00:00,152.58755530619965
2011-11-23 18:00:00,293.1340134930231
2011-11-23 19:00:00,259.4429843978398
2011-11-23 20:00:00,162.94972217632812
2011-11-23 21:00:00,121.8117798494816
2011-11-23 22:00:00,89.04034550222792
2011-11-23 23:00:00,56.073386438869406
2011-11-24 00:00:00,84.83525339208636
2011-11-24 01:00:00,47.97204310300842
2011-11-24 02:00:00,35.08263896461458
2011-11-24 03:00:00,13.291049854872961
2011-11-24 04:00:00,7.290901738224754
2011-11-24 05:00:00,5.846983112333499
2011-11-24 06:00:00,18.73456170017393
2011-11-24 07:00:00,46.006314756616575
2011-11-24 08:00:00,92.4737608072714
2011-11-24 09:00:00,106.16029651570751
2011-11-24 10:00:00,251.58008113597094
2011-11-24 11:00:00,259.992299306298
2011-11-24 12:00:00,356.3518629723282
2011-11-24 13:00:00,358.08369738870283
2011-11-24 14:00:00,359.2928549422403
2011-11-24 15:00:00,373.84413712295265
2011-11-24 16:00:00,372.46298705101174
2011-11-24 17:00:00,328.3189931316729
2011-11-24 18:00:00,260.3241716085926
2011-11-24 19:00:00,155.5500063063355
2011-11-24 20:00:00,134.58714647024226
2011-11-24 21:00:00,146.98647764459247
2011-11-24 22:00:00,111.21127792864672
2011-11-24 23:00:00,68.23202310554963
2011-11-25 00:00:00,42.491174968244216
2011-11-25 01:00:00,23.02187202692446
2011-11-25 02:00:00,9.556011842397615
2011-11-25 03:00:00,5.937848139576211
2011-11-25 04:00:00,6.34351246399006
2011-11-25 05:00:00,17.228627486256844
2011-11-25 06:00:00,69.88994783468557
2011-11-25 07:00:00,223.2011353198888
2011-11-25 08:00:00,385.1384056798388
2011-11-25 09:00:00,239.00095485011508
2011-11-25 10:00:00,116.05238321106746
2011-11-25 11:00:00,124.79998583039716
2011-11-25 12:00:00,184.8547938260617
2011-11-25 13:00:00,213.13876238040632
2011-11-25 14:00:00,193.35296926304727
2011-11-25 15:00:00,209.11107357319125
2011-11-25 16:00:00,298.4847847954955
2011-11-25 17:00:00,501.9642246211013
2011-11-25 18:00:00,407.51233242215744
2011-11-25 19:00:00,286.81963573027343
2011-11-25 20:00:00,188.5719873317893
2011-11-25 21:00:00,147.20674568253807
2011-11-25 22:00:00,103.52268122378983
2011-11-25 23:00:00,85.72251081804775
2011-11-26 00:00:00,75.48951398145591
2011-11-26 01:00:00,58.5831556513366
2011-11-26 02:00:00,37.38026618566086
2011-11-26 03:00:00,19.876417758113853
2011-11-26 04:00:00,7.418110999157941
2011-11-26 05:00:00,6.685376722395425
2011-11-26 06:00:00,16.833973749095506
2011-11-26 07:00:00,35.52582751638091
2011-11-26 08:00:00,99.59655670419797
2011-11-26 09:00:00,107.74715767334041
2011-11-26 10:00:00,213.38479711840301
2011-11-26 11:00:00,268.1993531553267
2011-11-26 12:00:00,351.63348607935046
2011-11-26 13:00:00,374.00508429433046
2011-11-26 14:00:00,351.3006074965792
2011-11-26 15:00:00,398.5924210392746
2011-11-26 16:00:00,327.7629346365726
2011-11-26 17:00:00,300.68912181460564
2011-11-26 18:00:00,238.3300319357407
2011-11-26 19:00:00,160.60679164179805
2011-11-26 20:00:00,151.37529681114756
2011-11-26 21:00:00,116.19536927206137
2011-11-26 22:00:00,98.57365901494714
2011-11-26 23:00:00,95.50982244763772
2011-11-27 00:00:00,85.26630290864222
2011-11-27 01:00:00,89.72102051261503
2011-11-27 02:00:00,44.11541210398084
2011-11-27 03:00:00,24.40102884038968
2011-11-27 04:00:00,8.030164754922303
2011-11-27 05:00:00,9.720055358751654
2011-11-27 06:00:00,15.088115943771705
2011-11-27 07:00:00,38.52925775004682
2011-11-27 08:00:00,82.00634452901964
2011-11-27 09:00:00,130.25364995455928
2011-11-27 10:00:00,243.62139167145335
2011-11-27 11:00:00,298.39539356605326
2011-11-27 12:00:00,404.81328839896685
2011-11-27 13:00:00,378.47119769258705
2011-11-27 14:00:00,372.25449155912264
2011-11-27 15:00:00,377.5082488288435
2011-11-27 16:00:00,394.4660530932977
2011-11-27 17:00:00,368.00655994585213
2011-11-27 18:00:00,284.97976952691397
2011-11-27 19:00:00,188.05330378011115
2011-11-27 20:00:00,192.46471254826812
2011-11-27 21:00:00,149.710448115626
2011-11-27 22:00:00,123.4447314473096
2011-11-27 23:00:00,84.42696165840091
2011-11-28 00:00:00,32.49669471645743
2011-11-28 01:00:00,15.292245626263998
2011-11-28 03:00:00,5.399887601043552
2011-11-28 04:00:00,6.407961307282055
2011-11-28 05:00:00,23.921641890027345
2011-11-28 06:00:00,101.74210354789672
2011-11-28 07:00:00,331.8589695960805
2011-11-28 08:00:00,386.7038576560517
2011-11-28 09:00:00,238.56521125491645
2011-11-28 10:00:00,111.38104737904985
2011-11-28 11:00:00,138.26775893866028
2011-11-28 12:00:00,180.812508308549
2011-11-28 13:00:00,173.60865007644134
2011-11-28 14:00:00,172.30698364300005
2011-11-28 15:00:00,168.9748544531055
2011-11-28 16:00:00,239.85470938809814
2011-11-28 17:00:00,487.8405987344683
2011-11-28 18:00:00,463.7230680227479
2011-11-28 19:00:00,375.0450053986311
2011-11-28 20:00:00,226.48574470369215
2011-11-28 21:00:00,142.05430449132334
2011-11-28 22:00:00,101.83521454994194
2011-11-28 23:00:00,62.621343349091674
2011-11-29 00:00:00,32.58399321391961
2011-11-29 01:00:00,16.676435012862285
2011-11-29 02:00:00,6.287377839040096
2011-11-29 03:00:00,3.910771104434109
2011-11-29 04:00:00,5.738666909448409
2011-11-29 05:00:00,21.132591451945387
2011-11-29 06:00:00,105.44353202170718
2011-11-29 07:00:00,355.06770720385816
2011-11-29 08:00:00,503.64388191612784
2011-11-29 09:00:00,158.97904623843624
2011-11-29 10:00:00,88.35997914652617
2011-11-29 11:00:00,59.13771475750379
2011-11-29 12:00:00,69.85636109057623
2011-11-29 13:00:00,75.22648179093443
2011-11-29 14:00:00,43.29722198807689
2011-11-29 15:00:00,55.77888260909597
2011-11-29 16:00:00,91.28649287466156
2011-11-29 17:00:00,306.9017176331655
2011-11-29 18:00:00,285.40804044477943
2011-11-29 19:00:00,229.49730972995036
2011-11-29 20:00:00,128.93787404459638
2011-11-29 21:00:00,106.58366780474631
2011-11-29 22:00:00,89.89949339673183
2011-11-29 23:00:00,57.16322133506528
2011-11-30 00:00:00,32.46480732329199
2011-11-30 01:00:00,12.129660615687378
2011-11-30 02:00:00,6.733714918003304
2011-11-30 03:00:00,4.458151233457315
2011-11-30 04:00:00,5.4977873723422634
2011-11-30 05:00:00,16.775113781174362
2011-11-30 06:00:00,67.18631456082956
2011-11-30 07:00:00,229.2953073158375
2011-11-30 08:00:00,361.14480495924425
2011-11-30 09:00:00,213.263529085557
2011-11-30 10:00:00,88.33314326172992
2011-11-30 11:00:00,119.37338576878479
2011-11-30 12:00:00,148.62381692089465
2011-11-30 13:00:00,129.6991474833475
2011-11-30 14:00:00,121.16867510601125
2011-11-30 15:00:00,135.3545964561847
2011-11-30 16:00:00,196.3454632841253
2011-11-30 17:00:00,312.6079931913525
2011-11-30 18:00:00,290.05958296938644
2011-11-30 19:00:00,231.56311369070363
2011-11-30 20:00:00,156.09162679600075
2011-11-30 21:00:00,113.25900128561854
2011-11-30 22:00:00,85.95734417866589
2011-11-30 23:00:00,51.720835564520875
2011-12-20 00:00:00,37.15987761637085
2011-12-20 01:00:00,14.660212129053603
2011-12-20 02:00:00,6.4292216810064176
2011-12-20 03:00:00,5.143201242811268
2011-12-20 04:00:00,6.2223333592454875
2011-12-20 05:00:00,22.769097090336434
2011-12-20 06:00:00,100.15000770448692
2011-12-20 07:00:00,234.28648711802313
2011-12-20 08:00:00,380.4642698584878
2011-12-20 09:00:00,240.73958261327238
2011-12-20 10:00:00,116.16098609611848
2011-12-20 11:00:00,122.896326519001
2011-12-20 12:00:00,167.42288049684907
2011-12-20 13:00:00,158.7398603682048
2011-12-20 14:00:00,143.27776612260362
2011-12-20 15:00:00,151.18121687956526
2011-12-20 16:00:00,226.33970196541665
2011-12-20 17:00:00,399.3240986018734
2011-12-20 18:00:00,351.7185162523262
2011-12-20 19:00:00,286.45030626331487
2011-12-20 20:00:00,173.8910316519108
2011-12-20 21:00:00,143.70339757766124
2011-12-20 22:00:00,108.37043690307993
2011-12-20 23:00:00,73.9737346457592
2011-12-21 00:00:00,31.200512597326174
2011-12-21 01:00:00,16.914049367204996
2011-12-21 02:00:00,7.049258085000384
2011-12-21 03:00:00,4.000840784000158
2011-12-21 04:00:00,4.836062702153501
2011-12-21 05:00:00,20.660455362937547
2011-12-21 06:00:00,83.48088920811493
2011-12-21 07:00:00,226.5127666851393
2011-12-21 08:00:00,103.96833021797627
2011-12-21 09:00:00,224.109885513382
2011-12-21 10:00:00,80.05897271407842
2011-12-21 11:00:00,84.42592774073437
2011-12-21 12:00:00,47.65538231306153
2011-12-21 13:00:00,41.966485045188286
2011-12-21 14:00:00,85.97299021266574
2011-12-21 15:00:00,90.64431852620372
2011-12-21 16:00:00,57.39269922586699
2011-12-21 17:00:00,88.86385589069195
2011-12-21 18:00:00,251.6873182647771
2011-12-21 19:00:00,199.92503961221956
2011-12-21 20:00:00,111.0787700338568
2011-12-21 21:00:00,118.28859310241131
2011-12-21 22:00:00,90.45791827019089
2011-12-21 23:00:00,66.51284013916683
2011-12-22 00:00:00,35.302046441391795
2011-12-22 01:00:00,13.530402544871164
2011-12-22 02:00:00,8.560751104746021
2011-12-22 03:00:00,5.385884823595879
2011-12-22 04:00:00,5.91638251581545
2011-12-22 05:00:00,23.95610118333688
2011-12-22 06:00:00,90.90454872737178
2011-12-22 07:00:00,225.32062711469678
2011-12-22 08:00:00,351.90164159986216
2011-12-22 09:00:00,230.94868076594676
2011-12-22 10:00:00,98.15768575202756
2011-12-22 11:00:00,109.2429338619695
2011-12-22 12:00:00,195.8564051519516
2011-12-22 13:00:00,145.473751940057
2011-12-22 14:00:00,132.3726280151513
2011-12-22 15:00:00,158.82057673412453
2011-12-22 16:00:00,207.67463123772626
2011-12-22 17:00:00,467.8217089789245
2011-12-22 18:00:00,437.5205066761275
2011-12-22 19:00:00,335.59264053460004
2011-12-22 20:00:00,128.0027868264752
2011-12-22 21:00:00,103.32468378467492
2011-12-22 22:00:00,53.75077790026578
2011-12-22 23:00:00,42.837805578451864
2011-12-23 00:00:00,26.808874573850964
2011-12-23 01:00:00,14.17898391575833
2011-12-23 02:00:00,7.898076558283053
2011-12-23 03:00:00,3.3452333475204465
2011-12-23 04:00:00,2.423416480834558
2011-12-23 05:00:00,21.85944147440383
2011-12-23 06:00:00,100.63565161033019
2011-12-23 07:00:00,236.30774829048823
2011-12-23 08:00:00,377.71803830692824
2011-12-23 09:00:00,254.6893366912524
2011-12-23 10:00:00,125.32758556464823
2011-12-23 11:00:00,145.6712341087829
2011-12-23 12:00:00,157.05342597636076
2011-12-23 13:00:00,171.4628289822593
2011-12-23 14:00:00,158.63198520939898
2011-12-23 15:00:00,162.92341904621446
2011-12-23 16:00:00,230.5466304070322
2011-12-23 17:00:00,388.43343895227014
2011-12-23 18:00:00,332.6623651252705
2011-12-23 19:00:00,250.22605668692145
2011-12-23 20:00:00,162.63804346218694
2011-12-23 21:00:00,150.8676522817414
2011-12-23 22:00:00,116.15667574787908
2011-12-23 23:00:00,92.78338805943389
2011-12-24 00:00:00,85.22503693668314
2011-12-24 01:00:00,67.82406695472382
2011-12-24 02:00:00,50.50136489184462
2011-12-24 03:00:00,21.23226853449994
2011-12-24 04:00:00,8.901917507356416
2011-12-24 05:00:00,7.287328170450751
2011-12-24 06:00:00,18.182841183030316
2011-12-24 07:00:00,36.335962309959875
2011-12-24 08:00:00,91.31612016897873
2011-12-24 09:00:00,125.08941290650685
2011-12-24 10:00:00,157.23155298462734
2011-12-24 11:00:00,244.26775702299824
2011-12-24 12:00:00,338.5587725271617
2011-12-24 13:00:00,311.9404134847436
2011-12-24 14:00:00,303.31278637198346
2011-12-24 15:00:00,318.82638912625583
2011-12-24 16:00:00,286.91320596694936
2011-12-24 17:00:00,209.80477988871425
2011-12-24 18:00:00,242.70662345960704
2011-12-24 19:00:00,150.6481435588816
2011-12-24 20:00:00,96.93090232991369
2011-12-24 21:00:00,85.8088686035499
2011-12-24 22:00:00,65.10211688190203
2011-12-24 23:00:00,58.51463872276196
2011-12-25 00:00:00,55.974170904134056
2011-12-25 01:00:00,46.14251524890817
2011-12-25 02:00:00,33.056500883509635
2011-12-25 03:00:00,21.461437422513683
2011-12-25 05:00:00,5.814791348182905
2011-12-25 06:00:00,8.663280861016775
2011-12-25 07:00:00,21.52779339943116
2011-12-25 08:00:00,51.60092332792707
2011-12-25 09:00:00,80.24496341698806
2011-12-25 10:00:00,171.724333449887
2011-12-25 11:00:00,240.81638334625958
2011-12-25 12:00:00,264.84469557906823
2011-12-25 13:00:00,254.8871099661551
2011-12-25 14:00:00,269.4225471210286
2011-12-25 15:00:00,278.2895030975586
2011-12-25 16:00:00,309.25472105344124
2011-12-25 17:00:00,248.27549253288024
2011-12-25 18:00:00,206.49271888286088
2011-12-25 19:00:00,157.84687363099675
2011-12-25 20:00:00,148.55617761760192
2011-12-25 21:00:00,108.35377234063003
2011-12-25 22:00:00,85.65253525288095
2011-12-25 23:00:00,41.564454947638076
2011-12-26 00:00:00,40.24305151395197
2011-12-26 01:00:00,41.12587792570202
2011-12-26 02:00:00,24.34490779871433
2011-12-26 04:00:00,7.488647455052863
2011-12-26 05:00:00,8.484415030735029
2011-12-26 06:00:00,23.070718354488204
2011-12-26 07:00:00,69.5661374208621
2011-12-26 08:00:00,122.6767506502582
2011-12-26 09:00:00,126.37897769775527
2011-12-26 10:00:00,139.6895447428611
2011-12-26 11:00:00,150.75438666135238
2011-12-26 12:00:00,270.89630216010676
2011-12-26 13:00:00,306.0771732857268
2011-12-26 14:00:00,293.7160642846101
2011-12-26 15:00:00,312.0618736028579
2011-12-26 16:00:00,279.2091052365806
2011-12-26 17:00:00,265.8619453334341
2011-12-26 18:00:00,250.84377157006563
2011-12-26 19:00:00,121.91334265396358
2011-12-26 20:00:00,129.7208974771584
2011-12-26 21:00:00,87.11463963682986
2011-12-26 22:00:00,69.13478978749463
2011-12-26 23:00:00,45.37026332127545
2011-12-27 00:00:00,19.979228762307716
2011-12-27 01:00:00,8.144747096165295
2011-12-27 02:00:00,5.746162411731509
2011-12-27 03:00:00,3.820125391175817
2011-12-27 04:00:00,5.562609662021958
2011-12-27 05:00:00,20.982956684987357
2011-12-27 06:00:00,83.3520071332717
2011-12-27 07:00:00,220.45394108766953
2011-12-27 08:00:00,355.18092384378605
2011-12-27 09:00:00,109.45364675897157
2011-12-27 10:00:00,103.63830699479014
2011-12-27 11:00:00,82.6800961920832
2011-12-27 12:00:00,79.49991121749879
2011-12-27 13:00:00,63.01874676157816
2011-12-27 14:00:00,59.45284652164671
2011-12-27 15:00:00,67.21560854364985
2011-12-27 16:00:00,85.72363805705928
2011-12-27 17:00:00,140.6513839345534
2011-12-27 18:00:00,311.0227631159749
2011-12-27 19:00:00,288.21505168518325
2011-12-27 20:00:00,118.22220783764637
2011-12-27 21:00:00,114.13702154333166
2011-12-27 22:00:00,85.75260735648577
2011-12-27 23:00:00,50.25457656660019
2011-12-28 00:00:00,26.98041972543308
2011-12-28 01:00:00,15.639074786178224
2011-12-28 02:00:00,6.744917223057396
2011-12-28 03:00:00,5.187068930988651
2011-12-28 05:00:00,26.836145720388046
2011-12-28 06:00:00,101.3164118504389
2011-12-28 07:00:00,212.98996457825018
2011-12-28 08:00:00,326.05142815209695
2011-12-28 09:00:00,215.57947101600206
2011-12-28 10:00:00,116.29983754884502
2011-12-28 11:00:00,123.35160669273307
2011-12-28 12:00:00,104.38195897191558
2011-12-28 13:00:00,127.253959934177
2011-12-28 14:00:00,135.08634381385548
2011-12-28 15:00:00,141.11268580653672
2011-12-28 16:00:00,169.10701540820133
2011-12-28 17:00:00,344.38516166624424
2011-12-28 18:00:00,324.25804474320495
2011-12-28 19:00:00,229.44270942214519
2011-12-28 20:00:00,127.55856792693305
2011-12-28 21:00:00,76.80073259402589
2011-12-28 22:00:00,60.463372903908194
2011-12-28 23:00:00,39.47625191850645
2011-12-29 00:00:00,20.8761568357788
2011-12-29 01:00:00,8.983384419075927
2011-12-29 02:00:00,5.707230487723035
2011-12-29 03:00:00,2.76685705362394
2011-12-29 04:00:00,4.0715520361684385
2011-12-29 05:00:00,16.013692845804428
2011-12-29 06:00:00,61.804096261998446
2011-12-29 07:00:00,224.09056119662912
2011-12-29 08:00:00,399.41403142332393
2011-12-29 09:00:00,220.68971056370248
2011-12-29 10:00:00,81.36489526266386
2011-12-29 11:00:00,76.93845245306304
2011-12-29 12:00:00,107.90052062045872
2011-12-29 13:00:00,131.83441081949024
2011-12-29 14:00:00,114.14323940733024
2011-12-29 15:00:00,123.22408015888142
2011-12-29 16:00:00,186.2203360122469
2011-12-29 17:00:00,353.53116264602045
2011-12-29 18:00:00,339.9109230541682
2011-12-29 19:00:00,286.1107017221339
2011-12-29 20:00:00,166.0113138734531
2011-12-29 21:00:00,125.81505331405145
2011-12-29 22:00:00,96.43256362524892
2011-12-29 23:00:00,69.05905605964566
2011-12-30 00:00:00,43.2092401816603
2011-12-30 01:00:00,16.373079190137
2011-12-30 02:00:00,9.278896681278443
2011-12-30 03:00:00,4.555298474077585
2011-12-30 04:00:00,4.2561948650331285
2011-12-30 05:00:00,16.741071060282497
2011-12-30 06:00:00,65.39238371445337
2011-12-30 07:00:00,195.11864705932467
2011-12-30 08:00:00,391.6573153987413
2011-12-30 09:00:00,225.6427880305654
2011-12-30 10:00:00,110.27777258551862
2011-12-30 11:00:00,123.43212306562116
2011-12-30 12:00:00,180.10883435155543
2011-12-30 13:00:00,176.94967461398969
2011-12-30 14:00:00,158.01849619936706
2011-12-30 15:00:00,175.7430596352978
2011-12-30 16:00:00,241.4562825386284
2011-12-30 17:00:00,400.23301512815533
2011-12-30 18:00:00,348.7476990708812
2011-12-30 19:00:00,207.16795027077475
2011-12-30 20:00:00,162.94523832452288
2011-12-30 21:00:00,146.65915826018625
2011-12-30 22:00:00,113.44272461001793
2011-12-30 23:00:00,90.83141006691946
2011-12-31 00:00:00,79.7055828781484
2011-12-31 01:00:00,64.23183762532368
2011-12-31 02:00:00,44.394982980835756
2011-12-31 03:00:00,23.859936306913617
2011-12-31 04:00:00,7.1157844898986795
2011-12-31 05:00:00,7.478662347862546
2011-12-31 06:00:00,20.661188924142195
2011-12-31 07:00:00,34.5221316020064
2011-12-31 08:00:00,104.33343523537948
2011-12-31 09:00:00,125.61359353094102
2011-12-31 10:00:00,234.15016193939792
2011-12-31 11:00:00,270.89662811790924
2011-12-31 12:00:00,413.6680883372478
2011-12-31 13:00:00,361.593110645647
2011-12-31 14:00:00,314.15141906872685
2011-12-31 15:00:00,305.43721444242817
2011-12-31 16:00:00,328.496522722921
2011-12-31 17:00:00,302.21015617841795
2011-12-31 18:00:00,271.6318530922238
2011-12-31 19:00:00,180.5803152753598
2011-12-31 20:00:00,163.5962805414962
2011-12-31 21:00:00,146.94778370613207
2011-12-31 22:00:00,123.99390171015544
2011-12-31 23:00:00,98.72023684230689
2012-01-20 00:00:00,28.70915522531699
2012-01-20 01:00:00,13.90619499277515
2012-01-20 02:00:00,8.30216755331946
2012-01-20 03:00:00,4.7703832686313214
2012-01-20 04:00:00,3.5100363325652175
2012-01-20 05:00:00,19.522741423716273
2012-01-20 06:00:00,69.40251087829931
2012-01-20 07:00:00,198.95330617753964
2012-01-20 08:00:00,437.65775355667023
2012-01-20 09:00:00,224.9779337137809
2012-01-20 10:00:00,98.28179338881998
2012-01-20 11:00:00,97.04366278532096
2012-01-20 12:00:00,123.31641825240742
2012-01-20 13:00:00,137.10775323724764
2012-01-20 14:00:00,109.33374713286548
2012-01-20 15:00:00,116.74010726824395
2012-01-20 16:00:00,160.28909441203598
2012-01-20 17:00:00,350.10031234076416
2012-01-20 18:00:00,325.1489263913082
2012-01-20 19:00:00,229.68000620593114
2012-01-20 20:00:00,118.22794436230448
2012-01-20 21:00:00,97.77429627786573
2012-01-20 22:00:00,79.71749562548342
2012-01-20 23:00:00,40.074107701117164
2012-01-21 00:00:00,25.244065499349393
2012-01-21 01:00:00,31.89341788477075
2012-01-21 02:00:00,15.970003698873736
2012-01-21 03:00:00,9.193522579652289
2012-01-21 04:00:00,3.392633486249183
2012-01-21 05:00:00,3.6697881789720297
2012-01-21 06:00:00,8.992861568285146
2012-01-21 07:00:00,16.998437853617194
2012-01-21 08:00:00,59.24854936008892
2012-01-21 09:00:00,77.01114544870251
2012-01-21 10:00:00,89.90943330365737
2012-01-21 11:00:00,160.568384959284
2012-01-21 12:00:00,198.76366429973265
2012-01-21 13:00:00,186.60727619530925
2012-01-21 14:00:00,112.47848766936838
2012-01-21 15:00:00,131.35462783099197
2012-01-21 16:00:00,176.17726306786508
2012-01-21 17:00:00,136.54267217722432
2012-01-21 18:00:00,127.2556853301441
2012-01-21 19:00:00,88.41281622057113
2012-01-21 20:00:00,72.29411343168233
2012-01-21 21:00:00,69.28109037143271
2012-01-21 22:00:00,60.15848181007215
2012-01-21 23:00:00,54.77490520511903
2012-01-22 00:00:00,37.87639117402332
2012-01-22 01:00:00,36.32160305842998
2012-01-22 02:00:00,26.16468294780181
2012-01-22 03:00:00,18.047187664360237
2012-01-22 04:00:00,2.7685182157075996
2012-01-22 05:00:00,3.0109507591398312
2012-01-22 06:00:00,5.592273392928958
2012-01-22 07:00:00,11.102364508184356
2012-01-22 08:00:00,45.58427822792872
2012-01-22 09:00:00,73.32800923081676
2012-01-22 10:00:00,125.29556482076113
2012-01-22 11:00:00,108.10286279198299
2012-01-22 12:00:00,179.00547112604104
2012-01-22 13:00:00,173.84959631791125
2012-01-22 14:00:00,156.42466932173772
2012-01-22 15:00:00,174.06591753386212
2012-01-22 16:00:00,187.5927507887356
2012-01-22 17:00:00,126.79899122041647
2012-01-22 18:00:00,89.21790821340102
2012-01-22 19:00:00,57.58545674582607
2012-01-22 20:00:00,50.44003466532279
2012-01-22 21:00:00,44.39575177843377
2012-01-22 22:00:00,48.37181148663588
2012-01-22 23:00:00,31.273638490600334
2012-01-23 00:00:00,13.740220286800334
2012-01-23 01:00:00,5.8449635660802635
2012-01-23 02:00:00,4.167074185367662
2012-01-23 03:00:00,2.7878936448395195
2012-01-23 04:00:00,3.443267201639827
2012-01-23 05:00:00,15.85918742040274
2012-01-23 06:00:00,62.16784919228336
2012-01-23 07:00:00,111.73638240288403
2012-01-23 08:00:00,244.65615037884228
2012-01-23 09:00:00,214.13625831513255
2012-01-23 10:00:00,73.98147496749304
2012-01-23 11:00:00,74.47335379174984
2012-01-23 12:00:00,74.16778755620635
2012-01-23 13:00:00,55.40118146454546
2012-01-23 14:00:00,41.63535972523063
2012-01-23 15:00:00,66.85858126850927
2012-01-23 16:00:00,126.58531546281696
2012-01-23 17:00:00,291.72868179694336
2012-01-23 18:00:00,287.24438882113526
2012-01-23 19:00:00,258.64305034780665
2012-01-23 20:00:00,107.38852447369842
2012-01-23 21:00:00,77.63429202400368
2012-01-23 22:00:00,65.49870464900667
2012-01-23 23:00:00,34.87638507170967
2012-01-24 00:00:00,11.102479332474347
2012-01-24 01:00:00,6.9552007239443
2012-01-24 02:00:00,3.830502529962768
2012-01-24 03:00:00,3.619697016704719
2012-01-24 04:00:00,3.939954964781907
2012-01-24 05:00:00,16.791830489320727
2012-01-24 06:00:00,64.54296576824751
2012-01-24 07:00:00,209.5159086066049
2012-01-24 08:00:00,319.36061665313883
2012-01-24 09:00:00,206.8139092664236
2012-01-24 10:00:00,74.71070437328476
2012-01-24 11:00:00,82.17793766691493
2012-01-24 12:00:00,86.4022057439499
2012-01-24 13:00:00,99.47921679912676
2012-01-24 14:00:00,104.35078347578028
2012-01-24 15:00:00,126.72316716193882
2012-01-24 16:00:00,214.15124158193348
2012-01-24 17:00:00,436.4778137161043
2012-01-24 18:00:00,427.31847406198085
2012-01-24 19:00:00,371.03897752805943
2012-01-24 20:00:00,129.21668284004045
2012-01-24 21:00:00,120.96706674329819
2012-01-24 22:00:00,88.20000708243461
2012-01-24 23:00:00,60.54421865228561
2012-01-25 00:00:00,13.382042480621644
2012-01-25 01:00:00,8.461745546612429
2012-01-25 02:00:00,4.2087313907259825
2012-01-25 03:00:00,4.862174863009616
2012-01-25 04:00:00,2.9094584139617563
2012-01-25 05:00:00,18.28240797214491
2012-01-25 06:00:00,71.65997926615857
2012-01-25 07:00:00,218.24303643623685
2012-01-25 08:00:00,429.131925975442
2012-01-25 09:00:00,223.73426369652464
2012-01-25 10:00:00,87.39435865911796
2012-01-25 11:00:00,86.18604261696662
2012-01-25 12:00:00,146.57514053130097
2012-01-25 13:00:00,135.02008618734845
2012-01-25 14:00:00,121.10250355965591
2012-01-25 15:00:00,149.38221342984627
2012-01-25 16:00:00,188.45702175057622
2012-01-25 17:00:00,368.1537502834921
2012-01-25 18:00:00,335.7661611577613
2012-01-25 19:00:00,244.42667614694716
2012-01-25 20:00:00,142.14638093348853
2012-01-25 21:00:00,95.89033585899865
2012-01-25 22:00:00,82.6785343120506
2012-01-25 23:00:00,47.68968757801811
2012-01-26 00:00:00,21.070233575409954
2012-01-26 01:00:00,8.49149228140954
2012-01-26 02:00:00,5.120334921513559
2012-01-26 03:00:00,5.224357619401579
2012-01-26 04:00:00,4.35572384216407
2012-01-26 05:00:00,19.85008346875081
2012-01-26 06:00:00,80.92861439857022
2012-01-26 07:00:00,246.38411586346717
2012-01-26 08:00:00,399.552185960099
2012-01-26 09:00:00,224.93764754523946
2012-01-26 10:00:00,86.21279141776884
2012-01-26 11:00:00,79.5141700663673
2012-01-26 12:00:00,116.83212921829448
2012-01-26 13:00:00,128.3825414847521
2012-01-26 14:00:00,116.89614655617207
2012-01-26 15:00:00,136.35755428804842
2012-01-26 16:00:00,183.58299421267535
2012-01-26 17:00:00,403.1874065555321
2012-01-26 18:00:00,399.6778184070196
2012-01-26 19:00:00,313.73379456087633
2012-01-26 20:00:00,147.10748621530027
2012-01-26 21:00:00,121.3835921943137
2012-01-26 22:00:00,115.67170305747408
2012-01-26 23:00:00,63.933806271703986
2012-01-27 00:00:00,30.347271462970305
2012-01-27 01:00:00,15.128799363359775
2012-01-27 02:00:00,10.176745967552899
2012-01-27 03:00:00,4.097617134407274
2012-01-27 04:00:00,3.091288697439925
2012-01-27 05:00:00,21.508017809411413
2012-01-27 06:00:00,72.52870924518268
2012-01-27 07:00:00,186.39110085865343
2012-01-27 08:00:00,138.0991819704648
2012-01-27 09:00:00,90.90847105777557
2012-01-27 10:00:00,63.39564386559235
2012-01-27 11:00:00,102.29495469716245
2012-01-27 12:00:00,118.8474065901018
2012-01-27 13:00:00,203.95852598453652
2012-01-27 14:00:00,208.71164024892065
2012-01-27 15:00:00,221.47174452687494
2012-01-27 16:00:00,263.0887111586097
2012-01-27 17:00:00,438.55847371656364
2012-01-27 18:00:00,391.6926115124512
2012-01-27 19:00:00,245.68852287404837
2012-01-27 20:00:00,147.4692060699464
2012-01-27 21:00:00,127.51411533651509
2012-01-27 22:00:00,104.08241868548716
2012-01-27 23:00:00,80.21347917286329
2012-01-28 00:00:00,52.74005862030063
2012-01-28 01:00:00,45.960840191936065
2012-01-28 02:00:00,27.466555924652063
2012-01-28 03:00:00,16.8346070443278
2012-01-28 04:00:00,4.788874941058776
2012-01-28 05:00:00,5.190855429591318
2012-01-28 06:00:00,9.548957174088308
2012-01-28 07:00:00,21.44659704531282
2012-01-28 08:00:00,67.76339255625723
2012-01-28 09:00:00,85.49640152025572
2012-01-28 10:00:00,158.76672678415505
2012-01-28 11:00:00,225.33000900450406
2012-01-28 12:00:00,216.93355925242523
2012-01-28 13:00:00,248.64157455705632
2012-01-28 14:00:00,275.71015294115364
2012-01-28 15:00:00,288.51911060036053
2012-01-28 16:00:00,290.52754913843427
2012-01-28 17:00:00,237.85444728300544
2012-01-28 18:00:00,228.8239947839554
2012-01-28 19:00:00,150.69550148538923
2012-01-28 20:00:00,132.5282764216449
2012-01-28 21:00:00,121.88992853299479
2012-01-28 22:00:00,97.73315645600235
2012-01-28 23:00:00,81.62934526612675
2012-01-29 00:00:00,59.72153560278723
2012-01-29 01:00:00,39.133832047565555
2012-01-29 02:00:00,31.546688251461084
2012-01-29 03:00:00,22.596511227629033
2012-01-29 04:00:00,3.7830767588819816
2012-01-29 05:00:00,4.107557709268018
2012-01-29 06:00:00,7.63952621812831
2012-01-29 07:00:00,14.437250592841783
2012-01-29 08:00:00,55.055176362182635
2012-01-29 09:00:00,76.95808881953184
2012-01-29 10:00:00,161.59377935051864
2012-01-29 11:00:00,179.3013101413181
2012-01-29 12:00:00,244.2327696850272
2012-01-29 13:00:00,228.32472449160662
2012-01-29 14:00:00,211.19828011462363
2012-01-29 15:00:00,249.64102965099624
2012-01-29 16:00:00,231.6890736814153
2012-01-29 17:00:00,201.83840032027265
2012-01-29 18:00:00,173.638982223011
2012-01-29 19:00:00,120.08745786803874
2012-01-29 20:00:00,89.60837409639366
2012-01-29 21:00:00,81.90000971067897
2012-01-29 22:00:00,69.84869785171296
2012-01-29 23:00:00,32.20163342235137
2012-01-30 00:00:00,21.435807723257717
2012-01-30 01:00:00,4.792018366253003
2012-01-30 02:00:00,4.616333432355994
2012-01-30 03:00:00,2.2952345103537706
2012-01-30 04:00:00,3.213040822078966
2012-01-30 05:00:00,15.728503292190066
2012-01-30 06:00:00,64.5663934487619
2012-01-30 07:00:00,215.25328071578585
2012-01-30 08:00:00,423.3448019838914
2012-01-30 09:00:00,221.579435974442
2012-01-30 10:00:00,90.81077799927803
2012-01-30 11:00:00,85.6479105259095
2012-01-30 12:00:00,113.97794195712925
2012-01-30 13:00:00,120.85703899758163
2012-01-30 14:00:00,110.39968212699563
2012-01-30 15:00:00,120.63180651524617
2012-01-30 16:00:00,170.10001859263073
2012-01-30 17:00:00,332.68394433730623
2012-01-30 18:00:00,321.1040060578997
2012-01-30 19:00:00,269.33420900047815
2012-01-30 20:00:00,141.88697659230857
2012-01-30 21:00:00,96.77873871461765
2012-01-30 22:00:00,78.39329344433244
2012-01-30 23:00:00,39.811991218236344
2012-01-31 00:00:00,19.411776719696604
2012-01-31 01:00:00,6.69198743913473
2012-01-31 02:00:00,4.697052258639008
2012-01-31 03:00:00,3.078806264867433
2012-01-31 04:00:00,3.9919742268006253
2012-01-31 05:00:00,19.59936746570254
2012-01-31 06:00:00,80.61906601735188
2012-01-31 07:00:00,243.1952192630955
2012-01-31 08:00:00,378.3445812068628
2012-01-31 09:00:00,245.81576748367584
2012-01-31 10:00:00,95.0444490327807
2012-01-31 11:00:00,141.32009278613398
2012-01-31 12:00:00,168.31486340813092
2012-01-31 13:00:00,191.84243727653322
2012-01-31 14:00:00,191.06432465020654
2012-01-31 15:00:00,214.2865321806873
2012-01-31 16:00:00,322.6798011492192
2012-01-31 17:00:00,552.0568951491477
2012-01-31 18:00:00,533.5643219524358
2012-01-31 19:00:00,434.5198764980907
2012-01-31 20:00:00,209.04662824015207
2012-01-31 21:00:00,157.2895634325938
2012-01-31 22:00:00,117.87342012343538
2012-01-31 23:00:00,79.13484025401279
2012-02-20 00:00:00,43.00634098370989
2012-02-20 01:00:00,31.422176836285935
2012-02-20 02:00:00,18.884067446030016
2012-02-20 03:00:00,6.592251171879708
2012-02-20 05:00:00,3.2780161895396844
2012-02-20 06:00:00,10.073435304135923
2012-02-20 07:00:00,33.40997467608569
2012-02-20 08:00:00,66.86807872122067
2012-02-20 09:00:00,74.18604467988929
2012-02-20 10:00:00,146.6308828200361
2012-02-20 11:00:00,203.1370872023712
2012-02-20 12:00:00,249.80358281640824
2012-02-20 13:00:00,251.28728344007519
2012-02-20 14:00:00,257.9086944936783
2012-02-20 15:00:00,276.86152875653204
2012-02-20 16:00:00,293.4402970204269
2012-02-20 17:00:00,283.89647004024715
2012-02-20 18:00:00,209.69889334061236
2012-02-20 19:00:00,123.27156521161864
2012-02-20 20:00:00,126.36967711495602
2012-02-20 21:00:00,99.11475899474696
2012-02-20 22:00:00,83.96258667814635
2012-02-20 23:00:00,43.63761572164993
2012-02-21 00:00:00,18.91465325505127
2012-02-21 01:00:00,8.245269515375362
2012-02-21 02:00:00,4.075736277309853
2012-02-21 04:00:00,2.170996793165817
2012-02-21 05:00:00,18.098885035315792
2012-02-21 06:00:00,70.71086047953466
2012-02-21 07:00:00,261.3923197848328
2012-02-21 08:00:00,483.7272724701884
2012-02-21 09:00:00,255.71731786989807
2012-02-21 10:00:00,91.47062207485936
2012-02-21 11:00:00,96.21757339662618
2012-02-21 12:00:00,136.68164481902642
2012-02-21 13:00:00,139.03344273120553
2012-02-21 14:00:00,130.08507101999746
2012-02-21 15:00:00,133.76858878171447
2012-02-21 16:00:00,223.82023328719626
2012-02-21 17:00:00,418.9395409374412
2012-02-21 18:00:00,385.3778200835635
2012-02-21 19:00:00,290.65005043339016
2012-02-21 20:00:00,167.46199235579118
2012-02-21 21:00:00,128.01933681099922
2012-02-21 22:00:00,100.17331921757675
2012-02-21 23:00:00,60.28546057992023
2012-02-22 00:00:00,26.826273205784776
2012-02-22 01:00:00,13.093623209443901
2012-02-22 02:00:00,4.956364252912379
2012-02-22 03:00:00,3.178862086341339
2012-02-22 04:00:00,2.5285932212833484
2012-02-22 05:00:00,20.210167942642116
2012-02-22 06:00:00,88.76893546508425
2012-02-22 07:00:00,274.7562379069633
2012-02-22 08:00:00,487.03949551582747
2012-02-22 09:00:00,260.23057521687775
2012-02-22 10:00:00,103.6475897582131
2012-02-22 11:00:00,123.21154200874975
2012-02-22 12:00:00,172.52155168122817
2012-02-22 13:00:00,166.840119109502
2012-02-22 14:00:00,150.06016164253344
2012-02-22 15:00:00,179.7281485878131
2012-02-22 16:00:00,265.727767935991
2012-02-22 17:00:00,500.3609844255759
2012-02-22 18:00:00,472.552006267037
2012-02-22 19:00:00,391.02406221869165
2012-02-22 20:00:00,204.55843404191597
2012-02-22 21:00:00,166.56369863059317
2012-02-22 22:00:00,119.98925055658005
2012-02-22 23:00:00,75.36783938049244
2012-02-23 00:00:00,31.767019861663535
2012-02-23 01:00:00,11.509012820115949
2012-02-23 02:00:00,6.184470041964162
2012-02-23 03:00:00,1.9461405518943344
2012-02-23 04:00:00,2.407681447480382
2012-02-23 05:00:00,25.454655182978
2012-02-23 06:00:00,102.36606719750887
2012-02-23 07:00:00,292.253124890109
2012-02-23 08:00:00,570.0040199519834
2012-02-23 09:00:00,266.0335292936692
2012-02-23 10:00:00,124.99363333390743
2012-02-23 11:00:00,177.1876683284891
2012-02-23 12:00:00,232.59267505174395
2012-02-23 13:00:00,218.9949429912251
2012-02-23 14:00:00,195.1546151254924
2012-02-23 15:00:00,210.24983269032353
2012-02-23 16:00:00,304.7552971354153
2012-02-23 17:00:00,558.2613340998928
2012-02-23 18:00:00,545.8790732965534
2012-02-23 19:00:00,419.8573145765986
2012-02-23 20:00:00,248.48956309776196
2012-02-23 21:00:00,165.37230184974163
2012-02-23 22:00:00,139.60132724557104
2012-02-23 23:00:00,97.31472060687847
2012-02-24 00:00:00,50.64626875882756
2012-02-24 01:00:00,20.812163003152552
2012-02-24 02:00:00,8.049719299237704
2012-02-24 03:00:00,4.7276058481504935
2012-02-24 04:00:00,4.090835668732383
2012-02-24 05:00:00,30.134840306431503
2012-02-24 06:00:00,113.74471768914974
2012-02-24 07:00:00,288.3048095471036
2012-02-24 08:00:00,511.2558257432238
2012-02-24 09:00:00,128.03387828793802
2012-02-24 10:00:00,82.72570127499685
2012-02-24 11:00:00,119.29293449065065
2012-02-24 12:00:00,171.6652813064268
2012-02-24 13:00:00,177.11946714643324
2012-02-24 14:00:00,159.2082323820952
2012-02-24 15:00:00,108.89275294006406
2012-02-24 16:00:00,156.26916270409265
2012-02-24 17:00:00,223.93341912353216
2012-02-24 18:00:00,462.0926536932532
2012-02-24 19:00:00,359.63562906132825
2012-02-24 20:00:00,195.44803475208408
2012-02-24 21:00:00,161.0719920812151
2012-02-24 22:00:00,135.59972148256642
2012-02-24 23:00:00,102.08417815066787
2012-02-25 00:00:00,72.52143143366689
2012-02-25 01:00:00,48.52121142283475
2012-02-25 02:00:00,35.31480724089476
2012-02-25 03:00:00,13.798223842949408
2012-02-25 04:00:00,4.710531432967931
2012-02-25 05:00:00,4.2955577205669995
2012-02-25 06:00:00,10.101186222043847
2012-02-25 07:00:00,30.640482394944247
2012-02-25 08:00:00,79.21654180350328
2012-02-25 09:00:00,66.35880288059963
2012-02-25 10:00:00,185.588415292947
2012-02-25 11:00:00,225.45875227505718
2012-02-25 12:00:00,254.35876243449135
2012-02-25 13:00:00,269.68230633961144
2012-02-25 14:00:00,243.95921517105458
2012-02-25 15:00:00,257.3506063073841
2012-02-25 16:00:00,230.07177498466191
2012-02-25 17:00:00,186.73918759262347
2012-02-25 18:00:00,183.88118530906803
2012-02-25 19:00:00,92.4552113662143
2012-02-25 20:00:00,79.5040320085478
2012-02-25 21:00:00,80.79077709932133
2012-02-25 22:00:00,67.46614735782684
2012-02-25 23:00:00,51.789748208419326
2012-02-26 00:00:00,42.62725340482327
2012-02-26 01:00:00,38.07953575805329
2012-02-26 02:00:00,28.176414938567977
2012-02-26 03:00:00,17.723911224049466
2012-02-26 04:00:00,3.2596079140581065
2012-02-26 05:00:00,3.5259919871388323
2012-02-26 06:00:00,4.33039338152154
2012-02-26 07:00:00,14.666268327869068
2012-02-26 08:00:00,47.58044641122881
2012-02-26 09:00:00,73.25591312068052
2012-02-26 10:00:00,163.54700924246444
2012-02-26 11:00:00,193.88081966519255
2012-02-26 12:00:00,279.7660309818187
2012-02-26 13:00:00,274.15306047610255
2012-02-26 14:00:00,248.96624047577322
2012-02-26 15:00:00,287.68801698623565
2012-02-26 16:00:00,260.86737526765336
2012-02-26 17:00:00,242.69244280469775
2012-02-26 18:00:00,187.93808611596882
2012-02-26 19:00:00,119.90209793962528
2012-02-26 20:00:00,120.83099153824197
2012-02-26 21:00:00,88.0479672053251
2012-02-26 22:00:00,67.9314807237708
2012-02-26 23:00:00,34.841746833789976
2012-02-27 00:00:00,19.43208974791711
2012-02-27 01:00:00,7.719299746943712
2012-02-27 02:00:00,4.592538689807485
2012-02-27 03:00:00,2.5146780923099765
2012-02-27 04:00:00,2.878885997693884
2012-02-27 05:00:00,15.573317251047598
2012-02-27 06:00:00,73.70770819775696
2012-02-27 07:00:00,248.69157372502548
2012-02-27 08:00:00,481.2858982912297
2012-02-27 09:00:00,281.75763956438027
2012-02-27 10:00:00,107.51949476001009
2012-02-27 11:00:00,136.15825759974607
2012-02-27 12:00:00,167.75719229002445
2012-02-27 13:00:00,160.42757870122207
2012-02-27 14:00:00,157.06122617823414
2012-02-27 15:00:00,170.1608458339869
2012-02-27 16:00:00,259.1538598530998
2012-02-27 17:00:00,468.1558101446854
2012-02-27 18:00:00,441.42481124269415
2012-02-27 19:00:00,339.68125696279344
2012-02-27 20:00:00,209.89473784182937
2012-02-27 21:00:00,153.72183425966347
2012-02-27 22:00:00,117.54267707474689
2012-02-27 23:00:00,65.43577533936298
2012-02-28 00:00:00,29.093685098100146
2012-02-28 01:00:00,11.231771645790541
2012-02-28 02:00:00,5.317199108991636
2012-02-28 03:00:00,3.2822815296307315
2012-02-28 04:00:00,3.0126274794000096
2012-02-28 05:00:00,20.017320235430294
2012-02-28 06:00:00,82.24646165149265
2012-02-28 07:00:00,284.0701755714638
2012-02-28 08:00:00,492.2849498150978
2012-02-28 09:00:00,280.8322752002955
2012-02-28 10:00:00,105.00001751549173
2012-02-28 11:00:00,128.0131183246796
2012-02-28 12:00:00,174.85959239651828
2012-02-28 13:00:00,160.3730178319598
2012-02-28 14:00:00,157.01401871730474
2012-02-28 15:00:00,169.96716809378398
2012-02-28 16:00:00,246.1605097130958
2012-02-28 17:00:00,487.67071347461984
2012-02-28 18:00:00,450.1725594819842
2012-02-28 19:00:00,363.27075111416167
2012-02-28 20:00:00,212.6193426790459
2012-02-28 21:00:00,133.38030940638913
2012-02-28 22:00:00,108.68023584127263
2012-02-28 23:00:00,64.97639960657514
2012-02-29 00:00:00,31.42261831641187
2012-02-29 01:00:00,11.59000495368932
2012-02-29 02:00:00,5.095660910314319
2012-02-29 03:00:00,3.1285466343679413
2012-02-29 05:00:00,16.22558613136057
2012-02-29 06:00:00,76.67965247443222
2012-02-29 07:00:00,267.3848249800592
2012-02-29 08:00:00,477.4550951706093
2012-02-29 09:00:00,152.4603807116811
2012-02-29 10:00:00,62.95137583563925
2012-02-29 11:00:00,65.61973353791203
2012-02-29 12:00:00,60.84057847372466
2012-02-29 13:00:00,131.15031867999858
2012-02-29 14:00:00,110.29487149393654
2012-02-29 15:00:00,124.63322817689982
2012-02-29 16:00:00,121.17879654893265
2012-02-29 17:00:00,539.4460555748301
2012-02-29 18:00:00,243.0805635986239
2012-02-29 19:00:00,448.74363217229023
2012-02-29 20:00:00,123.21885603087657
2012-02-29 21:00:00,90.21174648186627
2012-02-29 22:00:00,75.76365921669003
2012-02-29 23:00:00,52.71721185263788
2012-03-20 00:00:00,26.2193074695133
2012-03-20 01:00:00,15.169101758804413
2012-03-20 02:00:00,7.083873454223529
2012-03-20 03:00:00,4.310152012661967
2012-03-20 04:00:00,4.00977166471126
2012-03-20 05:00:00,22.093578042560196
2012-03-20 06:00:00,90.32591815220196
2012-03-20 07:00:00,118.30771558683952
2012-03-20 08:00:00,567.6932165067103
2012-03-20 09:00:00,308.5025474024998
2012-03-20 10:00:00,120.94734250438891
2012-03-20 11:00:00,148.0458377368099
2012-03-20 12:00:00,189.94659870519675
2012-03-20 13:00:00,167.75894236210576
2012-03-20 14:00:00,160.39413344760035
2012-03-20 15:00:00,204.83336831939778
2012-03-20 16:00:00,298.73521535746625
2012-03-20 17:00:00,659.3641199170603
2012-03-20 18:00:00,576.646005668398
2012-03-20 19:00:00,494.33246644993784
2012-03-20 20:00:00,261.47408118931867
2012-03-20 21:00:00,195.84084578154796
2012-03-20 22:00:00,147.3518185815124
2012-03-20 23:00:00,86.46376069844858
2012-03-21 00:00:00,36.668289855229595
2012-03-21 01:00:00,17.691496923690945
2012-03-21 02:00:00,7.185172650525546
2012-03-21 03:00:00,4.380723954361747
2012-03-21 04:00:00,3.6426930053853424
2012-03-21 05:00:00,25.099944297523248
2012-03-21 06:00:00,84.78787933131204
2012-03-21 07:00:00,138.59104683887026
2012-03-21 08:00:00,211.64640361317004
2012-03-21 09:00:00,338.51587081128304
2012-03-21 10:00:00,119.12683140304114
2012-03-21 11:00:00,134.81601694630703
2012-03-21 12:00:00,178.33905141421602
2012-03-21 13:00:00,142.30808118002085
2012-03-21 14:00:00,147.24364897184196
2012-03-21 15:00:00,168.97022895577365
2012-03-21 16:00:00,244.74631278367391
2012-03-21 17:00:00,630.7820941978507
2012-03-21 18:00:00,587.1134373432924
2012-03-21 19:00:00,485.89187068148175
2012-03-21 20:00:00,269.10979610712684
2012-03-21 21:00:00,182.93125822331328
2012-03-21 22:00:00,129.92477714980396
2012-03-21 23:00:00,99.40020332028503
2012-03-22 00:00:00,44.765408643613014
2012-03-22 01:00:00,18.85163096848073
2012-03-22 02:00:00,7.860333156348247
2012-03-22 03:00:00,6.089989952378182
2012-03-22 04:00:00,3.8414158541070123
2012-03-22 05:00:00,17.966114412333628
2012-03-22 06:00:00,92.56156756497724
2012-03-22 07:00:00,333.22980199424154
2012-03-22 08:00:00,482.5293767411782
2012-03-22 09:00:00,286.2881906068116
2012-03-22 10:00:00,98.85997842357138
2012-03-22 11:00:00,116.034700272488
2012-03-22 12:00:00,147.30778225263933
2012-03-22 13:00:00,188.00520935737683
2012-03-22 14:00:00,183.0474841758581
2012-03-22 15:00:00,211.61391210824607
2012-03-22 16:00:00,326.50010829597073
2012-03-22 17:00:00,662.7871245550092
2012-03-22 18:00:00,644.761560229961
2012-03-22 19:00:00,498.16083281836137
2012-03-22 20:00:00,289.62067793301503
2012-03-22 21:00:00,204.84291803420442
2012-03-22 22:00:00,139.47783673225186
2012-03-22 23:00:00,101.1569547483602
2012-03-23 00:00:00,59.24000780996502
2012-03-23 01:00:00,28.079703099879435
2012-03-23 02:00:00,12.290181361547585
2012-03-23 03:00:00,6.064640720518769
2012-03-23 04:00:00,3.952403104618371
2012-03-23 05:00:00,23.480904291389223
2012-03-23 06:00:00,99.81255859790701
2012-03-23 07:00:00,296.67620430451626
2012-03-23 08:00:00,433.9665415750753
2012-03-23 09:00:00,308.4164669190475
2012-03-23 10:00:00,122.18184408403606
2012-03-23 11:00:00,171.27108901189632
2012-03-23 12:00:00,295.2795697425725
2012-03-23 13:00:00,322.8471911145173
2012-03-23 14:00:00,296.1973242132118
2012-03-23 15:00:00,324.65870552233974
2012-03-23 16:00:00,416.32883148831405
2012-03-23 17:00:00,676.4869601628596
2012-03-23 18:00:00,618.6372488637601
2012-03-23 19:00:00,455.22259437459434
2012-03-23 20:00:00,368.733438218875
2012-03-23 21:00:00,285.1640817429663
2012-03-23 22:00:00,238.65087800079797
2012-03-23 23:00:00,141.39505420800938
2012-03-24 00:00:00,120.25930080300286
2012-03-24 01:00:00,97.17253351035781
2012-03-24 02:00:00,65.58582044675605
2012-03-24 03:00:00,27.196109834353123
2012-03-24 04:00:00,9.203236439551322
2012-03-24 05:00:00,11.042097584419846
2012-03-24 06:00:00,29.28729889904802
2012-03-24 07:00:00,52.18722026414211
2012-03-24 08:00:00,103.1692543784082
2012-03-24 09:00:00,159.88351565801307
2012-03-24 10:00:00,255.6669154695603
2012-03-24 11:00:00,204.6047191843301
2012-03-24 12:00:00,172.60218989994274
2012-03-24 13:00:00,169.37271676611613
2012-03-24 14:00:00,154.3950529874445
2012-03-24 15:00:00,90.32982167884806
2012-03-24 16:00:00,75.01931081218011
2012-03-24 17:00:00,147.39680837181922
2012-03-24 18:00:00,118.9446263632881
2012-03-24 19:00:00,121.35302636086324
2012-03-24 20:00:00,78.73880629010371
2012-03-24 21:00:00,76.27041551315506
2012-03-24 22:00:00,57.08297771848697
2012-03-24 23:00:00,81.3576283053176
2012-03-25 00:00:00,56.4323204613758
2012-03-25 01:00:00,57.1266143345834
2012-03-25 02:00:00,21.78408390477468
2012-03-25 03:00:00,10.813661177500139
2012-03-25 04:00:00,6.2821602713215245
2012-03-25 05:00:00,8.580638232283558
2012-03-25 06:00:00,10.678405408527912
2012-03-25 07:00:00,25.514108049233027
2012-03-25 08:00:00,62.632778686942075
2012-03-25 09:00:00,99.67975884759872
2012-03-25 10:00:00,204.73934925594088
2012-03-25 11:00:00,176.2506592480249
2012-03-25 12:00:00,218.71729477808105
2012-03-25 13:00:00,317.0813466427073
2012-03-25 14:00:00,285.8452478886992
2012-03-25 15:00:00,294.37119278725964
2012-03-25 16:00:00,330.7511501065321
2012-03-25 17:00:00,321.1719580833929
2012-03-25 18:00:00,295.04831188592976
2012-03-25 19:00:00,177.97235764537157
2012-03-25 20:00:00,187.0127715521471
2012-03-25 21:00:00,149.53315877825167
2012-03-25 22:00:00,118.91039349935598
2012-03-25 23:00:00,75.12885820771584
2012-03-26 00:00:00,32.138022048276106
2012-03-26 01:00:00,14.570349361546642
2012-03-26 02:00:00,7.518499520346261
2012-03-26 03:00:00,4.436144574209988
2012-03-26 04:00:00,4.283999170280939
2012-03-26 05:00:00,27.735651364754716
2012-03-26 06:00:00,110.50304036876726
2012-03-26 07:00:00,368.77372815763744
2012-03-26 08:00:00,498.5897866786517
2012-03-26 09:00:00,330.66642631197385
2012-03-26 10:00:00,168.47907178290438
2012-03-26 11:00:00,192.03075423228006
2012-03-26 12:00:00,237.73000161931978
2012-03-26 13:00:00,225.80621645560936
2012-03-26 14:00:00,204.41509210507323
2012-03-26 15:00:00,210.16561174903072
2012-03-26 16:00:00,285.30217398529464
2012-03-26 17:00:00,561.6157477714173
2012-03-26 18:00:00,491.54419837379993
2012-03-26 19:00:00,374.72956461117496
2012-03-26 20:00:00,209.48051636508444
2012-03-26 21:00:00,148.17313141497038
2012-03-26 22:00:00,110.28525531899612
2012-03-26 23:00:00,50.28622174393021
2012-03-27 00:00:00,26.996105615149666
2012-03-27 01:00:00,8.653726059530856
2012-03-27 02:00:00,4.90415258080909
2012-03-27 03:00:00,2.6424326498601336
2012-03-27 04:00:00,2.7307907559504296
2012-03-27 05:00:00,18.546561390519724
2012-03-27 06:00:00,72.04714138463301
2012-03-27 07:00:00,267.19713301832195
2012-03-27 08:00:00,503.46707849417226
2012-03-27 09:00:00,264.4088319710548
2012-03-27 10:00:00,102.70164599957333
2012-03-27 11:00:00,112.54854766642542
2012-03-27 12:00:00,163.9453253454351
2012-03-27 13:00:00,171.23677494328234
2012-03-27 14:00:00,173.0750272216652
2012-03-27 15:00:00,184.4098618493382
2012-03-27 16:00:00,238.23068339289102
2012-03-27 17:00:00,540.8876785931308
2012-03-27 18:00:00,510.1573631008747
2012-03-27 19:00:00,403.8428757088482
2012-03-27 20:00:00,230.9103298795015
2012-03-27 21:00:00,152.46947830735468
2012-03-27 22:00:00,124.26067732351439
2012-03-27 23:00:00,76.29722873930581
2012-03-28 00:00:00,30.95555871667249
2012-03-28 01:00:00,12.499281958033338
2012-03-28 02:00:00,5.165061348845953
2012-03-28 03:00:00,3.6302124919141
2012-03-28 04:00:00,3.3660942377079675
2012-03-28 05:00:00,23.157308742679476
2012-03-28 06:00:00,103.2725836042805
2012-03-28 07:00:00,294.32048699961416
2012-03-28 08:00:00,478.8849390423312
2012-03-28 09:00:00,306.31692615377034
2012-03-28 10:00:00,150.5605521869497
2012-03-28 11:00:00,195.58810784673958
2012-03-28 12:00:00,248.23301137856254
2012-03-28 13:00:00,239.62004993460965
2012-03-28 14:00:00,249.28847082142974
2012-03-28 15:00:00,253.46708433387656
2012-03-28 16:00:00,255.664838882914
2012-03-28 17:00:00,644.7617182186896
2012-03-28 18:00:00,595.3827934685045
2012-03-28 19:00:00,480.4626263211235
2012-03-28 20:00:00,332.3960267662002
2012-03-28 21:00:00,209.45979003694734
2012-03-28 22:00:00,181.74419363972535
2012-03-28 23:00:00,100.40323966652836
2012-03-29 00:00:00,44.498311684479525
2012-03-29 01:00:00,19.052055285825933
2012-03-29 02:00:00,11.65059906384394
2012-03-29 03:00:00,5.582894171501808
2012-03-29 04:00:00,5.596978551276088
2012-03-29 05:00:00,33.37435486228078
2012-03-29 06:00:00,131.77491552092113
2012-03-29 07:00:00,401.80626999179856
2012-03-29 08:00:00,551.3302757163027
2012-03-29 09:00:00,351.57355305406514
2012-03-29 10:00:00,156.64313469637486
2012-03-29 11:00:00,202.82709193460178
2012-03-29 12:00:00,250.94652979588884
2012-03-29 13:00:00,205.98850881058556
2012-03-29 14:00:00,210.99712798194741
2012-03-29 15:00:00,223.46300706763734
2012-03-29 16:00:00,305.92273397415454
2012-03-29 17:00:00,643.9664851866717
2012-03-29 18:00:00,598.5054853798192
2012-03-29 19:00:00,468.06834318315344
2012-03-29 20:00:00,247.7955459975141
2012-03-29 21:00:00,175.97349364109664
2012-03-29 22:00:00,134.17339678869232
2012-03-29 23:00:00,84.7964530991617
2012-03-30 00:00:00,50.45968371830857
2012-03-30 01:00:00,23.49137178555315
2012-03-30 02:00:00,8.942167384991581
2012-03-30 03:00:00,5.4539909123459624
2012-03-30 04:00:00,4.1571103320239615
2012-03-30 05:00:00,20.98844947338913
2012-03-30 06:00:00,99.10695907157736
2012-03-30 07:00:00,269.22054439445304
2012-03-30 08:00:00,500.0515962133238
2012-03-30 09:00:00,275.9774223949968
2012-03-30 10:00:00,135.31320807382352
2012-03-30 11:00:00,152.61725348938594
2012-03-30 12:00:00,220.7665880173011
2012-03-30 13:00:00,150.3852393906567
2012-03-30 14:00:00,111.25069636129633
2012-03-30 15:00:00,104.95816392861059
2012-03-30 16:00:00,127.49523279824467
2012-03-30 17:00:00,493.16245405424354
2012-03-30 18:00:00,470.096517621448
2012-03-30 19:00:00,339.4128461665311
2012-03-30 20:00:00,212.8281236135703
2012-03-30 21:00:00,160.03954619559863
2012-03-30 22:00:00,128.52536007352063
2012-03-30 23:00:00,103.39013305597689
2012-03-31 00:00:00,94.32002200326791
2012-03-31 01:00:00,75.06402854546657
2012-03-31 02:00:00,48.87104296022323
2012-03-31 03:00:00,21.56970142059291
2012-03-31 04:00:00,5.584102764608145
2012-03-31 05:00:00,9.685733675850756
2012-03-31 06:00:00,22.947579302728478
2012-03-31 07:00:00,45.15056795464656
2012-03-31 08:00:00,107.07647025058132
2012-03-31 09:00:00,154.52860719355812
2012-03-31 10:00:00,279.21434095273025
2012-03-31 11:00:00,384.7548646457108
2012-03-31 12:00:00,421.7193868955061
2012-03-31 13:00:00,543.7557678688778
2012-03-31 14:00:00,430.6732347766327
2012-03-31 15:00:00,458.5160536830025
2012-03-31 16:00:00,420.76306629116925
2012-03-31 17:00:00,325.178567583771
2012-03-31 18:00:00,269.71207026260714
2012-03-31 19:00:00,194.59344863504847
2012-03-31 20:00:00,137.93480338244512
2012-03-31 21:00:00,141.35482289483932
2012-03-31 22:00:00,128.2471964674988
2012-03-31 23:00:00,83.62127924025366
2012-04-20 00:00:00,61.70971236986039
2012-04-20 01:00:00,30.311046888232283
2012-04-20 02:00:00,13.742885185729818
2012-04-20 03:00:00,6.195090077067422
2012-04-20 04:00:00,4.566604238178677
2012-04-20 05:00:00,35.26729758527083
2012-04-20 06:00:00,118.72727287718548
2012-04-20 07:00:00,398.77171728128815
2012-04-20 08:00:00,529.1074836749436
2012-04-20 09:00:00,375.23107665695926
2012-04-20 10:00:00,159.00917740056326
2012-04-20 11:00:00,201.21590517840215
2012-04-20 12:00:00,299.1944055430746
2012-04-20 13:00:00,359.25185928349305
2012-04-20 14:00:00,328.4687680086867
2012-04-20 15:00:00,358.32478285480244
2012-04-20 16:00:00,496.70023429761943
2012-04-20 17:00:00,737.0485996348398
2012-04-20 18:00:00,625.1861279471091
2012-04-20 19:00:00,449.89613642039393
2012-04-20 20:00:00,316.37932326547303
2012-04-20 21:00:00,220.18286666005204
2012-04-20 22:00:00,187.4587711595683
2012-04-20 23:00:00,149.41563824594323
2012-04-21 00:00:00,92.70465385493563
2012-04-21 01:00:00,79.06795723680312
2012-04-21 02:00:00,66.49728304852778
2012-04-21 03:00:00,27.061321303809198
2012-04-21 04:00:00,8.791583635802654
2012-04-21 05:00:00,12.932627846529073
2012-04-21 06:00:00,39.29350032879462
2012-04-21 07:00:00,60.897799768189834
2012-04-21 08:00:00,159.28309488453513
2012-04-21 09:00:00,213.51298926879753
2012-04-21 10:00:00,383.4358487222391
2012-04-21 11:00:00,433.7342018641619
2012-04-21 12:00:00,475.5108272677443
2012-04-21 13:00:00,572.1223157779089
2012-04-21 14:00:00,586.6241392418544
2012-04-21 15:00:00,582.0091632836575
2012-04-21 16:00:00,600.1955372415009
2012-04-21 17:00:00,571.0260850856463
2012-04-21 18:00:00,497.8502113601149
2012-04-21 19:00:00,208.5483485917956
2012-04-21 20:00:00,104.59951720470345
2012-04-21 21:00:00,94.95241164434746
2012-04-21 22:00:00,130.50792294931003
2012-04-21 23:00:00,109.64547543064768
2012-04-22 00:00:00,81.21693984437543
2012-04-22 01:00:00,62.041799378439705
2012-04-22 02:00:00,68.43335762934964
2012-04-22 03:00:00,29.452768819371194
2012-04-22 04:00:00,9.44673233658249
2012-04-22 05:00:00,10.123968438264571
2012-04-22 06:00:00,26.771930542393537
2012-04-22 07:00:00,34.586346055418595
2012-04-22 08:00:00,70.51311253185852
2012-04-22 09:00:00,100.12581498782986
2012-04-22 10:00:00,165.59943283716856
2012-04-22 11:00:00,161.4318698693609
2012-04-22 12:00:00,175.9671732993256
2012-04-22 13:00:00,187.37134366669994
2012-04-22 14:00:00,155.67497168083474
2012-04-22 15:00:00,172.49091253730683
2012-04-22 16:00:00,182.23915597957048
2012-04-22 17:00:00,109.27560208069767
2012-04-22 18:00:00,112.47693336698939
2012-04-22 19:00:00,71.71983529899143
2012-04-22 20:00:00,63.05992692067626
2012-04-22 21:00:00,73.81029280156032
2012-04-22 22:00:00,44.93109195928631
2012-04-22 23:00:00,38.24111094957401
2012-04-23 00:00:00,16.678491116830667
2012-04-23 01:00:00,6.233243967027647
2012-04-23 02:00:00,6.056250986880258
2012-04-23 03:00:00,3.518824718437962
2012-04-23 04:00:00,2.5364163168781033
2012-04-23 05:00:00,15.265738490569113
2012-04-23 06:00:00,82.01071354223367
2012-04-23 07:00:00,172.37770589045368
2012-04-23 08:00:00,487.0185566315888
2012-04-23 09:00:00,270.07609839835504
2012-04-23 10:00:00,105.53925562084102
2012-04-23 11:00:00,115.75791830721099
2012-04-23 12:00:00,108.06563614617819
2012-04-23 13:00:00,90.74151699459213
2012-04-23 14:00:00,93.80745176648205
2012-04-23 15:00:00,151.45030227765236
2012-04-23 16:00:00,106.69961855644247
2012-04-23 17:00:00,213.6984428526772
2012-04-23 18:00:00,224.00979586534083
2012-04-23 19:00:00,331.59093861756924
2012-04-23 20:00:00,150.83923997733257
2012-04-23 21:00:00,124.5201863748637
2012-04-23 22:00:00,102.1723992723269
2012-04-23 23:00:00,64.93377125161106
2012-04-24 00:00:00,24.758161286243862
2012-04-24 01:00:00,13.03899690506389
2012-04-24 02:00:00,5.313552706878573
2012-04-24 03:00:00,4.230874864793703
2012-04-24 04:00:00,3.18770765734543
2012-04-24 05:00:00,23.579046711490957
2012-04-24 06:00:00,94.6595685285171
2012-04-24 07:00:00,295.4380617300302
2012-04-24 08:00:00,493.7548150956786
2012-04-24 09:00:00,326.7137659623231
2012-04-24 10:00:00,146.89310552589353
2012-04-24 11:00:00,181.3032947835097
2012-04-24 12:00:00,258.20322551409413
2012-04-24 13:00:00,247.62335914642117
2012-04-24 14:00:00,223.16297384756052
2012-04-24 15:00:00,238.0726573898418
2012-04-24 16:00:00,352.0307839904402
2012-04-24 17:00:00,677.5930199172894
2012-04-24 18:00:00,639.0254383805163
2012-04-24 19:00:00,509.43328870107183
2012-04-24 20:00:00,291.4362913451686
2012-04-24 21:00:00,195.90927763465407
2012-04-24 22:00:00,151.27295393082
2012-04-24 23:00:00,96.25158204022622
2012-04-25 00:00:00,37.52230421421843
2012-04-25 01:00:00,15.39001061205812
2012-04-25 02:00:00,4.985761690572753
2012-04-25 03:00:00,3.9709042127136005
2012-04-25 04:00:00,2.892438528082674
2012-04-25 05:00:00,25.10121398644805
2012-04-25 06:00:00,98.3282817521608
2012-04-25 07:00:00,329.75428193834557
2012-04-25 08:00:00,572.208314822118
2012-04-25 09:00:00,339.3771480845976
2012-04-25 10:00:00,192.68109380511805
2012-04-25 11:00:00,218.53048987071372
2012-04-25 12:00:00,278.6922971638287
2012-04-25 13:00:00,261.10257531260464
2012-04-25 14:00:00,233.1490349149495
2012-04-25 15:00:00,268.241080937617
2012-04-25 16:00:00,376.36678360455653
2012-04-25 17:00:00,720.7794989528246
2012-04-25 18:00:00,674.8261647260222
2012-04-25 19:00:00,551.2080019832194
2012-04-25 20:00:00,328.48623252900626
2012-04-25 21:00:00,223.9912637421506
2012-04-25 22:00:00,183.05723603268694
2012-04-25 23:00:00,112.78914467982511
2012-04-26 00:00:00,41.50493101552137
2012-04-26 01:00:00,19.696606835717876
2012-04-26 02:00:00,10.78857104167331
2012-04-26 03:00:00,6.5635790538264684
2012-04-26 04:00:00,6.004005040237872
2012-04-26 05:00:00,39.123518094769054
2012-04-26 06:00:00,154.2038114395289
2012-04-26 07:00:00,214.0110990846697
2012-04-26 08:00:00,354.3893507701764
2012-04-26 09:00:00,171.23374458162365
2012-04-26 10:00:00,118.56717059520868
2012-04-26 11:00:00,123.83191614992754
2012-04-26 12:00:00,180.3435150540454
2012-04-26 13:00:00,157.86948070314463
2012-04-26 14:00:00,162.56238336458526
2012-04-26 15:00:00,154.44122289522628
2012-04-26 16:00:00,220.25113657869318
2012-04-26 17:00:00,728.6012923143992
2012-04-26 18:00:00,618.7985497547717
2012-04-26 19:00:00,481.14540010060455
2012-04-26 20:00:00,297.38375795819314
2012-04-26 21:00:00,199.1661629201621
2012-04-26 22:00:00,147.59992626464822
2012-04-26 23:00:00,98.85451967323299
2012-04-27 00:00:00,62.34974189269977
2012-04-27 01:00:00,23.74570444789204
2012-04-27 02:00:00,12.849191674624768
2012-04-27 03:00:00,5.8128368723104495
2012-04-27 04:00:00,4.7995201219546795
2012-04-27 05:00:00,31.588198353213514
2012-04-27 06:00:00,134.41396171809234
2012-04-27 07:00:00,341.631508098099
2012-04-27 08:00:00,561.3040807826038
2012-04-27 09:00:00,335.86995416381376
2012-04-27 10:00:00,172.82377318225755
2012-04-27 11:00:00,195.247879437718
2012-04-27 12:00:00,269.36877242108244
2012-04-27 13:00:00,269.9684379148016
2012-04-27 14:00:00,235.86399936905778
2012-04-27 15:00:00,267.3100126070901
2012-04-27 16:00:00,403.4793995573348
2012-04-27 17:00:00,699.4872968803461
2012-04-27 18:00:00,626.4995474651591
2012-04-27 19:00:00,427.729720523341
2012-04-27 20:00:00,265.09612233097243
2012-04-27 21:00:00,193.00658027544316
2012-04-27 22:00:00,163.4396826352625
2012-04-27 23:00:00,121.79511129729379
2012-04-28 00:00:00,96.82897617601425
2012-04-28 01:00:00,72.33736485715427
2012-04-28 02:00:00,48.19206038054848
2012-04-28 03:00:00,23.910242237858117
2012-04-28 04:00:00,7.39071616826171
2012-04-28 05:00:00,6.406839101818872
2012-04-28 06:00:00,27.432466479083583
2012-04-28 07:00:00,54.574592690074795
2012-04-28 08:00:00,180.28998615905928
2012-04-28 09:00:00,192.13882791795416
2012-04-28 10:00:00,330.2013815458511
2012-04-28 11:00:00,363.381892054236
2012-04-28 12:00:00,450.16655062212055
2012-04-28 13:00:00,436.3359565853514
2012-04-28 14:00:00,421.4972441244425
2012-04-28 15:00:00,432.0984494323455
2012-04-28 16:00:00,415.5162308526753
2012-04-28 17:00:00,373.67388581226135
2012-04-28 18:00:00,235.24684492429492
2012-04-28 19:00:00,149.0279964534933
2012-04-28 20:00:00,165.8182119214518
2012-04-28 21:00:00,108.53582071163349
2012-04-28 22:00:00,129.63683346663612
2012-04-28 23:00:00,111.13068969018727
2012-04-29 00:00:00,52.87469205191268
2012-04-29 01:00:00,73.50384878281484
2012-04-29 02:00:00,48.04711032696027
2012-04-29 03:00:00,24.303340020253383
2012-04-29 04:00:00,8.99023016485865
2012-04-29 05:00:00,9.77379179047332
2012-04-29 06:00:00,20.80974493797729
2012-04-29 07:00:00,31.703927786649906
2012-04-29 08:00:00,113.13766223750282
2012-04-29 09:00:00,174.76966812989178
2012-04-29 10:00:00,278.7783265656243
2012-04-29 11:00:00,356.57717754836546
2012-04-29 12:00:00,517.3576054170034
2012-04-29 13:00:00,522.6409216218559
2012-04-29 14:00:00,527.7047137435649
2012-04-29 15:00:00,581.8680992532844
2012-04-29 16:00:00,549.3519812697081
2012-04-29 17:00:00,523.8824802753785
2012-04-29 18:00:00,461.90889340084914
2012-04-29 19:00:00,327.78333095278686
2012-04-29 20:00:00,243.94126671951787
2012-04-29 21:00:00,202.616791003064
2012-04-29 22:00:00,150.7601832940109
2012-04-29 23:00:00,87.70103775827522
2012-04-30 00:00:00,36.75931843662288
2012-04-30 01:00:00,16.110154550169167
2012-04-30 02:00:00,8.892081760368434
2012-04-30 03:00:00,4.499765108013147
2012-04-30 04:00:00,4.043631123219395
2012-04-30 05:00:00,27.540085981044466
2012-04-30 06:00:00,124.2762500092177
2012-04-30 07:00:00,361.13847504886
2012-04-30 08:00:00,534.6282856827315
2012-04-30 09:00:00,321.08088795738644
2012-04-30 10:00:00,149.38435942379547
2012-04-30 11:00:00,164.8580280089174
2012-04-30 12:00:00,214.93128669724496
2012-04-30 13:00:00,240.02237714684085
2012-04-30 14:00:00,217.37791057006177
2012-04-30 15:00:00,239.23313955070296
2012-04-30 16:00:00,312.8392765661729
2012-04-30 17:00:00,672.6056590624025
2012-04-30 18:00:00,601.2061273951497
2012-04-30 19:00:00,481.3693573881416
2012-04-30 20:00:00,275.0365745889965
2012-04-30 21:00:00,201.42976027845376
2012-04-30 22:00:00,190.8937136889853
2012-04-30 23:00:00,93.23909767226996
2012-05-20 00:00:00,129.60575302921188
2012-05-20 01:00:00,122.81569826465221
2012-05-20 02:00:00,84.61910504399988
2012-05-20 03:00:00,46.022188283620224
2012-05-20 04:00:00,11.360886622181877
2012-05-20 05:00:00,14.081930341318364
2012-05-20 06:00:00,26.92519419521827
2012-05-20 07:00:00,51.08057309121017
2012-05-20 08:00:00,167.93097336049658
2012-05-20 09:00:00,301.70905531265055
2012-05-20 10:00:00,401.8955728284034
2012-05-20 11:00:00,467.7677719810014
2012-05-20 12:00:00,571.7652841821066
2012-05-20 13:00:00,586.8221595145413
2012-05-20 14:00:00,550.3109817564051
2012-05-20 15:00:00,522.5942583455064
2012-05-20 16:00:00,577.2096484856355
2012-05-20 17:00:00,556.3052181177239
2012-05-20 18:00:00,475.408272736938
2012-05-20 19:00:00,304.60771844420043
2012-05-20 20:00:00,274.36548743782004
2012-05-20 21:00:00,217.1039702705131
2012-05-20 22:00:00,145.87532785348347
2012-05-20 23:00:00,64.12002546781655
2012-05-21 00:00:00,21.86618832404295
2012-05-21 01:00:00,8.879649634193262
2012-05-21 02:00:00,5.250570384381718
2012-05-21 03:00:00,4.67134446135696
2012-05-21 04:00:00,4.079985211903781
2012-05-21 05:00:00,20.007574467581858
2012-05-21 06:00:00,60.2961115329205
2012-05-21 07:00:00,151.4941667337991
2012-05-21 08:00:00,265.37431370065246
2012-05-21 09:00:00,150.278952201336
2012-05-21 10:00:00,77.90351629468667
2012-05-21 11:00:00,140.83964988438788
2012-05-21 12:00:00,181.32945086558883
2012-05-21 13:00:00,88.29889033035626
2012-05-21 14:00:00,87.72420578365997
2012-05-21 15:00:00,212.76874987839258
2012-05-21 16:00:00,302.56631741141587
2012-05-21 17:00:00,645.3251274618075
2012-05-21 18:00:00,699.2258474867002
2012-05-21 19:00:00,532.1708880557023
2012-05-21 20:00:00,326.005710666836
2012-05-21 21:00:00,239.52666861294563
2012-05-21 22:00:00,160.0315027330362
2012-05-21 23:00:00,95.11134753479752
2012-05-22 00:00:00,40.14785802449646
2012-05-22 01:00:00,16.92797524662906
2012-05-22 02:00:00,6.833170496204613
2012-05-22 03:00:00,5.710273484768773
2012-05-22 04:00:00,6.984298577576242
2012-05-22 05:00:00,20.21053304860727
2012-05-22 06:00:00,68.49499803152182
2012-05-22 07:00:00,166.2198629505729
2012-05-22 08:00:00,606.7810613741698
2012-05-22 09:00:00,336.5955207372141
2012-05-22 10:00:00,145.87614370236204
2012-05-22 11:00:00,153.14750676905126
2012-05-22 12:00:00,199.97751091953197
2012-05-22 13:00:00,210.74489116331765
2012-05-22 14:00:00,184.02789898335277
2012-05-22 15:00:00,264.0157242490374
2012-05-22 16:00:00,404.8716763716578
2012-05-22 17:00:00,782.9331772895424
2012-05-22 18:00:00,710.1229842861978
2012-05-22 19:00:00,542.9646437620011
2012-05-22 20:00:00,369.351395728191
2012-05-22 21:00:00,207.24266927637618
2012-05-22 22:00:00,178.66802033549578
2012-05-22 23:00:00,125.93242790846917
2012-05-23 00:00:00,45.570394969426424
2012-05-23 01:00:00,21.50278947373409
2012-05-23 02:00:00,7.35117289695596
2012-05-23 03:00:00,7.09834839288775
2012-05-23 04:00:00,4.034574546262127
2012-05-23 05:00:00,18.42866267504952
2012-05-23 06:00:00,130.19092465270936
2012-05-23 07:00:00,436.0053689486331
2012-05-23 08:00:00,655.8831861110131
2012-05-23 09:00:00,347.99314904928565
2012-05-23 10:00:00,161.77494639894465
2012-05-23 11:00:00,203.5583016607352
2012-05-23 12:00:00,245.49903388824353
2012-05-23 13:00:00,210.03458963129222
2012-05-23 14:00:00,230.2323811540803
2012-05-23 15:00:00,261.21014735663067
2012-05-23 16:00:00,291.69420279137717
2012-05-23 17:00:00,499.1254918811198
2012-05-23 18:00:00,498.4379136054947
2012-05-23 19:00:00,457.3559402409448
2012-05-23 20:00:00,244.04828235822134
2012-05-23 21:00:00,172.64355386343067
2012-05-23 22:00:00,136.24347169137937
2012-05-23 23:00:00,106.44964696701446
2012-05-24 00:00:00,56.97359231784562
2012-05-24 01:00:00,20.783818370374682
2012-05-24 02:00:00,9.323844404020624
2012-05-24 03:00:00,5.904327165605791
2012-05-24 04:00:00,7.46910158980905
2012-05-24 05:00:00,34.093415336040835
2012-05-24 06:00:00,122.57918210403123
2012-05-24 07:00:00,475.65028240101594
2012-05-24 08:00:00,746.6013153374776
2012-05-24 09:00:00,381.7239162045604
2012-05-24 10:00:00,216.5440622635374
2012-05-24 11:00:00,241.94719620668818
2012-05-24 12:00:00,285.68030846005774
2012-05-24 13:00:00,310.6176958104747
2012-05-24 14:00:00,275.6379392601293
2012-05-24 15:00:00,298.85618839544986
2012-05-24 16:00:00,452.63328088562946
2012-05-24 17:00:00,811.0485105808195
2012-05-24 18:00:00,744.1151723088683
2012-05-24 19:00:00,547.8666717901062
2012-05-24 20:00:00,343.51101875171474
2012-05-24 21:00:00,164.88317596494824
2012-05-24 22:00:00,158.29850800737947
2012-05-24 23:00:00,112.44640012983646
2012-05-25 00:00:00,73.54768277690562
2012-05-25 01:00:00,36.48023557262454
2012-05-25 02:00:00,11.472707866803244
2012-05-25 03:00:00,6.368666465582723
2012-05-25 04:00:00,7.408734525684594
2012-05-25 05:00:00,34.516913138854406
2012-05-25 06:00:00,121.1719067909619
2012-05-25 07:00:00,378.08162497005844
2012-05-25 08:00:00,626.4349540103482
2012-05-25 09:00:00,328.0410835620716
2012-05-25 10:00:00,179.65463364714586
2012-05-25 11:00:00,190.24489959842825
2012-05-25 12:00:00,303.3696154974066
2012-05-25 13:00:00,327.43415102319784
2012-05-25 14:00:00,281.6513407613822
2012-05-25 15:00:00,311.56287552462686
2012-05-25 16:00:00,483.9548748794646
2012-05-25 17:00:00,747.1731600834137
2012-05-25 18:00:00,688.2295584273488
2012-05-25 19:00:00,512.442143297445
2012-05-25 20:00:00,365.26155929116146
2012-05-25 21:00:00,292.17416910772624
2012-05-25 22:00:00,224.43907491308875
2012-05-25 23:00:00,183.84267988169555
2012-05-26 00:00:00,135.67277059006872
2012-05-26 01:00:00,105.7211466335599
2012-05-26 02:00:00,62.964376006013474
2012-05-26 03:00:00,30.966759271554107
2012-05-26 04:00:00,11.480652026796827
2012-05-26 05:00:00,10.90593405811905
2012-05-26 06:00:00,34.569777880866624
2012-05-26 07:00:00,57.240440753792164
2012-05-26 08:00:00,180.18957900913435
2012-05-26 09:00:00,199.60251917557537
2012-05-26 10:00:00,297.37336889144854
2012-05-26 11:00:00,375.6561189901085
2012-05-26 12:00:00,495.2951524900925
2012-05-26 13:00:00,484.99091313670743
2012-05-26 14:00:00,462.7412564747125
2012-05-26 15:00:00,527.7637850130216
2012-05-26 16:00:00,597.3567376105484
2012-05-26 17:00:00,558.4761627922701
2012-05-26 18:00:00,526.9297601957413
2012-05-26 19:00:00,347.7327155118331
2012-05-26 20:00:00,360.46520292836783
2012-05-26 21:00:00,292.5893747146964
2012-05-26 22:00:00,214.56250331666612
2012-05-26 23:00:00,195.20308530957354
2012-05-27 00:00:00,145.54522061779662
2012-05-27 01:00:00,107.39466021847143
2012-05-27 02:00:00,93.70921659545694
2012-05-27 03:00:00,40.344864922716646
2012-05-27 04:00:00,11.658312487711752
2012-05-27 05:00:00,10.106300141420457
2012-05-27 06:00:00,23.470796216318004
2012-05-27 07:00:00,48.119703810791165
2012-05-27 08:00:00,126.14698348729655
2012-05-27 09:00:00,202.4119530237939
2012-05-27 10:00:00,321.515168703939
2012-05-27 11:00:00,374.60984621993816
2012-05-27 12:00:00,470.5142322998389
2012-05-27 13:00:00,483.2581381271127
2012-05-27 14:00:00,465.7182146379472
2012-05-27 15:00:00,501.2062991920051
2012-05-27 16:00:00,548.8310338545964
2012-05-27 17:00:00,536.6414322234626
2012-05-27 18:00:00,420.390684992483
2012-05-27 19:00:00,303.5482169169441
2012-05-27 20:00:00,339.43380736488905
2012-05-27 21:00:00,192.52938513043432
2012-05-27 22:00:00,101.96544763452917
2012-05-27 23:00:00,69.8751415984847
2012-05-28 00:00:00,111.39114728077426
2012-05-28 01:00:00,54.179692960390774
2012-05-28 02:00:00,26.411768142884707
2012-05-28 03:00:00,20.294363753107174
2012-05-28 04:00:00,12.409701637985634
2012-05-28 05:00:00,12.867625231467803
2012-05-28 06:00:00,49.138002812177234
2012-05-28 07:00:00,79.79253845700245
2012-05-28 08:00:00,214.18414744317775
2012-05-28 09:00:00,270.0286731824868
2012-05-28 10:00:00,379.5617863555301
2012-05-28 11:00:00,384.641910926935
2012-05-28 12:00:00,517.8206038180228
2012-05-28 13:00:00,473.60234503440296
2012-05-28 14:00:00,442.522947579512
2012-05-28 15:00:00,404.45828551313735
2012-05-28 16:00:00,416.528848942585
2012-05-28 17:00:00,436.6888609601056
2012-05-28 18:00:00,436.81115842675666
2012-05-28 19:00:00,335.9662367213315
2012-05-28 20:00:00,300.65535272930674
2012-05-28 21:00:00,245.5597917488888
2012-05-28 22:00:00,216.27413959065692
2012-05-28 23:00:00,123.28706791890642
2012-05-29 00:00:00,47.89697675950501
2012-05-29 01:00:00,20.44884071304987
2012-05-29 02:00:00,7.987905037368604
2012-05-29 03:00:00,6.319994909878123
2012-05-29 04:00:00,7.3205879414814685
2012-05-29 05:00:00,40.80268721946492
2012-05-29 06:00:00,172.36582529959622
2012-05-29 07:00:00,498.3813076084481
2012-05-29 08:00:00,662.8696859220676
2012-05-29 09:00:00,383.99665684949326
2012-05-29 10:00:00,201.71710294822435
2012-05-29 11:00:00,245.1677473113948
2012-05-29 12:00:00,293.26021045843027
2012-05-29 13:00:00,291.1129855157166
2012-05-29 14:00:00,256.3148091387297
2012-05-29 15:00:00,284.695025132744
2012-05-29 16:00:00,449.13918250739346
2012-05-29 17:00:00,804.0093916963183
2012-05-29 18:00:00,725.0131231513654
2012-05-29 19:00:00,565.932439620272
2012-05-29 20:00:00,325.17972346968793
2012-05-29 21:00:00,96.39401163311851
2012-05-29 22:00:00,123.31424057947329
2012-05-29 23:00:00,58.58484281826165
2012-05-30 00:00:00,30.74055687472573
2012-05-30 01:00:00,13.58662692377293
2012-05-30 02:00:00,5.449274791361446
2012-05-30 03:00:00,3.571646499150675
2012-05-30 04:00:00,6.507887306582973
2012-05-30 05:00:00,34.355503143758945
2012-05-30 06:00:00,139.3375668050652
2012-05-30 07:00:00,245.56220267265874
2012-05-30 08:00:00,646.6284305167666
2012-05-30 09:00:00,356.16025329032357
2012-05-30 10:00:00,188.19114848448166
2012-05-30 11:00:00,230.26733197589877
2012-05-30 12:00:00,313.9374486956065
2012-05-30 13:00:00,296.63933023107626
2012-05-30 14:00:00,283.8106898398925
2012-05-30 15:00:00,288.79972226507374
2012-05-30 16:00:00,436.2079154424725
2012-05-30 17:00:00,772.9791228120182
2012-05-30 18:00:00,733.7572386864422
2012-05-30 19:00:00,584.4783082885301
2012-05-30 20:00:00,314.82289040312895
2012-05-30 21:00:00,277.47990445651857
2012-05-30 22:00:00,209.65950425307292
2012-05-30 23:00:00,149.8516672778583
2012-05-31 00:00:00,60.967285418105604
2012-05-31 01:00:00,23.027303700465524
2012-05-31 02:00:00,9.773352500458381
2012-05-31 03:00:00,5.320313957823334
2012-05-31 04:00:00,6.781601082134121
2012-05-31 05:00:00,44.142786443076595
2012-05-31 06:00:00,162.0584147448355
2012-05-31 07:00:00,485.6600235632541
2012-05-31 08:00:00,624.8477851343613
2012-05-31 09:00:00,385.0272299171681
2012-05-31 10:00:00,250.18611184137387
2012-05-31 11:00:00,290.5425929860202
2012-05-31 12:00:00,338.41328262539685
2012-05-31 13:00:00,327.90779500595363
2012-05-31 14:00:00,281.43366935764107
2012-05-31 15:00:00,303.8205943638658
2012-05-31 16:00:00,473.8696403400877
2012-05-31 17:00:00,801.0371110802889
2012-05-31 18:00:00,776.4239038028286
2012-05-31 19:00:00,579.204739122024
2012-05-31 20:00:00,443.0030322043635
2012-05-31 21:00:00,345.9923000810275
2012-05-31 22:00:00,259.16491999617057
2012-05-31 23:00:00,187.31498765050566
2012-06-20 00:00:00,55.304854195431034
2012-06-20 01:00:00,23.76159057455663
2012-06-20 02:00:00,8.00563098836111
2012-06-20 03:00:00,6.635760338371539
2012-06-20 04:00:00,6.853036571078904
2012-06-20 05:00:00,39.99245936959077
2012-06-20 06:00:00,114.66005413300941
2012-06-20 07:00:00,419.06659594125244
2012-06-20 08:00:00,660.2342771874632
2012-06-20 09:00:00,365.0349132706849
2012-06-20 10:00:00,231.35043051335956
2012-06-20 11:00:00,243.96071671526022
2012-06-20 12:00:00,286.8766497471491
2012-06-20 13:00:00,262.0078368936321
2012-06-20 14:00:00,251.3377643333007
2012-06-20 15:00:00,240.33210764871583
2012-06-20 16:00:00,376.26643597947134
2012-06-20 17:00:00,752.071923106629
2012-06-20 18:00:00,725.4165176163335
2012-06-20 19:00:00,588.810792215323
2012-06-20 20:00:00,418.50877789085644
2012-06-20 21:00:00,309.0637939771809
2012-06-20 22:00:00,257.9044738793148
2012-06-20 23:00:00,149.4245878296027
2012-06-21 00:00:00,61.320662414474484
2012-06-21 01:00:00,22.61060559607261
2012-06-21 02:00:00,8.974944107425332
2012-06-21 03:00:00,5.687723550245815
2012-06-21 04:00:00,7.847824962456325
2012-06-21 05:00:00,38.770846343069124
2012-06-21 06:00:00,150.2651090694892
2012-06-21 07:00:00,437.9740396309994
2012-06-21 08:00:00,668.2670204004276
2012-06-21 09:00:00,373.52107868773015
2012-06-21 10:00:00,218.05142473419133
2012-06-21 11:00:00,250.02399137154157
2012-06-21 12:00:00,256.2668265934426
2012-06-21 13:00:00,238.63003832075043
2012-06-21 14:00:00,248.1204406254996
2012-06-21 15:00:00,226.0459168232591
2012-06-21 16:00:00,373.06922423607773
2012-06-21 17:00:00,760.9395912097834
2012-06-21 18:00:00,782.7464821981577
2012-06-21 19:00:00,572.073652698481
2012-06-21 20:00:00,404.46294252705104
2012-06-21 21:00:00,321.6851220848002
2012-06-21 22:00:00,248.87844921399
2012-06-21 23:00:00,160.8787025602146
2012-06-22 00:00:00,73.2344607417255
2012-06-22 01:00:00,34.82083556178298
2012-06-22 02:00:00,13.825464400785316
2012-06-22 03:00:00,8.480133773315824
2012-06-22 04:00:00,9.22276426807906
2012-06-22 05:00:00,46.61809406126397
2012-06-22 06:00:00,179.17505206417937
2012-06-22 07:00:00,458.1751697305144
2012-06-22 08:00:00,656.613111188008
2012-06-22 09:00:00,372.3073901159443
2012-06-22 10:00:00,255.52091921283483
2012-06-22 11:00:00,304.64978409241786
2012-06-22 12:00:00,308.8827926720005
2012-06-22 13:00:00,326.67044754116046
2012-06-22 14:00:00,301.11976283317284
2012-06-22 15:00:00,311.04257915839446
2012-06-22 16:00:00,459.32234137923285
2012-06-22 17:00:00,772.2372195417643
2012-06-22 18:00:00,697.485149970497
2012-06-22 19:00:00,490.2761069563888
2012-06-22 20:00:00,417.7068201507047
2012-06-22 21:00:00,245.33082260999208
2012-06-22 22:00:00,228.89623017521552
2012-06-22 23:00:00,174.69426316076536
2012-06-23 00:00:00,132.87827533925739
2012-06-23 01:00:00,103.20433096975246
2012-06-23 02:00:00,58.90688853055662
2012-06-23 03:00:00,27.627222381849847
2012-06-23 04:00:00,11.28025852515659
2012-06-23 05:00:00,9.881949015785448
2012-06-23 06:00:00,39.362363519903724
2012-06-23 07:00:00,70.4294734668756
2012-06-23 08:00:00,228.3691605519304
2012-06-23 09:00:00,303.6198588875263
2012-06-23 10:00:00,441.1190314915711
2012-06-23 11:00:00,515.7413390388841
2012-06-23 12:00:00,585.0114436435417
2012-06-23 13:00:00,598.8154880859486
2012-06-23 14:00:00,590.1154431104746
2012-06-23 15:00:00,544.352106993268
2012-06-23 16:00:00,575.1519653993367
2012-06-23 17:00:00,591.6635110512574
2012-06-23 18:00:00,524.6418078257235
2012-06-23 19:00:00,415.27501116125455
2012-06-23 20:00:00,342.5905975130627
2012-06-23 21:00:00,319.4901366244742
2012-06-23 22:00:00,273.11945631148996
2012-06-23 23:00:00,207.3505648156612
2012-06-24 00:00:00,156.47944890094755
2012-06-24 01:00:00,109.2141536865998
2012-06-24 02:00:00,106.98397573576383
2012-06-24 03:00:00,46.95167352205172
2012-06-24 04:00:00,16.110698273566992
2012-06-24 05:00:00,14.237785554906244
2012-06-24 06:00:00,33.492769725622985
2012-06-24 07:00:00,58.349922456884
2012-06-24 08:00:00,190.68185092083155
2012-06-24 09:00:00,291.0514171577538
2012-06-24 10:00:00,422.35794256247135
2012-06-24 11:00:00,475.5174923130991
2012-06-24 12:00:00,556.9883357530144
2012-06-24 13:00:00,562.0385492469748
2012-06-24 14:00:00,521.9284180403018
2012-06-24 15:00:00,491.32532472208766
2012-06-24 16:00:00,536.8610594042295
2012-06-24 17:00:00,534.364538448193
2012-06-24 18:00:00,491.5017768609615
2012-06-24 19:00:00,343.6045271875133
2012-06-24 20:00:00,319.8173810477281
2012-06-24 21:00:00,278.94192398762596
2012-06-24 22:00:00,220.95739990527642
2012-06-24 23:00:00,124.46698927857709
2012-06-25 00:00:00,50.604845149167765
2012-06-25 01:00:00,16.302746456323867
2012-06-25 02:00:00,10.553427017014094
2012-06-25 03:00:00,4.888986763943276
2012-06-25 04:00:00,7.269419925767789
2012-06-25 05:00:00,40.780436179920486
2012-06-25 06:00:00,149.21766614411086
2012-06-25 07:00:00,489.34352518077054
2012-06-25 08:00:00,613.7903947522029
2012-06-25 09:00:00,364.21845310485145
2012-06-25 10:00:00,242.35448194468873
2012-06-25 11:00:00,268.6627273406992
2012-06-25 12:00:00,313.5148281479154
2012-06-25 13:00:00,279.9848706291379
2012-06-25 14:00:00,266.7482812447591
2012-06-25 15:00:00,284.1653679397818
2012-06-25 16:00:00,439.7683238477077
2012-06-25 17:00:00,765.2727798796794
2012-06-25 18:00:00,713.0221780255667
2012-06-25 19:00:00,549.1117139089488
2012-06-25 20:00:00,406.17731826290196
2012-06-25 21:00:00,295.5971193481078
2012-06-25 22:00:00,237.77631378451818
2012-06-25 23:00:00,107.00341307325148
2012-06-26 00:00:00,48.12664885596648
2012-06-26 01:00:00,16.617438287519793
2012-06-26 02:00:00,10.280747356899763
2012-06-26 03:00:00,5.820289249979048
2012-06-26 04:00:00,7.872264865564407
2012-06-26 05:00:00,36.961591761638886
2012-06-26 06:00:00,157.46988734808767
2012-06-26 07:00:00,484.58849492472933
2012-06-26 08:00:00,622.3318144169397
2012-06-26 09:00:00,378.47621997684274
2012-06-26 10:00:00,249.84657029818678
2012-06-26 11:00:00,276.3202095841499
2012-06-26 12:00:00,318.33484953031825
2012-06-26 13:00:00,311.0684313630775
2012-06-26 14:00:00,281.67933456575275
2012-06-26 15:00:00,296.91090818078334
2012-06-26 16:00:00,461.2074300360851
2012-06-26 17:00:00,783.3925622932284
2012-06-26 18:00:00,715.3376014532598
2012-06-26 19:00:00,580.3342595229126
2012-06-26 20:00:00,433.1630232810354
2012-06-26 21:00:00,322.3470912818023
2012-06-26 22:00:00,262.4835294988918
2012-06-26 23:00:00,157.33754484185266
2012-06-27 00:00:00,56.187237510517726
2012-06-27 01:00:00,19.346511306929678
2012-06-27 02:00:00,11.294040408539896
2012-06-27 03:00:00,6.242270131584355
2012-06-27 04:00:00,9.356429376431503
2012-06-27 05:00:00,48.661645361566634
2012-06-27 06:00:00,177.47660897345546
2012-06-27 07:00:00,485.8072493386042
2012-06-27 08:00:00,621.7867271974393
2012-06-27 09:00:00,391.90111607957715
2012-06-27 10:00:00,244.08874576186255
2012-06-27 11:00:00,277.73244499449754
2012-06-27 12:00:00,325.6267495418762
2012-06-27 13:00:00,297.47150086710053
2012-06-27 14:00:00,272.15522924242345
2012-06-27 15:00:00,285.5797594431022
2012-06-27 16:00:00,448.27911930897426
2012-06-27 17:00:00,776.8319018466716
2012-06-27 18:00:00,722.1648408335525
2012-06-27 19:00:00,571.8482631742214
2012-06-27 20:00:00,431.0109894719994
2012-06-27 21:00:00,321.0685468949269
2012-06-27 22:00:00,261.7026301451796
2012-06-27 23:00:00,158.40967048169784
2012-06-28 00:00:00,59.36257967550238
2012-06-28 01:00:00,22.518105387968973
2012-06-28 02:00:00,12.970875764466088
2012-06-28 03:00:00,8.243591567591718
2012-06-28 04:00:00,10.213592243872643
2012-06-28 05:00:00,43.19463634387343
2012-06-28 06:00:00,184.70792929450332
2012-06-28 07:00:00,507.6852418155474
2012-06-28 08:00:00,650.3866285813119
2012-06-28 09:00:00,384.3453453815042
2012-06-28 10:00:00,252.24897983663953
2012-06-28 11:00:00,288.49863819579775
2012-06-28 12:00:00,305.9115757995785
2012-06-28 13:00:00,292.35061964975273
2012-06-28 14:00:00,268.2969885764319
2012-06-28 15:00:00,285.98920612798537
2012-06-28 16:00:00,453.2389649599328
2012-06-28 17:00:00,776.842349137444
2012-06-28 18:00:00,740.3746775613965
2012-06-28 19:00:00,557.6279523148453
2012-06-28 20:00:00,438.01654234634304
2012-06-28 21:00:00,343.7029207366108
2012-06-28 22:00:00,268.1715575994093
2012-06-28 23:00:00,173.2297126911523
2012-06-29 00:00:00,83.36330877949528
2012-06-29 01:00:00,31.60305426932095
2012-06-29 02:00:00,16.43088352673276
2012-06-29 03:00:00,7.121953872214286
2012-06-29 04:00:00,9.704038598527443
2012-06-29 05:00:00,46.11128360165331
2012-06-29 06:00:00,191.9304737932193
2012-06-29 07:00:00,465.9893921783897
2012-06-29 08:00:00,640.328369286687
2012-06-29 09:00:00,386.0754573401825
2012-06-29 10:00:00,206.34707642101253
2012-06-29 11:00:00,256.5021854860478
2012-06-29 12:00:00,283.3330424761944
2012-06-29 13:00:00,283.62050755456335
2012-06-29 14:00:00,251.81439785712388
2012-06-29 15:00:00,241.7990059246098
2012-06-29 16:00:00,350.3865928631865
2012-06-29 17:00:00,663.0198092225802
2012-06-29 18:00:00,581.1941938107835
2012-06-29 19:00:00,485.0574998199013
2012-06-29 20:00:00,356.8385300321783
2012-06-29 21:00:00,273.082245243122
2012-06-29 22:00:00,226.59191265875026
2012-06-29 23:00:00,180.6964926246427
2012-06-30 00:00:00,82.99640380522722
2012-06-30 01:00:00,67.25321978199213
2012-06-30 02:00:00,55.63056608902431
2012-06-30 03:00:00,26.257727771106786
2012-06-30 04:00:00,10.174268017747018
2012-06-30 05:00:00,12.04796887053961
2012-06-30 06:00:00,36.72684737699415
2012-06-30 07:00:00,65.28119666186892
2012-06-30 08:00:00,160.66412350341204
2012-06-30 09:00:00,189.45294799548213
2012-06-30 10:00:00,399.5902877399954
2012-06-30 11:00:00,480.08762399932687
2012-06-30 12:00:00,533.4308989644965
2012-06-30 13:00:00,526.1841533841326
2012-06-30 14:00:00,549.8125928545934
2012-06-30 15:00:00,532.8910309029807
2012-06-30 16:00:00,502.6963962332943
2012-06-30 17:00:00,532.4302096258276
2012-06-30 18:00:00,490.10528067293166
2012-06-30 19:00:00,404.53776444395527
2012-06-30 20:00:00,353.9124457792742
2012-06-30 21:00:00,296.7210044016244
2012-06-30 22:00:00,255.51885708698194
2012-06-30 23:00:00,212.73321253893232
2012-07-20 00:00:00,43.59587812251306
2012-07-20 01:00:00,36.97339356596958
2012-07-20 02:00:00,13.081873974109373
2012-07-20 03:00:00,6.642702941188027
2012-07-20 04:00:00,7.702072121931895
2012-07-20 05:00:00,33.09587285385489
2012-07-20 06:00:00,121.13987660346407
2012-07-20 07:00:00,396.73577419685967
2012-07-20 08:00:00,633.4843474573668
2012-07-20 09:00:00,346.01859390977467
2012-07-20 10:00:00,166.53175125830123
2012-07-20 11:00:00,167.13045016470303
2012-07-20 12:00:00,143.5007283739739
2012-07-20 13:00:00,142.26754268029927
2012-07-20 14:00:00,131.135827282469
2012-07-20 15:00:00,212.72697304911762
2012-07-20 16:00:00,285.8824076170258
2012-07-20 17:00:00,501.80149788612715
2012-07-20 18:00:00,615.2183179939537
2012-07-20 19:00:00,409.6869390778879
2012-07-20 20:00:00,178.0553365513886
2012-07-20 21:00:00,145.22989914795633
2012-07-20 22:00:00,142.3460833882833
2012-07-20 23:00:00,123.48198899119771
2012-07-21 00:00:00,81.92510660247598
2012-07-21 01:00:00,89.37553874117572
2012-07-21 02:00:00,33.96939749309307
2012-07-21 03:00:00,17.201530356664982
2012-07-21 04:00:00,6.384110569672505
2012-07-21 05:00:00,8.27203667014789
2012-07-21 06:00:00,23.085015280529834
2012-07-21 07:00:00,55.57391383992868
2012-07-21 08:00:00,146.08784163462826
2012-07-21 09:00:00,174.62085245022158
2012-07-21 10:00:00,182.19771207460704
2012-07-21 11:00:00,322.6627891620137
2012-07-21 12:00:00,265.5958584722111
2012-07-21 13:00:00,210.57621188750178
2012-07-21 14:00:00,326.0761619749975
2012-07-21 15:00:00,223.49796622454326
2012-07-21 16:00:00,204.41713523631927
2012-07-21 17:00:00,225.240971602787
2012-07-21 18:00:00,285.035083327846
2012-07-21 19:00:00,262.41143648218775
2012-07-21 20:00:00,132.39919568567868
2012-07-21 21:00:00,167.75270887599524
2012-07-21 22:00:00,135.01029883157716
2012-07-21 23:00:00,123.08588674579609
2012-07-22 00:00:00,110.41537677471155
2012-07-22 01:00:00,94.42302855360487
2012-07-22 02:00:00,64.1417746824085
2012-07-22 03:00:00,34.18249795173479
2012-07-22 04:00:00,13.253944696705963
2012-07-22 05:00:00,15.140328267880108
2012-07-22 06:00:00,20.648155974683878
2012-07-22 07:00:00,43.46494194471808
2012-07-22 08:00:00,119.49845367862362
2012-07-22 09:00:00,220.94940967536587
2012-07-22 10:00:00,299.7616468486103
2012-07-22 11:00:00,321.84880724045735
2012-07-22 12:00:00,418.5676999276244
2012-07-22 13:00:00,449.7920189065225
2012-07-22 14:00:00,405.27468140297304
2012-07-22 15:00:00,416.5560110156052
2012-07-22 16:00:00,430.07740942361517
2012-07-22 17:00:00,406.6743436047951
2012-07-22 18:00:00,373.6619441593602
2012-07-22 19:00:00,273.3680705662878
2012-07-22 20:00:00,291.3013918856536
2012-07-22 21:00:00,194.65591595055713
2012-07-22 22:00:00,175.7379882820787
2012-07-22 23:00:00,104.7888232650422
2012-07-23 00:00:00,39.818996085800876
2012-07-23 01:00:00,19.89218086578277
2012-07-23 02:00:00,7.851327711514239
2012-07-23 03:00:00,5.105294358600935
2012-07-23 04:00:00,6.971345046587846
2012-07-23 05:00:00,28.40609520651379
2012-07-23 06:00:00,134.75356297145515
2012-07-23 07:00:00,436.9766824807512
2012-07-23 08:00:00,660.4619723063578
2012-07-23 09:00:00,360.29089768625573
2012-07-23 10:00:00,201.5867346063483
2012-07-23 11:00:00,254.5558671114996
2012-07-23 12:00:00,280.1404525715662
2012-07-23 13:00:00,264.67801463588853
2012-07-23 14:00:00,213.86947695211742
2012-07-23 15:00:00,255.4257809940667
2012-07-23 16:00:00,386.36597832573716
2012-07-23 17:00:00,724.0783445575674
2012-07-23 18:00:00,712.4458751730527
2012-07-23 19:00:00,538.680815220893
2012-07-23 20:00:00,375.46626742022414
2012-07-23 21:00:00,273.26627071786453
2012-07-23 22:00:00,224.6921607147772
2012-07-23 23:00:00,110.31230142468054
2012-07-24 00:00:00,47.516958862015564
2012-07-24 01:00:00,21.591587495547888
2012-07-24 02:00:00,7.668206251998413
2012-07-24 03:00:00,6.0290685673346625
2012-07-24 04:00:00,7.188462097396279
2012-07-24 05:00:00,35.19268519918185
2012-07-24 06:00:00,151.38521654886688
2012-07-24 07:00:00,470.0067231873653
2012-07-24 08:00:00,624.6249927487255
2012-07-24 09:00:00,315.64555517278404
2012-07-24 10:00:00,173.72930137985185
2012-07-24 11:00:00,223.53638946992
2012-07-24 12:00:00,231.21434804513046
2012-07-24 13:00:00,237.24260493427892
2012-07-24 14:00:00,230.806634035356
2012-07-24 15:00:00,266.77819551124327
2012-07-24 16:00:00,404.93577924029097
2012-07-24 17:00:00,750.1275339504693
2012-07-24 18:00:00,663.4288139565193
2012-07-24 19:00:00,540.8540999539874
2012-07-24 20:00:00,341.6624306422336
2012-07-24 21:00:00,251.4357132366526
2012-07-24 22:00:00,210.18380593381764
2012-07-24 23:00:00,129.6935341908016
2012-07-25 00:00:00,51.23746400209105
2012-07-25 01:00:00,18.28854269076135
2012-07-25 02:00:00,8.97949920944301
2012-07-25 03:00:00,5.852673518048444
2012-07-25 04:00:00,7.813955084612692
2012-07-25 05:00:00,44.83898325319545
2012-07-25 06:00:00,182.6241110813825
2012-07-25 07:00:00,464.4716461288207
2012-07-25 08:00:00,615.766645694182
2012-07-25 09:00:00,376.373193498393
2012-07-25 10:00:00,239.5831290671262
2012-07-25 11:00:00,263.7526796912306
2012-07-25 12:00:00,305.9950238208426
2012-07-25 13:00:00,282.3959455310382
2012-07-25 14:00:00,259.21424712756766
2012-07-25 15:00:00,280.46394494013265
2012-07-25 16:00:00,424.43688934236764
2012-07-25 17:00:00,742.3648835927384
2012-07-25 18:00:00,711.4447865066518
2012-07-25 19:00:00,558.8626834607946
2012-07-25 20:00:00,409.07014561512733
2012-07-25 21:00:00,303.51426401012117
2012-07-25 22:00:00,226.93253707128923
2012-07-25 23:00:00,130.74945732409472
2012-07-26 00:00:00,61.26011583681014
2012-07-26 01:00:00,18.22460650524351
2012-07-26 02:00:00,10.275371517665683
2012-07-26 03:00:00,5.043009242501976
2012-07-26 04:00:00,7.691553746533595
2012-07-26 05:00:00,40.735750580072725
2012-07-26 06:00:00,172.480053870353
2012-07-26 07:00:00,495.54816764451505
2012-07-26 08:00:00,643.5001643736812
2012-07-26 09:00:00,347.8184246054751
2012-07-26 10:00:00,201.26880440315344
2012-07-26 11:00:00,196.8586694888115
2012-07-26 12:00:00,218.98946878482494
2012-07-26 13:00:00,237.8000048162476
2012-07-26 14:00:00,218.9944238951414
2012-07-26 15:00:00,220.09560690957696
2012-07-26 16:00:00,324.3710996958016
2012-07-26 17:00:00,737.2441973302293
2012-07-26 18:00:00,667.9447704249425
2012-07-26 19:00:00,509.8483317673525
2012-07-26 20:00:00,377.32379003474733
2012-07-26 21:00:00,305.16647714071723
2012-07-26 22:00:00,241.37125470347348
2012-07-26 23:00:00,156.66298218185116
2012-07-27 00:00:00,76.27669901536605
2012-07-27 01:00:00,36.69448620062611
2012-07-27 02:00:00,13.706315629623967
2012-07-27 03:00:00,7.193197601692294
2012-07-27 04:00:00,7.579213549343292
2012-07-27 05:00:00,38.26501416766525
2012-07-27 06:00:00,147.35009677978675
2012-07-27 07:00:00,439.9646178173662
2012-07-27 08:00:00,618.3269392835797
2012-07-27 09:00:00,355.0047615544228
2012-07-27 10:00:00,238.1496350211519
2012-07-27 11:00:00,279.15334492966696
2012-07-27 12:00:00,304.3046488799381
2012-07-27 13:00:00,335.65438281153433
2012-07-27 14:00:00,291.1055552788457
2012-07-27 15:00:00,313.22189409905684
2012-07-27 16:00:00,468.49867149434897
2012-07-27 17:00:00,752.8637848581378
2012-07-27 18:00:00,677.8913841994839
2012-07-27 19:00:00,499.700539051776
2012-07-27 20:00:00,359.71455927790913
2012-07-27 21:00:00,284.4279900215258
2012-07-27 22:00:00,248.9650484316771
2012-07-27 23:00:00,176.75506809222946
2012-07-28 00:00:00,159.5116926242724
2012-07-28 01:00:00,105.45337013973798
2012-07-28 02:00:00,87.08228974146624
2012-07-28 03:00:00,26.70425994227462
2012-07-28 04:00:00,9.727115426995633
2012-07-28 05:00:00,13.129255849965809
2012-07-28 06:00:00,50.64151828093913
2012-07-28 07:00:00,90.60178122612759
2012-07-28 08:00:00,228.8000036481995
2012-07-28 09:00:00,275.3899492299206
2012-07-28 10:00:00,395.6019664945676
2012-07-28 11:00:00,474.51044246920543
2012-07-28 12:00:00,516.3202990196065
2012-07-28 13:00:00,486.9989381771837
2012-07-28 14:00:00,537.7962773574799
2012-07-28 15:00:00,507.4071558910949
2012-07-28 16:00:00,516.0753430503843
2012-07-28 17:00:00,536.2344271216763
2012-07-28 18:00:00,501.5051476482061
2012-07-28 19:00:00,279.96420044084635
2012-07-28 20:00:00,269.70665138805913
2012-07-28 21:00:00,224.36236002531803
2012-07-28 22:00:00,191.47977856457717
2012-07-28 23:00:00,173.7663323234574
2012-07-29 00:00:00,121.8423795416808
2012-07-29 01:00:00,104.7570312313598
2012-07-29 02:00:00,90.54302925076
2012-07-29 03:00:00,35.23069188363508
2012-07-29 04:00:00,9.369268783980258
2012-07-29 05:00:00,11.280053176802593
2012-07-29 06:00:00,28.660144615921485
2012-07-29 07:00:00,56.340623859347616
2012-07-29 08:00:00,175.61402452916107
2012-07-29 09:00:00,253.80722453193167
2012-07-29 10:00:00,351.56728853734165
2012-07-29 11:00:00,441.58704381101717
2012-07-29 12:00:00,522.2334162702165
2012-07-29 13:00:00,522.10553474116
2012-07-29 14:00:00,510.5480950680785
2012-07-29 15:00:00,476.8463087654489
2012-07-29 16:00:00,512.7128229709589
2012-07-29 17:00:00,486.9747115637686
2012-07-29 18:00:00,459.8406671657664
2012-07-29 19:00:00,326.23258254807973
2012-07-29 20:00:00,280.2830517175598
2012-07-29 21:00:00,221.96126850877033
2012-07-29 22:00:00,183.6303201615521
2012-07-29 23:00:00,128.68075878116065
2012-07-30 00:00:00,46.23962250279274
2012-07-30 01:00:00,19.228708039424546
2012-07-30 02:00:00,9.194745196846553
2012-07-30 03:00:00,5.841697852535407
2012-07-30 04:00:00,7.082508997961989
2012-07-30 05:00:00,34.615928468483204
2012-07-30 06:00:00,148.9568474234527
2012-07-30 07:00:00,444.23190228305583
2012-07-30 08:00:00,611.6192195925773
2012-07-30 09:00:00,351.01291635118383
2012-07-30 10:00:00,194.5023910581245
2012-07-30 11:00:00,258.9017601217961
2012-07-30 12:00:00,256.3614154357005
2012-07-30 13:00:00,271.91764072721793
2012-07-30 14:00:00,249.32881261938013
2012-07-30 15:00:00,266.05982260270497
2012-07-30 16:00:00,414.21358493202104
2012-07-30 17:00:00,726.8513663178684
2012-07-30 18:00:00,654.2664539619614
2012-07-30 19:00:00,539.296298221407
2012-07-30 20:00:00,330.4626221611351
2012-07-30 21:00:00,250.481136704783
2012-07-30 22:00:00,183.11798320472641
2012-07-30 23:00:00,118.7886753987137
2012-07-31 00:00:00,47.33460634165543
2012-07-31 01:00:00,20.72131986223461
2012-07-31 02:00:00,7.668206251998413
2012-07-31 03:00:00,6.024592698515175
2012-07-31 04:00:00,7.188462097396279
2012-07-31 05:00:00,34.69850968668006
2012-07-31 06:00:00,128.69991940644613
2012-07-31 07:00:00,431.7090468354929
2012-07-31 08:00:00,671.1735460609626
2012-07-31 09:00:00,366.50211896945297
2012-07-31 10:00:00,191.20514624257774
2012-07-31 11:00:00,228.37731637072486
2012-07-31 12:00:00,288.076415726371
2012-07-31 13:00:00,274.03953370021236
2012-07-31 14:00:00,246.350050858237
2012-07-31 15:00:00,246.11726848299458
2012-07-31 16:00:00,369.00296072906053
2012-07-31 17:00:00,759.5869074550909
2012-07-31 18:00:00,699.2171199088983
2012-07-31 19:00:00,488.49960421627515
2012-07-31 20:00:00,261.3241752431237
2012-07-31 21:00:00,223.62958964067641
2012-07-31 22:00:00,197.4473153269913
2012-07-31 23:00:00,108.5144302710923
2012-08-20 00:00:00,37.506530157200224
2012-08-20 01:00:00,18.644123799129304
2012-08-20 02:00:00,8.041050181069433
2012-08-20 03:00:00,5.652490951726962
2012-08-20 04:00:00,7.42327056951294
2012-08-20 05:00:00,29.03152317514564
2012-08-20 06:00:00,137.10531185495728
2012-08-20 07:00:00,464.073472007754
2012-08-20 08:00:00,636.3270422088178
2012-08-20 09:00:00,351.01458602407814
2012-08-20 10:00:00,188.9080632367814
2012-08-20 11:00:00,227.76824308411742
2012-08-20 12:00:00,277.98662101412685
2012-08-20 13:00:00,255.72619524127924
2012-08-20 14:00:00,267.4407910426424
2012-08-20 15:00:00,286.5116881151438
2012-08-20 16:00:00,429.35248934651156
2012-08-20 17:00:00,719.6710484178792
2012-08-20 18:00:00,628.8646524274808
2012-08-20 19:00:00,520.3876566524451
2012-08-20 20:00:00,231.40827446042334
2012-08-20 21:00:00,192.97445817085696
2012-08-20 22:00:00,131.60860625468715
2012-08-20 23:00:00,75.68630433426246
2012-08-21 00:00:00,35.68396969283796
2012-08-21 01:00:00,16.636296336804968
2012-08-21 02:00:00,6.951147490063522
2012-08-21 03:00:00,5.663354027775086
2012-08-21 04:00:00,7.387160322895069
2012-08-21 05:00:00,33.580083324845454
2012-08-21 06:00:00,138.232133797561
2012-08-21 07:00:00,492.1898923978234
2012-08-21 08:00:00,678.1569162206578
2012-08-21 09:00:00,362.9851756579173
2012-08-21 10:00:00,223.996437121917
2012-08-21 11:00:00,275.7236831799564
2012-08-21 12:00:00,316.4436006494546
2012-08-21 13:00:00,309.2202175760876
2012-08-21 14:00:00,277.64586033279613
2012-08-21 15:00:00,298.12849338517157
2012-08-21 16:00:00,457.23191034461905
2012-08-21 17:00:00,787.671393601728
2012-08-21 18:00:00,726.0280259150644
2012-08-21 19:00:00,401.86244335042113
2012-08-21 20:00:00,362.0288286868593
2012-08-21 21:00:00,248.20984446650226
2012-08-21 22:00:00,163.33370497765853
2012-08-21 23:00:00,104.20327472862081
2012-08-22 00:00:00,48.311895904470575
2012-08-22 01:00:00,20.330701235779145
2012-08-22 02:00:00,8.600224816578141
2012-08-22 03:00:00,6.861211834639069
2012-08-22 04:00:00,7.253931391276936
2012-08-22 05:00:00,38.278294448239
2012-08-22 06:00:00,156.53908650078804
2012-08-22 07:00:00,512.6766681940875
2012-08-22 08:00:00,659.4974702204197
2012-08-22 09:00:00,370.44117526102303
2012-08-22 10:00:00,225.26394956187403
2012-08-22 11:00:00,243.92080882927314
2012-08-22 12:00:00,311.42196217049286
2012-08-22 13:00:00,302.6629373808708
2012-08-22 14:00:00,277.8234054761904
2012-08-22 15:00:00,301.18225645085334
2012-08-22 16:00:00,316.8662191158578
2012-08-22 17:00:00,679.5724921492987
2012-08-22 18:00:00,613.2757687605717
2012-08-22 19:00:00,538.3061505073788
2012-08-22 20:00:00,370.8485476743834
2012-08-22 21:00:00,248.20984446650226
2012-08-22 22:00:00,203.93893974419203
2012-08-22 23:00:00,104.8633451770931
2012-08-23 00:00:00,46.45971689870538
2012-08-23 01:00:00,21.822207699127787
2012-08-23 02:00:00,8.71060123472411
2012-08-23 03:00:00,7.268458981595074
2012-08-23 04:00:00,8.34224798913462
2012-08-23 05:00:00,35.61813697978889
2012-08-23 06:00:00,120.38861745437278
2012-08-23 07:00:00,422.610757393707
2012-08-23 08:00:00,647.9021890927928
2012-08-23 09:00:00,351.70312861555226
2012-08-23 10:00:00,225.4144580430667
2012-08-23 11:00:00,290.8232907525027
2012-08-23 12:00:00,327.730394794865
2012-08-23 13:00:00,310.84949789307643
2012-08-23 14:00:00,276.7654492230175
2012-08-23 15:00:00,298.01587898591526
2012-08-23 16:00:00,471.20057426656894
2012-08-23 17:00:00,805.252573860697
2012-08-23 18:00:00,748.5880702030477
2012-08-23 19:00:00,574.3831534889256
2012-08-23 20:00:00,418.3393694646799
2012-08-23 21:00:00,320.09467756738024
2012-08-23 22:00:00,256.6065959607599
2012-08-23 23:00:00,144.1246554471345
2012-08-24 00:00:00,72.08999548813486
2012-08-24 01:00:00,32.40661237287754
2012-08-24 02:00:00,16.615074077764135
2012-08-24 03:00:00,7.2522653874530345
2012-08-24 04:00:00,8.370294285823983
2012-08-24 05:00:00,39.722335628419955
2012-08-24 06:00:00,124.01093752887687
2012-08-24 07:00:00,433.32098879572146
2012-08-24 08:00:00,635.7387793012299
2012-08-24 09:00:00,353.9315552880374
2012-08-24 10:00:00,276.0092114506501
2012-08-24 11:00:00,303.6694130447024
2012-08-24 12:00:00,378.27535007849895
2012-08-24 13:00:00,356.83325702478555
2012-08-24 14:00:00,329.9737701919294
2012-08-24 15:00:00,364.03128987200336
2012-08-24 16:00:00,499.0128510051512
2012-08-24 17:00:00,753.1370009805671
2012-08-24 18:00:00,671.9940096476139
2012-08-24 19:00:00,487.1290786133258
2012-08-24 20:00:00,367.08310080630065
2012-08-24 21:00:00,308.9819863099202
2012-08-24 22:00:00,270.1415196520739
2012-08-24 23:00:00,169.8215354864439
2012-08-25 00:00:00,163.19943126637017
2012-08-25 01:00:00,104.51220986453876
2012-08-25 02:00:00,81.62497561698285
2012-08-25 03:00:00,29.151278339174677
2012-08-25 04:00:00,11.209954761309277
2012-08-25 05:00:00,14.121606770405208
2012-08-25 06:00:00,38.94707782449037
2012-08-25 07:00:00,67.07798044609417
2012-08-25 08:00:00,207.61679189402471
2012-08-25 09:00:00,261.05064576267426
2012-08-25 10:00:00,374.20510535627415
2012-08-25 11:00:00,453.79774084756065
2012-08-25 12:00:00,519.8999210883127
2012-08-25 13:00:00,564.1297806735354
2012-08-25 14:00:00,416.1866976480954
2012-08-25 15:00:00,460.7998246374605
2012-08-25 16:00:00,414.20973570153143
2012-08-25 17:00:00,396.2354057936836
2012-08-25 18:00:00,376.18552105924283
2012-08-25 19:00:00,283.1622634894745
2012-08-25 20:00:00,156.38289626133846
2012-08-25 21:00:00,184.7038410929762
2012-08-25 22:00:00,148.14272620237512
2012-08-25 23:00:00,123.9886993473557
2012-08-26 00:00:00,115.88843567111607
2012-08-26 01:00:00,97.62827180681955
2012-08-26 02:00:00,60.298697692262415
2012-08-26 03:00:00,32.17750000901589
2012-08-26 04:00:00,11.806061062038502
2012-08-26 05:00:00,10.721729292098058
2012-08-26 06:00:00,20.071435636420606
2012-08-26 07:00:00,45.88671146505195
2012-08-26 08:00:00,138.04500671251697
2012-08-26 09:00:00,197.6404089308496
2012-08-26 10:00:00,335.22382274378947
2012-08-26 11:00:00,368.88746867069335
2012-08-26 12:00:00,371.02755610211966
2012-08-26 13:00:00,284.4935531854172
2012-08-26 14:00:00,334.96069442205953
2012-08-26 15:00:00,238.6984140572729
2012-08-26 16:00:00,155.84422755711628
2012-08-26 17:00:00,301.1170223750289
2012-08-26 18:00:00,267.49329829259824
2012-08-26 19:00:00,202.29717104735658
2012-08-26 20:00:00,193.7767221710178
2012-08-26 21:00:00,178.1941256887163
2012-08-26 22:00:00,123.65399590000634
2012-08-26 23:00:00,81.29505350812185
2012-08-27 00:00:00,42.54313359665565
2012-08-27 01:00:00,16.90515986293974
2012-08-27 02:00:00,8.626877823280935
2012-08-27 03:00:00,5.575188480997694
2012-08-27 04:00:00,7.710865843743397
2012-08-27 05:00:00,35.077248451213585
2012-08-27 06:00:00,121.46659444739501
2012-08-27 07:00:00,436.80252196540636
2012-08-27 08:00:00,652.2269053609549
2012-08-27 09:00:00,370.17673839922156
2012-08-27 10:00:00,189.89503802090397
2012-08-27 11:00:00,215.03958924555718
2012-08-27 12:00:00,284.1624464542818
2012-08-27 13:00:00,248.0650099208837
2012-08-27 14:00:00,261.1468960439191
2012-08-27 15:00:00,266.8042921786732
2012-08-27 16:00:00,413.8351755046986
2012-08-27 17:00:00,766.5610638994785
2012-08-27 18:00:00,719.8406925191357
2012-08-27 19:00:00,554.8216622122097
2012-08-27 20:00:00,348.7928953514926
2012-08-27 21:00:00,247.1861351688288
2012-08-27 22:00:00,169.17064634633147
2012-08-27 23:00:00,104.02260147357693
2012-08-28 00:00:00,47.63359862244123
2012-08-28 01:00:00,20.302166578509514
2012-08-28 02:00:00,7.947693067200467
2012-08-28 03:00:00,5.942249774770061
2012-08-28 04:00:00,7.215675188383525
2012-08-28 05:00:00,33.85092000733488
2012-08-28 06:00:00,116.06258766448177
2012-08-28 07:00:00,409.6942531815176
2012-08-28 08:00:00,622.1631872821281
2012-08-28 09:00:00,354.61955560014826
2012-08-28 10:00:00,222.79624707608394
2012-08-28 11:00:00,276.76127638586314
2012-08-28 12:00:00,309.9742021774006
2012-08-28 13:00:00,300.1626047149182
2012-08-28 14:00:00,266.1032059121761
2012-08-28 15:00:00,287.02557808162845
2012-08-28 16:00:00,454.0075936092478
2012-08-28 17:00:00,795.6710227535466
2012-08-28 18:00:00,727.7739493030168
2012-08-28 19:00:00,581.8995725526804
2012-08-28 20:00:00,427.74330373012805
2012-08-28 21:00:00,320.8634647346126
2012-08-28 22:00:00,272.1860444436882
2012-08-28 23:00:00,149.59578224350528
2012-08-29 00:00:00,52.96859334538073
2012-08-29 01:00:00,21.838586808406816
2012-08-29 02:00:00,9.763491230415966
2012-08-29 03:00:00,6.113538816561163
2012-08-29 04:00:00,7.426511789890572
2012-08-29 05:00:00,38.3621941198283
2012-08-29 06:00:00,156.80829920291774
2012-08-29 07:00:00,463.13571435630405
2012-08-29 08:00:00,620.5347232577682
2012-08-29 09:00:00,392.0862437858395
2012-08-29 10:00:00,256.04965101987096
2012-08-29 11:00:00,279.0148331700435
2012-08-29 12:00:00,323.6923146518548
2012-08-29 13:00:00,299.59421099871486
2012-08-29 14:00:00,277.64586033279613
2012-08-29 15:00:00,302.3818564475728
2012-08-29 16:00:00,454.86190460771684
2012-08-29 17:00:00,784.9629662400702
2012-08-29 18:00:00,733.7572386864422
2012-08-29 19:00:00,581.6110798382811
2012-08-29 20:00:00,385.76215797698194
2012-08-29 21:00:00,317.678522323383
2012-08-29 22:00:00,272.1860444436882
2012-08-29 23:00:00,149.59578224350528
2012-08-30 00:00:00,57.14472147511478
2012-08-30 01:00:00,16.609861276046846
2012-08-30 02:00:00,10.400792433490318
2012-08-30 03:00:00,6.299939141689975
2012-08-30 04:00:00,9.12768667076111
2012-08-30 05:00:00,40.01226920335128
2012-08-30 06:00:00,147.15567739424478
2012-08-30 07:00:00,503.8629572825645
2012-08-30 08:00:00,644.3325813050318
2012-08-30 09:00:00,361.86102061145175
2012-08-30 10:00:00,255.64248098920365
2012-08-30 11:00:00,290.8232907525027
2012-08-30 12:00:00,337.4180611568056
2012-08-30 13:00:00,316.99784467123874
2012-08-30 14:00:00,280.3169004354579
2012-08-30 15:00:00,291.45325505058116
2012-08-30 16:00:00,462.36584176320724
2012-08-30 17:00:00,808.1809619312727
2012-08-30 18:00:00,762.6722355982372
2012-08-30 19:00:00,579.204739122024
2012-08-30 20:00:00,408.30326824190905
2012-08-30 21:00:00,284.87626429495043
2012-08-30 22:00:00,226.33177107333063
2012-08-30 23:00:00,155.73071080587403
2012-08-31 00:00:00,80.09904172270122
2012-08-31 01:00:00,37.37913491642774
2012-08-31 02:00:00,14.241922764226729
2012-08-31 03:00:00,7.439909620005764
2012-08-31 04:00:00,7.851316667441392
2012-08-31 05:00:00,39.028527912556086
2012-08-31 06:00:00,118.20798486508542
2012-08-31 07:00:00,371.3620238782221
2012-08-31 08:00:00,635.7387793012299
2012-08-31 09:00:00,371.25548493241376
2012-08-31 10:00:00,245.92562157717677
2012-08-31 11:00:00,294.51619159440133
2012-08-31 12:00:00,341.9133453309078
2012-08-31 13:00:00,359.23701803401144
2012-08-31 14:00:00,320.6704069589696
2012-08-31 15:00:00,327.7901922486229
2012-08-31 16:00:00,463.3732721789739
2012-08-31 17:00:00,748.8531380762664
2012-08-31 18:00:00,705.407716216995
2012-08-31 19:00:00,523.076577968157
2012-08-31 20:00:00,409.18139890697967
2012-08-31 21:00:00,300.0130159592545
2012-08-31 22:00:00,262.11521274965537
2012-08-31 23:00:00,210.87319007629205
2012-09-20 00:00:00,50.127262026315485
2012-09-20 01:00:00,23.305635531169976
2012-09-20 02:00:00,10.949804172430063
2012-09-20 03:00:00,7.754836907467389
2012-09-20 04:00:00,7.33865863341188
2012-09-20 05:00:00,42.37884541924775
2012-09-20 06:00:00,152.09502698428028
2012-09-20 07:00:00,537.171396481569
2012-09-20 08:00:00,705.7393989431955
2012-09-20 09:00:00,398.9273405132976
2012-09-20 10:00:00,223.8777546307174
2012-09-20 11:00:00,301.859341423364
2012-09-20 12:00:00,347.2852349763408
2012-09-20 13:00:00,337.4675313855473
2012-09-20 14:00:00,300.6648299793946
2012-09-20 15:00:00,324.87531690802456
2012-09-20 16:00:00,492.7506318054992
2012-09-20 17:00:00,818.8322230582859
2012-09-20 18:00:00,728.7545810639385
2012-09-20 19:00:00,555.2195158148676
2012-09-20 20:00:00,364.31310824176063
2012-09-20 21:00:00,272.4174628030646
2012-09-20 22:00:00,201.25390281161245
2012-09-20 23:00:00,137.25110634964858
2012-09-21 00:00:00,69.2763410638697
2012-09-21 01:00:00,34.1788282677544
2012-09-21 02:00:00,15.395496200785924
2012-09-21 03:00:00,10.115984961417995
2012-09-21 04:00:00,9.3086855642328
2012-09-21 05:00:00,41.86123301566896
2012-09-21 06:00:00,159.80810693198546
2012-09-21 07:00:00,504.9586175764278
2012-09-21 08:00:00,727.8083330764007
2012-09-21 09:00:00,376.98446506598106
2012-09-21 10:00:00,258.7483896420971
2012-09-21 11:00:00,280.12857967555476
2012-09-21 12:00:00,325.6354289674834
2012-09-21 13:00:00,376.98681671461435
2012-09-21 14:00:00,348.3634902624335
2012-09-21 15:00:00,373.3713626139977
2012-09-21 16:00:00,514.1881361077535
2012-09-21 17:00:00,772.0719216469284
2012-09-21 18:00:00,703.8963494665729
2012-09-21 19:00:00,523.2542879485501
2012-09-21 20:00:00,341.6515525988077
2012-09-21 21:00:00,241.85830892485828
2012-09-21 22:00:00,202.13873529548417
2012-09-21 23:00:00,173.0520241766742
2012-09-22 00:00:00,133.69064396571412
2012-09-22 01:00:00,101.56204576316466
2012-09-22 02:00:00,63.873380947007746
2012-09-22 03:00:00,31.25187192745279
2012-09-22 04:00:00,10.680840247507097
2012-09-22 05:00:00,16.013108563460097
2012-09-22 06:00:00,38.20390692703597
2012-09-22 07:00:00,77.59883212429078
2012-09-22 08:00:00,193.0423609713656
2012-09-22 09:00:00,291.854458557904
2012-09-22 10:00:00,396.50890047597693
2012-09-22 11:00:00,470.8356046688348
2012-09-22 12:00:00,604.4129497135963
2012-09-22 13:00:00,609.9610796358032
2012-09-22 14:00:00,632.7581223933225
2012-09-22 15:00:00,625.9475392673172
2012-09-22 16:00:00,633.9224385127764
2012-09-22 17:00:00,616.777007507738
2012-09-22 18:00:00,557.8839232398008
2012-09-22 19:00:00,377.8660702123275
2012-09-22 20:00:00,390.0503411242628
2012-09-22 21:00:00,290.07831524125186
2012-09-22 22:00:00,258.68415804175095
2012-09-22 23:00:00,223.36474999524577
2012-09-23 00:00:00,171.77827538663811
2012-09-23 01:00:00,106.45931948004315
2012-09-23 02:00:00,88.82713278546082
2012-09-23 03:00:00,47.830856093966254
2012-09-23 04:00:00,9.840312567846935
2012-09-23 05:00:00,10.884847507545873
2012-09-23 06:00:00,26.27961793850957
2012-09-23 07:00:00,54.61913924370671
2012-09-23 08:00:00,160.92094102339732
2012-09-23 09:00:00,240.1188277736999
2012-09-23 10:00:00,467.7761371680322
2012-09-23 11:00:00,528.1492213027856
2012-09-23 12:00:00,671.8267293792265
2012-09-23 13:00:00,612.9294492476388
2012-09-23 14:00:00,585.1096847357746
2012-09-23 15:00:00,568.0363080484968
2012-09-23 16:00:00,608.4993442138879
2012-09-23 17:00:00,573.3847779323933
2012-09-23 18:00:00,508.31733321997984
2012-09-23 19:00:00,278.34313862141295
2012-09-23 20:00:00,259.74508774557836
2012-09-23 21:00:00,215.83136203284892
2012-09-23 22:00:00,174.1792216182707
2012-09-23 23:00:00,94.16318035557022
2012-09-24 00:00:00,42.46577399830303
2012-09-24 01:00:00,18.63474696003066
2012-09-24 02:00:00,7.523828847548854
2012-09-24 03:00:00,7.323664565745325
2012-09-24 04:00:00,5.890472341442628
2012-09-24 05:00:00,40.39474177274274
2012-09-24 06:00:00,152.68385470493354
2012-09-24 07:00:00,469.5922972228653
2012-09-24 08:00:00,654.7659181180717
2012-09-24 09:00:00,431.8716084954195
2012-09-24 10:00:00,210.7796084096238
2012-09-24 11:00:00,236.22478739021292
2012-09-24 12:00:00,283.988347754945
2012-09-24 13:00:00,311.0717797829142
2012-09-24 14:00:00,285.5192419073747
2012-09-24 15:00:00,305.37735219387173
2012-09-24 16:00:00,392.59720617612743
2012-09-24 17:00:00,748.640115960786
2012-09-24 18:00:00,721.3843024989222
2012-09-24 19:00:00,574.4957593754443
2012-09-24 20:00:00,349.11235174488644
2012-09-24 21:00:00,240.19596510600314
2012-09-24 22:00:00,194.18182167599863
2012-09-24 23:00:00,97.1029180155388
2012-09-25 00:00:00,41.87298391022445
2012-09-25 01:00:00,19.10087215204072
2012-09-25 02:00:00,8.795457833814915
2012-09-25 03:00:00,5.9821432369745375
2012-09-25 04:00:00,6.081410213816994
2012-09-25 05:00:00,38.526209477245196
2012-09-25 06:00:00,142.67406243545068
2012-09-25 07:00:00,473.4489857270397
2012-09-25 08:00:00,660.1262873216215
2012-09-25 09:00:00,385.19843155454527
2012-09-25 10:00:00,203.6360190924412
2012-09-25 11:00:00,293.34880704401854
2012-09-25 12:00:00,327.54231213208226
2012-09-25 13:00:00,328.7215427084742
2012-09-25 14:00:00,296.5815292488458
2012-09-25 15:00:00,316.6580440981835
2012-09-25 16:00:00,485.57392685464777
2012-09-25 17:00:00,824.517263517704
2012-09-25 18:00:00,755.8594427177363
2012-09-25 19:00:00,589.9802893628624
2012-09-25 20:00:00,393.8617154388332
2012-09-25 21:00:00,271.90791124740826
2012-09-25 22:00:00,242.79979974371219
2012-09-25 23:00:00,141.6032001995976
2012-09-26 00:00:00,45.28843611950034
2012-09-26 01:00:00,17.78274382718876
2012-09-26 02:00:00,7.952649065701353
2012-09-26 03:00:00,6.800779273265391
2012-09-26 04:00:00,7.811390792585534
2012-09-26 05:00:00,45.74380088776676
2012-09-26 06:00:00,165.5181345742475
2012-09-26 07:00:00,524.6663400885446
2012-09-26 08:00:00,679.1064272550443
2012-09-26 09:00:00,399.0304414529363
2012-09-26 10:00:00,178.39499195863417
2012-09-26 11:00:00,261.83144496097174
2012-09-26 12:00:00,294.5500349328022
2012-09-26 13:00:00,268.0976823296905
2012-09-26 14:00:00,296.519916556133
2012-09-26 15:00:00,314.3673208302904
2012-09-26 16:00:00,481.6064318457882
2012-09-26 17:00:00,810.1069213735437
2012-09-26 18:00:00,760.9842437565998
2012-09-26 19:00:00,615.343358067449
2012-09-26 20:00:00,358.25865198672506
2012-09-26 21:00:00,293.233114323569
2012-09-26 22:00:00,161.1570361768663
2012-09-26 23:00:00,97.03640473463292
2012-09-27 00:00:00,49.97626292799098
2012-09-27 01:00:00,23.227008747311118
2012-09-27 02:00:00,10.673722123998328
2012-09-27 03:00:00,9.467424393862789
2012-09-27 04:00:00,6.952553579732915
2012-09-27 05:00:00,42.61876517831286
2012-09-27 06:00:00,141.49365841692847
2012-09-27 07:00:00,554.2146266792531
2012-09-27 08:00:00,706.7736714183181
2012-09-27 09:00:00,379.2071693740268
2012-09-27 10:00:00,247.83353078245756
2012-09-27 11:00:00,286.0962185528095
2012-09-27 12:00:00,336.69950850053027
2012-09-27 13:00:00,317.49272162781745
2012-09-27 14:00:00,283.44984647494243
2012-09-27 15:00:00,306.1682233396519
2012-09-27 16:00:00,395.9635362535568
2012-09-27 17:00:00,683.5530217237964
2012-09-27 18:00:00,695.9656875492459
2012-09-27 19:00:00,579.8710134434294
2012-09-27 20:00:00,351.77935473373367
2012-09-27 21:00:00,149.63622314633207
2012-09-27 22:00:00,112.23774459680197
2012-09-27 23:00:00,88.4940975389267
2012-09-28 00:00:00,35.03485605115929
2012-09-28 01:00:00,19.454191411748496
2012-09-28 02:00:00,8.441938733754222
2012-09-28 03:00:00,8.783347859513697
2012-09-28 04:00:00,5.529679087770817
2012-09-28 05:00:00,46.207700219419685
2012-09-28 06:00:00,107.49230819508436
2012-09-28 07:00:00,316.0813212264344
2012-09-28 08:00:00,713.1687175671134
2012-09-28 09:00:00,334.78352567122863
2012-09-28 10:00:00,165.90833128388985
2012-09-28 11:00:00,228.6164462246521
2012-09-28 12:00:00,368.73592621113994
2012-09-28 13:00:00,362.2589219498688
2012-09-28 14:00:00,328.39450662803773
2012-09-28 15:00:00,356.5681644540885
2012-09-28 16:00:00,495.67294323479
2012-09-28 17:00:00,780.5041720538419
2012-09-28 18:00:00,670.7771401165426
2012-09-28 19:00:00,398.28502213483546
2012-09-28 20:00:00,347.63342384068613
2012-09-28 21:00:00,270.3471644586192
2012-09-28 22:00:00,216.71267870708476
2012-09-28 23:00:00,176.42398244601134
2012-09-29 00:00:00,140.35963819120767
2012-09-29 01:00:00,108.76409199613792
2012-09-29 02:00:00,67.16499001942577
2012-09-29 03:00:00,41.35281887748191
2012-09-29 04:00:00,12.002653100836799
2012-09-29 05:00:00,14.110368857054096
2012-09-29 06:00:00,48.92299935792285
2012-09-29 07:00:00,81.48308560376232
2012-09-29 08:00:00,192.3392952220343
2012-09-29 09:00:00,252.89395006423402
2012-09-29 10:00:00,468.92215187108565
2012-09-29 11:00:00,552.6098694084413
2012-09-29 12:00:00,612.3206233112933
2012-09-29 13:00:00,634.2073134811156
2012-09-29 14:00:00,636.1673967378665
2012-09-29 15:00:00,629.7977743009073
2012-09-29 16:00:00,657.5149916758124
2012-09-29 17:00:00,624.9269441186716
2012-09-29 18:00:00,538.0092208647163
2012-09-29 19:00:00,316.92680262196427
2012-09-29 20:00:00,294.4418484022024
2012-09-29 21:00:00,251.03733384407118
2012-09-29 22:00:00,206.93774196754546
2012-09-29 23:00:00,165.22734867213862
2012-09-30 00:00:00,129.21489003769375
2012-09-30 01:00:00,103.9899340578117
2012-09-30 02:00:00,74.20065425314912
2012-09-30 03:00:00,37.122607839751986
2012-09-30 04:00:00,10.599264584601674
2012-09-30 05:00:00,12.501587379121748
2012-09-30 06:00:00,26.95950626087496
2012-09-30 07:00:00,53.96712649544428
2012-09-30 08:00:00,146.0475275876163
2012-09-30 09:00:00,227.7704651159766
2012-09-30 10:00:00,474.9210885802372
2012-09-30 11:00:00,511.24161002871904
2012-09-30 12:00:00,608.0651014863945
2012-09-30 13:00:00,611.0152065227588
2012-09-30 14:00:00,588.1578551981838
2012-09-30 15:00:00,576.5813541201933
2012-09-30 16:00:00,619.7703736089258
2012-09-30 17:00:00,591.2228125133447
2012-09-30 18:00:00,425.25899595525163
2012-09-30 19:00:00,147.075664379011
2012-09-30 20:00:00,147.0990335239067
2012-09-30 21:00:00,185.14464112341827
2012-09-30 22:00:00,160.1569445454962
2012-09-30 23:00:00,108.0245880479578
2012-10-20 00:00:00,139.79866461220544
2012-10-20 01:00:00,108.49192675847762
2012-10-20 02:00:00,75.94794616301505
2012-10-20 03:00:00,26.72038820254668
2012-10-20 04:00:00,12.415095969878818
2012-10-20 05:00:00,14.145430461568747
2012-10-20 06:00:00,50.698870387880724
2012-10-20 07:00:00,86.08551880326372
2012-10-20 08:00:00,193.30708101265927
2012-10-20 09:00:00,293.40105736106227
2012-10-20 10:00:00,522.7188937189137
2012-10-20 11:00:00,619.9792232412505
2012-10-20 12:00:00,787.9636377595531
2012-10-20 13:00:00,774.8062547001199
2012-10-20 14:00:00,731.9277631242213
2012-10-20 15:00:00,785.9403422430604
2012-10-20 16:00:00,698.9478066586784
2012-10-20 17:00:00,676.0598246813963
2012-10-20 18:00:00,569.5997240087305
2012-10-20 19:00:00,391.8914995354137
2012-10-20 20:00:00,294.0000116024823
2012-10-20 21:00:00,232.5862803361646
2012-10-20 22:00:00,190.92958721832807
2012-10-20 23:00:00,177.12518730013642
2012-10-21 00:00:00,121.28036590485914
2012-10-21 01:00:00,104.77467966342972
2012-10-21 02:00:00,65.33892371535114
2012-10-21 03:00:00,28.146506810193376
2012-10-21 04:00:00,10.565935312884996
2012-10-21 05:00:00,12.172647000551448
2012-10-21 06:00:00,26.281129706927985
2012-10-21 07:00:00,58.26299790928311
2012-10-21 08:00:00,133.79848666652654
2012-10-21 09:00:00,226.0482477319815
2012-10-21 10:00:00,414.6096196656748
2012-10-21 11:00:00,512.5702305808722
2012-10-21 12:00:00,654.2391130484483
2012-10-21 13:00:00,660.2858230468886
2012-10-21 14:00:00,604.9890631818841
2012-10-21 15:00:00,612.7094774530545
2012-10-21 16:00:00,611.4428047228988
2012-10-21 17:00:00,554.2299366439704
2012-10-21 18:00:00,502.9277087263227
2012-10-21 19:00:00,311.06237056446065
2012-10-21 20:00:00,256.4710602384419
2012-10-21 21:00:00,182.49683673809346
2012-10-21 22:00:00,153.08255168512207
2012-10-21 23:00:00,97.84849018126253
2012-10-22 00:00:00,40.24319024673395
2012-10-22 01:00:00,18.32941220394066
2012-10-22 02:00:00,8.34000357452823
2012-10-22 03:00:00,5.875933548716025
2012-10-22 04:00:00,6.865711088646382
2012-10-22 05:00:00,38.616167346942575
2012-10-22 06:00:00,131.50477763135788
2012-10-22 07:00:00,418.42484562207335
2012-10-22 08:00:00,694.4232847982851
2012-10-22 09:00:00,420.2743104410002
2012-10-22 10:00:00,226.62083119967144
2012-10-22 11:00:00,259.69386968211074
2012-10-22 12:00:00,336.32670019761423
2012-10-22 13:00:00,344.65854583835664
2012-10-22 14:00:00,310.6064388132834
2012-10-22 15:00:00,333.9870921478723
2012-10-22 16:00:00,521.5085189654934
2012-10-22 17:00:00,859.2280575386155
2012-10-22 18:00:00,746.6401735714829
2012-10-22 19:00:00,601.3485293867681
2012-10-22 20:00:00,331.96258776861987
2012-10-22 21:00:00,231.8230395584529
2012-10-22 22:00:00,161.98235503665992
2012-10-22 23:00:00,107.69850667902726
2012-10-23 00:00:00,44.728726905450856
2012-10-23 01:00:00,19.733707865977433
2012-10-23 02:00:00,7.203161525260002
2012-10-23 03:00:00,5.6391902436982555
2012-10-23 04:00:00,7.911447624009675
2012-10-23 05:00:00,40.21560987410593
2012-10-23 06:00:00,147.98396605887305
2012-10-23 07:00:00,467.53763088229084
2012-10-23 08:00:00,692.6463135077225
2012-10-23 09:00:00,400.8295062230211
2012-10-23 10:00:00,220.62738442558438
2012-10-23 11:00:00,323.0504349411109
2012-10-23 12:00:00,360.7458228595675
2012-10-23 13:00:00,355.32535008978437
2012-10-23 14:00:00,332.08429714641113
2012-10-23 15:00:00,355.82829355701483
2012-10-23 16:00:00,567.7138148989831
2012-10-23 17:00:00,924.0862931014724
2012-10-23 18:00:00,845.9835938791193
2012-10-23 19:00:00,641.1232057522251
2012-10-23 20:00:00,374.7912334851792
2012-10-23 21:00:00,254.83293643957208
2012-10-23 22:00:00,212.81283416595502
2012-10-23 23:00:00,153.97610176129743
2012-10-24 00:00:00,56.50163141630962
2012-10-24 01:00:00,22.313573676972773
2012-10-24 02:00:00,9.103295708103003
2012-10-24 03:00:00,6.959650270834419
2012-10-24 04:00:00,9.779194821889986
2012-10-24 05:00:00,37.95977227223249
2012-10-24 06:00:00,148.87175357841338
2012-10-24 07:00:00,482.9815618451802
2012-10-24 08:00:00,636.8177941831647
2012-10-24 09:00:00,426.88127998331606
2012-10-24 10:00:00,183.22283685115528
2012-10-24 11:00:00,247.60692265633827
2012-10-24 12:00:00,332.421823491956
2012-10-24 13:00:00,349.8094630179859
2012-10-24 14:00:00,329.3699176333201
2012-10-24 15:00:00,353.98736846527197
2012-10-24 16:00:00,554.3751281453273
2012-10-24 17:00:00,907.6883822319762
2012-10-24 18:00:00,856.4709802592179
2012-10-24 19:00:00,647.6948119872842
2012-10-24 20:00:00,455.5126551065779
2012-10-24 21:00:00,339.7132811077931
2012-10-24 22:00:00,286.93052490842393
2012-10-24 23:00:00,132.0127428973937
2012-10-25 00:00:00,70.91605411813234
2012-10-25 01:00:00,24.554919482110822
2012-10-25 02:00:00,9.467372656898675
2012-10-25 03:00:00,5.737172945160103
2012-10-25 04:00:00,8.797258552801802
2012-10-25 05:00:00,36.68519348665326
2012-10-25 06:00:00,125.60461505981164
2012-10-25 07:00:00,428.41736470774174
2012-10-25 08:00:00,671.3274603593302
2012-10-25 09:00:00,353.82796725540425
2012-10-25 10:00:00,154.52954010952752
2012-10-25 11:00:00,163.65539418780804
2012-10-25 12:00:00,239.34309750353867
2012-10-25 13:00:00,214.4656235701846
2012-10-25 14:00:00,235.98965851228982
2012-10-25 15:00:00,298.613862481479
2012-10-25 16:00:00,423.52278759918795
2012-10-25 17:00:00,906.2945395571558
2012-10-25 18:00:00,663.0279855493463
2012-10-25 19:00:00,502.0320456629981
2012-10-25 20:00:00,250.68899106911513
2012-10-25 21:00:00,190.13307574531672
2012-10-25 22:00:00,154.12450874096504
2012-10-25 23:00:00,112.42112411887898
2012-10-26 00:00:00,61.8579281862168
2012-10-26 01:00:00,26.22289312839219
2012-10-26 02:00:00,11.083700898439789
2012-10-26 03:00:00,6.061877443318997
2012-10-26 04:00:00,8.33651785378415
2012-10-26 05:00:00,37.37195150048658
2012-10-26 06:00:00,128.7003646489047
2012-10-26 07:00:00,405.9429180526612
2012-10-26 08:00:00,635.5456084235245
2012-10-26 09:00:00,319.8477941339523
2012-10-26 10:00:00,146.6585374206049
2012-10-26 11:00:00,199.9151629706065
2012-10-26 12:00:00,267.2684654437627
2012-10-26 13:00:00,271.08943058967384
2012-10-26 14:00:00,327.3312309885213
2012-10-26 15:00:00,365.3774947533305
2012-10-26 16:00:00,379.2379773617339
2012-10-26 17:00:00,765.4153907311983
2012-10-26 18:00:00,654.2882523818384
2012-10-26 19:00:00,409.4982684362857
2012-10-26 20:00:00,257.0850203415049
2012-10-26 21:00:00,217.5948351403897
2012-10-26 22:00:00,154.79782431691572
2012-10-26 23:00:00,157.9979258977536
2012-10-27 00:00:00,125.94343464739819
2012-10-27 01:00:00,77.98302334096495
2012-10-27 02:00:00,52.631696725937076
2012-10-27 03:00:00,30.323371768498987
2012-10-27 04:00:00,12.383703903674604
2012-10-27 05:00:00,13.544292745830619
2012-10-27 06:00:00,37.76764755635816
2012-10-27 07:00:00,82.45082159745127
2012-10-27 08:00:00,192.0109983115554
2012-10-27 09:00:00,256.1363782021059
2012-10-27 10:00:00,462.74959107318404
2012-10-27 11:00:00,566.5215602904509
2012-10-27 12:00:00,660.1200553566385
2012-10-27 13:00:00,710.6045342763164
2012-10-27 14:00:00,700.8490294654487
2012-10-27 15:00:00,595.8278480387653
2012-10-27 16:00:00,578.0152479520748
2012-10-27 17:00:00,573.9789874078353
2012-10-27 18:00:00,488.1939152121551
2012-10-27 19:00:00,294.792047897261
2012-10-27 20:00:00,266.5209580978132
2012-10-27 21:00:00,210.68631586486075
2012-10-27 22:00:00,181.2612609674216
2012-10-27 23:00:00,147.1449398848149
2012-10-28 00:00:00,90.56742846965768
2012-10-28 01:00:00,88.08393226599256
2012-10-28 02:00:00,68.24670434028805
2012-10-28 03:00:00,33.6456089243674
2012-10-28 04:00:00,12.504320347196192
2012-10-28 05:00:00,11.920706599248257
2012-10-28 06:00:00,26.732728636085103
2012-10-28 07:00:00,55.41975780931278
2012-10-28 08:00:00,133.8391453261505
2012-10-28 09:00:00,242.17030018709136
2012-10-28 10:00:00,364.2033005719849
2012-10-28 11:00:00,443.46213153131754
2012-10-28 12:00:00,441.1849752622564
2012-10-28 13:00:00,438.2964963461613
2012-10-28 14:00:00,432.5495196895075
2012-10-28 15:00:00,437.52436225866927
2012-10-28 16:00:00,290.54790812368213
2012-10-28 17:00:00,270.2449072420224
2012-10-28 18:00:00,157.04443506198012
2012-10-28 19:00:00,135.79168284600462
2012-10-28 20:00:00,99.3367001466087
2012-10-28 21:00:00,106.10173931957728
2012-10-28 22:00:00,81.01350147561864
2012-10-28 23:00:00,53.74591761372276
2012-10-29 00:00:00,28.972147835163266
2012-10-30 13:00:00,106.31729675886497
2012-10-30 14:00:00,99.93839971398442
2012-10-30 15:00:00,98.29366300498624
2012-10-30 16:00:00,150.68512800171038
2012-10-30 17:00:00,296.7115603536732
2012-10-30 18:00:00,290.0953671748276
2012-10-30 19:00:00,551.5853757475049
2012-10-30 20:00:00,169.34205038602565
2012-10-30 21:00:00,118.20627607444727
2012-10-30 22:00:00,114.56526933371738
2012-10-30 23:00:00,83.42094286424987
2012-10-31 00:00:00,29.63456112978579
2012-10-31 01:00:00,11.678574866183217
2012-10-31 02:00:00,5.343503437143712
2012-10-31 03:00:00,4.686343639341273
2012-10-31 04:00:00,5.085254166509305
2012-10-31 05:00:00,25.395042933843442
2012-10-31 06:00:00,110.60708587747723
2012-10-31 07:00:00,332.53017772808334
2012-10-31 08:00:00,630.1569125341003
2012-10-31 09:00:00,348.10061404797375
2012-10-31 10:00:00,153.9279797951589
2012-10-31 11:00:00,158.7295998032836
2012-10-31 12:00:00,255.501240385375
2012-10-31 13:00:00,235.2595818201039
2012-10-31 14:00:00,204.15301301431464
2012-10-31 15:00:00,241.0756161143374
2012-10-31 16:00:00,329.5674549120315
2012-10-31 17:00:00,675.3415711611806
2012-10-31 18:00:00,614.2262905008009
2012-10-31 19:00:00,478.4725116129452
2012-10-31 20:00:00,274.75213184118036
2012-10-31 21:00:00,204.02670796748083
2012-10-31 22:00:00,176.66884039410058
2012-10-31 23:00:00,114.22516366803025
2012-11-20 00:00:00,37.29985428805221
2012-11-20 01:00:00,17.62266949606466
2012-11-20 02:00:00,7.032004684878805
2012-11-20 03:00:00,4.792455481243019
2012-11-20 04:00:00,6.572351085793869
2012-11-20 05:00:00,32.75053792026373
2012-11-20 06:00:00,129.2811265564868
2012-11-20 07:00:00,456.33522462884775
2012-11-20 08:00:00,679.5573504373409
2012-11-20 09:00:00,350.91052158543545
2012-11-20 10:00:00,154.21921594071347
2012-11-20 11:00:00,172.44492772294797
2012-11-20 12:00:00,205.55594993444137
2012-11-20 13:00:00,235.20922415240034
2012-11-20 14:00:00,211.50805916004305
2012-11-20 15:00:00,223.75541772587573
2012-11-20 16:00:00,309.3779329131669
2012-11-20 17:00:00,610.2048141914723
2012-11-20 18:00:00,574.1213527110583
2012-11-20 19:00:00,468.9493011199606
2012-11-20 20:00:00,225.8534422174356
2012-11-20 21:00:00,198.64051988741332
2012-11-20 22:00:00,162.15170943138244
2012-11-20 23:00:00,95.25669403279849
2012-11-21 00:00:00,39.30177437700017
2012-11-21 01:00:00,19.383339070917128
2012-11-21 02:00:00,7.434658479765734
2012-11-21 03:00:00,5.022359445691378
2012-11-21 04:00:00,6.022464471469669
2012-11-21 05:00:00,33.26549690938283
2012-11-21 06:00:00,110.61331924221017
2012-11-21 07:00:00,433.0832044880452
2012-11-21 08:00:00,700.7697143301311
2012-11-21 09:00:00,384.0408007399501
2012-11-21 10:00:00,166.79834095928322
2012-11-21 11:00:00,192.80796146136512
2012-11-21 12:00:00,250.81590289428422
2012-11-21 13:00:00,229.09507424119295
2012-11-21 14:00:00,213.50044775877245
2012-11-21 15:00:00,238.76367602877207
2012-11-21 16:00:00,329.45410069839494
2012-11-21 17:00:00,641.822494976461
2012-11-21 18:00:00,635.6110273320818
2012-11-21 19:00:00,448.06792452640065
2012-11-21 20:00:00,225.06323558156367
2012-11-21 21:00:00,209.040247348898
2012-11-21 22:00:00,154.36920413221904
2012-11-21 23:00:00,94.04811357551164
2012-11-22 00:00:00,111.42453096281939
2012-11-22 01:00:00,83.1985826595954
2012-11-22 02:00:00,43.10613022297824
2012-11-22 03:00:00,16.735812469916855
2012-11-22 04:00:00,9.641866017159476
2012-11-22 05:00:00,10.950711590197033
2012-11-22 06:00:00,34.480991291156634
2012-11-22 07:00:00,71.78557119758634
2012-11-22 08:00:00,133.04120133963937
2012-11-22 09:00:00,156.03071480853623
2012-11-22 10:00:00,393.40184812916084
2012-11-22 11:00:00,438.75897541099044
2012-11-22 12:00:00,558.788508606095
2012-11-22 13:00:00,545.4749869149381
2012-11-22 14:00:00,526.228404816354
2012-11-22 15:00:00,552.7114146187914
2012-11-22 16:00:00,515.5958428987998
2012-11-22 17:00:00,448.7245653215026
2012-11-22 18:00:00,407.0143467805688
2012-11-22 19:00:00,203.04619046257082
2012-11-22 20:00:00,191.68361584803029
2012-11-22 21:00:00,192.43737715848164
2012-11-22 22:00:00,160.24847709502373
2012-11-22 23:00:00,102.58893179818344
2012-11-23 00:00:00,50.5247381378417
2012-11-23 01:00:00,25.717769145620146
2012-11-23 02:00:00,12.452758981673531
2012-11-23 03:00:00,5.475417298706013
2012-11-23 04:00:00,6.724109439135283
2012-11-23 05:00:00,33.98390843080495
2012-11-23 06:00:00,104.62678245130442
2012-11-23 07:00:00,382.48820112573287
2012-11-23 08:00:00,720.2651752737919
2012-11-23 09:00:00,376.8704270100729
2012-11-23 10:00:00,158.1783355953552
2012-11-23 11:00:00,214.3964430328444
2012-11-23 12:00:00,285.7485097513564
2012-11-23 13:00:00,287.56540916374155
2012-11-23 14:00:00,283.6475851362037
2012-11-23 15:00:00,315.6243949364743
2012-11-23 16:00:00,435.54686933710065
2012-11-23 17:00:00,736.4051282861393
2012-11-23 18:00:00,595.7229712405707
2012-11-23 19:00:00,438.407622896003
2012-11-23 20:00:00,292.0766241478285
2012-11-23 21:00:00,230.94557553922996
2012-11-23 22:00:00,188.1898447977887
2012-11-23 23:00:00,139.93030951039935
2012-11-24 00:00:00,106.93327576731339
2012-11-24 01:00:00,73.63380834678871
2012-11-24 02:00:00,51.01756205518348
2012-11-24 03:00:00,20.731572446135868
2012-11-24 04:00:00,5.773187374035868
2012-11-24 05:00:00,7.1544014994972365
2012-11-24 06:00:00,26.461770455228123
2012-11-24 07:00:00,50.28152833097921
2012-11-24 08:00:00,121.46484325694264
2012-11-24 09:00:00,153.88823885212005
2012-11-24 10:00:00,281.0595682774678
2012-11-24 11:00:00,324.58716110469516
2012-11-24 12:00:00,349.5946394124163
2012-11-24 13:00:00,423.61263290591825
2012-11-24 14:00:00,373.227853222936
2012-11-24 15:00:00,366.28008124829995
2012-11-24 16:00:00,339.09238048195533
2012-11-24 17:00:00,274.3339661423451
2012-11-24 18:00:00,270.0934006758741
2012-11-24 19:00:00,162.14823045565058
2012-11-24 20:00:00,131.74425717184127
2012-11-24 21:00:00,122.4342704608639
2012-11-24 22:00:00,103.44023495483685
2012-11-24 23:00:00,86.0129377076484
2012-11-25 00:00:00,80.35021891773499
2012-11-25 01:00:00,74.28891959968783
2012-11-25 02:00:00,43.643487932301056
2012-11-25 03:00:00,23.00348681606389
2012-11-25 04:00:00,6.956934359983766
2012-11-25 05:00:00,7.474707577410838
2012-11-25 06:00:00,15.321318925222318
2012-11-25 07:00:00,36.92533463066565
2012-11-25 08:00:00,81.81614498047747
2012-11-25 09:00:00,128.90997846501102
2012-11-25 10:00:00,251.04354765064718
2012-11-25 11:00:00,283.77411265200135
2012-11-25 12:00:00,347.0867842227772
2012-11-25 13:00:00,360.25687031864106
2012-11-25 14:00:00,324.9536916804755
2012-11-25 15:00:00,357.94557435731366
2012-11-25 16:00:00,324.3656788111686
2012-11-25 17:00:00,252.42975194437858
2012-11-25 18:00:00,255.88411142489502
2012-11-25 19:00:00,132.16865574025684
2012-11-25 20:00:00,115.50047828544083
2012-11-25 21:00:00,107.46267651795485
2012-11-25 22:00:00,95.83931646965378
2012-11-25 23:00:00,54.867243373823676
2012-11-26 00:00:00,24.10916997099851
2012-11-26 01:00:00,9.950357577028212
2012-11-26 02:00:00,5.444042887511019
2012-11-26 03:00:00,3.5134001352981645
2012-11-26 04:00:00,5.269534314557771
2012-11-26 05:00:00,27.046238081037426
2012-11-26 06:00:00,88.9769007910827
2012-11-26 07:00:00,408.0057804839776
2012-11-26 08:00:00,670.8059027029562
2012-11-26 09:00:00,386.34925290461666
2012-11-26 10:00:00,151.57897991842918
2012-11-26 11:00:00,184.10001499435745
2012-11-26 12:00:00,248.70189133893197
2012-11-26 13:00:00,236.54386293800195
2012-11-26 14:00:00,207.83860011919944
2012-11-26 15:00:00,226.94278155617113
2012-11-26 16:00:00,322.73248953770354
2012-11-26 17:00:00,660.708789558364
2012-11-26 18:00:00,559.0441623735505
2012-11-26 19:00:00,433.3557211776942
2012-11-26 20:00:00,238.48426615792823
2012-11-26 21:00:00,182.38862694853424
2012-11-26 22:00:00,146.0543144915361
2012-11-26 23:00:00,73.57204223170348
2012-11-27 00:00:00,33.522497563643384
2012-11-27 01:00:00,17.1895259031987
2012-11-27 02:00:00,7.503913720539078
2012-11-27 03:00:00,2.6008145876746758
2012-11-27 04:00:00,4.265985026920338
2012-11-27 05:00:00,29.812941359880945
2012-11-27 06:00:00,113.97373659344576
2012-11-27 07:00:00,215.20473374877386
2012-11-27 08:00:00,334.31968548725234
2012-11-27 09:00:00,363.8800630156433
2012-11-27 10:00:00,85.05532514528335
2012-11-27 11:00:00,73.11472211872339
2012-11-27 12:00:00,77.13465567658727
2012-11-27 13:00:00,85.08906241973794
2012-11-27 14:00:00,68.27792966419014
2012-11-27 15:00:00,152.89480075309314
2012-11-27 16:00:00,226.7012595704748
2012-11-27 17:00:00,508.1242328886745
2012-11-27 18:00:00,481.8154895762415
2012-11-27 19:00:00,402.43943484783716
2012-11-27 20:00:00,175.86325271362514
2012-11-27 21:00:00,138.0638115525586
2012-11-27 22:00:00,113.07042772472552
2012-11-27 23:00:00,72.33898553498594
2012-11-28 00:00:00,28.925388289076196
2012-11-28 01:00:00,12.967413698452559
2012-11-28 02:00:00,8.233274294025126
2012-11-28 03:00:00,4.63210582604895
2012-11-28 04:00:00,5.766654795184364
2012-11-28 05:00:00,28.57944932020487
2012-11-28 06:00:00,101.51539094149422
2012-11-28 07:00:00,417.7183326714915
2012-11-28 08:00:00,694.9220600610442
2012-11-28 09:00:00,401.91263034959997
2012-11-28 10:00:00,140.09016083578732
2012-11-28 11:00:00,171.92389020271222
2012-11-28 12:00:00,216.6805503383383
2012-11-28 13:00:00,206.36891751362907
2012-11-28 14:00:00,203.57865188156177
2012-11-28 15:00:00,218.6916210743224
2012-11-28 16:00:00,320.05758743372934
2012-11-28 17:00:00,586.8306256407113
2012-11-28 18:00:00,534.1735093008874
2012-11-28 19:00:00,437.9511227042017
2012-11-28 20:00:00,242.66774946288854
2012-11-28 21:00:00,157.15374996875877
2012-11-28 22:00:00,124.70226750577164
2012-11-28 23:00:00,67.68459772375091
2012-11-29 00:00:00,34.42242385325187
2012-11-29 01:00:00,12.877185877519313
2012-11-29 02:00:00,6.436721681121461
2012-11-29 04:00:00,6.816635544441023
2012-11-29 05:00:00,30.95886507692875
2012-11-29 06:00:00,96.88255141011707
2012-11-29 07:00:00,432.9137528546882
2012-11-29 08:00:00,728.6089623980816
2012-11-29 09:00:00,345.5874952212923
2012-11-29 10:00:00,142.23868440686581
2012-11-29 11:00:00,200.9562013041555
2012-11-29 12:00:00,268.7235401370634
2012-11-29 13:00:00,249.06272254065095
2012-11-29 14:00:00,211.16159175335935
2012-11-29 15:00:00,222.79959604167158
2012-11-29 16:00:00,333.0230562880315
2012-11-29 17:00:00,607.1402737656715
2012-11-29 18:00:00,579.798569647038
2012-11-29 19:00:00,442.61585360139
2012-11-29 20:00:00,237.87130760053725
2012-11-29 21:00:00,145.47529472999264
2012-11-29 22:00:00,119.2073645653462
2012-11-29 23:00:00,84.61223035295241
2012-11-30 00:00:00,48.66015235036645
2012-11-30 01:00:00,22.27943333995983
2012-11-30 02:00:00,10.884507205640912
2012-11-30 03:00:00,5.350237781435786
2012-11-30 04:00:00,6.064301469382917
2012-11-30 05:00:00,33.091795427833155
2012-11-30 06:00:00,100.54602757256156
2012-11-30 07:00:00,378.30939889699874
2012-11-30 08:00:00,706.9309160250699
2012-11-30 09:00:00,337.6331041150259
2012-11-30 10:00:00,135.99389241146372
2012-11-30 11:00:00,194.88052841492598
2012-11-30 12:00:00,274.87462234184386
2012-11-30 13:00:00,277.5055983206683
2012-11-30 14:00:00,239.2136923022146
2012-11-30 15:00:00,262.5696664228003
2012-11-30 16:00:00,370.6142180974266
2012-11-30 17:00:00,582.5547975523044
2012-11-30 18:00:00,497.11851639295395
2012-11-30 19:00:00,369.95167042736415
2012-11-30 20:00:00,198.3854308256123
2012-11-30 21:00:00,176.3538849784922
2012-11-30 22:00:00,149.3096105045362
2012-11-30 23:00:00,112.15647801843761
2012-12-20 00:00:00,51.30154089860485
2012-12-20 01:00:00,22.054910187379168
2012-12-20 02:00:00,9.448412159645718
2012-12-20 03:00:00,4.520839217964456
2012-12-20 04:00:00,7.092455751706115
2012-12-20 05:00:00,36.8736196343831
2012-12-20 06:00:00,123.6188152173808
2012-12-20 07:00:00,411.0198618256844
2012-12-20 08:00:00,722.2486081831946
2012-12-20 09:00:00,358.5286868142907
2012-12-20 10:00:00,157.9729612414825
2012-12-20 11:00:00,198.38774041963632
2012-12-20 12:00:00,277.9759424637223
2012-12-20 13:00:00,251.31460672790064
2012-12-20 14:00:00,218.44140221866712
2012-12-20 15:00:00,221.28042373872765
2012-12-20 16:00:00,311.6421483708277
2012-12-20 17:00:00,596.1493239945524
2012-12-20 18:00:00,571.2713243152076
2012-12-20 19:00:00,278.42731030994673
2012-12-20 20:00:00,164.78850110241046
2012-12-20 21:00:00,137.56353064871405
2012-12-20 22:00:00,91.92648899800923
2012-12-20 23:00:00,62.36004976720038
2012-12-21 00:00:00,30.860962052059467
2012-12-21 01:00:00,15.801563155172715
2012-12-21 02:00:00,9.58363461269748
2012-12-21 03:00:00,3.464823976540888
2012-12-21 04:00:00,5.1088092934709675
2012-12-21 05:00:00,37.68374121119916
2012-12-21 06:00:00,97.20420318941038
2012-12-21 07:00:00,362.8893237942763
2012-12-21 08:00:00,624.0396215173761
2012-12-21 09:00:00,245.59214769223394
2012-12-21 10:00:00,172.22347198864014
2012-12-21 11:00:00,209.99536034412407
2012-12-21 12:00:00,286.7185016491914
2012-12-21 13:00:00,274.9331226763323
2012-12-21 14:00:00,232.79862732294228
2012-12-21 15:00:00,210.41723855654897
2012-12-21 16:00:00,295.3785453178072
2012-12-21 17:00:00,591.2787582477783
2012-12-21 18:00:00,555.832319805953
2012-12-21 19:00:00,389.5380646847737
2012-12-21 20:00:00,209.08160909107963
2012-12-21 21:00:00,139.47042915844384
2012-12-21 22:00:00,118.26976567592848
2012-12-21 23:00:00,89.54610928837141
2012-12-22 00:00:00,54.716263400745376
2012-12-22 01:00:00,55.32394915577739
2012-12-22 02:00:00,35.47670390901833
2012-12-22 03:00:00,17.441490636834775
2012-12-22 04:00:00,6.5172208602299975
2012-12-22 05:00:00,8.372947000108333
2012-12-22 06:00:00,25.779177734174844
2012-12-22 07:00:00,43.50751165563224
2012-12-22 08:00:00,94.35299738602596
2012-12-22 09:00:00,155.72557341937542
2012-12-22 10:00:00,283.7994796236293
2012-12-22 11:00:00,349.6959268184061
2012-12-22 12:00:00,283.20885432378975
2012-12-22 13:00:00,427.52513663397764
2012-12-22 14:00:00,353.0651923542589
2012-12-22 15:00:00,275.04415804870484
2012-12-22 16:00:00,373.8917881872831
2012-12-22 17:00:00,310.38157335865253
2012-12-22 18:00:00,236.56979355962065
2012-12-22 19:00:00,144.49162707345616
2012-12-22 20:00:00,130.8035876364339
2012-12-22 21:00:00,107.16960138577203
2012-12-22 22:00:00,92.0238455486221
2012-12-22 23:00:00,76.84775952310854
2012-12-23 00:00:00,73.71421637888001
2012-12-23 01:00:00,73.41579896311825
2012-12-23 02:00:00,42.89811805136588
2012-12-23 03:00:00,24.95563337689622
2012-12-23 04:00:00,5.999667954745366
2012-12-23 05:00:00,7.72872825997999
2012-12-23 06:00:00,14.45174791346707
2012-12-23 07:00:00,32.05622003369753
2012-12-23 08:00:00,76.18598215120952
2012-12-23 09:00:00,121.07108525334327
2012-12-23 10:00:00,227.4250530857073
2012-12-23 11:00:00,281.0452561066885
2012-12-23 12:00:00,424.63133819782615
2012-12-23 13:00:00,437.91677573905656
2012-12-23 14:00:00,402.1789398048218
2012-12-23 15:00:00,444.6868486277942
2012-12-23 16:00:00,393.38493686220266
2012-12-23 17:00:00,363.4289345887658
2012-12-23 18:00:00,323.1183095649088
2012-12-23 19:00:00,176.4914348427262
2012-12-23 20:00:00,124.48679348825091
2012-12-23 21:00:00,112.84496800089637
2012-12-23 22:00:00,97.93675386992756
2012-12-23 23:00:00,52.72036732705134
2012-12-24 00:00:00,23.8818574383047
2012-12-24 01:00:00,9.63621368675974
2012-12-24 02:00:00,6.169725320239489
2012-12-24 03:00:00,3.4483233160792963
2012-12-24 05:00:00,29.116434112994924
2012-12-24 06:00:00,92.99249776818047
2012-12-24 07:00:00,364.2389204954179
2012-12-24 08:00:00,711.2002403929883
2012-12-24 09:00:00,367.1404260483978
2012-12-24 10:00:00,121.72184136842012
2012-12-24 11:00:00,128.156132167688
2012-12-24 12:00:00,195.49543482849054
2012-12-24 13:00:00,91.17058280330926
2012-12-24 14:00:00,73.83367631425345
2012-12-24 15:00:00,85.96147011723104
2012-12-24 16:00:00,122.55219847282324
2012-12-24 17:00:00,275.846638044717
2012-12-24 18:00:00,271.28473984095797
2012-12-24 19:00:00,385.4804456966235
2012-12-24 20:00:00,112.90706717813138
2012-12-24 21:00:00,82.99079047526125
2012-12-24 22:00:00,97.47763119342942
2012-12-24 23:00:00,42.19823869567358
2012-12-25 00:00:00,41.25794008178301
2012-12-25 01:00:00,61.3019436572912
2012-12-25 02:00:00,39.17565673364017
2012-12-25 04:00:00,7.812551078515591
2012-12-25 05:00:00,8.694147917979922
2012-12-25 06:00:00,25.66043417538659
2012-12-25 07:00:00,50.41591090052245
2012-12-25 08:00:00,104.44316697924737
2012-12-25 09:00:00,135.38591640868478
2012-12-25 10:00:00,324.1559382449328
2012-12-25 11:00:00,384.93317510370093
2012-12-25 12:00:00,412.85119749368505
2012-12-25 13:00:00,486.0131615681138
2012-12-25 14:00:00,450.1088246484751
2012-12-25 15:00:00,473.5038666299951
2012-12-25 16:00:00,430.7509395982546
2012-12-25 17:00:00,382.5220697888704
2012-12-25 18:00:00,301.6048682766972
2012-12-25 19:00:00,197.19098432634667
2012-12-25 20:00:00,179.03144078166915
2012-12-25 21:00:00,155.27711210152995
2012-12-25 22:00:00,141.45191571328658
2012-12-25 23:00:00,78.92770674633867
2012-12-26 00:00:00,33.939687884712136
2012-12-26 01:00:00,11.785560336433345
2012-12-26 02:00:00,8.829657443549065
2012-12-26 03:00:00,3.90273126446343
2012-12-26 04:00:00,4.351224473669844
2012-12-26 05:00:00,28.066753062328655
2012-12-26 06:00:00,93.10633772013499
2012-12-26 07:00:00,139.22375550480922
2012-12-26 08:00:00,295.2346458263374
2012-12-26 09:00:00,138.95638797449053
2012-12-26 10:00:00,59.23695973499041
2012-12-26 11:00:00,46.656674232894915
2012-12-26 12:00:00,54.095903741281916
2012-12-26 13:00:00,57.21327043301537
2012-12-26 14:00:00,53.89791373829852
2012-12-26 15:00:00,62.18186459386599
2012-12-26 16:00:00,89.71219847760342
2012-12-26 17:00:00,202.95695891889756
2012-12-26 18:00:00,199.4682419728086
2012-12-26 19:00:00,165.67994082643463
2012-12-26 20:00:00,93.39243746184563
2012-12-26 21:00:00,132.1335776195962
2012-12-26 22:00:00,45.00903165701472
2012-12-26 23:00:00,35.035401087811394
2012-12-27 00:00:00,18.462836684280553
2012-12-27 01:00:00,5.530933570185778
2012-12-27 02:00:00,7.28650066666399
2012-12-27 03:00:00,4.145908324106994
2012-12-27 04:00:00,5.194516320962147
2012-12-27 05:00:00,33.25131592974983
2012-12-27 06:00:00,82.2594562085583
2012-12-27 07:00:00,404.2080011668684
2012-12-27 08:00:00,810.4116748758502
2012-12-27 09:00:00,352.653219596692
2012-12-27 10:00:00,123.71625240625238
2012-12-27 11:00:00,172.08563704422383
2012-12-27 12:00:00,189.24670208725937
2012-12-27 13:00:00,175.90358613881347
2012-12-27 14:00:00,107.1676099626301
2012-12-27 15:00:00,138.98799761832942
2012-12-27 16:00:00,209.73055571147958
2012-12-27 17:00:00,604.8326978358856
2012-12-27 18:00:00,548.1497284132662
2012-12-27 19:00:00,415.7491669390741
2012-12-27 20:00:00,189.8663918740195
2012-12-27 21:00:00,138.5904885868044
2012-12-27 22:00:00,108.66664783207065
2012-12-27 23:00:00,74.1830274120872
2012-12-28 00:00:00,43.77880345924434
2012-12-28 01:00:00,21.317079486279745
2012-12-28 02:00:00,11.835614979854311
2012-12-28 03:00:00,4.639109731490177
2012-12-28 04:00:00,5.637634651018545
2012-12-28 05:00:00,31.52100956068898
2012-12-28 06:00:00,92.4358172200897
2012-12-28 07:00:00,377.10496750175827
2012-12-28 08:00:00,780.2337887862573
2012-12-28 09:00:00,351.89782943503576
2012-12-28 10:00:00,153.76769047124574
2012-12-28 11:00:00,177.0361993592494
2012-12-28 12:00:00,229.1790800274962
2012-12-28 13:00:00,221.0966315394383
2012-12-28 14:00:00,186.64837623025548
2012-12-28 15:00:00,197.01685195144518
2012-12-28 16:00:00,288.4785099464287
2012-12-28 17:00:00,541.4867308821664
2012-12-28 18:00:00,514.356875613916
2012-12-28 19:00:00,358.66758416023237
2012-12-28 20:00:00,152.6076103201788
2012-12-28 21:00:00,139.14305787915404
2012-12-28 22:00:00,117.706683090692
2012-12-28 23:00:00,87.59768212566333
2012-12-29 00:00:00,78.47231790929148
2012-12-29 01:00:00,74.91773455425452
2012-12-29 02:00:00,44.976780822539695
2012-12-29 03:00:00,20.226524140073103
2012-12-29 04:00:00,9.234935210321138
2012-12-29 05:00:00,9.622183244743644
2012-12-29 06:00:00,27.68635807351089
2012-12-29 07:00:00,52.138710178671104
2012-12-29 08:00:00,126.7011530878408
2012-12-29 09:00:00,174.33842989180692
2012-12-29 10:00:00,219.28541056862608
2012-12-29 11:00:00,181.10504298470076
2012-12-29 12:00:00,152.22012486450438
2012-12-29 13:00:00,164.1035848387796
2012-12-29 14:00:00,315.2434241419682
2012-12-29 15:00:00,362.76474026604285
2012-12-29 16:00:00,410.0135184786477
2012-12-29 17:00:00,295.3805891618394
2012-12-29 18:00:00,327.8559273898945
2012-12-29 19:00:00,199.78103852121373
2012-12-29 20:00:00,106.74910478150154
2012-12-29 21:00:00,116.58079749770792
2012-12-29 22:00:00,97.05661543412977
2012-12-29 23:00:00,96.4289677373621
2012-12-30 00:00:00,83.21812357135538
2012-12-30 01:00:00,67.69119479641687
2012-12-30 02:00:00,51.92509675733946
2012-12-30 03:00:00,28.14628720347958
2012-12-30 04:00:00,6.557525055740989
2012-12-30 05:00:00,7.850257076085921
2012-12-30 06:00:00,14.496127223755492
2012-12-30 07:00:00,30.74426497946418
2012-12-30 08:00:00,67.08747859402487
2012-12-30 09:00:00,125.86543850677236
2012-12-30 10:00:00,206.88808371046386
2012-12-30 11:00:00,284.7365188526733
2012-12-30 12:00:00,251.22999183025934
2012-12-30 13:00:00,266.03452742175443
2012-12-30 14:00:00,304.92755471695307
2012-12-30 15:00:00,354.8098569359322
2012-12-30 16:00:00,332.0328599771975
2012-12-30 17:00:00,252.70436324582937
2012-12-30 18:00:00,227.72289171466085
2012-12-30 19:00:00,201.7142486501034
2012-12-30 20:00:00,99.60128832219593
2012-12-30 21:00:00,95.50971060919832
2012-12-30 22:00:00,77.61519975180724
2012-12-30 23:00:00,40.49006131055182
2012-12-31 00:00:00,23.825257496282905
2012-12-31 01:00:00,9.448151741044017
2012-12-31 02:00:00,5.858738147429151
2012-12-31 03:00:00,2.4489142391282908
2012-12-31 04:00:00,4.491760730371696
2012-12-31 05:00:00,24.439045429442594
2012-12-31 06:00:00,88.65409260088605
2012-12-31 07:00:00,374.1519130719647
2012-12-31 08:00:00,685.8043708565432
2012-12-31 09:00:00,366.45793722931694
2012-12-31 10:00:00,122.80204796201494
2012-12-31 11:00:00,116.32583023055044
2012-12-31 12:00:00,158.69796604372937
2012-12-31 13:00:00,150.03246104262425
2012-12-31 14:00:00,164.7856706792088
2012-12-31 15:00:00,176.19706871219213
2012-12-31 16:00:00,198.9693934461708
2012-12-31 17:00:00,569.8690142460567
2012-12-31 18:00:00,578.8844486249325
2012-12-31 19:00:00,464.4390985646171
2012-12-31 20:00:00,185.34062237042593
2012-12-31 21:00:00,134.8244638770423
2012-12-31 22:00:00,111.31816176650972
2012-12-31 23:00:00,59.43812967440575
