datetime,count
2011-01-20 00:00:00,14.832384222050331
2011-01-20 01:00:00,8.417047705162826
2011-01-20 02:00:00,4.729500130006405
2011-01-20 03:00:00,2.3706925553999603
2011-01-20 04:00:00,1.579581369123006
2011-01-20 05:00:00,5.039897502401422
2011-01-20 06:00:00,18.700469818156442
2011-01-20 07:00:00,77.91912249276373
2011-01-20 08:00:00,145.06076047112754
2011-01-20 09:00:00,100.96248624828516
2011-01-20 10:00:00,48.924410961474244
2011-01-20 11:00:00,54.18090610838738
2011-01-20 12:00:00,77.05173124745566
2011-01-20 13:00:00,65.15139194669476
2011-01-20 14:00:00,67.03355454132301
2011-01-20 15:00:00,70.06234777689949
2011-01-20 16:00:00,91.00520115961227
2011-01-20 17:00:00,207.5341920376504
2011-01-20 18:00:00,162.33495089090295
2011-01-20 19:00:00,142.86942860527333
2011-01-20 20:00:00,65.05393948657525
2011-01-20 21:00:00,45.99458388744399
2011-01-20 22:00:00,35.25655294623457
2011-01-20 23:00:00,23.11686011262589
2011-01-21 00:00:00,13.734659025809995
2011-01-21 01:00:00,7.01903222712118
2011-01-21 02:00:00,2.0627131280483324
2011-01-21 03:00:00,0.7856416487830142
2011-01-21 04:00:00,1.2329110712696236
2011-01-21 05:00:00,4.675748938909105
2011-01-21 06:00:00,20.684586812473754
2011-01-21 07:00:00,76.23040919653147
2011-01-21 08:00:00,144.19979992499333
2011-01-21 09:00:00,102.04419262221631
2011-01-21 10:00:00,42.06101012740168
2011-01-21 11:00:00,48.79450302692961
2011-01-21 12:00:00,59.97892987099555
2011-01-21 13:00:00,59.81374458734032
2011-01-21 14:00:00,55.39465724886074
2011-01-21 15:00:00,59.45436022176248
2011-01-21 16:00:00,78.64081128199905
2011-01-21 17:00:00,177.45896237904444
2011-01-21 18:00:00,164.3050270244808
2011-01-21 19:00:00,137.28988747036365
2011-01-21 20:00:00,64.89300517802344
2011-01-21 21:00:00,50.49614465355714
2011-01-21 22:00:00,38.277206331410646
2011-01-21 23:00:00,25.972949043050594
2011-01-22 00:00:00,16.861378696968494
2011-01-22 01:00:00,7.9957451552190335
2011-01-22 02:00:00,4.620135488435865
2011-01-22 03:00:00,2.4101976850964526
2011-01-22 04:00:00,1.5409718718856182
2011-01-22 06:00:00,21.32116734922158
2011-01-22 07:00:00,25.19313916925623
2011-01-22 08:00:00,47.885063513129104
2011-01-22 09:00:00,35.32047182018653
2011-01-22 10:00:00,77.90378709358592
2011-01-22 11:00:00,90.1502347963545
2011-01-22 12:00:00,109.41411036628318
2011-01-22 13:00:00,116.86450263478673
2011-01-22 14:00:00,107.20624375789203
2011-01-22 15:00:00,118.7719139712471
2011-01-22 16:00:00,146.7407829717538
2011-01-22 17:00:00,96.42145912378376
2011-01-22 18:00:00,83.23938968464763
2011-01-22 19:00:00,46.516640596546274
2011-01-22 20:00:00,78.78941774023959
2011-01-22 21:00:00,61.89128549998068
2011-01-22 22:00:00,47.75686454751352
2011-01-22 23:00:00,30.67155516425769
2011-01-23 00:00:00,14.838052811129234
2011-01-23 01:00:00,7.619531384121105
2011-01-23 02:00:00,4.116193088108616
2011-01-23 03:00:00,2.128942246240815
2011-01-23 05:00:00,5.029809621482037
2011-01-23 06:00:00,18.709650998752952
2011-01-23 07:00:00,22.057741394412222
2011-01-23 08:00:00,41.94002095274821
2011-01-23 09:00:00,29.636877917793292
2011-01-23 10:00:00,70.25063003695925
2011-01-23 11:00:00,83.33669564971754
2011-01-23 12:00:00,97.83634083381091
2011-01-23 13:00:00,98.48792914046707
2011-01-23 14:00:00,92.78518342960979
2011-01-23 15:00:00,98.2993882830937
2011-01-23 16:00:00,129.11117908645215
2011-01-23 17:00:00,80.8790189398004
2011-01-23 18:00:00,74.65806122469449
2011-01-23 19:00:00,40.86756638041808
2011-01-23 20:00:00,70.9452348855193
2011-01-23 21:00:00,55.3217760540718
2011-01-23 22:00:00,42.894775707752835
2011-01-23 23:00:00,28.12064534005314
2011-01-24 00:00:00,12.187944874884492
2011-01-24 01:00:00,6.07774294891873
2011-01-24 03:00:00,1.6040973316289633
2011-01-24 04:00:00,1.0071301549366756
2011-01-24 05:00:00,4.250346846631154
2011-01-24 06:00:00,16.287764760802045
2011-01-24 07:00:00,67.94547765864998
2011-01-24 08:00:00,128.51763141057165
2011-01-24 09:00:00,95.18411352173182
2011-01-24 10:00:00,40.250601225702916
2011-01-24 11:00:00,43.80854946715864
2011-01-24 12:00:00,49.93646227548823
2011-01-24 13:00:00,48.58344564565031
2011-01-24 14:00:00,44.397238877521914
2011-01-24 15:00:00,51.79987702046481
2011-01-24 16:00:00,64.57991340894284
2011-01-24 17:00:00,146.16824998677956
2011-01-24 18:00:00,131.252395589412
2011-01-24 19:00:00,113.3969419971422
2011-01-24 20:00:00,54.163817782747195
2011-01-24 21:00:00,41.15666237510615
2011-01-24 22:00:00,29.754915955636204
2011-01-24 23:00:00,19.522189380962757
2011-01-25 00:00:00,10.269086533415477
2011-01-25 01:00:00,5.272831479206097
2011-01-25 02:00:00,3.0183763911891113
2011-01-25 04:00:00,0.8913824950545837
2011-01-25 05:00:00,3.837252815549589
2011-01-25 06:00:00,15.207207836565203
2011-01-25 07:00:00,61.54849649018949
2011-01-25 08:00:00,111.07374551747503
2011-01-25 09:00:00,93.25549190448957
2011-01-25 10:00:00,39.23732790725331
2011-01-25 11:00:00,44.55714998288055
2011-01-25 12:00:00,60.20061458648381
2011-01-25 13:00:00,58.39151463642633
2011-01-25 14:00:00,64.43773509575105
2011-01-25 15:00:00,69.05050832458089
2011-01-25 16:00:00,89.5339209302901
2011-01-25 17:00:00,214.381508352274
2011-01-25 18:00:00,177.94341170109246
2011-01-25 19:00:00,126.55255560907257
2011-01-25 20:00:00,59.88385263431545
2011-01-25 21:00:00,45.919368942591454
2011-01-25 22:00:00,36.01718018738373
2011-01-25 23:00:00,22.39825443562513
2011-01-26 00:00:00,12.065666929069502
2011-01-26 01:00:00,6.210703821262005
2011-01-26 02:00:00,1.6617557093123758
2011-01-26 05:00:00,1.7328140221389088
2011-01-26 06:00:00,7.932754763759451
2011-01-26 07:00:00,37.964845680738215
2011-01-26 08:00:00,72.25690068480478
2011-01-26 09:00:00,52.01949974661005
2011-01-26 10:00:00,21.101185211268156
2011-01-26 11:00:00,21.301002483334653
2011-01-26 12:00:00,26.04209007442185
2011-01-26 13:00:00,25.435308844109517
2011-01-26 14:00:00,23.22774960260335
2011-01-26 15:00:00,24.067683349562937
2011-01-26 16:00:00,40.938949735430576
2011-01-26 17:00:00,73.72909541736871
2011-01-27 16:00:00,76.35154869544992
2011-01-27 17:00:00,177.10286377303336
2011-01-27 18:00:00,155.2170315998428
2011-01-27 19:00:00,131.69368823159274
2011-01-27 20:00:00,63.068842355067545
2011-01-27 21:00:00,48.373840880888345
2011-01-27 22:00:00,37.79031498570313
2011-01-27 23:00:00,21.652955731024438
2011-01-28 00:00:00,13.85230729956537
2011-01-28 01:00:00,7.083059857286015
2011-01-28 02:00:00,3.8793268083371837
2011-01-28 03:00:00,2.0178710886456033
2011-01-28 05:00:00,4.9403353241385455
2011-01-28 06:00:00,16.35155318565233
2011-01-28 07:00:00,66.63983203661124
2011-01-28 08:00:00,126.16807602531813
2011-01-28 09:00:00,63.290408881635244
2011-01-28 10:00:00,26.064776803731505
2011-01-28 11:00:00,29.05455608823331
2011-01-28 12:00:00,35.44401248294201
2011-01-28 13:00:00,34.62626715811469
2011-01-28 14:00:00,33.9876599018404
2011-01-28 15:00:00,57.106457620654744
2011-01-28 16:00:00,80.569051559281
2011-01-28 17:00:00,182.31083631192845
2011-01-28 18:00:00,164.39091045301566
2011-01-28 19:00:00,132.43237509210545
2011-01-28 20:00:00,64.7493057816396
2011-01-28 21:00:00,49.384748211517696
2011-01-28 22:00:00,40.38197872192795
2011-01-28 23:00:00,28.15332917063388
2011-01-29 00:00:00,15.602935981380853
2011-01-29 01:00:00,9.429026450399768
2011-01-29 02:00:00,5.395170856581701
2011-01-29 03:00:00,2.933619097542385
2011-01-29 04:00:00,1.6692705144851527
2011-01-29 06:00:00,21.981475832796306
2011-01-29 07:00:00,25.19911545612464
2011-01-29 08:00:00,48.16877858990156
2011-01-29 09:00:00,38.821933450495074
2011-01-29 10:00:00,82.67319621398731
2011-01-29 11:00:00,83.76368358793549
2011-01-29 12:00:00,102.3636426378515
2011-01-29 13:00:00,113.65984755017914
2011-01-29 14:00:00,104.18658739712632
2011-01-29 15:00:00,111.41036314436813
2011-01-29 16:00:00,151.39514260182136
2011-01-29 17:00:00,99.14754965544977
2011-01-29 18:00:00,85.86331811283257
2011-01-29 19:00:00,43.288111423247166
2011-01-29 20:00:00,82.27678562987924
2011-01-29 21:00:00,63.17619878278151
2011-01-29 22:00:00,43.32121805373491
2011-01-29 23:00:00,28.830944257128714
2011-01-30 00:00:00,13.925548571738892
2011-01-30 01:00:00,8.16858835544536
2011-01-30 02:00:00,4.5902696491014225
2011-01-30 03:00:00,2.283256256144821
2011-01-30 04:00:00,1.5126666194576033
2011-01-30 05:00:00,5.709850796720368
2011-01-30 07:00:00,23.444802800168524
2011-01-30 08:00:00,42.160546132348706
2011-01-30 09:00:00,30.86303047499999
2011-01-30 10:00:00,71.79046416986354
2011-01-30 11:00:00,88.55593928232095
2011-01-30 12:00:00,138.72542264842824
2011-01-30 13:00:00,118.0614251509235
2011-01-30 14:00:00,122.08424007985074
2011-01-30 15:00:00,134.10387128614497
2011-01-30 16:00:00,173.60948525485406
2011-01-30 17:00:00,94.77308511502656
2011-01-30 18:00:00,84.40431223633225
2011-01-30 19:00:00,46.26217893075888
2011-01-30 20:00:00,77.68285460433175
2011-01-30 21:00:00,53.11494626874714
2011-01-30 22:00:00,41.370012694755076
2011-01-30 23:00:00,27.392906535198073
2011-01-31 00:00:00,11.902037116812249
2011-01-31 01:00:00,6.424400548407124
2011-01-31 02:00:00,3.568288405948037
2011-01-31 03:00:00,1.7938567486058612
2011-01-31 04:00:00,0.9348641951087278
2011-01-31 05:00:00,3.920710257568887
2011-01-31 06:00:00,14.698970883893264
2011-01-31 07:00:00,58.76166956488988
2011-01-31 08:00:00,113.02557082590717
2011-01-31 09:00:00,81.20270901852079
2011-01-31 10:00:00,34.55261450251095
2011-01-31 11:00:00,39.30351701256087
2011-01-31 12:00:00,54.8376333677056
2011-01-31 13:00:00,53.83991318700224
2011-01-31 14:00:00,44.056588426187844
2011-01-31 15:00:00,46.04561654166474
2011-01-31 16:00:00,59.38614482761822
2011-01-31 17:00:00,135.4089995473839
2011-01-31 18:00:00,123.96106438368622
2011-01-31 19:00:00,154.45908136227328
2011-01-31 20:00:00,31.558885320374635
2011-01-31 21:00:00,24.362469728464934
2011-01-31 22:00:00,30.898612173406704
2011-01-31 23:00:00,20.144248048352022
2011-02-20 00:00:00,21.37313318452982
2011-02-20 01:00:00,8.786761660059788
2011-02-20 02:00:00,4.8158110049886425
2011-02-20 03:00:00,2.5179544701196455
2011-02-20 04:00:00,1.6922804911428155
2011-02-20 06:00:00,23.232799212091965
2011-02-20 07:00:00,25.95000063073536
2011-02-20 08:00:00,57.117062652553486
2011-02-20 09:00:00,40.05231366318879
2011-02-20 10:00:00,98.75821981582705
2011-02-20 11:00:00,129.6577737360541
2011-02-20 12:00:00,169.61470781262594
2011-02-20 13:00:00,173.99779233287478
2011-02-20 14:00:00,155.05869698304528
2011-02-20 15:00:00,166.76694973973702
2011-02-20 16:00:00,214.54843094058313
2011-02-20 17:00:00,131.93593601265957
2011-02-20 18:00:00,113.31499029041576
2011-02-20 19:00:00,62.7593005224419
2011-02-20 20:00:00,110.86321626820181
2011-02-20 21:00:00,82.27364948819218
2011-02-20 22:00:00,60.77412087815438
2011-02-20 23:00:00,40.46680382384602
2011-02-21 00:00:00,22.512933355935022
2011-02-21 01:00:00,11.796425760862183
2011-02-21 02:00:00,6.78557413702828
2011-02-21 03:00:00,3.7990924429514035
2011-02-21 04:00:00,2.9717072066927344
2011-02-21 05:00:00,9.39194295548672
2011-02-21 06:00:00,36.04147371718183
2011-02-21 07:00:00,40.44668572957533
2011-02-21 08:00:00,61.542700271733246
2011-02-21 09:00:00,44.44299250101696
2011-02-21 10:00:00,103.40736605275347
2011-02-21 11:00:00,121.01184639659104
2011-02-21 12:00:00,140.34532608576623
2011-02-21 13:00:00,70.70349676617367
2011-02-21 14:00:00,121.5356984772826
2011-02-21 15:00:00,111.31839515453036
2011-02-21 16:00:00,89.30981361122771
2011-02-21 17:00:00,91.47395240991486
2011-02-21 18:00:00,74.36698744077702
2011-02-21 19:00:00,41.03601285797854
2011-02-21 20:00:00,45.14213789818889
2011-02-21 21:00:00,30.878969187884376
2011-02-21 22:00:00,24.301227042564253
2011-02-21 23:00:00,16.029303947121303
2011-02-22 06:00:00,15.54503207980574
2011-02-22 07:00:00,64.30844223896409
2011-02-22 08:00:00,122.75500038491538
2011-02-22 09:00:00,90.7692150625095
2011-02-22 10:00:00,43.30873461304004
2011-02-22 11:00:00,55.096787905872496
2011-02-22 12:00:00,67.05144489930557
2011-02-22 13:00:00,65.70260713171966
2011-02-22 14:00:00,60.132407151287275
2011-02-22 15:00:00,65.51380681258647
2011-02-22 16:00:00,84.31265513374247
2011-02-22 17:00:00,189.55304365681096
2011-02-22 18:00:00,178.33846169114304
2011-02-22 19:00:00,131.21879907248567
2011-02-22 20:00:00,64.66171902861154
2011-02-22 21:00:00,49.206028104180085
2011-02-22 22:00:00,38.91812844452884
2011-02-22 23:00:00,25.86739031030075
2011-02-23 00:00:00,13.999521443452817
2011-02-23 01:00:00,7.288338214218006
2011-02-23 02:00:00,3.9900130719901954
2011-02-23 03:00:00,2.0412760524716225
2011-02-23 05:00:00,5.157455360142629
2011-02-23 06:00:00,19.126886884860408
2011-02-23 07:00:00,76.90202287615614
2011-02-23 08:00:00,145.27459267785287
2011-02-23 09:00:00,119.92124297848946
2011-02-23 10:00:00,52.68682347036734
2011-02-23 11:00:00,58.81882172968018
2011-02-23 12:00:00,79.56128144249782
2011-02-23 13:00:00,89.41070165557262
2011-02-23 14:00:00,82.12123560375301
2011-02-23 15:00:00,88.59401984892293
2011-02-23 16:00:00,117.03200732968848
2011-02-23 17:00:00,260.5601932525797
2011-02-23 18:00:00,236.45915620301216
2011-02-23 19:00:00,199.96709686025952
2011-02-23 20:00:00,71.04268701984262
2011-02-23 21:00:00,58.26378849127467
2011-02-23 22:00:00,45.5603036305907
2011-02-23 23:00:00,29.05083416959082
2011-02-24 00:00:00,16.80722924648513
2011-02-24 01:00:00,8.549359984560859
2011-02-24 02:00:00,4.75501071074196
2011-02-24 03:00:00,2.4939866451573947
2011-02-24 05:00:00,5.892231181963942
2011-02-24 06:00:00,18.974199367505275
2011-02-24 07:00:00,77.14995278575512
2011-02-24 08:00:00,163.24051641947617
2011-02-24 09:00:00,107.34150902281128
2011-02-24 10:00:00,49.704698426184244
2011-02-24 11:00:00,57.48200240846532
2011-02-24 12:00:00,79.97324304593909
2011-02-24 13:00:00,83.77222040663418
2011-02-24 14:00:00,83.32533070366036
2011-02-24 15:00:00,52.86196094778602
2011-02-24 16:00:00,64.66515609748022
2011-02-24 17:00:00,140.31491537434468
2011-02-24 18:00:00,187.4537278869262
2011-02-24 19:00:00,98.06877078856165
2011-02-24 20:00:00,75.62391489715327
2011-02-24 21:00:00,59.576689669988234
2011-02-24 22:00:00,28.963733577955
2011-02-24 23:00:00,31.1355248821259
2011-02-25 00:00:00,11.83763975670026
2011-02-25 01:00:00,9.95026095369194
2011-02-25 02:00:00,5.662334472765338
2011-02-25 03:00:00,3.064726877217388
2011-02-25 05:00:00,7.1371799015270945
2011-02-25 06:00:00,15.724680526058343
2011-02-25 07:00:00,63.19755557942243
2011-02-25 08:00:00,122.47752771842107
2011-02-25 09:00:00,83.82196364719292
2011-02-25 10:00:00,39.53349319161078
2011-02-25 11:00:00,89.86736423709837
2011-02-25 12:00:00,67.59558983391096
2011-02-25 13:00:00,66.05641456014801
2011-02-25 14:00:00,59.39273269700291
2011-02-25 15:00:00,92.98274449244371
2011-02-25 16:00:00,101.40019651544809
2011-02-25 17:00:00,214.6300829112243
2011-02-25 18:00:00,208.4176776207128
2011-02-25 19:00:00,177.02219934477134
2011-02-25 20:00:00,83.8415581850276
2011-02-25 21:00:00,68.09704439845294
2011-02-25 22:00:00,52.80080543233092
2011-02-25 23:00:00,36.20133436889593
2011-02-26 00:00:00,22.07277515235948
2011-02-26 01:00:00,11.27073239738546
2011-02-26 02:00:00,5.422408136036403
2011-02-26 03:00:00,3.673623806051527
2011-02-26 04:00:00,2.319394182047568
2011-02-26 05:00:00,7.585765620688591
2011-02-26 06:00:00,29.806512768885923
2011-02-26 07:00:00,32.68372780313058
2011-02-26 08:00:00,59.75326090732683
2011-02-26 09:00:00,46.141775358248175
2011-02-26 10:00:00,122.79357421856648
2011-02-26 11:00:00,154.26161571232385
2011-02-26 12:00:00,170.2060091575115
2011-02-26 13:00:00,165.01114763060977
2011-02-26 14:00:00,152.7277622481155
2011-02-26 15:00:00,161.3938112410154
2011-02-26 16:00:00,218.56340458134315
2011-02-26 17:00:00,141.88337602510333
2011-02-26 18:00:00,128.9736284651244
2011-02-26 19:00:00,69.8960487547238
2011-02-26 20:00:00,121.8448652531771
2011-02-26 21:00:00,79.59866816513204
2011-02-26 22:00:00,60.965901515710925
2011-02-26 23:00:00,40.23872262229108
2011-02-27 00:00:00,18.86276919320599
2011-02-27 01:00:00,10.018682573528304
2011-02-27 02:00:00,5.780075287822842
2011-02-27 03:00:00,3.1769632360378157
2011-02-27 04:00:00,1.91964828659976
2011-02-27 06:00:00,24.51998791784008
2011-02-27 07:00:00,26.82381463711729
2011-02-27 08:00:00,64.3713768491905
2011-02-27 09:00:00,45.51521457829813
2011-02-27 10:00:00,105.52734202243336
2011-02-27 11:00:00,128.56361188608432
2011-02-27 12:00:00,182.97534227771737
2011-02-27 13:00:00,187.38766009107303
2011-02-27 14:00:00,169.3231802313939
2011-02-27 15:00:00,179.20211511069937
2011-02-27 16:00:00,230.56365247950032
2011-02-27 17:00:00,140.36685683119663
2011-02-27 18:00:00,127.71611963937553
2011-02-27 19:00:00,71.9285484095756
2011-02-27 20:00:00,127.3333267639436
2011-02-27 21:00:00,87.99578933014361
2011-02-27 22:00:00,65.70293378684345
2011-02-27 23:00:00,40.61189110632776
2011-02-28 00:00:00,17.687682612962092
2011-02-28 01:00:00,4.651530130145099
2011-02-28 03:00:00,1.150370839420639
2011-02-28 05:00:00,6.143877561322723
2011-02-28 06:00:00,21.617417919004588
2011-02-28 07:00:00,89.26682135915806
2011-02-28 08:00:00,162.07082997403137
2011-02-28 09:00:00,145.63885789308898
2011-02-28 10:00:00,63.634365414508935
2011-02-28 11:00:00,79.13063462150876
2011-02-28 12:00:00,96.16602833324337
2011-02-28 13:00:00,47.13577351687606
2011-02-28 14:00:00,41.650239695463014
2011-02-28 15:00:00,44.15790828585917
2011-02-28 16:00:00,59.94014133095167
2011-02-28 17:00:00,130.54834860708343
2011-02-28 18:00:00,125.40150985187981
2011-02-28 19:00:00,96.68951488205595
2011-02-28 20:00:00,46.970786214048005
2011-02-28 21:00:00,57.87046507489811
2011-02-28 22:00:00,25.71027780942838
2011-02-28 23:00:00,25.7656064321198
2011-03-20 00:00:00,24.755316307595507
2011-03-20 01:00:00,11.539908780351922
2011-03-20 02:00:00,6.752507205221433
2011-03-20 03:00:00,3.7125846918877228
2011-03-20 04:00:00,2.627059116845203
2011-03-20 05:00:00,8.45065221238934
2011-03-20 06:00:00,29.649208558391333
2011-03-20 07:00:00,30.429170327943087
2011-03-20 08:00:00,65.15789250953446
2011-03-20 09:00:00,53.55456957778557
2011-03-20 10:00:00,121.68526747373714
2011-03-20 11:00:00,146.6185204668124
2011-03-20 12:00:00,177.8615418340089
2011-03-20 13:00:00,194.15114007826136
2011-03-20 14:00:00,193.12237104748382
2011-03-20 15:00:00,198.56493083319108
2011-03-20 16:00:00,263.64727653777726
2011-03-20 17:00:00,153.9369811394175
2011-03-20 18:00:00,127.35234640045036
2011-03-20 19:00:00,67.43919133588815
2011-03-20 20:00:00,116.97629446497547
2011-03-20 21:00:00,82.45704873688852
2011-03-20 22:00:00,64.08823111768731
2011-03-20 23:00:00,25.32474889562893
2011-03-21 00:00:00,10.655168638285737
2011-03-21 01:00:00,9.000447337548668
2011-03-21 02:00:00,5.180813803941394
2011-03-21 03:00:00,2.7800390044407277
2011-03-21 05:00:00,6.833602469712935
2011-03-21 06:00:00,14.433475582137435
2011-03-21 07:00:00,49.557521954484145
2011-03-21 08:00:00,151.0842741110519
2011-03-21 09:00:00,127.99433388099357
2011-03-21 10:00:00,56.45702431845811
2011-03-21 11:00:00,71.18515181934805
2011-03-21 12:00:00,86.20238826003069
2011-03-21 13:00:00,100.56704624893982
2011-03-21 14:00:00,93.93705609627663
2011-03-21 15:00:00,100.93241351326324
2011-03-21 16:00:00,126.88625495399056
2011-03-21 17:00:00,290.1617417119238
2011-03-21 18:00:00,257.2381978301338
2011-03-21 19:00:00,232.8733216507256
2011-03-21 20:00:00,119.1301329342305
2011-03-21 21:00:00,72.60491807888806
2011-03-21 22:00:00,57.39828854273254
2011-03-21 23:00:00,39.719945073872644
2011-03-22 00:00:00,21.15331488979527
2011-03-22 01:00:00,10.770800795311523
2011-03-22 02:00:00,6.391467391361773
2011-03-22 03:00:00,3.5206306163065664
2011-03-22 04:00:00,2.293440911978404
2011-03-22 05:00:00,7.5375879207489
2011-03-22 06:00:00,27.796331803050975
2011-03-22 07:00:00,113.68519317936011
2011-03-22 08:00:00,215.05341739740487
2011-03-22 09:00:00,148.75406627827547
2011-03-22 10:00:00,66.15869089419681
2011-03-22 11:00:00,80.14716130019852
2011-03-22 12:00:00,100.76356620097887
2011-03-22 13:00:00,113.15796822667407
2011-03-22 14:00:00,102.49953033724799
2011-03-22 15:00:00,111.64088421276983
2011-03-22 16:00:00,149.22583626900828
2011-03-22 17:00:00,338.34169021381814
2011-03-22 18:00:00,272.60987563191884
2011-03-22 19:00:00,201.089163908818
2011-03-22 20:00:00,95.5442870097568
2011-03-22 21:00:00,74.71392786084684
2011-03-22 22:00:00,58.122911791477094
2011-03-22 23:00:00,38.79340738858747
2011-03-23 00:00:00,10.999794160477771
2011-03-23 01:00:00,5.449778230650105
2011-03-23 02:00:00,2.924160349189112
2011-03-23 03:00:00,2.8099027990152177
2011-03-23 05:00:00,3.6570042650790056
2011-03-23 06:00:00,23.13476540374127
2011-03-23 07:00:00,93.13218728391482
2011-03-23 08:00:00,179.751625248606
2011-03-23 09:00:00,130.6630412841514
2011-03-23 10:00:00,54.32683450807668
2011-03-23 11:00:00,61.81208551839934
2011-03-23 12:00:00,74.90364307609308
2011-03-23 13:00:00,46.272060894058654
2011-03-23 14:00:00,69.25479058321969
2011-03-23 15:00:00,77.04114114070585
2011-03-23 16:00:00,108.25834498638093
2011-03-23 17:00:00,245.8011653551483
2011-03-23 18:00:00,127.9179078020752
2011-03-23 19:00:00,108.50529843107708
2011-03-23 20:00:00,44.648623006617555
2011-03-23 21:00:00,30.79094165120357
2011-03-23 22:00:00,47.403581952260645
2011-03-23 23:00:00,20.35504292255569
2011-03-24 00:00:00,18.088969132436088
2011-03-24 01:00:00,8.068664241922251
2011-03-24 02:00:00,4.474429487405143
2011-03-24 03:00:00,2.393793690962782
2011-03-24 04:00:00,1.597260602077068
2011-03-24 05:00:00,5.8813820447438205
2011-03-24 06:00:00,21.493187514210433
2011-03-24 07:00:00,53.24043796600403
2011-03-24 08:00:00,99.8850446160473
2011-03-24 09:00:00,119.55197692408203
2011-03-24 10:00:00,49.00874785217934
2011-03-24 11:00:00,58.19059336060499
2011-03-24 12:00:00,72.55960836164519
2011-03-24 13:00:00,81.57531641354768
2011-03-24 14:00:00,76.58272729702016
2011-03-24 15:00:00,70.40617798449935
2011-03-24 16:00:00,93.39439325258978
2011-03-24 17:00:00,209.1042486851299
2011-03-24 18:00:00,192.90765918775784
2011-03-24 19:00:00,172.84166256158258
2011-03-24 20:00:00,85.27462587974057
2011-03-24 21:00:00,65.30889584243639
2011-03-24 22:00:00,51.92031976816661
2011-03-24 23:00:00,31.51521756100022
2011-03-25 00:00:00,19.151579790983007
2011-03-25 01:00:00,9.670370997253002
2011-03-25 02:00:00,4.75593250934523
2011-03-25 03:00:00,3.015339396956363
2011-03-25 04:00:00,2.021482461440256
2011-03-25 05:00:00,6.0075587374466455
2011-03-25 06:00:00,21.649150820395054
2011-03-25 07:00:00,89.79797772724524
2011-03-25 08:00:00,197.33319110947866
2011-03-25 09:00:00,144.2058385388242
2011-03-25 10:00:00,70.83192060017653
2011-03-25 11:00:00,75.57420076481117
2011-03-25 12:00:00,104.95319352054257
2011-03-25 13:00:00,104.67949112758559
2011-03-25 14:00:00,96.03572381841336
2011-03-25 15:00:00,96.03837362268115
2011-03-25 16:00:00,124.23282625482986
2011-03-25 17:00:00,245.70016013857503
2011-03-25 18:00:00,241.6115794399597
2011-03-25 19:00:00,192.72369483218486
2011-03-25 20:00:00,108.32731978617439
2011-03-25 21:00:00,82.5912629360053
2011-03-25 22:00:00,55.71507160106404
2011-03-25 23:00:00,37.54309090993362
2011-03-26 00:00:00,24.602833262705932
2011-03-26 01:00:00,13.844420996833644
2011-03-26 02:00:00,7.234542051073301
2011-03-26 03:00:00,3.501545030839173
2011-03-26 04:00:00,2.8540750010444182
2011-03-26 05:00:00,7.905965022518677
2011-03-26 06:00:00,27.70812559163841
2011-03-26 07:00:00,31.445514112933303
2011-03-26 08:00:00,69.38658315450043
2011-03-26 09:00:00,50.506303613596835
2011-03-26 10:00:00,126.17301785783764
2011-03-26 11:00:00,144.76383789727456
2011-03-26 12:00:00,175.78651884947143
2011-03-26 13:00:00,193.12134243665045
2011-03-26 14:00:00,180.82762875702954
2011-03-26 15:00:00,192.18289831310156
2011-03-26 16:00:00,253.1285505931047
2011-03-26 17:00:00,159.70785573609072
2011-03-26 18:00:00,139.51439843785732
2011-03-26 19:00:00,62.700351928311356
2011-03-26 20:00:00,109.7832458223434
2011-03-26 21:00:00,85.79368727334935
2011-03-26 22:00:00,67.40377923532381
2011-03-26 23:00:00,44.02584146082183
2011-03-27 00:00:00,22.33732286284105
2011-03-27 01:00:00,10.224140591175699
2011-03-27 02:00:00,3.202689516471004
2011-03-27 03:00:00,1.1991718600510772
2011-03-27 04:00:00,0.6735825705633538
2011-03-27 06:00:00,12.89168674301171
2011-03-27 07:00:00,14.429677936240521
2011-03-27 08:00:00,50.37467770502144
2011-03-27 09:00:00,43.144766401028704
2011-03-27 10:00:00,91.71337588835014
2011-03-27 11:00:00,107.74530889880337
2011-03-27 12:00:00,142.3941290004353
2011-03-27 13:00:00,151.1332021209554
2011-03-27 14:00:00,159.89669742642837
2011-03-27 15:00:00,164.8231052432775
2011-03-27 16:00:00,230.7563996155794
2011-03-27 17:00:00,138.81575231735835
2011-03-27 18:00:00,113.812635513908
2011-03-27 19:00:00,62.910729812108144
2011-03-27 20:00:00,110.01918348454085
2011-03-27 21:00:00,83.1207369300544
2011-03-27 22:00:00,65.08904278316636
2011-03-27 23:00:00,42.74576175880652
2011-03-28 00:00:00,16.392357054770123
2011-03-28 01:00:00,8.777526632861884
2011-03-28 02:00:00,4.995665431410696
2011-03-28 03:00:00,2.6668066547898652
2011-03-28 05:00:00,5.550987529351211
2011-03-28 06:00:00,20.571904545142136
2011-03-28 07:00:00,83.8343556230679
2011-03-28 08:00:00,161.25458643897122
2011-03-28 09:00:00,122.9865035741819
2011-03-28 10:00:00,55.69161418931593
2011-03-28 11:00:00,63.35639659820474
2011-03-28 12:00:00,83.58126587040316
2011-03-28 13:00:00,77.86712053803241
2011-03-28 14:00:00,86.56354746968947
2011-03-28 15:00:00,89.72977569880523
2011-03-28 16:00:00,118.72456171106475
2011-03-28 17:00:00,265.368262330962
2011-03-28 18:00:00,242.84351846230658
2011-03-28 19:00:00,212.38125677699207
2011-03-28 20:00:00,104.36551683700068
2011-03-28 21:00:00,79.8021485311181
2011-03-28 22:00:00,54.581006349145866
2011-03-28 23:00:00,35.54986083528847
2011-03-29 00:00:00,19.08645156838571
2011-03-29 01:00:00,8.974099598261137
2011-03-29 02:00:00,5.068420457677393
2011-03-29 03:00:00,2.7113019018205793
2011-03-29 04:00:00,1.8029398115934496
2011-03-29 05:00:00,6.359079719636279
2011-03-29 06:00:00,22.49387309454526
2011-03-29 07:00:00,81.22247399329605
2011-03-29 08:00:00,174.85503849062206
2011-03-29 09:00:00,139.41147203279147
2011-03-29 10:00:00,60.61272133620183
2011-03-29 11:00:00,70.83357832211063
2011-03-29 12:00:00,96.51174443848636
2011-03-29 13:00:00,91.83351861171089
2011-03-29 14:00:00,85.57009809583222
2011-03-29 15:00:00,96.68122154936589
2011-03-29 16:00:00,128.38316260613007
2011-03-29 17:00:00,314.352303327451
2011-03-29 18:00:00,254.6966791944885
2011-03-29 19:00:00,209.54481998350363
2011-03-29 20:00:00,105.65368257319928
2011-03-29 21:00:00,77.57944874011666
2011-03-29 22:00:00,59.47415890611144
2011-03-29 23:00:00,35.404190431036746
2011-03-30 00:00:00,19.945793652459724
2011-03-30 01:00:00,11.799945094862613
2011-03-30 02:00:00,5.935545934295726
2011-03-30 03:00:00,3.342877681547
2011-03-30 04:00:00,2.246096023090971
2011-03-30 05:00:00,6.308238638451468
2011-03-30 06:00:00,26.616644718922135
2011-03-30 07:00:00,109.91981491823037
2011-03-30 08:00:00,202.77864631654825
2011-03-30 09:00:00,146.56343743937836
2011-03-30 10:00:00,61.31430618425102
2011-03-30 11:00:00,69.08946517272477
2011-03-30 12:00:00,85.6319152784952
2011-03-30 13:00:00,82.54608399380471
2011-03-30 14:00:00,75.009493620069
2011-03-30 15:00:00,39.345748785503105
2011-03-30 16:00:00,50.60749110571407
2011-03-30 17:00:00,117.33497383163176
2011-03-30 18:00:00,167.1648784435879
2011-03-30 19:00:00,141.84241432046002
2011-03-30 20:00:00,38.72693501311988
2011-03-30 21:00:00,48.34520902034896
2011-03-30 22:00:00,23.42051710322233
2011-03-30 23:00:00,15.252493922782584
2011-03-31 00:00:00,8.739798831381519
2011-03-31 01:00:00,4.34256366457955
2011-03-31 02:00:00,2.250511218499427
2011-03-31 03:00:00,0.9723520643791133
2011-03-31 04:00:00,0.49764233813790554
2011-03-31 05:00:00,2.9484531339503417
2011-03-31 06:00:00,11.711855712155312
2011-03-31 07:00:00,49.54725931104085
2011-03-31 08:00:00,147.94660513851647
2011-03-31 09:00:00,74.08947722170417
2011-03-31 10:00:00,30.735149802611833
2011-03-31 11:00:00,35.46222401372803
2011-03-31 12:00:00,43.21392028586254
2011-03-31 13:00:00,48.9267785799856
2011-03-31 14:00:00,45.117807547364194
2011-03-31 15:00:00,41.13591714402698
2011-03-31 16:00:00,86.77329189439783
2011-03-31 17:00:00,197.26907252983958
2011-03-31 18:00:00,207.12437694407407
2011-03-31 19:00:00,175.78476479026403
2011-03-31 20:00:00,45.0786396455823
2011-03-31 21:00:00,57.37135661027493
2011-03-31 22:00:00,26.99448870676539
2011-03-31 23:00:00,17.856104035239746
2011-04-20 00:00:00,26.15002900289269
2011-04-20 01:00:00,13.37213384600242
2011-04-20 02:00:00,7.7442630978703875
2011-04-20 03:00:00,4.583974649773982
2011-04-20 04:00:00,3.075701880176937
2011-04-20 05:00:00,9.599098346333301
2011-04-20 06:00:00,33.99384944262342
2011-04-20 07:00:00,143.54109844964003
2011-04-20 08:00:00,333.68423996146595
2011-04-20 09:00:00,261.26779162405813
2011-04-20 10:00:00,111.93606494953293
2011-04-20 11:00:00,127.02773238248653
2011-04-20 12:00:00,153.69205593866877
2011-04-20 13:00:00,150.2210137313657
2011-04-20 14:00:00,132.98661140167627
2011-04-20 15:00:00,138.27596001847255
2011-04-20 16:00:00,179.00153108636405
2011-04-20 17:00:00,396.0586090722836
2011-04-20 18:00:00,399.0792143472989
2011-04-20 19:00:00,364.0713110023565
2011-04-20 20:00:00,185.05152335790524
2011-04-20 21:00:00,133.28418267206808
2011-04-20 22:00:00,102.40470155350495
2011-04-20 23:00:00,68.67422329995473
2011-04-21 00:00:00,34.77032283910632
2011-04-21 01:00:00,18.7539319119719
2011-04-21 02:00:00,10.58777267814759
2011-04-21 03:00:00,4.614602654331818
2011-04-21 04:00:00,3.2664721099214606
2011-04-21 05:00:00,9.834756379715728
2011-04-21 06:00:00,33.65073314261168
2011-04-21 07:00:00,145.1141984788375
2011-04-21 08:00:00,268.5741008114859
2011-04-21 09:00:00,207.4144835217907
2011-04-21 10:00:00,91.78535780170829
2011-04-21 11:00:00,107.45486045106566
2011-04-21 12:00:00,136.21350084449963
2011-04-21 13:00:00,129.64826576555114
2011-04-21 14:00:00,132.78491741925882
2011-04-21 15:00:00,141.93722557347812
2011-04-21 16:00:00,187.7692447472579
2011-04-21 17:00:00,444.1536589845111
2011-04-21 18:00:00,397.3005896241413
2011-04-21 19:00:00,295.27068644447166
2011-04-21 20:00:00,149.10022178595253
2011-04-21 21:00:00,107.0700470837648
2011-04-21 22:00:00,88.61748442706299
2011-04-21 23:00:00,58.07447299139814
2011-04-22 00:00:00,28.474597026294695
2011-04-22 01:00:00,15.287960340003501
2011-04-22 02:00:00,8.793718247235098
2011-04-22 03:00:00,4.989605600065828
2011-04-22 04:00:00,3.5918794943226917
2011-04-22 05:00:00,11.201892976653
2011-04-22 06:00:00,38.26252942235995
2011-04-22 07:00:00,144.54751645729158
2011-04-22 08:00:00,274.8025201288479
2011-04-22 09:00:00,119.95646715244482
2011-04-22 10:00:00,82.2627732897609
2011-04-22 11:00:00,57.176533879031396
2011-04-22 12:00:00,68.57930336805046
2011-04-22 13:00:00,63.82033079212084
2011-04-22 14:00:00,58.20296661168418
2011-04-22 15:00:00,62.39553796623459
2011-04-22 16:00:00,82.23059522112013
2011-04-22 17:00:00,179.81805540854216
2011-04-22 18:00:00,163.99400885683707
2011-04-22 19:00:00,139.14901798551278
2011-04-22 20:00:00,69.04928164674332
2011-04-22 21:00:00,52.52181300040772
2011-04-22 22:00:00,40.51542861077475
2011-04-22 23:00:00,27.684264793654304
2011-04-23 00:00:00,28.29768642069857
2011-04-23 01:00:00,14.944657502840132
2011-04-23 02:00:00,5.131928600343881
2011-04-23 03:00:00,2.7945243083885725
2011-04-23 04:00:00,1.9664462259673479
2011-04-23 05:00:00,6.759771607188047
2011-04-23 06:00:00,38.21327581195709
2011-04-23 07:00:00,26.315459797854253
2011-04-23 08:00:00,79.78649905756396
2011-04-23 09:00:00,61.18905645462607
2011-04-23 10:00:00,155.94945999905414
2011-04-23 11:00:00,177.69014052247286
2011-04-23 12:00:00,251.37694291737682
2011-04-23 13:00:00,247.65673607429036
2011-04-23 14:00:00,237.96087750671703
2011-04-23 15:00:00,252.05259093839516
2011-04-23 16:00:00,335.1678354419026
2011-04-23 17:00:00,210.89675961202005
2011-04-23 18:00:00,197.7121323755815
2011-04-23 19:00:00,105.43644260037141
2011-04-23 20:00:00,171.27421184245708
2011-04-23 21:00:00,132.96688327356887
2011-04-23 22:00:00,106.88820547916664
2011-04-23 23:00:00,70.87580211739186
2011-04-24 00:00:00,36.7545822953035
2011-04-24 01:00:00,19.362782238565924
2011-04-24 02:00:00,11.389080647769564
2011-04-24 03:00:00,6.651363889283129
2011-04-24 04:00:00,4.855566893977166
2011-04-24 05:00:00,14.317271329621754
2011-04-24 06:00:00,46.29758103591344
2011-04-24 07:00:00,51.71537146068227
2011-04-24 08:00:00,100.4862555798798
2011-04-24 09:00:00,74.28595836687877
2011-04-24 10:00:00,179.93983691560453
2011-04-24 11:00:00,241.7554482926695
2011-04-24 12:00:00,284.8674008822408
2011-04-24 13:00:00,282.65960487936405
2011-04-24 14:00:00,261.0201572950417
2011-04-24 15:00:00,274.963127665198
2011-04-24 16:00:00,340.71870237953067
2011-04-24 17:00:00,221.1754621606877
2011-04-24 18:00:00,206.1142676033165
2011-04-24 19:00:00,55.16328836352192
2011-04-24 20:00:00,96.6753062207476
2011-04-24 21:00:00,73.71094949322604
2011-04-24 22:00:00,56.666807020183086
2011-04-24 23:00:00,38.58299932508504
2011-04-25 00:00:00,16.980791104503353
2011-04-25 01:00:00,15.49099961902316
2011-04-25 02:00:00,9.03341890360478
2011-04-25 03:00:00,4.655780515860821
2011-04-25 04:00:00,3.4585771635079112
2011-04-25 05:00:00,9.282024841202714
2011-04-25 06:00:00,37.04133599434641
2011-04-25 07:00:00,145.97506811780454
2011-04-25 08:00:00,307.17830333894335
2011-04-25 09:00:00,224.55686026425911
2011-04-25 10:00:00,106.64736440628928
2011-04-25 11:00:00,121.03230179878334
2011-04-25 12:00:00,145.70486136330345
2011-04-25 13:00:00,148.0704411053265
2011-04-25 14:00:00,141.5422663961349
2011-04-25 15:00:00,143.52109593908446
2011-04-25 16:00:00,186.8780177256489
2011-04-25 17:00:00,430.11469664061326
2011-04-25 18:00:00,382.01124322457775
2011-04-25 19:00:00,326.19865346949916
2011-04-25 20:00:00,159.67129325789662
2011-04-25 21:00:00,119.82488077669326
2011-04-25 22:00:00,81.39965085241177
2011-04-25 23:00:00,54.23246181277793
2011-04-26 00:00:00,34.447504643193284
2011-04-26 01:00:00,15.645488393801777
2011-04-26 02:00:00,8.937801943895616
2011-04-26 03:00:00,5.046680501585356
2011-04-26 04:00:00,3.7436207331891183
2011-04-26 05:00:00,11.2004941465975
2011-04-26 06:00:00,39.280997622721344
2011-04-26 07:00:00,157.56477700500065
2011-04-26 08:00:00,297.11395164605375
2011-04-26 09:00:00,245.10144809036387
2011-04-26 10:00:00,104.47264737437531
2011-04-26 11:00:00,119.29425300866433
2011-04-26 12:00:00,145.76366037482828
2011-04-26 13:00:00,138.4485222981517
2011-04-26 14:00:00,136.18264021220637
2011-04-26 15:00:00,141.53922309342627
2011-04-26 16:00:00,183.39916364186539
2011-04-26 17:00:00,414.22736817171256
2011-04-26 18:00:00,364.7186160314577
2011-04-26 19:00:00,303.4886546336552
2011-04-26 20:00:00,150.888281747676
2011-04-26 21:00:00,101.02052825697115
2011-04-26 22:00:00,76.99506118694902
2011-04-26 23:00:00,51.08402823461304
2011-04-27 00:00:00,30.182718814134446
2011-04-27 01:00:00,15.837958210531873
2011-04-27 02:00:00,9.07271147238411
2011-04-27 03:00:00,4.739895381382609
2011-04-27 04:00:00,3.658224993842051
2011-04-27 05:00:00,10.354063358684563
2011-04-27 06:00:00,38.51862578970846
2011-04-27 07:00:00,147.25985481492208
2011-04-27 08:00:00,274.4723983847921
2011-04-27 09:00:00,195.0184350992701
2011-04-27 10:00:00,83.80548309279888
2011-04-27 11:00:00,96.77781562441643
2011-04-27 12:00:00,142.8535523544329
2011-04-27 13:00:00,121.93408425022804
2011-04-27 14:00:00,131.6939080441484
2011-04-27 15:00:00,135.8523481931036
2011-04-27 16:00:00,178.13573884367014
2011-04-27 17:00:00,227.601165248953
2011-04-27 18:00:00,207.59544473337573
2011-04-27 19:00:00,270.3322571977431
2011-04-27 20:00:00,130.18649220653091
2011-04-27 21:00:00,99.583778075029
2011-04-27 22:00:00,72.34290199796126
2011-04-27 23:00:00,47.978669502957175
2011-04-28 00:00:00,30.7568065826321
2011-04-28 01:00:00,14.833636060823931
2011-04-28 02:00:00,8.483275141765388
2011-04-28 03:00:00,4.992088766818561
2011-04-28 04:00:00,3.4735975505134293
2011-04-28 05:00:00,10.794398314299524
2011-04-28 06:00:00,37.44754734938974
2011-04-28 07:00:00,151.3609113328724
2011-04-28 08:00:00,329.2626084397506
2011-04-28 09:00:00,129.12087709945052
2011-04-28 10:00:00,88.03329871412217
2011-04-28 11:00:00,100.97499803391113
2011-04-28 12:00:00,124.92442863871109
2011-04-28 13:00:00,119.40665689512308
2011-04-28 14:00:00,117.42974465012378
2011-04-28 15:00:00,148.1476003699485
2011-04-28 16:00:00,164.68256010690092
2011-04-28 17:00:00,456.94934021854164
2011-04-28 18:00:00,416.8725256461932
2011-04-28 19:00:00,361.45216843382946
2011-04-28 20:00:00,162.12846160874165
2011-04-28 21:00:00,126.30668426896514
2011-04-28 22:00:00,98.31148969123022
2011-04-28 23:00:00,68.38523019484157
2011-04-29 00:00:00,38.7565959323416
2011-04-29 01:00:00,21.323075025145368
2011-04-29 02:00:00,10.3343537609764
2011-04-29 03:00:00,6.041638992007939
2011-04-29 04:00:00,4.45306332285926
2011-04-29 05:00:00,13.433649736930438
2011-04-29 06:00:00,50.64740002537228
2011-04-29 07:00:00,210.03912957710705
2011-04-29 08:00:00,393.3990950998133
2011-04-29 09:00:00,282.2077567803719
2011-04-29 10:00:00,120.0174310544538
2011-04-29 11:00:00,158.1275900769794
2011-04-29 12:00:00,166.83308291520945
2011-04-29 13:00:00,162.42500085008243
2011-04-29 14:00:00,170.01635139445253
2011-04-29 15:00:00,147.78131255659264
2011-04-29 16:00:00,186.767977821535
2011-04-29 17:00:00,410.8637726115198
2011-04-29 18:00:00,398.7888149122078
2011-04-29 19:00:00,294.5720149093963
2011-04-29 20:00:00,151.62700416770326
2011-04-29 21:00:00,116.25424531860182
2011-04-29 22:00:00,89.55793106979581
2011-04-29 23:00:00,58.195075644575354
2011-04-30 00:00:00,36.659009922316336
2011-04-30 01:00:00,19.983670432704677
2011-04-30 02:00:00,11.567796773466494
2011-04-30 03:00:00,6.730352559894547
2011-04-30 04:00:00,4.869641010188293
2011-04-30 05:00:00,14.657758298019525
2011-04-30 06:00:00,50.87833672194881
2011-04-30 07:00:00,55.9196493804711
2011-04-30 08:00:00,108.56703707069761
2011-04-30 09:00:00,78.09599004051786
2011-04-30 10:00:00,182.4078326742954
2011-04-30 11:00:00,237.09055733690798
2011-04-30 12:00:00,286.0572427670851
2011-04-30 13:00:00,292.5603773855845
2011-04-30 14:00:00,275.5413160065647
2011-04-30 15:00:00,301.21576259692984
2011-04-30 16:00:00,384.3196873255716
2011-04-30 17:00:00,243.74939400693057
2011-04-30 18:00:00,221.8470872651436
2011-04-30 19:00:00,123.29318649629786
2011-04-30 20:00:00,176.5305555037269
2011-04-30 21:00:00,135.81167127009002
2011-04-30 22:00:00,105.74609783632025
2011-04-30 23:00:00,70.84678206182409
2011-05-20 00:00:00,37.77810687122999
2011-05-20 01:00:00,20.228819739218878
2011-05-20 02:00:00,11.58764968044272
2011-05-20 03:00:00,6.882017400952653
2011-05-20 04:00:00,4.996669329656004
2011-05-20 05:00:00,14.624975692787363
2011-05-20 06:00:00,51.09793040670183
2011-05-20 07:00:00,235.69462008192377
2011-05-20 08:00:00,483.271938917247
2011-05-20 09:00:00,329.4323185829055
2011-05-20 10:00:00,141.73354302361093
2011-05-20 11:00:00,153.08974720302163
2011-05-20 12:00:00,209.8145040495233
2011-05-20 13:00:00,126.7920450176056
2011-05-20 14:00:00,201.47390022983953
2011-05-20 15:00:00,203.74643073973672
2011-05-20 16:00:00,268.0699324005655
2011-05-20 17:00:00,662.8468339353494
2011-05-20 18:00:00,584.3517937609975
2011-05-20 19:00:00,436.2280439966408
2011-05-20 20:00:00,212.86202935515598
2011-05-20 21:00:00,163.45815003768857
2011-05-20 22:00:00,128.05028437506724
2011-05-20 23:00:00,81.38064093046997
2011-05-21 00:00:00,53.77557844524875
2011-05-21 01:00:00,30.096973599107795
2011-05-21 02:00:00,17.406650116956104
2011-05-21 03:00:00,8.656409919577806
2011-05-21 04:00:00,6.18830177164251
2011-05-21 05:00:00,17.95156936689722
2011-05-21 06:00:00,69.8109816724723
2011-05-21 07:00:00,81.2535578988735
2011-05-21 08:00:00,150.21987604927412
2011-05-21 09:00:00,127.26409086382142
2011-05-21 10:00:00,298.02514395307736
2011-05-21 11:00:00,344.11199837990034
2011-05-21 12:00:00,439.28357349499555
2011-05-21 13:00:00,439.627218629654
2011-05-21 14:00:00,410.51895492920346
2011-05-21 15:00:00,402.97968075598067
2011-05-21 16:00:00,498.07879372615145
2011-05-21 17:00:00,322.0328234180403
2011-05-21 18:00:00,290.5342731807118
2011-05-21 19:00:00,169.99411017338068
2011-05-21 20:00:00,293.72714894181144
2011-05-21 21:00:00,219.96569175845187
2011-05-21 22:00:00,148.51519199814155
2011-05-21 23:00:00,98.82460714892582
2011-05-22 00:00:00,46.32223617816714
2011-05-22 01:00:00,24.181403528022365
2011-05-22 02:00:00,14.441458388866128
2011-05-22 03:00:00,8.258185394211392
2011-05-22 04:00:00,6.282848805871042
2011-05-22 05:00:00,17.5339685518948
2011-05-22 06:00:00,60.795495399276774
2011-05-22 07:00:00,69.99703381766656
2011-05-22 08:00:00,138.72874454674601
2011-05-22 09:00:00,113.68482820051514
2011-05-22 10:00:00,263.19920716452896
2011-05-22 11:00:00,305.5333589157364
2011-05-22 12:00:00,351.9304395646575
2011-05-22 13:00:00,336.1128804521594
2011-05-22 14:00:00,185.03301290576417
2011-05-22 15:00:00,327.0813409128831
2011-05-22 16:00:00,455.0399890284821
2011-05-22 17:00:00,283.98829244411564
2011-05-22 18:00:00,257.6712042082146
2011-05-22 19:00:00,144.41402500386047
2011-05-22 20:00:00,250.35108437053668
2011-05-22 21:00:00,161.80501934361504
2011-05-22 22:00:00,128.56888119749001
2011-05-22 23:00:00,80.72215144020261
2011-05-23 00:00:00,35.10487092967698
2011-05-23 01:00:00,20.087702789178685
2011-05-23 02:00:00,6.4132531001557584
2011-05-23 03:00:00,3.444610022211374
2011-05-23 04:00:00,4.682720579985239
2011-05-23 05:00:00,13.865131692644425
2011-05-23 06:00:00,46.73746482280416
2011-05-23 07:00:00,185.99996222524817
2011-05-23 08:00:00,374.43701755400673
2011-05-23 09:00:00,268.59158090074834
2011-05-23 10:00:00,129.41007465630645
2011-05-23 11:00:00,145.84957581553724
2011-05-23 12:00:00,177.06910068558494
2011-05-23 13:00:00,158.00860811951765
2011-05-23 14:00:00,147.7833648759962
2011-05-23 15:00:00,159.65498195692714
2011-05-23 16:00:00,214.9536892446137
2011-05-23 17:00:00,289.83175259761975
2011-05-23 18:00:00,457.2974731114928
2011-05-23 19:00:00,394.4518553279671
2011-05-23 20:00:00,164.4979620682598
2011-05-23 21:00:00,124.30198267267126
2011-05-23 22:00:00,96.22399290799657
2011-05-23 23:00:00,61.76749323959173
2011-05-24 00:00:00,34.57353535202989
2011-05-24 01:00:00,18.512607846998613
2011-05-24 02:00:00,10.779066125304007
2011-05-24 03:00:00,6.262300827384215
2011-05-24 04:00:00,5.063546155628075
2011-05-24 05:00:00,12.978540297116263
2011-05-24 06:00:00,45.415328342303816
2011-05-24 07:00:00,116.90878204502167
2011-05-24 08:00:00,215.2513794044351
2011-05-24 09:00:00,297.3895113508082
2011-05-24 10:00:00,134.15649592734198
2011-05-24 11:00:00,153.28466270209614
2011-05-24 12:00:00,181.76574877642977
2011-05-24 13:00:00,183.9480061875685
2011-05-24 14:00:00,168.49891040077856
2011-05-24 15:00:00,97.15478972877641
2011-05-24 16:00:00,230.29343690475855
2011-05-24 17:00:00,549.0501347805344
2011-05-24 18:00:00,476.38728807397626
2011-05-24 19:00:00,398.0250950357785
2011-05-24 20:00:00,200.4016355914913
2011-05-24 21:00:00,132.62908402011155
2011-05-24 22:00:00,56.8845499852077
2011-05-24 23:00:00,46.23556544405303
2011-05-25 00:00:00,21.630326060166052
2011-05-25 01:00:00,11.386525099344821
2011-05-25 02:00:00,11.258389190616922
2011-05-25 03:00:00,6.55408165910614
2011-05-25 04:00:00,4.826639983314961
2011-05-25 05:00:00,14.887091028142333
2011-05-25 06:00:00,50.01935622056477
2011-05-25 07:00:00,206.06317076005595
2011-05-25 08:00:00,442.5777424700027
2011-05-25 09:00:00,336.98786432000617
2011-05-25 10:00:00,143.8527633902941
2011-05-25 11:00:00,159.8671195354995
2011-05-25 12:00:00,188.68324613120598
2011-05-25 13:00:00,184.42705760656233
2011-05-25 14:00:00,168.93794564759844
2011-05-25 15:00:00,176.6817019393478
2011-05-25 16:00:00,228.03336506823632
2011-05-25 17:00:00,524.5519027572309
2011-05-25 18:00:00,493.92977890642123
2011-05-25 19:00:00,424.73259283018336
2011-05-25 20:00:00,206.4187117081772
2011-05-25 21:00:00,155.67515464480178
2011-05-25 22:00:00,118.2828437423372
2011-05-25 23:00:00,80.69916774421883
2011-05-26 00:00:00,47.4124933457099
2011-05-26 01:00:00,25.34749427553828
2011-05-26 02:00:00,12.666299064808513
2011-05-26 03:00:00,7.491627963125731
2011-05-26 04:00:00,5.65369929121451
2011-05-26 05:00:00,14.96461023917178
2011-05-26 06:00:00,49.51051548079372
2011-05-26 07:00:00,189.3959882661112
2011-05-26 08:00:00,432.5593590890304
2011-05-26 09:00:00,345.35065910953347
2011-05-26 10:00:00,138.8829374630863
2011-05-26 11:00:00,155.18759744555044
2011-05-26 12:00:00,187.07479191604514
2011-05-26 13:00:00,189.73512613214154
2011-05-26 14:00:00,175.1837252405977
2011-05-26 15:00:00,178.1055630041262
2011-05-26 16:00:00,223.49720716043487
2011-05-26 17:00:00,557.0459481070736
2011-05-26 18:00:00,502.2401451518568
2011-05-26 19:00:00,427.4402197182914
2011-05-26 20:00:00,221.44210419482846
2011-05-26 21:00:00,171.00852018851046
2011-05-26 22:00:00,131.68365347029504
2011-05-26 23:00:00,86.9120615025198
2011-05-27 00:00:00,51.116887278448225
2011-05-27 01:00:00,28.018102952420204
2011-05-27 02:00:00,16.807995830566806
2011-05-27 03:00:00,10.126688631883233
2011-05-27 04:00:00,7.2989316783573965
2011-05-27 05:00:00,20.11987866619928
2011-05-27 06:00:00,70.7992010193482
2011-05-27 07:00:00,273.644357000156
2011-05-27 08:00:00,498.9861480951814
2011-05-27 09:00:00,372.1999143445332
2011-05-27 10:00:00,157.84541803211374
2011-05-27 11:00:00,160.85490729627347
2011-05-27 12:00:00,197.23845766065094
2011-05-27 13:00:00,208.78859324534915
2011-05-27 14:00:00,191.86943082379284
2011-05-27 15:00:00,205.67296790489118
2011-05-27 16:00:00,238.2419919367943
2011-05-27 17:00:00,568.1601617942239
2011-05-27 18:00:00,518.9621998267727
2011-05-27 19:00:00,234.3030542896124
2011-05-27 20:00:00,183.94122213940264
2011-05-27 21:00:00,155.1671707003085
2011-05-27 22:00:00,121.99276212339683
2011-05-27 23:00:00,79.5601066168361
2011-05-28 00:00:00,52.51327380973193
2011-05-28 01:00:00,27.669433992701304
2011-05-28 02:00:00,16.10046891676065
2011-05-28 03:00:00,9.56149828129302
2011-05-28 04:00:00,7.019535287790717
2011-05-28 05:00:00,20.143071635697076
2011-05-28 06:00:00,68.73796453994552
2011-05-28 07:00:00,76.8948332720785
2011-05-28 08:00:00,146.00167889459277
2011-05-28 09:00:00,121.54605273284007
2011-05-28 10:00:00,289.1408265412793
2011-05-28 11:00:00,327.9123993319545
2011-05-28 12:00:00,403.8401231217813
2011-05-28 13:00:00,391.4547140373967
2011-05-28 14:00:00,347.1614591830006
2011-05-28 15:00:00,370.9079024805749
2011-05-28 16:00:00,473.1759181133467
2011-05-28 17:00:00,299.60568038709687
2011-05-28 18:00:00,285.4482780779751
2011-05-28 19:00:00,160.23582526657822
2011-05-28 20:00:00,277.21205731793066
2011-05-28 21:00:00,202.84592109913808
2011-05-28 22:00:00,161.12654434446344
2011-05-28 23:00:00,93.41357909059967
2011-05-29 00:00:00,45.843464600393226
2011-05-29 01:00:00,24.463780117539585
2011-05-29 02:00:00,14.73798434596788
2011-05-29 03:00:00,8.6249776430897
2011-05-29 04:00:00,6.561171283039022
2011-05-29 05:00:00,18.22404675601742
2011-05-29 06:00:00,56.77124603117676
2011-05-29 07:00:00,62.38489940506642
2011-05-29 08:00:00,119.10685784584246
2011-05-29 09:00:00,84.11088693280404
2011-05-29 10:00:00,230.32491124079726
2011-05-29 11:00:00,257.14845827747166
2011-05-29 12:00:00,324.0503590982268
2011-05-29 13:00:00,336.7613145078564
2011-05-29 14:00:00,293.8110611589294
2011-05-29 15:00:00,309.9230398372636
2011-05-29 16:00:00,402.4188188057424
2011-05-29 17:00:00,256.30330913303396
2011-05-29 18:00:00,243.46445158576145
2011-05-29 19:00:00,136.42758875793737
2011-05-29 20:00:00,238.78365059084544
2011-05-29 21:00:00,183.47857341013665
2011-05-29 22:00:00,124.588730341127
2011-05-29 23:00:00,82.86642535426334
2011-05-30 00:00:00,44.40323477052106
2011-05-30 01:00:00,24.101110431584512
2011-05-30 02:00:00,14.033864342475395
2011-05-30 03:00:00,8.194354563114164
2011-05-30 04:00:00,6.076470710236114
2011-05-30 05:00:00,16.659494007570117
2011-05-30 06:00:00,57.07615329748569
2011-05-30 07:00:00,65.27325557788285
2011-05-30 08:00:00,121.7381116553094
2011-05-30 09:00:00,111.9081780705125
2011-05-30 10:00:00,246.9463862293721
2011-05-30 11:00:00,302.8175740717698
2011-05-30 12:00:00,364.3059494281081
2011-05-30 13:00:00,362.3020510197137
2011-05-30 14:00:00,348.4540473910168
2011-05-30 15:00:00,345.1004183589389
2011-05-30 16:00:00,447.40173306743316
2011-05-30 17:00:00,284.2299829558388
2011-05-30 18:00:00,263.390488189173
2011-05-30 19:00:00,124.28951845334632
2011-05-30 20:00:00,250.96925827118102
2011-05-30 21:00:00,179.5241515290049
2011-05-30 22:00:00,145.51693285495125
2011-05-30 23:00:00,96.48831556648696
2011-05-31 00:00:00,44.17180849870088
2011-05-31 01:00:00,22.924039517230096
2011-05-31 02:00:00,10.649115274193585
2011-05-31 03:00:00,6.397558087961629
2011-05-31 04:00:00,5.950163126631589
2011-05-31 05:00:00,17.18056839300169
2011-05-31 06:00:00,58.994699562089004
2011-05-31 07:00:00,230.58391716428278
2011-05-31 08:00:00,439.9517430236342
2011-05-31 09:00:00,322.6157350695462
2011-05-31 10:00:00,135.05585670325837
2011-05-31 11:00:00,164.5278161963999
2011-05-31 12:00:00,192.7470522725388
2011-05-31 13:00:00,192.23112127302994
2011-05-31 14:00:00,187.3062580666366
2011-05-31 15:00:00,189.9446492796293
2011-05-31 16:00:00,245.1741299859971
2011-05-31 17:00:00,514.5015974445399
2011-05-31 18:00:00,473.10468447069474
2011-05-31 19:00:00,399.7037558122424
2011-05-31 20:00:00,195.76701464269408
2011-05-31 21:00:00,148.53337200700224
2011-05-31 22:00:00,113.55397330010648
2011-05-31 23:00:00,79.67388313750504
2011-06-20 00:00:00,42.61017882225421
2011-06-20 01:00:00,19.71684407109816
2011-06-20 02:00:00,11.604498194652276
2011-06-20 03:00:00,3.6325505293041704
2011-06-20 04:00:00,2.398076289620354
2011-06-20 05:00:00,8.051765068549573
2011-06-20 06:00:00,29.566605957726505
2011-06-20 07:00:00,114.34041361480907
2011-06-20 08:00:00,219.0700984005227
2011-06-20 09:00:00,253.55756262346458
2011-06-20 10:00:00,106.58394760682079
2011-06-20 11:00:00,125.84514183056257
2011-06-20 12:00:00,175.93290472404718
2011-06-20 13:00:00,186.59165851274608
2011-06-20 14:00:00,174.7166182819582
2011-06-20 15:00:00,183.59450029339274
2011-06-20 16:00:00,238.8350654004974
2011-06-20 17:00:00,571.3979004347807
2011-06-20 18:00:00,477.5844535960116
2011-06-20 19:00:00,402.1757160021437
2011-06-20 20:00:00,194.65911597876033
2011-06-20 21:00:00,150.0463335125469
2011-06-20 22:00:00,108.70770332802917
2011-06-20 23:00:00,65.67253778977548
2011-06-21 00:00:00,37.171841647220226
2011-06-21 01:00:00,11.193456835316285
2011-06-21 02:00:00,6.342538706946223
2011-06-21 03:00:00,3.4905223784889925
2011-06-21 04:00:00,4.652757866300141
2011-06-21 05:00:00,13.67122650394937
2011-06-21 06:00:00,46.95586797405788
2011-06-21 07:00:00,193.38644498506557
2011-06-21 08:00:00,349.80794455050227
2011-06-21 09:00:00,243.1189787043996
2011-06-21 10:00:00,105.59076000136042
2011-06-21 11:00:00,147.85431992350053
2011-06-21 12:00:00,183.50931093613778
2011-06-21 13:00:00,173.8833842737151
2011-06-21 14:00:00,160.25886251798707
2011-06-21 15:00:00,169.5213706821608
2011-06-21 16:00:00,220.61145395737586
2011-06-21 17:00:00,488.30337779383615
2011-06-21 18:00:00,411.09077753344553
2011-06-21 19:00:00,346.9122478588556
2011-06-21 20:00:00,107.52260320913506
2011-06-21 21:00:00,148.53063942772184
2011-06-21 22:00:00,117.7890450061341
2011-06-21 23:00:00,80.14012212347393
2011-06-22 00:00:00,43.2386810898002
2011-06-22 01:00:00,23.457288671064003
2011-06-22 02:00:00,14.41565645929618
2011-06-22 03:00:00,8.100408619753411
2011-06-22 04:00:00,5.193696281098787
2011-06-22 05:00:00,14.917601227197634
2011-06-22 06:00:00,59.789220333072805
2011-06-22 07:00:00,240.69368696358345
2011-06-22 08:00:00,446.6168626129736
2011-06-22 09:00:00,313.242774426627
2011-06-22 10:00:00,125.43172733216687
2011-06-22 11:00:00,145.74326015264475
2011-06-22 12:00:00,168.51891922699852
2011-06-22 13:00:00,165.23657389420475
2011-06-22 14:00:00,153.84639982990268
2011-06-22 15:00:00,160.3081006143138
2011-06-22 16:00:00,202.31592395895
2011-06-22 17:00:00,459.55058050580874
2011-06-22 18:00:00,427.37325124236685
2011-06-22 19:00:00,373.77038577131464
2011-06-22 20:00:00,186.4600328121351
2011-06-22 21:00:00,140.23323968190488
2011-06-22 22:00:00,108.4133267369968
2011-06-22 23:00:00,72.06471348683613
2011-06-23 00:00:00,45.10231039373216
2011-06-23 01:00:00,24.46293795609343
2011-06-23 02:00:00,14.492106538846487
2011-06-23 03:00:00,8.038787551902205
2011-06-23 04:00:00,5.885686352873832
2011-06-23 05:00:00,18.26761298340912
2011-06-23 06:00:00,61.98008582710382
2011-06-23 07:00:00,234.3139224951777
2011-06-23 08:00:00,417.2683173689352
2011-06-23 09:00:00,306.5150140941417
2011-06-23 10:00:00,130.2072668193087
2011-06-23 11:00:00,89.08610292110764
2011-06-23 12:00:00,172.41184869975888
2011-06-23 13:00:00,171.29797677389303
2011-06-23 14:00:00,154.97493003851352
2011-06-23 15:00:00,169.93438786369703
2011-06-23 16:00:00,216.42902832264744
2011-06-23 17:00:00,496.5155329889784
2011-06-23 18:00:00,474.8651948670107
2011-06-23 19:00:00,409.61054279560443
2011-06-23 20:00:00,204.99018342781008
2011-06-23 21:00:00,158.997947412519
2011-06-23 22:00:00,116.12450451731081
2011-06-23 23:00:00,81.63309061919206
2011-06-24 00:00:00,50.02743239779163
2011-06-24 01:00:00,25.55169866699444
2011-06-24 02:00:00,15.154528014234486
2011-06-24 03:00:00,9.316075111294193
2011-06-24 04:00:00,7.051412279288105
2011-06-24 05:00:00,17.026478933792095
2011-06-24 06:00:00,67.03779472740416
2011-06-24 07:00:00,245.33982691385472
2011-06-24 08:00:00,503.11123226602774
2011-06-24 09:00:00,367.1281129670421
2011-06-24 10:00:00,158.23068666069364
2011-06-24 11:00:00,180.85078321239013
2011-06-24 12:00:00,220.16160531770043
2011-06-24 13:00:00,221.8856409046326
2011-06-24 14:00:00,197.10085508189897
2011-06-24 15:00:00,209.45043997097756
2011-06-24 16:00:00,270.27971310468064
2011-06-24 17:00:00,628.6322754958768
2011-06-24 18:00:00,566.7959651667308
2011-06-24 19:00:00,485.48670464367797
2011-06-24 20:00:00,250.93430209554583
2011-06-24 21:00:00,191.68609937661282
2011-06-24 22:00:00,155.82977847692268
2011-06-24 23:00:00,99.77404153054914
2011-06-25 00:00:00,66.2040546689641
2011-06-25 01:00:00,35.17484292921521
2011-06-25 02:00:00,19.508174803551196
2011-06-25 03:00:00,11.996453313818769
2011-06-25 04:00:00,8.946148538315972
2011-06-25 05:00:00,25.06318364418744
2011-06-25 06:00:00,83.37715593854143
2011-06-25 07:00:00,91.57611543230048
2011-06-25 08:00:00,181.1173386112003
2011-06-25 09:00:00,132.8576463717805
2011-06-25 10:00:00,308.9658303571893
2011-06-25 11:00:00,351.5351100741662
2011-06-25 12:00:00,399.8628388941164
2011-06-25 13:00:00,390.8681182234411
2011-06-25 14:00:00,352.6989435042381
2011-06-25 15:00:00,404.1048620633986
2011-06-25 16:00:00,486.92016448021934
2011-06-25 17:00:00,316.6180771800323
2011-06-25 18:00:00,300.6366028225508
2011-06-25 19:00:00,163.7138297238055
2011-06-25 20:00:00,291.6685935962639
2011-06-25 21:00:00,223.82736018138908
2011-06-25 22:00:00,176.33411704750264
2011-06-25 23:00:00,106.85900295309938
2011-06-26 00:00:00,60.17592343627478
2011-06-26 01:00:00,31.39045667575317
2011-06-26 02:00:00,18.34788241089562
2011-06-26 03:00:00,10.851534163592806
2011-06-26 04:00:00,8.10558541016799
2011-06-26 05:00:00,23.387228769129266
2011-06-26 06:00:00,78.71458437988717
2011-06-26 07:00:00,87.05293590765321
2011-06-26 08:00:00,156.6465401178388
2011-06-26 09:00:00,119.51286062957956
2011-06-26 10:00:00,279.3231580739154
2011-06-26 11:00:00,318.52176369944976
2011-06-26 12:00:00,369.2842926875592
2011-06-26 13:00:00,376.9627714309759
2011-06-26 14:00:00,336.0019250781163
2011-06-26 15:00:00,368.65490507784097
2011-06-26 16:00:00,448.287975946608
2011-06-26 17:00:00,286.04268694112375
2011-06-26 18:00:00,252.57112950754666
2011-06-26 19:00:00,143.01648958940058
2011-06-26 20:00:00,250.896756255869
2011-06-26 21:00:00,189.71632419652855
2011-06-26 22:00:00,164.45395403889842
2011-06-26 23:00:00,106.80725070399549
2011-06-27 00:00:00,24.379710442277336
2011-06-27 01:00:00,18.64462103225709
2011-06-27 02:00:00,6.470035546326251
2011-06-27 03:00:00,3.5684964189773334
2011-06-27 04:00:00,4.616874051774657
2011-06-27 05:00:00,13.369391347598045
2011-06-27 06:00:00,46.45656177357132
2011-06-27 07:00:00,214.76844365727868
2011-06-27 08:00:00,434.0275884973182
2011-06-27 09:00:00,331.21421576454316
2011-06-27 10:00:00,134.52765803579993
2011-06-27 11:00:00,155.9638363640742
2011-06-27 12:00:00,192.00428681606897
2011-06-27 13:00:00,174.7899548847536
2011-06-27 14:00:00,167.22127217215746
2011-06-27 15:00:00,172.85581909114097
2011-06-27 16:00:00,231.76577622219452
2011-06-27 17:00:00,520.6813301843937
2011-06-27 18:00:00,500.2195210614937
2011-06-27 19:00:00,409.8004218367448
2011-06-27 20:00:00,204.18289484303708
2011-06-27 21:00:00,161.53111696201472
2011-06-27 22:00:00,124.9211574975253
2011-06-27 23:00:00,83.75279324561019
2011-06-28 00:00:00,40.93324530950036
2011-06-28 01:00:00,24.361156501440444
2011-06-28 02:00:00,13.490915708565405
2011-06-28 03:00:00,7.8623000669443
2011-06-28 04:00:00,6.221904270199907
2011-06-28 05:00:00,17.75263985223496
2011-06-28 06:00:00,56.84478251001125
2011-06-28 07:00:00,225.03017123738627
2011-06-28 08:00:00,431.39285236908125
2011-06-28 09:00:00,316.76211071462933
2011-06-28 10:00:00,136.72126103672326
2011-06-28 11:00:00,163.8210531446224
2011-06-28 12:00:00,187.27598784858645
2011-06-28 13:00:00,196.83207276375236
2011-06-28 14:00:00,170.88772636459174
2011-06-28 15:00:00,193.75716833538087
2011-06-28 16:00:00,227.49106140675863
2011-06-28 17:00:00,291.4375084432476
2011-06-28 18:00:00,266.19609468744324
2011-06-28 19:00:00,344.5578700132143
2011-06-28 20:00:00,200.69384715746662
2011-06-28 21:00:00,140.92773366039034
2011-06-28 22:00:00,115.4291156256569
2011-06-28 23:00:00,77.67198746460865
2011-06-29 00:00:00,39.36556185990128
2011-06-29 01:00:00,22.30047891406474
2011-06-29 02:00:00,13.32069840968487
2011-06-29 03:00:00,7.487663885103423
2011-06-29 04:00:00,5.916612571547132
2011-06-29 05:00:00,14.395235717545926
2011-06-29 06:00:00,57.306221771377416
2011-06-29 07:00:00,245.39126838533767
2011-06-29 08:00:00,463.15321883402777
2011-06-29 09:00:00,330.90051403544015
2011-06-29 10:00:00,136.45351806690573
2011-06-29 11:00:00,161.65952475172335
2011-06-29 12:00:00,194.69915404285842
2011-06-29 13:00:00,189.6280018645505
2011-06-29 14:00:00,181.4252646383064
2011-06-29 15:00:00,194.67060136684188
2011-06-29 16:00:00,235.55129325275146
2011-06-29 17:00:00,539.680961504947
2011-06-29 18:00:00,502.5383857912273
2011-06-29 19:00:00,407.65633937102905
2011-06-29 20:00:00,202.81650241953798
2011-06-29 21:00:00,166.77312970017826
2011-06-29 22:00:00,130.39632980076175
2011-06-29 23:00:00,85.57094576757372
2011-06-30 00:00:00,50.138467466456675
2011-06-30 01:00:00,26.621205150453264
2011-06-30 02:00:00,15.499052009298897
2011-06-30 03:00:00,9.146247143952257
2011-06-30 04:00:00,5.79824547277244
2011-06-30 05:00:00,16.232994924143952
2011-06-30 06:00:00,63.086929825683455
2011-06-30 07:00:00,251.6884034623708
2011-06-30 08:00:00,499.5226730933233
2011-06-30 09:00:00,369.06432985806674
2011-06-30 10:00:00,156.97835673821587
2011-06-30 11:00:00,174.2387276117731
2011-06-30 12:00:00,211.52890750023303
2011-06-30 13:00:00,206.35633338434522
2011-06-30 14:00:00,192.08789015673256
2011-06-30 15:00:00,204.7544516824111
2011-06-30 16:00:00,271.97568156326855
2011-06-30 17:00:00,577.3803981363159
2011-06-30 18:00:00,537.1243602577067
2011-06-30 19:00:00,456.9070455124787
2011-06-30 20:00:00,223.8568949564955
2011-06-30 21:00:00,183.72722207301712
2011-06-30 22:00:00,139.47143711698462
2011-06-30 23:00:00,94.58194497543168
2011-07-20 00:00:00,42.55519547921417
2011-07-20 01:00:00,23.36504213304287
2011-07-20 02:00:00,13.824127097959401
2011-07-20 03:00:00,7.820118485514824
2011-07-20 04:00:00,5.974670586159397
2011-07-20 05:00:00,16.749692290672684
2011-07-20 06:00:00,52.531107909571716
2011-07-20 07:00:00,212.95321953775678
2011-07-20 08:00:00,426.5050454008109
2011-07-20 09:00:00,306.1360255132675
2011-07-20 10:00:00,131.5993157355443
2011-07-20 11:00:00,148.19351898579694
2011-07-20 12:00:00,186.83311187375412
2011-07-20 13:00:00,175.4050269718975
2011-07-20 14:00:00,162.4600506655235
2011-07-20 15:00:00,177.16073738288685
2011-07-20 16:00:00,233.65751387920722
2011-07-20 17:00:00,496.0353429586224
2011-07-20 18:00:00,448.98268329869103
2011-07-20 19:00:00,374.0585625393116
2011-07-20 20:00:00,175.6969503618062
2011-07-20 21:00:00,142.31312917894402
2011-07-20 22:00:00,108.78879264991559
2011-07-20 23:00:00,71.40957856364295
2011-07-21 00:00:00,39.934069360959754
2011-07-21 01:00:00,20.477354233324284
2011-07-21 02:00:00,12.06720616956856
2011-07-21 03:00:00,7.340912232711755
2011-07-21 04:00:00,5.679027537849848
2011-07-21 05:00:00,16.471318980317438
2011-07-21 06:00:00,56.10853595827261
2011-07-21 07:00:00,210.3465089653946
2011-07-21 08:00:00,398.17532808831993
2011-07-21 09:00:00,283.2216182541193
2011-07-21 10:00:00,120.68406308136923
2011-07-21 11:00:00,138.08916871341057
2011-07-21 12:00:00,182.10258836851784
2011-07-21 13:00:00,179.40828077914148
2011-07-21 14:00:00,167.0793970005113
2011-07-21 15:00:00,178.7108418542133
2011-07-21 16:00:00,234.40888598944028
2011-07-21 17:00:00,535.7548676677475
2011-07-21 18:00:00,482.4742070743202
2011-07-21 19:00:00,381.0686341631247
2011-07-21 20:00:00,187.78367991939214
2011-07-21 21:00:00,141.83310870745476
2011-07-21 22:00:00,115.37460428476345
2011-07-21 23:00:00,77.85477370677391
2011-07-22 00:00:00,48.80256259518022
2011-07-22 01:00:00,27.268305003103603
2011-07-22 02:00:00,14.662948127582505
2011-07-22 03:00:00,8.812396781020018
2011-07-22 04:00:00,6.5601841622258
2011-07-22 05:00:00,18.589111641616906
2011-07-22 06:00:00,63.89681413824762
2011-07-22 07:00:00,243.9557660959031
2011-07-22 08:00:00,456.3162119910002
2011-07-22 09:00:00,356.0194613126287
2011-07-22 10:00:00,155.07402509525636
2011-07-22 11:00:00,178.3893670198907
2011-07-22 12:00:00,213.4192324284333
2011-07-22 13:00:00,204.92543686458657
2011-07-22 14:00:00,184.6367873128439
2011-07-22 15:00:00,193.4042225876296
2011-07-22 16:00:00,156.62668105438667
2011-07-22 17:00:00,615.6711150897169
2011-07-22 18:00:00,578.4040918087679
2011-07-22 19:00:00,461.0191754495831
2011-07-22 20:00:00,232.92659949070986
2011-07-22 21:00:00,173.14733465251624
2011-07-22 22:00:00,132.80112526523504
2011-07-22 23:00:00,87.34875468598467
2011-07-23 00:00:00,62.46669874243776
2011-07-23 01:00:00,33.15385437567871
2011-07-23 02:00:00,20.359300040475993
2011-07-23 03:00:00,11.135592119791475
2011-07-23 04:00:00,8.272160087081442
2011-07-23 05:00:00,23.45931196617132
2011-07-23 06:00:00,81.69834886196847
2011-07-23 07:00:00,91.89698081922056
2011-07-23 08:00:00,168.3947085443928
2011-07-23 09:00:00,124.5213539121058
2011-07-23 10:00:00,289.3009575637101
2011-07-23 11:00:00,336.0778738760725
2011-07-23 12:00:00,414.68307854174003
2011-07-23 13:00:00,398.69594059591435
2011-07-23 14:00:00,375.81437496310497
2011-07-23 15:00:00,407.17536279113796
2011-07-23 16:00:00,508.20783250077466
2011-07-23 17:00:00,323.7762727747197
2011-07-23 18:00:00,284.85417443500927
2011-07-23 19:00:00,142.4002034609048
2011-07-23 20:00:00,258.3672199245781
2011-07-23 21:00:00,198.87805890582942
2011-07-23 22:00:00,157.63625073314478
2011-07-23 23:00:00,108.31718516959617
2011-07-24 00:00:00,53.66644573973949
2011-07-24 01:00:00,28.080115631487526
2011-07-24 02:00:00,16.87930379541722
2011-07-24 03:00:00,9.934557788462234
2011-07-24 04:00:00,7.280924067678807
2011-07-24 05:00:00,20.746755466342282
2011-07-24 06:00:00,66.19607707442613
2011-07-24 07:00:00,79.10600880903846
2011-07-24 08:00:00,145.40131365234672
2011-07-24 09:00:00,102.0829236583098
2011-07-24 10:00:00,243.01216065754625
2011-07-24 11:00:00,278.0301244255374
2011-07-24 12:00:00,354.402328730976
2011-07-24 13:00:00,340.5581804628124
2011-07-24 14:00:00,305.47781528806763
2011-07-24 15:00:00,335.31398117932883
2011-07-24 16:00:00,433.6552809975291
2011-07-24 17:00:00,291.1901859100181
2011-07-24 18:00:00,258.58782485373945
2011-07-24 19:00:00,141.36145154671792
2011-07-24 20:00:00,244.59642254827997
2011-07-24 21:00:00,179.64834601685868
2011-07-24 22:00:00,145.07060624040662
2011-07-24 23:00:00,88.32453101313736
2011-07-25 00:00:00,40.09331177216505
2011-07-25 01:00:00,20.428192955127837
2011-07-25 02:00:00,11.913900006700516
2011-07-25 03:00:00,7.610440058613518
2011-07-25 04:00:00,5.681538721936752
2011-07-25 05:00:00,16.477887855494547
2011-07-25 06:00:00,52.65239277711893
2011-07-25 07:00:00,207.8669642253338
2011-07-25 08:00:00,395.4381374154748
2011-07-25 09:00:00,311.30481060717585
2011-07-25 10:00:00,134.6338572682905
2011-07-25 11:00:00,135.89741152058014
2011-07-25 12:00:00,165.00115335896626
2011-07-25 13:00:00,157.11661138076047
2011-07-25 14:00:00,148.92459971107377
2011-07-25 15:00:00,157.62151406808871
2011-07-25 16:00:00,213.0581318392425
2011-07-25 17:00:00,526.0271963049279
2011-07-25 18:00:00,442.8423825571027
2011-07-25 19:00:00,382.17327114668154
2011-07-25 20:00:00,192.62365956027662
2011-07-25 21:00:00,149.4337824372
2011-07-25 22:00:00,117.18756047979417
2011-07-25 23:00:00,76.69354905704456
2011-07-26 00:00:00,42.91886830752394
2011-07-26 01:00:00,22.901932153286808
2011-07-26 02:00:00,13.152075495095715
2011-07-26 03:00:00,7.587452292266635
2011-07-26 04:00:00,5.539693086948851
2011-07-26 05:00:00,14.221650766398541
2011-07-26 06:00:00,54.86307554314221
2011-07-26 07:00:00,227.20423325857624
2011-07-26 08:00:00,429.6881949952037
2011-07-26 09:00:00,324.3917171969513
2011-07-26 10:00:00,141.45766870343107
2011-07-26 11:00:00,171.17612951453594
2011-07-26 12:00:00,209.4644312205955
2011-07-26 13:00:00,186.96558001863508
2011-07-26 14:00:00,174.7192218482474
2011-07-26 15:00:00,184.35335527462243
2011-07-26 16:00:00,234.1867191140255
2011-07-26 17:00:00,519.9282402365973
2011-07-26 18:00:00,465.46143134608957
2011-07-26 19:00:00,397.2851837554061
2011-07-26 20:00:00,194.73147982473068
2011-07-26 21:00:00,149.36489129583566
2011-07-26 22:00:00,117.57391839058035
2011-07-26 23:00:00,78.37562241676198
2011-07-27 00:00:00,41.27358587682833
2011-07-27 01:00:00,23.52235053176923
2011-07-27 02:00:00,13.356061593670844
2011-07-27 03:00:00,8.436547641142992
2011-07-27 04:00:00,6.3147980581885585
2011-07-27 05:00:00,17.4842565552951
2011-07-27 06:00:00,60.376425502339295
2011-07-27 07:00:00,244.19406076118736
2011-07-27 08:00:00,444.35173013574627
2011-07-27 09:00:00,330.2212528765142
2011-07-27 10:00:00,149.8629458550946
2011-07-27 11:00:00,171.4026297165666
2011-07-27 12:00:00,194.01294769636323
2011-07-27 13:00:00,186.33046851778087
2011-07-27 14:00:00,179.32538113699533
2011-07-27 15:00:00,189.9701128389925
2011-07-27 16:00:00,253.56477764285788
2011-07-27 17:00:00,562.193354235007
2011-07-27 18:00:00,522.7311782932213
2011-07-27 19:00:00,443.3361919950928
2011-07-27 20:00:00,198.16151455102502
2011-07-27 21:00:00,155.6464589689889
2011-07-27 22:00:00,132.2782962060757
2011-07-27 23:00:00,82.89727786802733
2011-07-28 00:00:00,49.74954135265745
2011-07-28 01:00:00,27.6743815650041
2011-07-28 02:00:00,15.823188860696693
2011-07-28 03:00:00,9.575581873849742
2011-07-28 04:00:00,6.696533736953561
2011-07-28 05:00:00,18.896856779776005
2011-07-28 06:00:00,63.336742011133765
2011-07-28 07:00:00,247.45070051831252
2011-07-28 08:00:00,445.6195487160188
2011-07-28 09:00:00,326.36474058629386
2011-07-28 10:00:00,136.02592214316823
2011-07-28 11:00:00,153.17260285901807
2011-07-28 12:00:00,189.94900936348313
2011-07-28 13:00:00,190.2532039944846
2011-07-28 14:00:00,163.57581536682716
2011-07-28 15:00:00,186.50115747717325
2011-07-28 16:00:00,246.50666405039607
2011-07-28 17:00:00,540.4095213019372
2011-07-28 18:00:00,482.6797811799571
2011-07-28 19:00:00,408.5689054409576
2011-07-28 20:00:00,197.33148106115857
2011-07-28 21:00:00,147.30311339639047
2011-07-28 22:00:00,115.32268548925104
2011-07-28 23:00:00,77.02228434921635
2011-07-29 00:00:00,46.56784430160396
2011-07-29 01:00:00,25.09234964374308
2011-07-29 02:00:00,15.4462505935775
2011-07-29 03:00:00,9.058136467545157
2011-07-29 04:00:00,6.713634135755411
2011-07-29 05:00:00,19.90370392630791
2011-07-29 06:00:00,63.16872237787577
2011-07-29 07:00:00,237.29767740436145
2011-07-29 08:00:00,455.30005281060096
2011-07-29 09:00:00,367.12293658064533
2011-07-29 10:00:00,155.63027160715032
2011-07-29 11:00:00,176.5057411204544
2011-07-29 12:00:00,224.84869080240082
2011-07-29 13:00:00,237.43660161185701
2011-07-29 14:00:00,206.7791090038721
2011-07-29 15:00:00,217.27691184240288
2011-07-29 16:00:00,271.29812926555275
2011-07-29 17:00:00,628.7662277090474
2011-07-29 18:00:00,550.1851359244195
2011-07-29 19:00:00,472.1727395124244
2011-07-29 20:00:00,226.7561953161689
2011-07-29 21:00:00,178.8111096963152
2011-07-29 22:00:00,136.54599618751797
2011-07-29 23:00:00,93.90793091866233
2011-07-30 00:00:00,59.901766319972836
2011-07-30 01:00:00,33.06792300969932
2011-07-30 02:00:00,19.646403486251305
2011-07-30 03:00:00,11.150017603308344
2011-07-30 04:00:00,8.681685273012945
2011-07-30 05:00:00,23.25446594085755
2011-07-30 06:00:00,77.97030953310487
2011-07-30 07:00:00,85.30508107776376
2011-07-30 08:00:00,163.70268232377353
2011-07-30 09:00:00,121.51839705873627
2011-07-30 10:00:00,283.69886715811685
2011-07-30 11:00:00,337.8978842975143
2011-07-30 12:00:00,419.95502474821234
2011-07-30 13:00:00,434.3726740165576
2011-07-30 14:00:00,400.2390604366846
2011-07-30 15:00:00,404.8642741799429
2011-07-30 16:00:00,519.6948636039606
2011-07-30 17:00:00,339.6900668248436
2011-07-30 18:00:00,304.2312690406267
2011-07-30 19:00:00,162.9499059147319
2011-07-30 20:00:00,282.3745628233806
2011-07-30 21:00:00,210.46859136998498
2011-07-30 22:00:00,166.6668612026819
2011-07-30 23:00:00,111.05270421925549
2011-07-31 00:00:00,55.03440177946211
2011-07-31 01:00:00,28.80868070376221
2011-07-31 02:00:00,16.843803919713775
2011-07-31 03:00:00,10.173267175753216
2011-07-31 04:00:00,7.9431054362739
2011-07-31 05:00:00,22.46289517616337
2011-07-31 06:00:00,71.25616435921643
2011-07-31 07:00:00,79.89563621124742
2011-07-31 08:00:00,149.1859288722003
2011-07-31 09:00:00,116.33914479106035
2011-07-31 10:00:00,268.70861983092016
2011-07-31 11:00:00,314.1192875875244
2011-07-31 12:00:00,383.1458710851857
2011-07-31 13:00:00,381.600351088066
2011-07-31 14:00:00,349.6409393925198
2011-07-31 15:00:00,366.1727038522405
2011-07-31 16:00:00,476.8091108611493
2011-07-31 17:00:00,314.40819728630527
2011-07-31 18:00:00,251.8771796994037
2011-07-31 19:00:00,131.3018981939401
2011-07-31 20:00:00,229.0903098129939
2011-07-31 21:00:00,175.24415963567293
2011-07-31 22:00:00,133.06161826878596
2011-07-31 23:00:00,92.11302014781425
2011-08-20 00:00:00,53.31910129320402
2011-08-20 01:00:00,28.211121865541383
2011-08-20 02:00:00,16.956957856676894
2011-08-20 03:00:00,9.982049169003018
2011-08-20 04:00:00,6.905729140554344
2011-08-20 05:00:00,21.249084235327103
2011-08-20 06:00:00,64.9265784098778
2011-08-20 07:00:00,78.27149406802427
2011-08-20 08:00:00,177.67081199622578
2011-08-20 09:00:00,130.41145414435263
2011-08-20 10:00:00,292.3482880454637
2011-08-20 11:00:00,346.4120216586839
2011-08-20 12:00:00,383.2558122840509
2011-08-20 13:00:00,378.78278057748514
2011-08-20 14:00:00,350.4623625129981
2011-08-20 15:00:00,379.44974528171747
2011-08-20 16:00:00,486.3657038573935
2011-08-20 17:00:00,305.7470689695643
2011-08-20 18:00:00,266.1689930811285
2011-08-20 19:00:00,148.94106526590295
2011-08-20 20:00:00,257.7229740977174
2011-08-20 21:00:00,204.1662084506266
2011-08-20 22:00:00,149.45640602089728
2011-08-20 23:00:00,108.5381631939761
2011-08-21 00:00:00,52.92294230770721
2011-08-21 01:00:00,27.755883567712665
2011-08-21 02:00:00,16.633825154471793
2011-08-21 03:00:00,9.59861722816383
2011-08-21 04:00:00,7.092565579139745
2011-08-21 05:00:00,16.845622447173305
2011-08-21 06:00:00,57.56123732420455
2011-08-21 07:00:00,74.62142918671357
2011-08-21 08:00:00,145.3787498402763
2011-08-21 09:00:00,106.26943705212449
2011-08-21 10:00:00,228.25954844900423
2011-08-21 11:00:00,264.7124227355027
2011-08-21 12:00:00,325.7321978231169
2011-08-21 13:00:00,308.0134530901276
2011-08-21 14:00:00,167.50401710151104
2011-08-21 15:00:00,306.8662733170386
2011-08-21 16:00:00,414.7397751373176
2011-08-21 17:00:00,266.25672713830306
2011-08-21 18:00:00,235.3232688410691
2011-08-21 19:00:00,134.9590352603007
2011-08-21 20:00:00,228.75880780837377
2011-08-21 21:00:00,176.06071158340492
2011-08-21 22:00:00,131.70817653166148
2011-08-21 23:00:00,96.28335835995041
2011-08-22 00:00:00,42.17038772338563
2011-08-22 01:00:00,22.96046808117597
2011-08-22 02:00:00,13.242655706135444
2011-08-22 03:00:00,4.401473214576704
2011-08-22 04:00:00,5.917913691859042
2011-08-22 05:00:00,16.29376995958071
2011-08-22 06:00:00,57.10485801693493
2011-08-22 07:00:00,226.5601990523392
2011-08-22 08:00:00,426.8306409418785
2011-08-22 09:00:00,322.06635708359744
2011-08-22 10:00:00,137.18507637249942
2011-08-22 11:00:00,161.40709015851846
2011-08-22 12:00:00,182.46307442584103
2011-08-22 13:00:00,177.47166416305302
2011-08-22 14:00:00,167.12483114063454
2011-08-22 15:00:00,181.2578837280214
2011-08-22 16:00:00,229.06165550249204
2011-08-22 17:00:00,531.602831725682
2011-08-22 18:00:00,513.5576481643513
2011-08-22 19:00:00,434.2677668056596
2011-08-22 20:00:00,213.394479077931
2011-08-22 21:00:00,161.21015476280382
2011-08-22 22:00:00,122.98213215833525
2011-08-22 23:00:00,82.143953241999
2011-08-23 00:00:00,46.79620932281783
2011-08-23 01:00:00,21.562052008133183
2011-08-23 02:00:00,12.577189145392065
2011-08-23 03:00:00,7.109953564519323
2011-08-23 04:00:00,5.315864327732562
2011-08-23 05:00:00,15.3922599042841
2011-08-23 06:00:00,51.95305281133548
2011-08-23 07:00:00,244.61945123702378
2011-08-23 08:00:00,446.01667367156375
2011-08-23 09:00:00,332.6725009574133
2011-08-23 10:00:00,153.63698065899862
2011-08-23 11:00:00,171.06074699442092
2011-08-23 12:00:00,205.39393443677156
2011-08-23 13:00:00,205.82641893961406
2011-08-23 14:00:00,190.7981129667185
2011-08-23 15:00:00,192.72325513331222
2011-08-23 16:00:00,256.86090269316475
2011-08-23 17:00:00,564.554399005986
2011-08-23 18:00:00,519.1380387974328
2011-08-23 19:00:00,412.6168327422516
2011-08-23 20:00:00,197.43389809485348
2011-08-23 21:00:00,159.50205471206414
2011-08-23 22:00:00,120.71812086048556
2011-08-23 23:00:00,80.32213632631864
2011-08-24 00:00:00,45.062210752884184
2011-08-24 01:00:00,24.60629483841564
2011-08-24 02:00:00,12.269745322289419
2011-08-24 03:00:00,7.115461246424001
2011-08-24 04:00:00,5.154849610070087
2011-08-24 05:00:00,15.100149341207047
2011-08-24 06:00:00,53.09418341611507
2011-08-24 07:00:00,243.17374632455312
2011-08-24 08:00:00,438.16356944232507
2011-08-24 09:00:00,309.0468212645968
2011-08-24 10:00:00,134.16679215798766
2011-08-24 11:00:00,153.77103273951766
2011-08-24 12:00:00,174.43586918564492
2011-08-24 13:00:00,171.1312819454435
2011-08-24 14:00:00,157.99918960169654
2011-08-24 15:00:00,166.02804621441004
2011-08-24 16:00:00,213.06714367857916
2011-08-24 17:00:00,490.2096307215522
2011-08-24 18:00:00,449.3465426371809
2011-08-24 19:00:00,381.53283341055305
2011-08-24 20:00:00,196.03516608891323
2011-08-24 21:00:00,146.84233707907927
2011-08-24 22:00:00,113.78946981072491
2011-08-24 23:00:00,76.39580606897007
2011-08-25 00:00:00,44.191139539955316
2011-08-25 01:00:00,23.377939392900778
2011-08-25 02:00:00,13.831974021363223
2011-08-25 03:00:00,8.060279072356542
2011-08-25 04:00:00,5.775566640806188
2011-08-25 05:00:00,16.327970792415243
2011-08-25 06:00:00,56.99008311665546
2011-08-25 07:00:00,216.02529133154462
2011-08-25 08:00:00,415.40377843862024
2011-08-25 09:00:00,304.60886815412397
2011-08-25 10:00:00,122.4949921728575
2011-08-25 11:00:00,95.18981061759773
2011-08-25 12:00:00,115.6393091479403
2011-08-25 13:00:00,187.99132861095927
2011-08-25 14:00:00,169.63103008818211
2011-08-25 15:00:00,172.51075107786295
2011-08-25 16:00:00,239.33459170884842
2011-08-25 17:00:00,541.8862876908048
2011-08-25 18:00:00,448.0640770792712
2011-08-25 19:00:00,372.10244089922884
2011-08-25 20:00:00,166.88638437203986
2011-08-25 21:00:00,130.94501676853565
2011-08-25 22:00:00,108.82280489854162
2011-08-25 23:00:00,71.19476775160133
2011-08-26 00:00:00,42.572710368771354
2011-08-26 01:00:00,23.5667776193473
2011-08-26 02:00:00,13.280011846372043
2011-08-26 03:00:00,7.999982294649261
2011-08-26 04:00:00,5.924063284670351
2011-08-26 05:00:00,16.00976448354115
2011-08-26 06:00:00,58.20369617120175
2011-08-26 07:00:00,236.67461801473033
2011-08-26 08:00:00,498.001589951017
2011-08-26 09:00:00,378.468141571206
2011-08-26 10:00:00,150.87307968031908
2011-08-26 11:00:00,166.8739624774986
2011-08-26 12:00:00,193.84829218961218
2011-08-26 13:00:00,193.87104535280244
2011-08-26 14:00:00,195.56666541573875
2011-08-26 15:00:00,184.7252720485435
2011-08-26 16:00:00,258.9726236580363
2011-08-26 17:00:00,541.6582316344726
2011-08-26 18:00:00,478.87279493361706
2011-08-26 19:00:00,455.1568310842777
2011-08-26 20:00:00,223.87764070194922
2011-08-26 21:00:00,168.9295205790891
2011-08-26 22:00:00,134.61867458123905
2011-08-26 23:00:00,89.50386700264569
2011-08-27 00:00:00,58.883257187057374
2011-08-27 01:00:00,31.082116584690752
2011-08-27 02:00:00,18.36683070012665
2011-08-27 03:00:00,10.036113006160049
2011-08-27 04:00:00,7.4459057093827745
2011-08-27 05:00:00,20.663628877975434
2011-08-27 06:00:00,69.81194786485743
2011-08-27 07:00:00,76.69277106587921
2011-08-27 08:00:00,149.1417670632042
2011-08-27 09:00:00,103.06843088514171
2011-08-27 10:00:00,236.92948530871308
2011-08-27 11:00:00,144.2607158484086
2011-08-27 12:00:00,200.358118380514
2011-08-27 13:00:00,201.32389532460914
2011-08-27 14:00:00,152.19708297951937
2011-08-27 15:00:00,161.20447697943916
2011-08-27 16:00:00,210.2853062072128
2011-08-27 17:00:00,123.0891904914434
2011-08-28 07:00:00,36.90218398987346
2011-08-28 08:00:00,69.1480407056619
2011-08-28 09:00:00,101.17809498525038
2011-08-28 10:00:00,229.96585843133852
2011-08-28 11:00:00,279.18443240632126
2011-08-28 12:00:00,328.9032526234394
2011-08-28 13:00:00,330.56934300128995
2011-08-28 14:00:00,302.9310750349873
2011-08-28 15:00:00,325.89758906334527
2011-08-28 16:00:00,427.845130486826
2011-08-28 17:00:00,274.5746708304464
2011-08-28 18:00:00,253.38443418795876
2011-08-28 19:00:00,150.55205054704481
2011-08-28 20:00:00,266.0979506821505
2011-08-28 21:00:00,191.70355543634432
2011-08-28 22:00:00,147.70828743292964
2011-08-28 23:00:00,84.79402801322763
2011-08-29 00:00:00,37.549196982390725
2011-08-29 01:00:00,20.610012821641554
2011-08-29 02:00:00,11.841811699466751
2011-08-29 03:00:00,7.040954563688878
2011-08-29 04:00:00,5.151743356072336
2011-08-29 05:00:00,14.856477467848908
2011-08-29 06:00:00,50.83010021534939
2011-08-29 07:00:00,235.730169047757
2011-08-29 08:00:00,434.7216035732406
2011-08-29 09:00:00,318.09451609224476
2011-08-29 10:00:00,139.1834813781213
2011-08-29 11:00:00,160.43307284795483
2011-08-29 12:00:00,184.86768357620727
2011-08-29 13:00:00,192.81349229811607
2011-08-29 14:00:00,187.952190028676
2011-08-29 15:00:00,190.59963150494923
2011-08-29 16:00:00,247.1622691188828
2011-08-29 17:00:00,508.5465742133066
2011-08-29 18:00:00,485.9543858935284
2011-08-29 19:00:00,412.62822480380294
2011-08-29 20:00:00,201.96565911194017
2011-08-29 21:00:00,154.1908743223316
2011-08-29 22:00:00,120.59934855693083
2011-08-29 23:00:00,82.92857831921786
2011-08-30 00:00:00,38.15197770890308
2011-08-30 01:00:00,20.794451615812964
2011-08-30 02:00:00,12.037757908652333
2011-08-30 03:00:00,6.7879444091998975
2011-08-30 04:00:00,4.86186602382494
2011-08-30 05:00:00,14.637806223380528
2011-08-30 06:00:00,51.17607615624782
2011-08-30 07:00:00,206.83165857246826
2011-08-30 08:00:00,449.07161592253846
2011-08-30 09:00:00,328.0917447235725
2011-08-30 10:00:00,143.92987191350397
2011-08-30 11:00:00,165.93591644944837
2011-08-30 12:00:00,212.03044559606533
2011-08-30 13:00:00,192.4349446028804
2011-08-30 14:00:00,175.93239318163754
2011-08-30 15:00:00,182.3301277883885
2011-08-30 16:00:00,238.27458349160082
2011-08-30 17:00:00,555.7316490747183
2011-08-30 18:00:00,505.40186398114673
2011-08-30 19:00:00,427.4991407597644
2011-08-30 20:00:00,214.43733092608616
2011-08-30 21:00:00,153.80178804322244
2011-08-30 22:00:00,124.17143077574511
2011-08-30 23:00:00,83.24818039813859
2011-08-31 00:00:00,40.118310049262305
2011-08-31 01:00:00,21.377786471490417
2011-08-31 02:00:00,12.517054550701257
2011-08-31 03:00:00,7.14570605178068
2011-08-31 04:00:00,5.326489282402912
2011-08-31 05:00:00,14.659726218365508
2011-08-31 06:00:00,52.34409644721928
2011-08-31 07:00:00,209.36988847431743
2011-08-31 08:00:00,453.9650721693277
2011-08-31 09:00:00,322.73186825189566
2011-08-31 10:00:00,146.88171724695798
2011-08-31 11:00:00,167.1755600207609
2011-08-31 12:00:00,191.1306805879548
2011-08-31 13:00:00,192.53794779594756
2011-08-31 14:00:00,174.81359232038142
2011-08-31 15:00:00,185.15074930647535
2011-08-31 16:00:00,237.10533833130273
2011-08-31 17:00:00,563.1837703421205
2011-08-31 18:00:00,489.74702083974927
2011-08-31 19:00:00,397.8244341907885
2011-08-31 20:00:00,204.02010636800495
2011-08-31 21:00:00,156.9912219147145
2011-08-31 22:00:00,122.85515978397557
2011-08-31 23:00:00,69.03945425210071
2011-09-20 00:00:00,36.51897712591217
2011-09-20 01:00:00,18.493057146265407
2011-09-20 02:00:00,10.859924357452197
2011-09-20 03:00:00,6.246231790560161
2011-09-20 04:00:00,4.864505480570322
2011-09-20 05:00:00,13.406837854557036
2011-09-20 06:00:00,46.09166025695358
2011-09-20 07:00:00,186.34932522736347
2011-09-20 08:00:00,210.24640650368698
2011-09-20 09:00:00,153.09297309506613
2011-09-20 10:00:00,66.48299733149463
2011-09-20 11:00:00,75.50076285715654
2011-09-20 12:00:00,144.8209224718478
2011-09-20 13:00:00,142.67520502674523
2011-09-20 14:00:00,132.261815426908
2011-09-20 15:00:00,144.1802517037934
2011-09-20 16:00:00,185.92591751442635
2011-09-20 17:00:00,455.73213264920685
2011-09-20 18:00:00,415.76184034420976
2011-09-20 19:00:00,356.7751446239113
2011-09-20 20:00:00,171.23681532898956
2011-09-20 21:00:00,131.73211753625284
2011-09-20 22:00:00,103.28033460819107
2011-09-20 23:00:00,69.1871696089258
2011-09-21 00:00:00,37.6870992950469
2011-09-21 01:00:00,20.43052350773948
2011-09-21 02:00:00,12.038713519140616
2011-09-21 03:00:00,6.314220616253222
2011-09-21 04:00:00,4.435052860424235
2011-09-21 05:00:00,13.105821389420788
2011-09-21 06:00:00,44.747492488025784
2011-09-21 07:00:00,179.5797327149551
2011-09-21 08:00:00,346.596405110275
2011-09-21 09:00:00,252.10843270513945
2011-09-21 10:00:00,113.46440274003614
2011-09-21 11:00:00,121.79651430592186
2011-09-21 12:00:00,153.44518913540693
2011-09-21 13:00:00,170.95035470535686
2011-09-21 14:00:00,156.5911279284525
2011-09-21 15:00:00,169.83419085866106
2011-09-21 16:00:00,219.78767873781385
2011-09-21 17:00:00,305.8458130035516
2011-09-21 18:00:00,237.58985892006248
2011-09-21 19:00:00,204.32784058542134
2011-09-21 20:00:00,99.82697161929121
2011-09-21 21:00:00,120.77976633409688
2011-09-21 22:00:00,96.67335425814284
2011-09-21 23:00:00,68.94415573817658
2011-09-22 00:00:00,40.44682336112763
2011-09-22 01:00:00,20.266750777917128
2011-09-22 02:00:00,11.888426373319462
2011-09-22 03:00:00,6.913228841367104
2011-09-22 04:00:00,5.055971392613488
2011-09-22 05:00:00,14.779493682909052
2011-09-22 06:00:00,48.97345375755619
2011-09-22 07:00:00,197.8142441713241
2011-09-22 08:00:00,366.9584716469533
2011-09-22 09:00:00,262.45832309543545
2011-09-22 10:00:00,110.85783963340118
2011-09-22 11:00:00,126.80730578899392
2011-09-22 12:00:00,181.49525948562413
2011-09-22 13:00:00,176.0065353694281
2011-09-22 14:00:00,161.2208073360219
2011-09-22 15:00:00,175.1461932964718
2011-09-22 16:00:00,231.8601131596831
2011-09-22 17:00:00,526.1900803061782
2011-09-22 18:00:00,410.33680644600713
2011-09-22 19:00:00,343.61797220403133
2011-09-22 20:00:00,164.17575234771397
2011-09-22 21:00:00,129.41178588164917
2011-09-22 22:00:00,99.30050320097833
2011-09-22 23:00:00,68.73162514040031
2011-09-23 00:00:00,40.591649740316896
2011-09-23 01:00:00,22.243294503150413
2011-09-23 02:00:00,12.757968701402326
2011-09-23 03:00:00,7.6486887607535845
2011-09-23 04:00:00,3.1367322144660212
2011-09-23 05:00:00,16.263357679572756
2011-09-23 06:00:00,54.11356213085098
2011-09-23 07:00:00,133.37782683124487
2011-09-23 08:00:00,251.6406288138518
2011-09-23 09:00:00,180.24291474073752
2011-09-23 10:00:00,76.20206723304264
2011-09-23 11:00:00,86.51859388321634
2011-09-23 12:00:00,106.06448716953368
2011-09-23 13:00:00,104.38051892187327
2011-09-23 14:00:00,96.34091862334864
2011-09-23 15:00:00,101.36159000412246
2011-09-23 16:00:00,134.98230319030617
2011-09-23 17:00:00,491.90756003085215
2011-09-23 18:00:00,477.9244912362947
2011-09-23 19:00:00,390.5341358213359
2011-09-23 20:00:00,203.56928483286447
2011-09-23 21:00:00,146.4342039162605
2011-09-23 22:00:00,117.6170871009928
2011-09-23 23:00:00,72.10423766848045
2011-09-24 00:00:00,51.320135219625236
2011-09-24 01:00:00,26.218255268448193
2011-09-24 02:00:00,15.560072963591832
2011-09-24 03:00:00,10.041553329767897
2011-09-24 04:00:00,7.203262596675605
2011-09-24 05:00:00,19.152265949824756
2011-09-24 06:00:00,64.87175278138788
2011-09-24 07:00:00,73.72781852795302
2011-09-24 08:00:00,139.5166645815844
2011-09-24 09:00:00,101.97669076160426
2011-09-24 10:00:00,233.73902567148417
2011-09-24 11:00:00,261.9483752165953
2011-09-24 12:00:00,317.8499554154029
2011-09-24 13:00:00,344.61517166520883
2011-09-24 14:00:00,335.1344356662284
2011-09-24 15:00:00,354.897836118123
2011-09-24 16:00:00,399.7033541032342
2011-09-24 17:00:00,313.84457235720305
2011-09-24 18:00:00,246.3492246479884
2011-09-24 19:00:00,137.00073793032712
2011-09-24 20:00:00,241.484231207678
2011-09-24 21:00:00,181.5119968504815
2011-09-24 22:00:00,135.46299688693202
2011-09-24 23:00:00,90.72424464430537
2011-09-25 00:00:00,45.963306130978
2011-09-25 01:00:00,23.86538571289617
2011-09-25 02:00:00,8.633637578813474
2011-09-25 03:00:00,4.891704063199467
2011-09-25 04:00:00,3.352304411343076
2011-09-25 05:00:00,18.80016135009737
2011-09-25 06:00:00,59.54324105893809
2011-09-25 07:00:00,65.36335704998919
2011-09-25 08:00:00,126.53484876154052
2011-09-25 09:00:00,92.87462787537072
2011-09-25 10:00:00,212.99054989786094
2011-09-25 11:00:00,271.77657648036586
2011-09-25 12:00:00,341.6689028790033
2011-09-25 13:00:00,337.1807787937571
2011-09-25 14:00:00,308.4239567156876
2011-09-25 15:00:00,326.61688465495445
2011-09-25 16:00:00,460.5681145701032
2011-09-25 17:00:00,289.30920878151557
2011-09-25 18:00:00,263.9031926413248
2011-09-25 19:00:00,120.26986140816128
2011-09-25 20:00:00,212.40017167636753
2011-09-25 21:00:00,158.56923917386504
2011-09-25 22:00:00,126.03954268407449
2011-09-25 23:00:00,77.93188670128353
2011-09-26 00:00:00,35.45491518426518
2011-09-26 01:00:00,18.559420522345246
2011-09-26 02:00:00,10.900301021538612
2011-09-26 03:00:00,6.382280523986153
2011-09-26 04:00:00,4.517959554600442
2011-09-26 05:00:00,13.976021230063134
2011-09-26 06:00:00,46.18090917493645
2011-09-26 07:00:00,189.68219296108052
2011-09-26 08:00:00,357.49715886378993
2011-09-26 09:00:00,248.63625848278463
2011-09-26 10:00:00,104.50405132964242
2011-09-26 11:00:00,148.03956907782592
2011-09-26 12:00:00,171.4116224238276
2011-09-26 13:00:00,169.6559972805559
2011-09-26 14:00:00,169.6039670620008
2011-09-26 15:00:00,184.98271008065453
2011-09-26 16:00:00,235.92203702634188
2011-09-26 17:00:00,530.5106171028536
2011-09-26 18:00:00,469.48577064441054
2011-09-26 19:00:00,401.39481676552236
2011-09-26 20:00:00,165.65456799310832
2011-09-26 21:00:00,127.43022941734316
2011-09-26 22:00:00,98.6512540959775
2011-09-26 23:00:00,66.0715096883392
2011-09-27 00:00:00,36.50623919439182
2011-09-27 01:00:00,19.251982192273065
2011-09-27 02:00:00,11.516813185064931
2011-09-27 03:00:00,6.389491174978337
2011-09-27 04:00:00,2.452069681785319
2011-09-27 05:00:00,8.030088618585074
2011-09-27 06:00:00,46.04214174857297
2011-09-27 07:00:00,184.69012029500465
2011-09-27 08:00:00,352.4884765040283
2011-09-27 09:00:00,155.17398983366496
2011-09-27 10:00:00,64.84256754250421
2011-09-27 11:00:00,121.83899735563206
2011-09-27 12:00:00,146.79022564256815
2011-09-27 13:00:00,167.15944884983534
2011-09-27 14:00:00,157.3047844982428
2011-09-27 15:00:00,165.29777147613913
2011-09-27 16:00:00,208.57797411789588
2011-09-27 17:00:00,405.07443697026304
2011-09-27 18:00:00,365.83700324500484
2011-09-27 19:00:00,318.0341273422422
2011-09-27 20:00:00,175.5622432325464
2011-09-27 21:00:00,136.700044953211
2011-09-27 22:00:00,103.57690638883035
2011-09-27 23:00:00,69.38678091576679
2011-09-28 00:00:00,39.51981469410118
2011-09-28 01:00:00,21.052067801488445
2011-09-28 02:00:00,11.550209937899607
2011-09-28 03:00:00,6.460283885042988
2011-09-28 04:00:00,5.279600167810243
2011-09-28 05:00:00,14.291145598416017
2011-09-28 06:00:00,28.91732822338944
2011-09-28 07:00:00,117.0930984477306
2011-09-28 08:00:00,211.80688096594514
2011-09-28 09:00:00,153.01845103980966
2011-09-28 10:00:00,109.47170198384819
2011-09-28 11:00:00,143.13239984698475
2011-09-28 12:00:00,180.3647618778406
2011-09-28 13:00:00,177.8063021967572
2011-09-28 14:00:00,170.48591696114474
2011-09-28 15:00:00,182.41552244970015
2011-09-28 16:00:00,232.35217615710948
2011-09-28 17:00:00,521.9818210948604
2011-09-28 18:00:00,266.4916106305098
2011-09-28 19:00:00,226.21241097764644
2011-09-28 20:00:00,96.57921866142718
2011-09-28 21:00:00,74.30882460378987
2011-09-28 22:00:00,104.251566829404
2011-09-28 23:00:00,68.39768968912063
2011-09-29 00:00:00,39.4818694569474
2011-09-29 01:00:00,19.204338177207482
2011-09-29 02:00:00,11.292680449047603
2011-09-29 03:00:00,6.6987430523514915
2011-09-29 04:00:00,4.9440048566196495
2011-09-29 05:00:00,14.91923905730361
2011-09-29 06:00:00,51.23972092960919
2011-09-29 07:00:00,216.00418873667203
2011-09-29 08:00:00,426.0492973062249
2011-09-29 09:00:00,284.67918423787376
2011-09-29 10:00:00,145.93487293844402
2011-09-29 11:00:00,166.43915099483138
2011-09-29 12:00:00,205.434736972977
2011-09-29 13:00:00,197.9106604321722
2011-09-29 14:00:00,184.7147909200093
2011-09-29 15:00:00,194.47960692751715
2011-09-29 16:00:00,256.6573338803826
2011-09-29 17:00:00,578.6239267738055
2011-09-29 18:00:00,544.4092210901778
2011-09-29 19:00:00,463.308423993513
2011-09-29 20:00:00,229.05291090755605
2011-09-29 21:00:00,157.84206884410494
2011-09-29 22:00:00,119.19713662154129
2011-09-29 23:00:00,74.51542022874068
2011-09-30 00:00:00,44.30742511721266
2011-09-30 01:00:00,24.196441131219462
2011-09-30 02:00:00,14.00213996561507
2011-09-30 03:00:00,8.174952687288826
2011-09-30 04:00:00,5.858090834651884
2011-09-30 05:00:00,16.939721297625855
2011-09-30 06:00:00,57.17992739268706
2011-09-30 07:00:00,228.65446118597333
2011-09-30 08:00:00,454.6985355914368
2011-09-30 09:00:00,328.2339809654777
2011-09-30 10:00:00,170.44741975783322
2011-09-30 11:00:00,189.7796966580613
2011-09-30 12:00:00,210.36785295975295
2011-09-30 13:00:00,205.77128488335217
2011-09-30 14:00:00,190.24088817907946
2011-09-30 15:00:00,213.55029599531122
2011-09-30 16:00:00,276.36306155333847
2011-09-30 17:00:00,630.4792165700344
2011-09-30 18:00:00,500.8358433510855
2011-09-30 19:00:00,428.04150514255406
2011-09-30 20:00:00,209.68236795930022
2011-09-30 21:00:00,161.69629933840605
2011-09-30 22:00:00,122.37889778106964
2011-09-30 23:00:00,82.04169388464979
2011-10-20 00:00:00,41.01839403856116
2011-10-20 01:00:00,21.91299134589327
2011-10-20 02:00:00,12.61575201952538
2011-10-20 03:00:00,7.300497491588947
2011-10-20 04:00:00,5.352346982655741
2011-10-20 05:00:00,14.122324153970471
2011-10-20 06:00:00,47.45072096121411
2011-10-20 07:00:00,191.15856124367892
2011-10-20 08:00:00,364.631886537874
2011-10-20 09:00:00,259.49949023592154
2011-10-20 10:00:00,116.03276578615534
2011-10-20 11:00:00,130.91763954945654
2011-10-20 12:00:00,162.2992818392262
2011-10-20 13:00:00,178.0688187596351
2011-10-20 14:00:00,136.39847400199326
2011-10-20 15:00:00,147.21282272672335
2011-10-20 16:00:00,190.55161460673892
2011-10-20 17:00:00,442.4503965397683
2011-10-20 18:00:00,408.77254605635954
2011-10-20 19:00:00,363.8510992174512
2011-10-20 20:00:00,168.5804468250642
2011-10-20 21:00:00,138.95157989318184
2011-10-20 22:00:00,108.09035321593207
2011-10-20 23:00:00,72.19589393849428
2011-10-21 00:00:00,43.07993999277024
2011-10-21 01:00:00,23.178496022017605
2011-10-21 02:00:00,12.876697770278927
2011-10-21 03:00:00,6.935825734319158
2011-10-21 04:00:00,5.0256563745266964
2011-10-21 05:00:00,14.377230647244836
2011-10-21 06:00:00,50.5219336627607
2011-10-21 07:00:00,202.37326711872143
2011-10-21 08:00:00,439.3468470495326
2011-10-21 09:00:00,307.31543377262005
2011-10-21 10:00:00,140.13962861204664
2011-10-21 11:00:00,180.4607173793091
2011-10-21 12:00:00,214.76003910898956
2011-10-21 13:00:00,182.64599614381973
2011-10-21 14:00:00,195.97946077226268
2011-10-21 15:00:00,206.09318346161623
2011-10-21 16:00:00,268.7638141276285
2011-10-21 17:00:00,495.7233469376268
2011-10-21 18:00:00,447.28843827411595
2011-10-21 19:00:00,366.54984241131876
2011-10-21 20:00:00,187.45806413972764
2011-10-21 21:00:00,153.92187258701247
2011-10-21 22:00:00,122.1579051614706
2011-10-21 23:00:00,78.52541933508066
2011-10-22 00:00:00,52.24334192526563
2011-10-22 01:00:00,27.97658330813437
2011-10-22 02:00:00,16.35501000046514
2011-10-22 03:00:00,9.952771553419616
2011-10-22 04:00:00,6.875794251607446
2011-10-22 05:00:00,20.093514310245773
2011-10-22 06:00:00,62.402487138408624
2011-10-22 07:00:00,67.04394197312158
2011-10-22 08:00:00,150.50971062732583
2011-10-22 09:00:00,107.60495461138218
2011-10-22 10:00:00,234.53197836021158
2011-10-22 11:00:00,266.00616057849874
2011-10-22 12:00:00,353.0969005162306
2011-10-22 13:00:00,412.15980520741596
2011-10-22 14:00:00,295.52975725966144
2011-10-22 15:00:00,330.37019107857355
2011-10-22 16:00:00,495.23744254786754
2011-10-22 17:00:00,274.79941111527205
2011-10-22 18:00:00,253.84087733404843
2011-10-22 19:00:00,139.05586341208482
2011-10-22 20:00:00,242.05537503639258
2011-10-22 21:00:00,181.00658753230982
2011-10-22 22:00:00,141.99257934749963
2011-10-22 23:00:00,87.8459929442449
2011-10-23 00:00:00,39.85566295205772
2011-10-23 01:00:00,21.234846242391523
2011-10-23 02:00:00,12.243020236886252
2011-10-23 03:00:00,7.2557853918754045
2011-10-23 04:00:00,5.318128940665924
2011-10-23 05:00:00,15.491490160855278
2011-10-23 06:00:00,51.67736181120542
2011-10-23 07:00:00,58.068220394560576
2011-10-23 08:00:00,109.47964499010325
2011-10-23 09:00:00,95.71961339928374
2011-10-23 10:00:00,218.00992356347925
2011-10-23 11:00:00,242.7789978092776
2011-10-23 12:00:00,338.5732896154184
2011-10-23 13:00:00,340.94275571489476
2011-10-23 14:00:00,312.37955843835414
2011-10-23 15:00:00,339.0553778161455
2011-10-23 16:00:00,431.21605437070565
2011-10-23 17:00:00,271.9227503755837
2011-10-23 18:00:00,249.99931677669852
2011-10-23 19:00:00,120.99032381164523
2011-10-23 20:00:00,208.83524002193647
2011-10-23 21:00:00,160.70686672671943
2011-10-23 22:00:00,123.42835895047477
2011-10-23 23:00:00,81.44236014469331
2011-10-24 00:00:00,37.67927231051296
2011-10-24 01:00:00,18.978524763028034
2011-10-24 02:00:00,11.071683661339334
2011-10-24 03:00:00,6.521866642605271
2011-10-24 04:00:00,4.8938331926273175
2011-10-24 05:00:00,13.274474254673637
2011-10-24 06:00:00,47.30992341330248
2011-10-24 07:00:00,163.83563854598896
2011-10-24 08:00:00,330.1878807914268
2011-10-24 09:00:00,243.49759060622054
2011-10-24 10:00:00,100.1454635427238
2011-10-24 11:00:00,135.85421728902608
2011-10-24 12:00:00,169.94240350759745
2011-10-24 13:00:00,164.9467926316365
2011-10-24 14:00:00,153.49762981969798
2011-10-24 15:00:00,177.02458199885493
2011-10-24 16:00:00,224.11756762843058
2011-10-24 17:00:00,503.0838484198184
2011-10-24 18:00:00,481.59788993234025
2011-10-24 19:00:00,200.40572645728955
2011-10-24 20:00:00,162.9281371801739
2011-10-24 21:00:00,123.21420608141253
2011-10-24 22:00:00,98.74042092499622
2011-10-24 23:00:00,66.91474743102115
2011-10-25 00:00:00,36.45233108217392
2011-10-25 01:00:00,19.38265353834715
2011-10-25 02:00:00,11.193557022088227
2011-10-25 03:00:00,6.596049535348027
2011-10-25 04:00:00,4.272540237615407
2011-10-25 05:00:00,12.79216237781714
2011-10-25 06:00:00,45.11243627061862
2011-10-25 07:00:00,191.5839354353632
2011-10-25 08:00:00,386.22570897327836
2011-10-25 09:00:00,277.99742777798224
2011-10-25 10:00:00,132.70630060995776
2011-10-25 11:00:00,151.0463906064745
2011-10-25 12:00:00,187.01474965840316
2011-10-25 13:00:00,182.83187990159223
2011-10-25 14:00:00,173.37199883109867
2011-10-25 15:00:00,192.72533437921965
2011-10-25 16:00:00,243.54329944742545
2011-10-25 17:00:00,564.5604691428355
2011-10-25 18:00:00,500.02584380529214
2011-10-25 19:00:00,340.1377490721283
2011-10-25 20:00:00,170.14374615198565
2011-10-25 21:00:00,127.66477177253091
2011-10-25 22:00:00,100.20611947621313
2011-10-25 23:00:00,67.03640540599258
2011-10-26 00:00:00,36.65748535027357
2011-10-26 01:00:00,19.474479351889947
2011-10-26 02:00:00,11.753973789191772
2011-10-26 03:00:00,6.678420111742821
2011-10-26 04:00:00,4.749685085219996
2011-10-26 05:00:00,14.158734175605247
2011-10-26 06:00:00,48.549385293961315
2011-10-26 07:00:00,197.6846212584251
2011-10-26 08:00:00,351.9471731169298
2011-10-26 09:00:00,256.55587868955905
2011-10-26 10:00:00,121.60525587007332
2011-10-26 11:00:00,145.40608834931476
2011-10-26 12:00:00,109.88597219117952
2011-10-26 13:00:00,108.33908362244362
2011-10-26 14:00:00,154.6553430313968
2011-10-26 15:00:00,163.80727318312088
2011-10-26 16:00:00,207.03398641422325
2011-10-26 17:00:00,467.08386352349976
2011-10-26 18:00:00,446.7143006802321
2011-10-26 19:00:00,389.4452828679848
2011-10-26 20:00:00,187.36678275317414
2011-10-26 21:00:00,140.1224751698462
2011-10-26 22:00:00,91.61684495437189
2011-10-26 23:00:00,61.33691356937281
2011-10-27 00:00:00,38.48111042410577
2011-10-27 01:00:00,20.486774570002652
2011-10-27 02:00:00,6.673174126660182
2011-10-27 03:00:00,3.6927311526752353
2011-10-27 04:00:00,2.6632691324138884
2011-10-27 05:00:00,8.359209400926764
2011-10-27 06:00:00,35.009311826868284
2011-10-27 07:00:00,188.42011530656725
2011-10-27 08:00:00,219.8807608409509
2011-10-27 09:00:00,295.3688443581851
2011-10-27 10:00:00,75.30972799313594
2011-10-27 11:00:00,86.87707194184549
2011-10-27 12:00:00,105.55932156878072
2011-10-27 13:00:00,164.3638898423205
2011-10-27 14:00:00,161.21001357830994
2011-10-27 15:00:00,166.08777299460843
2011-10-27 16:00:00,221.21311630664488
2011-10-27 17:00:00,456.5642153570693
2011-10-27 18:00:00,374.1534343472303
2011-10-27 19:00:00,316.29369936796905
2011-10-27 20:00:00,163.25960712096506
2011-10-27 21:00:00,126.18206572475964
2011-10-27 22:00:00,87.83778241262188
2011-10-27 23:00:00,60.752726372329
2011-10-28 00:00:00,37.62834953531101
2011-10-28 01:00:00,19.977788473437165
2011-10-28 02:00:00,11.663210156213854
2011-10-28 03:00:00,5.820493277909417
2011-10-28 04:00:00,4.297242172636755
2011-10-28 05:00:00,12.271747570026967
2011-10-28 06:00:00,44.55406656665453
2011-10-28 07:00:00,178.81621980349846
2011-10-28 08:00:00,339.12462382537876
2011-10-28 09:00:00,282.9409815956747
2011-10-28 10:00:00,119.25907815419187
2011-10-28 11:00:00,137.85506827772966
2011-10-28 12:00:00,174.7086410932773
2011-10-28 13:00:00,167.09368653575083
2011-10-28 14:00:00,144.6205518701764
2011-10-28 15:00:00,152.81094078008488
2011-10-28 16:00:00,199.83595779736066
2011-10-28 17:00:00,450.88585636882715
2011-10-28 18:00:00,404.503779526036
2011-10-28 19:00:00,349.24908806005067
2011-10-28 20:00:00,100.8697403705082
2011-10-28 21:00:00,76.14893902574995
2011-10-28 22:00:00,50.80628896557561
2011-10-28 23:00:00,33.0068265596579
2011-10-29 00:00:00,21.32028104005161
2011-10-29 01:00:00,11.173699315296627
2011-10-29 02:00:00,6.406696237867782
2011-10-29 03:00:00,3.467981403960504
2011-10-29 04:00:00,2.4193333855917243
2011-10-29 05:00:00,7.771234364762321
2011-10-29 06:00:00,28.182385668219588
2011-10-29 07:00:00,31.525136950259608
2011-10-29 08:00:00,60.01008696264896
2011-10-29 09:00:00,43.15589876200949
2011-10-29 10:00:00,98.89640089613673
2011-10-29 11:00:00,110.48000334456783
2011-10-29 12:00:00,109.4373782386076
2011-10-29 13:00:00,106.11304632416648
2011-10-29 14:00:00,99.9032044983729
2011-10-29 15:00:00,120.84258234786299
2011-10-29 16:00:00,138.06527625759372
2011-10-29 17:00:00,87.69679375024009
2011-10-29 18:00:00,79.93461430350511
2011-10-29 19:00:00,85.80706530853612
2011-10-29 20:00:00,149.96884340630515
2011-10-29 21:00:00,115.34222468084114
2011-10-29 22:00:00,93.07041828051099
2011-10-29 23:00:00,62.531941213107906
2011-10-30 00:00:00,30.662177998990803
2011-10-30 01:00:00,16.096855254320367
2011-10-30 02:00:00,9.320490711876948
2011-10-30 03:00:00,5.45439302505761
2011-10-30 04:00:00,3.3891862670882604
2011-10-30 05:00:00,12.125692515061036
2011-10-30 06:00:00,42.21997455873676
2011-10-30 07:00:00,49.59086836721511
2011-10-30 08:00:00,99.68238389408667
2011-10-30 09:00:00,72.68981576257927
2011-10-30 10:00:00,196.3945483783307
2011-10-30 11:00:00,222.0960504796922
2011-10-30 12:00:00,291.1638633738781
2011-10-30 13:00:00,306.86799277126255
2011-10-30 14:00:00,290.51606628212966
2011-10-30 15:00:00,312.8510799625778
2011-10-30 16:00:00,411.4619477947979
2011-10-30 17:00:00,261.2382940251418
2011-10-30 18:00:00,205.9699852989265
2011-10-30 19:00:00,140.00600589207662
2011-10-30 20:00:00,194.64757594367313
2011-10-30 21:00:00,145.50631631225875
2011-10-30 22:00:00,110.84776429980303
2011-10-30 23:00:00,71.35087221492887
2011-10-31 00:00:00,31.508883070871278
2011-10-31 01:00:00,17.008131794720978
2011-10-31 02:00:00,7.805471864870009
2011-10-31 03:00:00,4.285832855003077
2011-10-31 04:00:00,3.1212916002259155
2011-10-31 05:00:00,9.568971823656813
2011-10-31 06:00:00,34.23880208791548
2011-10-31 07:00:00,135.65895781415108
2011-10-31 08:00:00,299.87410167969176
2011-10-31 09:00:00,217.28095846143077
2011-10-31 10:00:00,96.98998874685684
2011-10-31 11:00:00,136.56768571278926
2011-10-31 12:00:00,165.1942393744507
2011-10-31 13:00:00,151.90202317076117
2011-10-31 14:00:00,138.99288634246747
2011-10-31 15:00:00,159.3310977605104
2011-10-31 16:00:00,201.54613083468195
2011-10-31 17:00:00,460.1416938595482
2011-10-31 18:00:00,409.0717672666959
2011-10-31 19:00:00,347.3226808306602
2011-10-31 20:00:00,170.04510014002432
2011-10-31 21:00:00,102.45200953722639
2011-10-31 22:00:00,80.27656192545285
2011-10-31 23:00:00,53.704195748179345
2011-11-20 00:00:00,42.65900325983917
2011-11-20 01:00:00,23.991618442450278
2011-11-20 02:00:00,14.086152521815555
2011-11-20 03:00:00,7.563095061172042
2011-11-20 04:00:00,5.457388294492262
2011-11-20 05:00:00,16.12906142581294
2011-11-20 06:00:00,55.43217008390845
2011-11-20 07:00:00,66.500454819311
2011-11-20 08:00:00,114.94703829469454
2011-11-20 09:00:00,91.13359149614244
2011-11-20 10:00:00,199.3611199978232
2011-11-20 11:00:00,263.57864597414437
2011-11-20 12:00:00,317.3202291656542
2011-11-20 13:00:00,312.6570797148168
2011-11-20 14:00:00,296.2339720946091
2011-11-20 15:00:00,294.8393344093058
2011-11-20 16:00:00,393.17055474861826
2011-11-20 17:00:00,246.48513946758624
2011-11-20 18:00:00,227.03159129485806
2011-11-20 19:00:00,124.31155598726349
2011-11-20 20:00:00,219.99113768361283
2011-11-20 21:00:00,146.0954402241291
2011-11-20 22:00:00,68.77271747469635
2011-11-20 23:00:00,45.96139088805258
2011-11-21 00:00:00,32.96092854780247
2011-11-21 01:00:00,9.976463904326936
2011-11-21 02:00:00,5.5469440527874125
2011-11-21 03:00:00,3.067368496185728
2011-11-21 04:00:00,2.1127454734220303
2011-11-21 05:00:00,12.496798669911835
2011-11-21 06:00:00,43.02281242895505
2011-11-21 07:00:00,169.1233791406606
2011-11-21 08:00:00,332.97132691775755
2011-11-21 09:00:00,234.6564088214718
2011-11-21 10:00:00,118.69514430629624
2011-11-21 11:00:00,131.00871501019557
2011-11-21 12:00:00,160.31266913307752
2011-11-21 13:00:00,156.69307095955773
2011-11-21 14:00:00,124.09675263410188
2011-11-21 15:00:00,77.93665643056522
2011-11-21 16:00:00,101.01846043247859
2011-11-21 17:00:00,224.4839085247595
2011-11-21 18:00:00,214.2642989237524
2011-11-21 19:00:00,178.25369074902846
2011-11-21 20:00:00,88.15478831789427
2011-11-21 21:00:00,68.79414313927393
2011-11-21 22:00:00,54.26666056747431
2011-11-21 23:00:00,35.906315164360315
2011-11-22 00:00:00,18.296504057125237
2011-11-22 01:00:00,10.089202351594176
2011-11-22 02:00:00,5.27736993813226
2011-11-22 03:00:00,2.8390904440952864
2011-11-22 04:00:00,1.943871889034991
2011-11-22 05:00:00,6.700720579313211
2011-11-22 06:00:00,39.912302275174824
2011-11-22 07:00:00,96.81019845085982
2011-11-22 08:00:00,182.89068065571078
2011-11-22 09:00:00,149.24045892420315
2011-11-22 10:00:00,62.49629331278129
2011-11-22 11:00:00,68.48131426007018
2011-11-22 12:00:00,82.75462138977733
2011-11-22 13:00:00,81.05290414491465
2011-11-22 14:00:00,74.792994254479
2011-11-22 15:00:00,82.81014444745202
2011-11-22 16:00:00,107.31700114728909
2011-11-22 17:00:00,233.78067746307104
2011-11-22 18:00:00,218.3465726910404
2011-11-22 19:00:00,183.89841714230838
2011-11-22 20:00:00,137.3094143237467
2011-11-22 21:00:00,104.75364832566972
2011-11-22 22:00:00,96.23722223731043
2011-11-22 23:00:00,56.04139363847095
2011-11-23 00:00:00,31.071875223786947
2011-11-23 01:00:00,16.24984359223951
2011-11-23 02:00:00,6.293120067473102
2011-11-23 03:00:00,3.4602991116700386
2011-11-23 04:00:00,2.4818265793469227
2011-11-23 05:00:00,12.179450567700334
2011-11-23 06:00:00,43.44499620059
2011-11-23 07:00:00,170.72103888423246
2011-11-23 08:00:00,327.02650763573064
2011-11-23 09:00:00,261.46241049844286
2011-11-23 10:00:00,109.92478231177707
2011-11-23 11:00:00,125.22785112189055
2011-11-23 12:00:00,150.72118489654702
2011-11-23 13:00:00,135.39521038773168
2011-11-23 14:00:00,133.92347411746653
2011-11-23 15:00:00,133.6876821234844
2011-11-23 16:00:00,167.98079130993196
2011-11-23 17:00:00,221.61843150406168
2011-11-23 18:00:00,345.940659869492
2011-11-23 19:00:00,304.46242671592086
2011-11-23 20:00:00,139.1971247765982
2011-11-23 21:00:00,106.99086131971409
2011-11-23 22:00:00,82.99726135484858
2011-11-23 23:00:00,56.884536603832665
2011-11-24 00:00:00,42.92103312818752
2011-11-24 01:00:00,19.374424017362372
2011-11-24 02:00:00,11.608210729844192
2011-11-24 03:00:00,6.873809001401105
2011-11-24 04:00:00,5.892378690135616
2011-11-24 05:00:00,16.9588440813748
2011-11-24 06:00:00,57.93277936541576
2011-11-24 07:00:00,55.07525975436107
2011-11-24 08:00:00,121.04154097557125
2011-11-24 09:00:00,90.90294188219514
2011-11-24 10:00:00,210.49780879384093
2011-11-24 11:00:00,264.55217793905587
2011-11-24 12:00:00,333.7083389285195
2011-11-24 13:00:00,329.8120777279931
2011-11-24 14:00:00,339.4270210887743
2011-11-24 15:00:00,363.7181917594815
2011-11-24 16:00:00,462.5507009102173
2011-11-24 17:00:00,274.211516263637
2011-11-24 18:00:00,237.24570033054937
2011-11-24 19:00:00,129.52629658517304
2011-11-24 20:00:00,184.2780010406809
2011-11-24 21:00:00,143.90315635402513
2011-11-24 22:00:00,112.84245132873477
2011-11-24 23:00:00,75.1934145618612
2011-11-25 00:00:00,36.41864639413177
2011-11-25 01:00:00,20.07579861245448
2011-11-25 02:00:00,10.00442544093091
2011-11-25 03:00:00,5.850191872540822
2011-11-25 04:00:00,4.8567164654117265
2011-11-25 05:00:00,14.644063010792122
2011-11-25 06:00:00,42.944806439731195
2011-11-25 07:00:00,196.88530248133623
2011-11-25 08:00:00,322.577583825141
2011-11-25 09:00:00,274.02858786521455
2011-11-25 10:00:00,113.47180423014642
2011-11-25 11:00:00,150.21779568397739
2011-11-25 12:00:00,191.90391286987526
2011-11-25 13:00:00,209.53444093376865
2011-11-25 14:00:00,197.36786615433635
2011-11-25 15:00:00,212.57178872471863
2011-11-25 16:00:00,274.1564213253747
2011-11-25 17:00:00,639.7674824021389
2011-11-25 18:00:00,502.5242257501708
2011-11-25 19:00:00,406.43358908359295
2011-11-25 20:00:00,199.23023805500824
2011-11-25 21:00:00,132.3249073952368
2011-11-25 22:00:00,101.53889495004988
2011-11-25 23:00:00,66.73868838781593
2011-11-26 00:00:00,43.99645210811749
2011-11-26 01:00:00,23.532117212346655
2011-11-26 02:00:00,13.618027946787294
2011-11-26 03:00:00,8.148783491097449
2011-11-26 04:00:00,6.001537831140097
2011-11-26 05:00:00,17.21657391406737
2011-11-26 06:00:00,55.13969605946498
2011-11-26 07:00:00,56.21648782309317
2011-11-26 08:00:00,124.16399551724687
2011-11-26 09:00:00,89.7809707307864
2011-11-26 10:00:00,207.29856919559646
2011-11-26 11:00:00,276.0815647287121
2011-11-26 12:00:00,357.2835680185157
2011-11-26 13:00:00,358.09215796723157
2011-11-26 14:00:00,296.16039606637725
2011-11-26 15:00:00,363.55905663285296
2011-11-26 16:00:00,405.9637996296687
2011-11-26 17:00:00,258.5643223884632
2011-11-26 18:00:00,222.85783842156914
2011-11-26 19:00:00,122.72913806694639
2011-11-26 20:00:00,228.4233850801223
2011-11-26 21:00:00,153.44059904662487
2011-11-26 22:00:00,122.50160854555986
2011-11-26 23:00:00,80.39263961457542
2011-11-27 00:00:00,39.70216691183021
2011-11-27 01:00:00,21.151309209660475
2011-11-27 02:00:00,12.448475107661887
2011-11-27 03:00:00,7.080512759172153
2011-11-27 04:00:00,5.042895281773076
2011-11-27 05:00:00,14.541368917136516
2011-11-27 06:00:00,54.186582615890046
2011-11-27 07:00:00,58.66279838924813
2011-11-27 08:00:00,117.79602163193702
2011-11-27 09:00:00,88.4768123166867
2011-11-27 10:00:00,202.96557306384818
2011-11-27 11:00:00,262.5297711943476
2011-11-27 12:00:00,336.6503383589888
2011-11-27 13:00:00,332.9875527874985
2011-11-27 14:00:00,336.73073483967045
2011-11-27 15:00:00,373.8484653436323
2011-11-27 16:00:00,425.42324082664874
2011-11-27 17:00:00,271.4520934141702
2011-11-27 18:00:00,240.8403675805112
2011-11-27 19:00:00,115.18451853273095
2011-11-27 20:00:00,228.12407141421104
2011-11-27 21:00:00,152.28733790197145
2011-11-27 22:00:00,118.60423919738767
2011-11-27 23:00:00,79.50111321597349
2011-11-28 00:00:00,34.28661838667551
2011-11-28 01:00:00,18.128842853605978
2011-11-28 03:00:00,6.011953432743547
2011-11-28 04:00:00,4.658555856056512
2011-11-28 05:00:00,13.869174954228402
2011-11-28 06:00:00,47.27975757038619
2011-11-28 07:00:00,190.70090786834058
2011-11-28 08:00:00,331.53688129891754
2011-11-28 09:00:00,230.44408987418294
2011-11-28 10:00:00,102.8981338956584
2011-11-28 11:00:00,136.97946680400517
2011-11-28 12:00:00,184.1369856318355
2011-11-28 13:00:00,176.1572570431273
2011-11-28 14:00:00,196.37003832453044
2011-11-28 15:00:00,173.6179234066227
2011-11-28 16:00:00,222.43649952115993
2011-11-28 17:00:00,510.7975336280354
2011-11-28 18:00:00,450.57727087575233
2011-11-28 19:00:00,371.72266276129807
2011-11-28 20:00:00,169.54267740406914
2011-11-28 21:00:00,129.90805504767795
2011-11-28 22:00:00,101.95708998335299
2011-11-28 23:00:00,67.75513711498684
2011-11-29 00:00:00,41.412856909435206
2011-11-29 01:00:00,21.54432697888156
2011-11-29 02:00:00,11.968026818517602
2011-11-29 03:00:00,6.930937371608074
2011-11-29 04:00:00,4.66171076840809
2011-11-29 05:00:00,14.690042272113665
2011-11-29 06:00:00,51.15929581697518
2011-11-29 07:00:00,211.88371715259987
2011-11-29 08:00:00,398.0194415415442
2011-11-29 09:00:00,164.9187471573084
2011-11-29 10:00:00,69.12242581676816
2011-11-29 11:00:00,76.1605564890487
2011-11-29 12:00:00,80.18509103288054
2011-11-29 13:00:00,82.44035040154195
2011-11-29 14:00:00,73.89259249177351
2011-11-29 15:00:00,77.13642875995524
2011-11-29 16:00:00,102.800376151016
2011-11-29 17:00:00,366.8637428468053
2011-11-29 18:00:00,339.65700085189724
2011-11-29 19:00:00,286.0921728228485
2011-11-29 20:00:00,132.11866986290647
2011-11-29 21:00:00,101.58621480409487
2011-11-29 22:00:00,85.07429575098477
2011-11-29 23:00:00,53.46869897772453
2011-11-30 00:00:00,30.666923750790108
2011-11-30 01:00:00,16.477863481904176
2011-11-30 02:00:00,9.852759988132203
2011-11-30 03:00:00,5.63729038962688
2011-11-30 04:00:00,3.410332288183305
2011-11-30 05:00:00,10.399572333420904
2011-11-30 06:00:00,36.234661185032614
2011-11-30 07:00:00,148.60078114874887
2011-11-30 08:00:00,275.52931896535307
2011-11-30 09:00:00,198.38808879138506
2011-11-30 10:00:00,97.85437041005031
2011-11-30 11:00:00,119.63539161073554
2011-11-30 12:00:00,129.82026036603932
2011-11-30 13:00:00,135.5601483872263
2011-11-30 14:00:00,125.14181850070844
2011-11-30 15:00:00,133.3650294927472
2011-11-30 16:00:00,174.71439877011184
2011-11-30 17:00:00,364.9775033114522
2011-11-30 18:00:00,354.59525515574506
2011-11-30 19:00:00,277.4934324257319
2011-11-30 20:00:00,135.75519757714687
2011-11-30 21:00:00,98.09547901470617
2011-11-30 22:00:00,77.84091658640851
2011-11-30 23:00:00,52.78885586094596
2011-12-20 00:00:00,32.24885634100362
2011-12-20 01:00:00,17.73669380819722
2011-12-20 02:00:00,9.433862089007182
2011-12-20 03:00:00,5.381102378177463
2011-12-20 04:00:00,3.896539121542955
2011-12-20 05:00:00,11.95357793804472
2011-12-20 06:00:00,41.341386606042754
2011-12-20 07:00:00,163.68833344168976
2011-12-20 08:00:00,352.8701374897962
2011-12-20 09:00:00,220.46359095365258
2011-12-20 10:00:00,103.07236151886737
2011-12-20 11:00:00,116.2597665059897
2011-12-20 12:00:00,146.36638566282176
2011-12-20 13:00:00,143.05971977445736
2011-12-20 14:00:00,131.54426179268347
2011-12-20 15:00:00,144.9626585332233
2011-12-20 16:00:00,199.8708837861669
2011-12-20 17:00:00,421.5949374351928
2011-12-20 18:00:00,354.2833570592327
2011-12-20 19:00:00,316.59435111980576
2011-12-20 20:00:00,144.54176069105117
2011-12-20 21:00:00,109.03469734178815
2011-12-20 22:00:00,81.75397557228924
2011-12-20 23:00:00,59.39227230684781
2011-12-21 00:00:00,28.988164610128862
2011-12-21 01:00:00,15.655169512156949
2011-12-21 02:00:00,9.217820869695329
2011-12-21 03:00:00,5.2489766967591125
2011-12-21 04:00:00,3.7823239877571364
2011-12-21 05:00:00,11.625001967698996
2011-12-21 06:00:00,38.00624445115274
2011-12-21 07:00:00,149.46123844895877
2011-12-21 08:00:00,176.74759627053882
2011-12-21 09:00:00,224.25004974426153
2011-12-21 10:00:00,91.59617022200833
2011-12-21 11:00:00,103.96981372712038
2011-12-21 12:00:00,77.6050960559897
2011-12-21 13:00:00,76.12784025986294
2011-12-21 14:00:00,113.7094146572006
2011-12-21 15:00:00,119.50180545314169
2011-12-21 16:00:00,94.02897901742284
2011-12-21 17:00:00,213.65877747766876
2011-12-21 18:00:00,314.875420136391
2011-12-21 19:00:00,306.36005938459573
2011-12-21 20:00:00,148.75105652634647
2011-12-21 21:00:00,126.55789449438673
2011-12-21 22:00:00,100.00702638694663
2011-12-21 23:00:00,68.06073075510649
2011-12-22 00:00:00,39.050803561912396
2011-12-22 01:00:00,18.827099708789905
2011-12-22 02:00:00,11.502497994555636
2011-12-22 03:00:00,6.833676621212119
2011-12-22 04:00:00,4.408615820688864
2011-12-22 05:00:00,13.657177379304441
2011-12-22 06:00:00,43.05626708799932
2011-12-22 07:00:00,169.48899280815166
2011-12-22 08:00:00,306.0504944158792
2011-12-22 09:00:00,231.57808646542907
2011-12-22 10:00:00,105.16477469154424
2011-12-22 11:00:00,124.5935340072674
2011-12-22 12:00:00,162.20366431544107
2011-12-22 13:00:00,154.48890147406777
2011-12-22 14:00:00,142.62647536820498
2011-12-22 15:00:00,153.20495370979822
2011-12-22 16:00:00,195.53815842085268
2011-12-22 17:00:00,418.2814643362288
2011-12-22 18:00:00,394.97108813840015
2011-12-22 19:00:00,343.37172215317605
2011-12-22 20:00:00,101.7017825726074
2011-12-22 21:00:00,78.14582634131884
2011-12-22 22:00:00,48.826973000246966
2011-12-22 23:00:00,38.83602820866126
2011-12-23 00:00:00,22.11630901691304
2011-12-23 01:00:00,11.580571199782302
2011-12-23 02:00:00,6.156733327451874
2011-12-23 03:00:00,3.37688821897497
2011-12-23 04:00:00,2.220543381556363
2011-12-23 05:00:00,12.877273112694898
2011-12-23 06:00:00,47.98943387087893
2011-12-23 07:00:00,193.89942229472499
2011-12-23 08:00:00,392.83170926177036
2011-12-23 09:00:00,289.1246373046372
2011-12-23 10:00:00,121.13636048532075
2011-12-23 11:00:00,135.83506963817115
2011-12-23 12:00:00,163.62999636010818
2011-12-23 13:00:00,164.42476826344534
2011-12-23 14:00:00,151.80358401555551
2011-12-23 15:00:00,153.4272464131406
2011-12-23 16:00:00,204.14994217558387
2011-12-23 17:00:00,440.05278672664235
2011-12-23 18:00:00,403.65696177987684
2011-12-23 19:00:00,342.8178076308718
2011-12-23 20:00:00,158.52943016065575
2011-12-23 21:00:00,125.3677291041252
2011-12-23 22:00:00,97.1617649163163
2011-12-23 23:00:00,65.81908937736648
2011-12-24 00:00:00,40.05322036893205
2011-12-24 01:00:00,22.397333200888312
2011-12-24 02:00:00,12.965623045333357
2011-12-24 03:00:00,7.440880922609338
2011-12-24 04:00:00,5.437762260750794
2011-12-24 05:00:00,15.840205754449613
2011-12-24 06:00:00,52.48934660917028
2011-12-24 07:00:00,54.158165291034095
2011-12-24 08:00:00,106.57034483050269
2011-12-24 09:00:00,78.53677385512228
2011-12-24 10:00:00,179.15678303927257
2011-12-24 11:00:00,211.97227619308688
2011-12-24 12:00:00,293.23057156344646
2011-12-24 13:00:00,286.781474059032
2011-12-24 14:00:00,264.8262963048765
2011-12-24 15:00:00,284.15128227650683
2011-12-24 16:00:00,365.53608150925953
2011-12-24 17:00:00,208.31677901771448
2011-12-24 18:00:00,216.82303177458033
2011-12-24 19:00:00,116.96040440873364
2011-12-24 20:00:00,177.9723834242392
2011-12-24 21:00:00,136.4483708109305
2011-12-24 22:00:00,102.12478559403502
2011-12-24 23:00:00,68.20710973148229
2011-12-25 00:00:00,31.789849965827756
2011-12-25 01:00:00,16.53702901158211
2011-12-25 02:00:00,9.513017003267104
2011-12-25 03:00:00,5.612125543546553
2011-12-25 05:00:00,11.850215058712887
2011-12-25 06:00:00,41.003524151712774
2011-12-25 07:00:00,45.22970920187652
2011-12-25 08:00:00,84.75620257980897
2011-12-25 09:00:00,60.05995150233191
2011-12-25 10:00:00,150.73894719872158
2011-12-25 11:00:00,201.7758163492201
2011-12-25 12:00:00,209.72564072111717
2011-12-25 13:00:00,235.324040704446
2011-12-25 14:00:00,223.64587358678247
2011-12-25 15:00:00,239.55460094322572
2011-12-25 16:00:00,320.34717676846964
2011-12-25 17:00:00,200.43141099883567
2011-12-25 18:00:00,174.81711364706297
2011-12-25 19:00:00,102.05158241714767
2011-12-25 20:00:00,184.67048545142595
2011-12-25 21:00:00,137.8387885372234
2011-12-25 22:00:00,94.45397783804653
2011-12-25 23:00:00,62.574301937196395
2011-12-26 00:00:00,30.063191691661157
2011-12-26 01:00:00,18.451124421693667
2011-12-26 02:00:00,12.628525014830492
2011-12-26 04:00:00,5.282553551889616
2011-12-26 05:00:00,15.241633237567726
2011-12-26 06:00:00,52.73355315909985
2011-12-26 07:00:00,60.04525441995752
2011-12-26 08:00:00,115.07277556822059
2011-12-26 09:00:00,80.46761420547801
2011-12-26 10:00:00,157.91599098741045
2011-12-26 11:00:00,174.26353605356567
2011-12-26 12:00:00,246.18364083307975
2011-12-26 13:00:00,266.9654820449664
2011-12-26 14:00:00,244.58176196599703
2011-12-26 15:00:00,264.18402806426303
2011-12-26 16:00:00,317.75922884685355
2011-12-26 17:00:00,203.26447436415668
2011-12-26 18:00:00,188.29745630418623
2011-12-26 19:00:00,99.49661768878649
2011-12-26 20:00:00,178.47783176849552
2011-12-26 21:00:00,133.7042045074422
2011-12-26 22:00:00,104.82969502712592
2011-12-26 23:00:00,61.43938057435338
2011-12-27 00:00:00,27.07782441000153
2011-12-27 01:00:00,14.333517167337199
2011-12-27 02:00:00,8.329185892893909
2011-12-27 03:00:00,4.42119371777061
2011-12-27 04:00:00,3.1001699068222557
2011-12-27 05:00:00,9.636651896244203
2011-12-27 06:00:00,33.9397217527878
2011-12-27 07:00:00,135.22822167033567
2011-12-27 08:00:00,293.634950511111
2011-12-27 09:00:00,133.67866651677204
2011-12-27 10:00:00,90.42951992591334
2011-12-27 11:00:00,63.5255450211027
2011-12-27 12:00:00,73.98905109080617
2011-12-27 13:00:00,70.49599790513459
2011-12-27 14:00:00,70.47473361497725
2011-12-27 15:00:00,74.67717059476936
2011-12-27 16:00:00,96.82115152267592
2011-12-27 17:00:00,231.2331640607596
2011-12-27 18:00:00,325.16408703426356
2011-12-27 19:00:00,267.60848115680994
2011-12-27 20:00:00,130.28917176562786
2011-12-27 21:00:00,101.98256112191139
2011-12-27 22:00:00,79.90774208938747
2011-12-27 23:00:00,51.996122048672646
2011-12-28 00:00:00,29.15598575358239
2011-12-28 01:00:00,15.952903675869951
2011-12-28 02:00:00,9.576971637926285
2011-12-28 03:00:00,5.4686247812107345
2011-12-28 05:00:00,10.435082063025641
2011-12-28 06:00:00,41.83048624790704
2011-12-28 07:00:00,168.06539217910208
2011-12-28 08:00:00,276.39070929272987
2011-12-28 09:00:00,224.56850968690014
2011-12-28 10:00:00,97.20047584585305
2011-12-28 11:00:00,110.24051310287712
2011-12-28 12:00:00,114.2398931348283
2011-12-28 13:00:00,116.74519810164013
2011-12-28 14:00:00,109.1902985800249
2011-12-28 15:00:00,115.7862336854662
2011-12-28 16:00:00,149.61331665299605
2011-12-28 17:00:00,349.83389740711107
2011-12-28 18:00:00,315.011928679693
2011-12-28 19:00:00,246.44672399807845
2011-12-28 20:00:00,121.46641693105019
2011-12-28 21:00:00,94.14902982428744
2011-12-28 22:00:00,74.00941666328252
2011-12-28 23:00:00,47.9746841195754
2011-12-29 00:00:00,26.320211646023772
2011-12-29 01:00:00,14.778197134281875
2011-12-29 02:00:00,8.68251488070162
2011-12-29 03:00:00,4.171035691005561
2011-12-29 04:00:00,3.42848893778599
2011-12-29 05:00:00,10.71542855061578
2011-12-29 06:00:00,37.55672867612034
2011-12-29 07:00:00,146.462978072546
2011-12-29 08:00:00,263.78801936566015
2011-12-29 09:00:00,186.46633190439908
2011-12-29 10:00:00,77.77623530453383
2011-12-29 11:00:00,90.94416997852342
2011-12-29 12:00:00,121.68142748002306
2011-12-29 13:00:00,120.61144131789985
2011-12-29 14:00:00,127.42656261725037
2011-12-29 15:00:00,132.39712439574552
2011-12-29 16:00:00,179.81244818023765
2011-12-29 17:00:00,396.73499065865707
2011-12-29 18:00:00,370.2290753257549
2011-12-29 19:00:00,315.399780854457
2011-12-29 20:00:00,134.43052704862725
2011-12-29 21:00:00,97.40295956063552
2011-12-29 22:00:00,80.35543623291758
2011-12-29 23:00:00,59.964852573865635
2011-12-30 00:00:00,31.95007593438182
2011-12-30 01:00:00,17.293189702187185
2011-12-30 02:00:00,9.050774967809597
2011-12-30 03:00:00,5.146815388444439
2011-12-30 04:00:00,3.72262508359072
2011-12-30 05:00:00,11.092874411161326
2011-12-30 06:00:00,39.38046001087527
2011-12-30 07:00:00,156.06123950722855
2011-12-30 08:00:00,276.3124794162331
2011-12-30 09:00:00,264.125530328598
2011-12-30 10:00:00,97.11884956875353
2011-12-30 11:00:00,124.86028268505852
2011-12-30 12:00:00,157.5019349368666
2011-12-30 13:00:00,147.53111086516833
2011-12-30 14:00:00,158.7171896102585
2011-12-30 15:00:00,185.4080760337348
2011-12-30 16:00:00,225.90620360998432
2011-12-30 17:00:00,473.45232111328664
2011-12-30 18:00:00,400.2656247994278
2011-12-30 19:00:00,309.7692023820079
2011-12-30 20:00:00,154.53508185681298
2011-12-30 21:00:00,119.12113907500773
2011-12-30 22:00:00,90.7509736610137
2011-12-30 23:00:00,60.61716185490576
2011-12-31 00:00:00,41.938991673866376
2011-12-31 01:00:00,24.16523529181791
2011-12-31 02:00:00,14.310978917210386
2011-12-31 03:00:00,8.363831258970848
2011-12-31 04:00:00,6.092670527843071
2011-12-31 05:00:00,15.16533018894808
2011-12-31 06:00:00,61.79432076468034
2011-12-31 07:00:00,40.465575953493236
2011-12-31 08:00:00,117.69129575400932
2011-12-31 09:00:00,95.12768954955696
2011-12-31 10:00:00,222.34256189885065
2011-12-31 11:00:00,256.5063196625425
2011-12-31 12:00:00,376.34340912408544
2011-12-31 13:00:00,345.68431262201074
2011-12-31 14:00:00,286.67265066209796
2011-12-31 15:00:00,294.17250968243576
2011-12-31 16:00:00,385.6745960611602
2011-12-31 17:00:00,255.7152213156868
2011-12-31 18:00:00,236.95907423854024
2011-12-31 19:00:00,128.62850421256246
2011-12-31 20:00:00,224.44092792335786
2011-12-31 21:00:00,171.6777751240551
2011-12-31 22:00:00,126.97281436245508
2011-12-31 23:00:00,81.2976803658035
2012-01-20 00:00:00,26.44689499598442
2012-01-20 01:00:00,15.388642648852905
2012-01-20 02:00:00,8.971143093578249
2012-01-20 03:00:00,4.56365285072248
2012-01-20 04:00:00,3.149688239078153
2012-01-20 05:00:00,9.854952533575858
2012-01-20 06:00:00,33.37544958587384
2012-01-20 07:00:00,132.34748240753112
2012-01-20 08:00:00,251.43986199191605
2012-01-20 09:00:00,165.99895669349544
2012-01-20 10:00:00,75.31840142569763
2012-01-20 11:00:00,77.99013120157997
2012-01-20 12:00:00,94.96956863576582
2012-01-20 13:00:00,111.69434756069296
2012-01-20 14:00:00,95.89908642396945
2012-01-20 15:00:00,103.98886500679998
2012-01-20 16:00:00,134.66249459897324
2012-01-20 17:00:00,314.0334262790291
2012-01-20 18:00:00,285.4273637865518
2012-01-20 19:00:00,239.2098480823397
2012-01-20 20:00:00,118.47176331661804
2012-01-20 21:00:00,90.25841846526677
2012-01-20 22:00:00,61.609491238001496
2012-01-20 23:00:00,23.325173315807792
2012-01-21 00:00:00,15.158365657450158
2012-01-21 01:00:00,9.403138712118652
2012-01-21 02:00:00,4.788782236682826
2012-01-21 03:00:00,2.0642399616750358
2012-01-21 04:00:00,1.3990909640379612
2012-01-21 05:00:00,5.278994137344672
2012-01-21 06:00:00,18.87911271029807
2012-01-21 07:00:00,21.156203084390874
2012-01-21 08:00:00,64.38788510835262
2012-01-21 09:00:00,46.32431928631638
2012-01-21 10:00:00,66.42295646452766
2012-01-21 11:00:00,142.19800722098938
2012-01-21 12:00:00,174.13613010518424
2012-01-21 13:00:00,149.60787233003896
2012-01-21 14:00:00,87.32509258300641
2012-01-21 15:00:00,92.51826528252114
2012-01-21 16:00:00,187.97667932672627
2012-01-21 17:00:00,116.72137076324655
2012-01-21 18:00:00,108.01484552415455
2012-01-21 19:00:00,59.05029165467648
2012-01-21 20:00:00,105.45238160171185
2012-01-21 21:00:00,87.60977049844418
2012-01-21 22:00:00,64.60192070376995
2012-01-21 23:00:00,42.800580470306436
2012-01-22 00:00:00,22.151960852358044
2012-01-22 01:00:00,11.016725328285714
2012-01-22 02:00:00,6.339919678620847
2012-01-22 03:00:00,3.5556031098459533
2012-01-22 04:00:00,1.1142551361094712
2012-01-22 05:00:00,4.69321359547108
2012-01-22 06:00:00,28.775273645150072
2012-01-22 07:00:00,32.185938396209465
2012-01-22 08:00:00,61.39211142121755
2012-01-22 09:00:00,44.15613552804682
2012-01-22 10:00:00,100.77948591398395
2012-01-22 11:00:00,70.0919493675731
2012-01-22 12:00:00,138.01627957615378
2012-01-22 13:00:00,136.91020796133432
2012-01-22 14:00:00,125.95068819430095
2012-01-22 15:00:00,132.95998626844312
2012-01-22 16:00:00,172.13111774228568
2012-01-22 17:00:00,111.05714114687204
2012-01-22 18:00:00,61.785336371344826
2012-01-22 19:00:00,34.018584351301854
2012-01-22 20:00:00,59.21822608598068
2012-01-22 21:00:00,45.93327661894267
2012-01-22 22:00:00,56.76087723558884
2012-01-22 23:00:00,37.89734844983665
2012-01-23 00:00:00,19.22569600312356
2012-01-23 01:00:00,9.80427216661761
2012-01-23 02:00:00,5.573512285524712
2012-01-23 03:00:00,3.095792321370432
2012-01-23 04:00:00,2.197283009724657
2012-01-23 05:00:00,7.2169150131886415
2012-01-23 06:00:00,25.858646850040387
2012-01-23 07:00:00,65.261748295453
2012-01-23 08:00:00,120.86425460946455
2012-01-23 09:00:00,141.15491736457167
2012-01-23 10:00:00,58.7233889404174
2012-01-23 11:00:00,65.71588124810336
2012-01-23 12:00:00,81.27592199656597
2012-01-23 13:00:00,48.3143382370355
2012-01-23 14:00:00,43.712599542201666
2012-01-23 15:00:00,72.94621339052124
2012-01-23 16:00:00,97.88096875831533
2012-01-23 17:00:00,222.8994805656588
2012-01-23 18:00:00,204.42321979692213
2012-01-23 19:00:00,187.99905986601408
2012-01-23 20:00:00,89.91237285783748
2012-01-23 21:00:00,67.19595291058317
2012-01-23 22:00:00,52.577814627252565
2012-01-23 23:00:00,35.45970086790758
2012-01-24 00:00:00,19.16234281710379
2012-01-24 01:00:00,11.669565912403424
2012-01-24 02:00:00,6.769089384698749
2012-01-24 03:00:00,3.8217796172208995
2012-01-24 04:00:00,2.649559920226582
2012-01-24 05:00:00,8.546693009232184
2012-01-24 06:00:00,30.19768422330338
2012-01-24 07:00:00,123.54518741185201
2012-01-24 08:00:00,233.15451198644615
2012-01-24 09:00:00,173.5355861190305
2012-01-24 10:00:00,76.16776182694035
2012-01-24 11:00:00,87.58187173915171
2012-01-24 12:00:00,105.57193985656797
2012-01-24 13:00:00,103.18063605553132
2012-01-24 14:00:00,95.62976078931437
2012-01-24 15:00:00,112.62790108221546
2012-01-24 16:00:00,156.60792838562273
2012-01-24 17:00:00,364.29563648677185
2012-01-24 18:00:00,336.54662831310753
2012-01-24 19:00:00,296.44982494804606
2012-01-24 20:00:00,119.7719224824115
2012-01-24 21:00:00,93.86135664529202
2012-01-24 22:00:00,71.05074171364782
2012-01-24 23:00:00,48.2150263640083
2012-01-25 00:00:00,25.149345684652513
2012-01-25 01:00:00,12.050850582022527
2012-01-25 02:00:00,6.9860185049713115
2012-01-25 03:00:00,3.8021523726085693
2012-01-25 04:00:00,2.658996308713168
2012-01-25 05:00:00,8.57137716457322
2012-01-25 06:00:00,27.854453950372363
2012-01-25 07:00:00,112.22777942789344
2012-01-25 08:00:00,213.35129105080298
2012-01-25 09:00:00,154.13621399916684
2012-01-25 10:00:00,65.20651899437821
2012-01-25 11:00:00,76.6721086245695
2012-01-25 12:00:00,117.72384361262273
2012-01-25 13:00:00,117.21366358798572
2012-01-25 14:00:00,108.99635663931687
2012-01-25 15:00:00,119.02786030522833
2012-01-25 16:00:00,145.5123218649284
2012-01-25 17:00:00,330.6614983400498
2012-01-25 18:00:00,290.00353186601905
2012-01-25 19:00:00,248.3181614276368
2012-01-25 20:00:00,120.80078840259964
2012-01-25 21:00:00,95.55375593308389
2012-01-25 22:00:00,73.41745845189486
2012-01-25 23:00:00,46.84478951152694
2012-01-26 00:00:00,23.130275950137015
2012-01-26 01:00:00,13.981263019384981
2012-01-26 02:00:00,6.900525212193101
2012-01-26 03:00:00,4.468812137008129
2012-01-26 04:00:00,3.542618748824001
2012-01-26 05:00:00,9.928502668983016
2012-01-26 06:00:00,34.837206666052055
2012-01-26 07:00:00,137.78031058810024
2012-01-26 08:00:00,259.9176361959662
2012-01-26 09:00:00,191.9032618342839
2012-01-26 10:00:00,78.39712840263246
2012-01-26 11:00:00,87.7286267175103
2012-01-26 12:00:00,108.61283967410142
2012-01-26 13:00:00,120.68920770490843
2012-01-26 14:00:00,115.38260254507468
2012-01-26 15:00:00,122.49274639200505
2012-01-26 16:00:00,158.8835026386337
2012-01-26 17:00:00,369.5778070526337
2012-01-26 18:00:00,337.1471935468069
2012-01-26 19:00:00,273.7497742399109
2012-01-26 20:00:00,130.51493190243048
2012-01-26 21:00:00,102.97196785776795
2012-01-26 22:00:00,79.29469927492113
2012-01-26 23:00:00,54.521163375602924
2012-01-27 00:00:00,30.715878644692353
2012-01-27 01:00:00,16.141983896128913
2012-01-27 02:00:00,10.162355847913794
2012-01-27 03:00:00,5.16403229372759
2012-01-27 04:00:00,3.606446146000483
2012-01-27 05:00:00,11.195128851373621
2012-01-27 06:00:00,38.16309297414969
2012-01-27 07:00:00,154.8104370239686
2012-01-27 08:00:00,215.46765565221511
2012-01-27 09:00:00,155.66792761794377
2012-01-27 10:00:00,57.39116838456394
2012-01-27 11:00:00,107.6535977680879
2012-01-27 12:00:00,149.27970443393343
2012-01-27 13:00:00,156.5220037666337
2012-01-27 14:00:00,142.80328512289626
2012-01-27 15:00:00,143.68159655020375
2012-01-27 16:00:00,174.5341123776515
2012-01-27 17:00:00,392.72114250535367
2012-01-27 18:00:00,366.04236502108125
2012-01-27 19:00:00,283.77466046933324
2012-01-27 20:00:00,139.02280557697097
2012-01-27 21:00:00,91.7013706466705
2012-01-27 22:00:00,84.109985419815
2012-01-27 23:00:00,49.649355374034414
2012-01-28 00:00:00,33.32119154958599
2012-01-28 01:00:00,20.48749659859445
2012-01-28 02:00:00,12.157888300506933
2012-01-28 03:00:00,6.050203293436177
2012-01-28 04:00:00,4.337768721191402
2012-01-28 05:00:00,11.423605173637217
2012-01-28 06:00:00,40.822842450363325
2012-01-28 07:00:00,44.83314037249302
2012-01-28 08:00:00,82.48790833023045
2012-01-28 09:00:00,60.45232621128485
2012-01-28 10:00:00,152.72463597837285
2012-01-28 11:00:00,203.23480250350332
2012-01-28 12:00:00,209.46613211802466
2012-01-28 13:00:00,234.96694656697144
2012-01-28 14:00:00,226.5904780657811
2012-01-28 15:00:00,261.8326390196093
2012-01-28 16:00:00,339.7660575370823
2012-01-28 17:00:00,214.63919269726844
2012-01-28 18:00:00,206.28412888440363
2012-01-28 19:00:00,98.58718400509315
2012-01-28 20:00:00,194.57474069580613
2012-01-28 21:00:00,136.40253879399637
2012-01-28 22:00:00,109.337811601692
2012-01-28 23:00:00,73.76201662793642
2012-01-29 00:00:00,32.00749755802951
2012-01-29 01:00:00,16.675869405431172
2012-01-29 02:00:00,9.879519243653275
2012-01-29 03:00:00,5.807685636800038
2012-01-29 04:00:00,3.9705429485670063
2012-01-29 05:00:00,10.798660032355542
2012-01-29 06:00:00,38.973209880696466
2012-01-29 07:00:00,43.79581379030251
2012-01-29 08:00:00,73.69072707409178
2012-01-29 09:00:00,52.58107223842477
2012-01-29 10:00:00,139.37100392979823
2012-01-29 11:00:00,172.58785736970734
2012-01-29 12:00:00,237.11162512069913
2012-01-29 13:00:00,231.76878126340918
2012-01-29 14:00:00,212.33073053956977
2012-01-29 15:00:00,224.7345648664432
2012-01-29 16:00:00,283.9505596235975
2012-01-29 17:00:00,180.7434351414493
2012-01-29 18:00:00,166.8575469580621
2012-01-29 19:00:00,92.92460708910976
2012-01-29 20:00:00,141.44744608313223
2012-01-29 21:00:00,108.99303271626695
2012-01-29 22:00:00,85.39213473877933
2012-01-29 23:00:00,56.73776066472346
2012-01-30 00:00:00,23.344798786971065
2012-01-30 01:00:00,11.937916468013688
2012-01-30 02:00:00,6.470156747991674
2012-01-30 03:00:00,3.7491493017106414
2012-01-30 04:00:00,2.62774756704362
2012-01-30 05:00:00,8.489635214813584
2012-01-30 06:00:00,29.889030543867808
2012-01-30 07:00:00,119.97291309183952
2012-01-30 08:00:00,203.89986187377949
2012-01-30 09:00:00,147.2957656294989
2012-01-30 10:00:00,69.18667159041412
2012-01-30 11:00:00,93.21055703451044
2012-01-30 12:00:00,103.99046085011184
2012-01-30 13:00:00,107.79738320689425
2012-01-30 14:00:00,114.9159893669526
2012-01-30 15:00:00,120.35363960168314
2012-01-30 16:00:00,155.7159131489749
2012-01-30 17:00:00,357.9691836463585
2012-01-30 18:00:00,326.49152623486646
2012-01-30 19:00:00,261.5217875635409
2012-01-30 20:00:00,128.74446003248306
2012-01-30 21:00:00,98.10521028986508
2012-01-30 22:00:00,66.40505896595012
2012-01-30 23:00:00,43.0407925952326
2012-01-31 00:00:00,23.876178317538958
2012-01-31 01:00:00,12.87122472913176
2012-01-31 02:00:00,7.56860528915486
2012-01-31 03:00:00,4.194196631647463
2012-01-31 04:00:00,2.959525683554428
2012-01-31 05:00:00,9.357516245607375
2012-01-31 06:00:00,32.74944892181831
2012-01-31 07:00:00,127.81742372026596
2012-01-31 08:00:00,245.86498266479555
2012-01-31 09:00:00,179.2407399915429
2012-01-31 10:00:00,77.75110701293453
2012-01-31 11:00:00,110.80238274141703
2012-01-31 12:00:00,131.6719080176974
2012-01-31 13:00:00,134.902213129658
2012-01-31 14:00:00,140.11839163932902
2012-01-31 15:00:00,147.25809342350075
2012-01-31 16:00:00,190.61012287142597
2012-01-31 17:00:00,435.2434190050481
2012-01-31 18:00:00,405.7626990147142
2012-01-31 19:00:00,341.1038101400776
2012-01-31 20:00:00,140.90722074850643
2012-01-31 21:00:00,111.59229728155023
2012-01-31 22:00:00,86.74703465713453
2012-01-31 23:00:00,58.23337120563711
2012-02-20 00:00:00,27.39209570112401
2012-02-20 01:00:00,14.451808557226267
2012-02-20 02:00:00,8.401156488665281
2012-02-20 03:00:00,4.744315018296735
2012-02-20 05:00:00,10.76906365128151
2012-02-20 06:00:00,36.18544365420071
2012-02-20 07:00:00,38.239368301683506
2012-02-20 08:00:00,75.86256498491491
2012-02-20 09:00:00,54.629090319770945
2012-02-20 10:00:00,124.59075892719065
2012-02-20 11:00:00,180.5711198736622
2012-02-20 12:00:00,227.58214527890243
2012-02-20 13:00:00,221.39901445099142
2012-02-20 14:00:00,238.17523215314486
2012-02-20 15:00:00,253.41031070913195
2012-02-20 16:00:00,339.5168974050287
2012-02-20 17:00:00,224.08602657053845
2012-02-20 18:00:00,190.35964005975512
2012-02-20 19:00:00,105.73103122731216
2012-02-20 20:00:00,185.25992367647262
2012-02-20 21:00:00,140.93926794329337
2012-02-20 22:00:00,110.23400573952003
2012-02-20 23:00:00,76.67805915523839
2012-02-21 00:00:00,31.5788835222086
2012-02-21 01:00:00,17.207284599176077
2012-02-21 02:00:00,7.95551849717719
2012-02-21 04:00:00,3.1335192448168234
2012-02-21 05:00:00,9.631325771554927
2012-02-21 06:00:00,33.141139852161736
2012-02-21 07:00:00,138.51132644574986
2012-02-21 08:00:00,253.12853534954215
2012-02-21 09:00:00,178.99173570406094
2012-02-21 10:00:00,75.40330848760638
2012-02-21 11:00:00,85.7331384501315
2012-02-21 12:00:00,106.0917537120387
2012-02-21 13:00:00,125.97501470053209
2012-02-21 14:00:00,96.77007821498134
2012-02-21 15:00:00,123.18402169260816
2012-02-21 16:00:00,160.55301240248727
2012-02-21 17:00:00,388.6717782637154
2012-02-21 18:00:00,354.5701817987012
2012-02-21 19:00:00,290.88007851387863
2012-02-21 20:00:00,140.75807945490928
2012-02-21 21:00:00,107.75790500372909
2012-02-21 22:00:00,76.30324301639978
2012-02-21 23:00:00,54.91230367937452
2012-02-22 00:00:00,30.437037433636103
2012-02-22 01:00:00,16.158800965777907
2012-02-22 02:00:00,9.269031654114434
2012-02-22 03:00:00,4.903713091844631
2012-02-22 04:00:00,3.865566374501996
2012-02-22 05:00:00,11.882154054512673
2012-02-22 06:00:00,39.904981216669654
2012-02-22 07:00:00,162.93964866173738
2012-02-22 08:00:00,307.4603359852025
2012-02-22 09:00:00,226.055177078833
2012-02-22 10:00:00,94.88273403445419
2012-02-22 11:00:00,107.88065290356649
2012-02-22 12:00:00,145.3342401431104
2012-02-22 13:00:00,145.20904779676434
2012-02-22 14:00:00,133.28262573969107
2012-02-22 15:00:00,167.57861470961015
2012-02-22 16:00:00,216.0557818787214
2012-02-22 17:00:00,494.62026533805005
2012-02-22 18:00:00,370.18945182693926
2012-02-22 19:00:00,314.54977895351357
2012-02-22 20:00:00,155.91175126057666
2012-02-22 21:00:00,122.61290575114045
2012-02-22 22:00:00,92.52067405603844
2012-02-22 23:00:00,62.70461244509828
2012-02-23 00:00:00,36.29947846848927
2012-02-23 01:00:00,18.497461921893613
2012-02-23 02:00:00,10.909160603138005
2012-02-23 03:00:00,3.520877302215067
2012-02-23 04:00:00,4.670699296772051
2012-02-23 05:00:00,13.833685846317223
2012-02-23 06:00:00,40.85514158164978
2012-02-23 07:00:00,165.84662247526072
2012-02-23 08:00:00,308.95438716312276
2012-02-23 09:00:00,225.25999781364703
2012-02-23 10:00:00,113.16586430676662
2012-02-23 11:00:00,133.55450799800113
2012-02-23 12:00:00,188.0558736822884
2012-02-23 13:00:00,188.8144494701083
2012-02-23 14:00:00,174.8336493795367
2012-02-23 15:00:00,193.3954223896495
2012-02-23 16:00:00,260.6132025771292
2012-02-23 17:00:00,563.7309642085186
2012-02-23 18:00:00,510.77831359308874
2012-02-23 19:00:00,429.8471164820969
2012-02-23 20:00:00,181.02737802819493
2012-02-23 21:00:00,132.91772130018097
2012-02-23 22:00:00,102.47028671069661
2012-02-23 23:00:00,73.45112374503331
2012-02-24 00:00:00,40.21442718498157
2012-02-24 01:00:00,21.964091113391795
2012-02-24 02:00:00,6.646642541485254
2012-02-24 03:00:00,7.165484983679354
2012-02-24 04:00:00,5.144224528908848
2012-02-24 05:00:00,13.858674849464517
2012-02-24 06:00:00,47.951029812264956
2012-02-24 07:00:00,195.48435255117056
2012-02-24 08:00:00,336.68517514230746
2012-02-24 09:00:00,144.17327574835713
2012-02-24 10:00:00,61.53810610609983
2012-02-24 11:00:00,113.72074482746356
2012-02-24 12:00:00,158.0308935816046
2012-02-24 13:00:00,158.35916629179306
2012-02-24 14:00:00,148.5907300339554
2012-02-24 15:00:00,89.56015655691529
2012-02-24 16:00:00,116.04077885015865
2012-02-24 17:00:00,264.72718763815084
2012-02-24 18:00:00,397.77750548319847
2012-02-24 19:00:00,335.1400561843356
2012-02-24 20:00:00,173.74321908401302
2012-02-24 21:00:00,130.3832260683478
2012-02-24 22:00:00,107.60693603823734
2012-02-24 23:00:00,65.82228457168539
2012-02-25 00:00:00,43.61439468246869
2012-02-25 01:00:00,23.600763439099563
2012-02-25 02:00:00,14.149247971447114
2012-02-25 03:00:00,7.195949252522475
2012-02-25 04:00:00,5.278470695209059
2012-02-25 05:00:00,14.545653880569686
2012-02-25 06:00:00,49.81411052213781
2012-02-25 07:00:00,56.60261011306064
2012-02-25 08:00:00,110.40398323418867
2012-02-25 09:00:00,34.53697367923689
2012-02-25 10:00:00,173.63866912115938
2012-02-25 11:00:00,196.8688767278897
2012-02-25 12:00:00,243.7491804226678
2012-02-25 13:00:00,246.25170002294078
2012-02-25 14:00:00,226.16730110136592
2012-02-25 15:00:00,247.07088520144265
2012-02-25 16:00:00,310.15925205159135
2012-02-25 17:00:00,203.85088381150084
2012-02-25 18:00:00,178.6369582757255
2012-02-25 19:00:00,101.2936326683953
2012-02-25 20:00:00,173.61812756867826
2012-02-25 21:00:00,127.25599058043088
2012-02-25 22:00:00,85.82972200443567
2012-02-25 23:00:00,57.61414206494585
2012-02-26 00:00:00,32.05982878957804
2012-02-26 01:00:00,16.974073638259384
2012-02-26 02:00:00,9.935747643148554
2012-02-26 03:00:00,5.959379826660703
2012-02-26 04:00:00,4.325993470613123
2012-02-26 05:00:00,12.671763807026252
2012-02-26 06:00:00,38.1573263306415
2012-02-26 07:00:00,41.99672419240326
2012-02-26 08:00:00,80.43252405297721
2012-02-26 09:00:00,66.17667674340731
2012-02-26 10:00:00,171.45941303277115
2012-02-26 11:00:00,189.7094428858991
2012-02-26 12:00:00,268.10144110193744
2012-02-26 13:00:00,273.32236070173616
2012-02-26 14:00:00,256.7084086204109
2012-02-26 15:00:00,275.2898585027646
2012-02-26 16:00:00,331.5496023455079
2012-02-26 17:00:00,211.822704172325
2012-02-26 18:00:00,188.3607542727223
2012-02-26 19:00:00,108.1488257386281
2012-02-26 20:00:00,183.99668795241337
2012-02-26 21:00:00,141.12194723069317
2012-02-26 22:00:00,97.69490615856694
2012-02-26 23:00:00,63.472408019442284
2012-02-27 00:00:00,27.08745759435855
2012-02-27 01:00:00,14.11341651801373
2012-02-27 02:00:00,7.963728301467587
2012-02-27 03:00:00,4.080723040599941
2012-02-27 04:00:00,2.853261341382772
2012-02-27 05:00:00,9.079544908044616
2012-02-27 06:00:00,32.100766885095986
2012-02-27 07:00:00,134.62947874354214
2012-02-27 08:00:00,268.2787951804667
2012-02-27 09:00:00,201.17120399920313
2012-02-27 10:00:00,98.0816448478678
2012-02-27 11:00:00,112.47378815793051
2012-02-27 12:00:00,154.7563428939214
2012-02-27 13:00:00,149.1787003110436
2012-02-27 14:00:00,141.53430072342286
2012-02-27 15:00:00,169.68634289495725
2012-02-27 16:00:00,220.00417214666524
2012-02-27 17:00:00,501.174483980896
2012-02-27 18:00:00,451.0184892342947
2012-02-27 19:00:00,382.87921957191804
2012-02-27 20:00:00,165.2435161625992
2012-02-27 21:00:00,128.22648797629358
2012-02-27 22:00:00,98.72600395173745
2012-02-27 23:00:00,66.3722975203813
2012-02-28 00:00:00,36.52679573939493
2012-02-28 01:00:00,17.555467830423673
2012-02-28 02:00:00,11.496566114115328
2012-02-28 03:00:00,6.628135746390027
2012-02-28 04:00:00,3.4989124679198165
2012-02-28 05:00:00,10.768469937594872
2012-02-28 06:00:00,37.34697099463939
2012-02-28 07:00:00,151.23327254297223
2012-02-28 08:00:00,283.19581787136684
2012-02-28 09:00:00,202.91443868855586
2012-02-28 10:00:00,87.51505343588201
2012-02-28 11:00:00,114.70284410933729
2012-02-28 12:00:00,144.30379440528256
2012-02-28 13:00:00,142.37310829125025
2012-02-28 14:00:00,151.1430470082673
2012-02-28 15:00:00,162.0310348470523
2012-02-28 16:00:00,208.4636864437082
2012-02-28 17:00:00,474.95173263425943
2012-02-28 18:00:00,422.3506501373447
2012-02-28 19:00:00,376.7054904547555
2012-02-28 20:00:00,175.54939138365864
2012-02-28 21:00:00,113.96426014555283
2012-02-28 22:00:00,89.3211049329261
2012-02-28 23:00:00,57.09752933084768
2012-02-29 00:00:00,32.41065022569048
2012-02-29 01:00:00,17.39881949324992
2012-02-29 02:00:00,8.553837771061094
2012-02-29 03:00:00,5.432499885243502
2012-02-29 05:00:00,10.307403642086724
2012-02-29 06:00:00,37.95099261996472
2012-02-29 07:00:00,132.63016180845202
2012-02-29 08:00:00,257.28522111611477
2012-02-29 09:00:00,125.7973465324297
2012-02-29 10:00:00,52.58850448378465
2012-02-29 11:00:00,52.120092345294516
2012-02-29 12:00:00,67.54602143411822
2012-02-29 13:00:00,105.8346862267623
2012-02-29 14:00:00,97.68414584160593
2012-02-29 15:00:00,122.86441056322411
2012-02-29 16:00:00,100.63607834737373
2012-02-29 17:00:00,366.69163951876976
2012-02-29 18:00:00,217.95596793210228
2012-02-29 19:00:00,288.50514761083724
2012-02-29 20:00:00,86.39733829133803
2012-02-29 21:00:00,66.35165043712368
2012-02-29 22:00:00,49.77608378189502
2012-02-29 23:00:00,33.17547151020516
2012-03-20 00:00:00,39.84448162632828
2012-03-20 01:00:00,22.479217330631098
2012-03-20 02:00:00,12.952224568168983
2012-03-20 03:00:00,7.2046680051532075
2012-03-20 04:00:00,4.984654037043475
2012-03-20 05:00:00,14.933768960284365
2012-03-20 06:00:00,48.87974769531491
2012-03-20 07:00:00,120.13753696340494
2012-03-20 08:00:00,381.7459056106828
2012-03-20 09:00:00,275.16820036931404
2012-03-20 10:00:00,122.311593237459
2012-03-20 11:00:00,143.73477721174984
2012-03-20 12:00:00,171.2071217042901
2012-03-20 13:00:00,170.00921442387425
2012-03-20 14:00:00,150.06658652303318
2012-03-20 15:00:00,183.9870657731634
2012-03-20 16:00:00,247.89170347471634
2012-03-20 17:00:00,492.3352535656022
2012-03-20 18:00:00,447.40187856060413
2012-03-20 19:00:00,390.0471684222167
2012-03-20 20:00:00,196.1839723763137
2012-03-20 21:00:00,151.97888694050127
2012-03-20 22:00:00,117.52055702498491
2012-03-20 23:00:00,76.38627668877679
2012-03-21 00:00:00,41.874021837908586
2012-03-21 01:00:00,22.127991826148882
2012-03-21 02:00:00,12.67407591488355
2012-03-21 03:00:00,6.731239901541293
2012-03-21 04:00:00,5.010401855199769
2012-03-21 05:00:00,14.72229601045966
2012-03-21 06:00:00,42.660728599836155
2012-03-21 07:00:00,107.56443861858425
2012-03-21 08:00:00,207.97477263521148
2012-03-21 09:00:00,272.8658169099912
2012-03-21 10:00:00,116.71493640162426
2012-03-21 11:00:00,132.44520531845296
2012-03-21 12:00:00,173.1700553759128
2012-03-21 13:00:00,166.2757092655518
2012-03-21 14:00:00,156.14949295201828
2012-03-21 15:00:00,165.38927332104583
2012-03-21 16:00:00,231.88033787393977
2012-03-21 17:00:00,515.406848107627
2012-03-21 18:00:00,481.4590910570456
2012-03-21 19:00:00,475.3587681607099
2012-03-21 20:00:00,191.27736678087606
2012-03-21 21:00:00,144.12091090523708
2012-03-21 22:00:00,109.82348845489706
2012-03-21 23:00:00,79.28636149312386
2012-03-22 00:00:00,44.07694012085542
2012-03-22 01:00:00,23.53218869170813
2012-03-22 02:00:00,13.92582205157822
2012-03-22 03:00:00,8.128278462672508
2012-03-22 04:00:00,4.512753386416925
2012-03-22 05:00:00,13.420523396272982
2012-03-22 06:00:00,46.13639421505222
2012-03-22 07:00:00,185.0621644066902
2012-03-22 08:00:00,401.1534987807558
2012-03-22 09:00:00,290.05759494855766
2012-03-22 10:00:00,119.8525072391961
2012-03-22 11:00:00,142.081093450793
2012-03-22 12:00:00,168.94451165689517
2012-03-22 13:00:00,187.07784184753405
2012-03-22 14:00:00,173.44520003739362
2012-03-22 15:00:00,204.38891997038814
2012-03-22 16:00:00,269.3725797072721
2012-03-22 17:00:00,615.8828498408246
2012-03-22 18:00:00,561.897185020051
2012-03-22 19:00:00,504.177180691975
2012-03-22 20:00:00,191.32408316338564
2012-03-22 21:00:00,153.44626571953893
2012-03-22 22:00:00,117.3763959603618
2012-03-22 23:00:00,80.89442288103398
2012-03-23 00:00:00,50.20530168052376
2012-03-23 01:00:00,26.400078132059136
2012-03-23 02:00:00,15.282145946369571
2012-03-23 03:00:00,8.793969607007528
2012-03-23 04:00:00,5.900818294799027
2012-03-23 05:00:00,17.554889909084306
2012-03-23 06:00:00,60.73315303642865
2012-03-23 07:00:00,230.7738671169728
2012-03-23 08:00:00,433.4694624769854
2012-03-23 09:00:00,321.6320091145851
2012-03-23 10:00:00,137.6655700088418
2012-03-23 11:00:00,159.66863488025854
2012-03-23 12:00:00,225.0056139846326
2012-03-23 13:00:00,243.55518373436388
2012-03-23 14:00:00,224.1717098804639
2012-03-23 15:00:00,235.54825406949456
2012-03-23 16:00:00,302.3206198114708
2012-03-23 17:00:00,684.1639795115717
2012-03-23 18:00:00,657.4346464674293
2012-03-23 19:00:00,541.0426189140823
2012-03-23 20:00:00,271.7903233108295
2012-03-23 21:00:00,204.43564855400362
2012-03-23 22:00:00,151.40413138793164
2012-03-23 23:00:00,87.94429949572854
2012-03-24 00:00:00,62.775687505364324
2012-03-24 01:00:00,32.33209603448429
2012-03-24 02:00:00,18.920359499274554
2012-03-24 03:00:00,11.18281900705726
2012-03-24 04:00:00,8.08021321645865
2012-03-24 05:00:00,20.87287333862365
2012-03-24 06:00:00,70.49590565982756
2012-03-24 07:00:00,77.97053708258412
2012-03-24 08:00:00,142.5924673332291
2012-03-24 09:00:00,108.28486720487562
2012-03-24 10:00:00,240.6451994712641
2012-03-24 11:00:00,267.55702120522733
2012-03-24 12:00:00,201.36709559703223
2012-03-24 13:00:00,195.28070649816667
2012-03-24 14:00:00,178.53624293528665
2012-03-24 15:00:00,182.45398103659284
2012-03-24 16:00:00,243.66718199799593
2012-03-24 17:00:00,160.9858808700441
2012-03-24 18:00:00,127.29715341472752
2012-03-24 19:00:00,72.26549730907664
2012-03-24 20:00:00,121.96505206103572
2012-03-24 21:00:00,93.7614580067641
2012-03-24 22:00:00,72.28816651205896
2012-03-24 23:00:00,78.70379729532442
2012-03-25 00:00:00,38.85762442873319
2012-03-25 01:00:00,20.433745374971984
2012-03-25 02:00:00,7.054823340278341
2012-03-25 03:00:00,4.014081441734876
2012-03-25 04:00:00,5.091532599503168
2012-03-25 05:00:00,14.931334476533573
2012-03-25 06:00:00,51.074785472198776
2012-03-25 07:00:00,56.92574965032372
2012-03-25 08:00:00,107.90485552017304
2012-03-25 09:00:00,79.38467113461215
2012-03-25 10:00:00,182.41980547475373
2012-03-25 11:00:00,206.72607136392662
2012-03-25 12:00:00,252.87111841554284
2012-03-25 13:00:00,256.16241014130304
2012-03-25 14:00:00,237.0514954478659
2012-03-25 15:00:00,249.07877613363752
2012-03-25 16:00:00,374.73888384755946
2012-03-25 17:00:00,267.2938082253204
2012-03-25 18:00:00,243.81443996588743
2012-03-25 19:00:00,129.7733412464385
2012-03-25 20:00:00,198.97719916313386
2012-03-25 21:00:00,155.5506186074528
2012-03-25 22:00:00,120.88963029789794
2012-03-25 23:00:00,81.21487335508851
2012-03-26 00:00:00,33.42037772128207
2012-03-26 01:00:00,18.482379428401565
2012-03-26 02:00:00,10.712168650578656
2012-03-26 03:00:00,6.348361819735297
2012-03-26 04:00:00,4.655695223478677
2012-03-26 05:00:00,14.014207363456034
2012-03-26 06:00:00,46.878336388292155
2012-03-26 07:00:00,194.06393819161102
2012-03-26 08:00:00,373.75084730203105
2012-03-26 09:00:00,278.6780225220312
2012-03-26 10:00:00,126.75824423379503
2012-03-26 11:00:00,129.13401538717508
2012-03-26 12:00:00,158.3563554636547
2012-03-26 13:00:00,149.9618061713926
2012-03-26 14:00:00,145.74932429413442
2012-03-26 15:00:00,149.57519804682778
2012-03-26 16:00:00,194.37041239465444
2012-03-26 17:00:00,463.8147212009699
2012-03-26 18:00:00,419.73014483640145
2012-03-26 19:00:00,366.2830593522911
2012-03-26 20:00:00,170.33952344394584
2012-03-26 21:00:00,124.41803946567649
2012-03-26 22:00:00,95.54143272435226
2012-03-26 23:00:00,54.94991964520949
2012-03-27 00:00:00,29.9900074725057
2012-03-27 01:00:00,16.09619649665646
2012-03-27 02:00:00,9.734947615593999
2012-03-27 03:00:00,5.513774193461441
2012-03-27 04:00:00,3.5038996950328007
2012-03-27 05:00:00,10.761487823894038
2012-03-27 06:00:00,38.18732372264403
2012-03-27 07:00:00,153.68468453220038
2012-03-27 08:00:00,283.1918890715535
2012-03-27 09:00:00,210.2475220181929
2012-03-27 10:00:00,96.13199420493757
2012-03-27 11:00:00,125.71953105445392
2012-03-27 12:00:00,152.98830733639912
2012-03-27 13:00:00,158.73276342301867
2012-03-27 14:00:00,161.41438189390414
2012-03-27 15:00:00,179.65616269827896
2012-03-27 16:00:00,232.48168543634142
2012-03-27 17:00:00,533.8067616961563
2012-03-27 18:00:00,473.2114534140456
2012-03-27 19:00:00,411.41651163146827
2012-03-27 20:00:00,196.79841484185872
2012-03-27 21:00:00,123.38951018193633
2012-03-27 22:00:00,97.49813362793556
2012-03-27 23:00:00,64.26179943726898
2012-03-28 00:00:00,34.681482561836695
2012-03-28 01:00:00,18.00364050123745
2012-03-28 02:00:00,10.486546302926222
2012-03-28 03:00:00,6.115210801553223
2012-03-28 04:00:00,4.459612899011863
2012-03-28 05:00:00,13.281515973266854
2012-03-28 06:00:00,44.549435764726404
2012-03-28 07:00:00,180.2137437594069
2012-03-28 08:00:00,356.42481817476386
2012-03-28 09:00:00,270.2803049640893
2012-03-28 10:00:00,115.99561239071586
2012-03-28 11:00:00,149.85801335534438
2012-03-28 12:00:00,176.2955803667728
2012-03-28 13:00:00,183.22201620804154
2012-03-28 14:00:00,190.0644183278285
2012-03-28 15:00:00,190.29290795045043
2012-03-28 16:00:00,161.29069033328864
2012-03-28 17:00:00,585.2936485220002
2012-03-28 18:00:00,533.984956111724
2012-03-28 19:00:00,460.40583022648076
2012-03-28 20:00:00,219.4279340848754
2012-03-28 21:00:00,148.96937490153982
2012-03-28 22:00:00,118.90189133721707
2012-03-28 23:00:00,78.58241994897887
2012-03-29 00:00:00,45.42294505587241
2012-03-29 01:00:00,25.33456782983183
2012-03-29 02:00:00,18.22673532690508
2012-03-29 03:00:00,9.45788486413211
2012-03-29 04:00:00,6.685249241997846
2012-03-29 05:00:00,18.688897629599065
2012-03-29 06:00:00,53.132423229351375
2012-03-29 07:00:00,211.84339309754537
2012-03-29 08:00:00,397.5975692084453
2012-03-29 09:00:00,287.249962414538
2012-03-29 10:00:00,119.96656600343367
2012-03-29 11:00:00,156.36855752041564
2012-03-29 12:00:00,187.7768454016802
2012-03-29 13:00:00,168.2340193404
2012-03-29 14:00:00,175.59553401160133
2012-03-29 15:00:00,188.04393477650655
2012-03-29 16:00:00,247.43431246774628
2012-03-29 17:00:00,548.1845551286661
2012-03-29 18:00:00,509.47879530297115
2012-03-29 19:00:00,384.4156468296602
2012-03-29 20:00:00,187.67201464522043
2012-03-29 21:00:00,142.09845535679156
2012-03-29 22:00:00,111.18454215937673
2012-03-29 23:00:00,73.54915951397008
2012-03-30 00:00:00,44.42764144184245
2012-03-30 01:00:00,22.11621214153833
2012-03-30 02:00:00,12.132537245969415
2012-03-30 03:00:00,7.136921113196191
2012-03-30 04:00:00,5.4226171697064895
2012-03-30 05:00:00,15.373813935856422
2012-03-30 06:00:00,52.52278674057539
2012-03-30 07:00:00,209.54453222224856
2012-03-30 08:00:00,384.47164073968736
2012-03-30 09:00:00,286.10957487764233
2012-03-30 10:00:00,114.49552609147322
2012-03-30 11:00:00,134.5722934564225
2012-03-30 12:00:00,174.6386335191824
2012-03-30 13:00:00,114.56082140353367
2012-03-30 14:00:00,104.4927382651558
2012-03-30 15:00:00,110.93758936376682
2012-03-30 16:00:00,129.84902110337117
2012-03-30 17:00:00,479.40806169619884
2012-03-30 18:00:00,481.7442091985287
2012-03-30 19:00:00,395.4913694078182
2012-03-30 20:00:00,196.7820582497331
2012-03-30 21:00:00,141.65447249207463
2012-03-30 22:00:00,102.16477998469261
2012-03-30 23:00:00,70.86225947761315
2012-03-31 00:00:00,46.05347117917888
2012-03-31 01:00:00,25.0512950031929
2012-03-31 02:00:00,14.590759150376908
2012-03-31 03:00:00,8.98270122976961
2012-03-31 04:00:00,6.441381294468064
2012-03-31 05:00:00,19.141742602374585
2012-03-31 06:00:00,53.753609743567466
2012-03-31 07:00:00,60.02546500747587
2012-03-31 08:00:00,112.83616536858202
2012-03-31 09:00:00,95.1968362511992
2012-03-31 10:00:00,221.75703356923526
2012-03-31 11:00:00,272.84926724183583
2012-03-31 12:00:00,348.87384268872125
2012-03-31 13:00:00,385.3415980553891
2012-03-31 14:00:00,316.1844289592921
2012-03-31 15:00:00,336.87637862272646
2012-03-31 16:00:00,427.9465487862358
2012-03-31 17:00:00,246.01448481957445
2012-03-31 18:00:00,204.24814377279017
2012-03-31 19:00:00,121.475851229021
2012-03-31 20:00:00,204.9752461467868
2012-03-31 21:00:00,157.7322113968065
2012-03-31 22:00:00,118.5044690098395
2012-03-31 23:00:00,73.36922306800082
2012-04-20 00:00:00,53.61031667975465
2012-04-20 01:00:00,26.71313743102947
2012-04-20 02:00:00,15.52958201016234
2012-04-20 03:00:00,9.350067499121144
2012-04-20 04:00:00,6.765335234580986
2012-04-20 05:00:00,19.879399258110684
2012-04-20 06:00:00,68.46692521622472
2012-04-20 07:00:00,268.39841992694755
2012-04-20 08:00:00,506.5735043008517
2012-04-20 09:00:00,364.9904004170665
2012-04-20 10:00:00,174.94938003535617
2012-04-20 11:00:00,208.51798020893847
2012-04-20 12:00:00,263.61348310068377
2012-04-20 13:00:00,295.44309192907804
2012-04-20 14:00:00,271.67180525994564
2012-04-20 15:00:00,287.4217803642393
2012-04-20 16:00:00,377.5584078120919
2012-04-20 17:00:00,821.3913980872461
2012-04-20 18:00:00,737.9246166764924
2012-04-20 19:00:00,647.4200369949278
2012-04-20 20:00:00,279.8260391312937
2012-04-20 21:00:00,209.0910034175218
2012-04-20 22:00:00,158.60418101889593
2012-04-20 23:00:00,107.1744395771047
2012-04-21 00:00:00,68.15443993616358
2012-04-21 01:00:00,36.63586802553285
2012-04-21 02:00:00,22.444772410019493
2012-04-21 03:00:00,12.769629297867093
2012-04-21 04:00:00,9.455526774040509
2012-04-21 05:00:00,26.35006591024145
2012-04-21 06:00:00,89.10318250472312
2012-04-21 07:00:00,97.85854212069663
2012-04-21 08:00:00,187.2854420000897
2012-04-21 09:00:00,141.9743008276646
2012-04-21 10:00:00,373.9806174542952
2012-04-21 11:00:00,415.3579628597345
2012-04-21 12:00:00,525.2502083703733
2012-04-21 13:00:00,521.445771989612
2012-04-21 14:00:00,491.1187624806283
2012-04-21 15:00:00,534.7052491960847
2012-04-21 16:00:00,670.4344400978058
2012-04-21 17:00:00,389.1546425978405
2012-04-21 18:00:00,343.04834206483116
2012-04-21 19:00:00,97.10191728202834
2012-04-21 20:00:00,170.90519059940613
2012-04-21 21:00:00,128.38886561406562
2012-04-21 22:00:00,155.99654580293327
2012-04-21 23:00:00,98.41344283432205
2012-04-22 00:00:00,49.900216921574895
2012-04-22 01:00:00,25.738578799551657
2012-04-22 02:00:00,17.052794418407288
2012-04-22 03:00:00,9.366197083065908
2012-04-22 04:00:00,7.051068173636889
2012-04-22 05:00:00,19.73202350154916
2012-04-22 06:00:00,65.90763025657088
2012-04-22 07:00:00,44.11225090903832
2012-04-22 08:00:00,85.3949310763503
2012-04-22 09:00:00,61.5281165800272
2012-04-22 10:00:00,130.3217247487054
2012-04-22 11:00:00,146.8501868356018
2012-04-22 12:00:00,176.877040864806
2012-04-22 13:00:00,174.09008870911723
2012-04-22 14:00:00,159.61982085576304
2012-04-22 15:00:00,166.4122401361842
2012-04-22 16:00:00,211.9918451249328
2012-04-22 17:00:00,125.78399371068829
2012-04-22 18:00:00,114.68866468529815
2012-04-22 19:00:00,63.40038025943868
2012-04-22 20:00:00,111.60557266823812
2012-04-22 21:00:00,88.02276580087131
2012-04-22 22:00:00,59.698190036374925
2012-04-22 23:00:00,46.19124572840168
2012-04-23 00:00:00,20.36089230535493
2012-04-23 01:00:00,10.628772010509088
2012-04-23 02:00:00,10.334510157091684
2012-04-23 03:00:00,6.139358335906679
2012-04-23 04:00:00,2.0430622257944986
2012-04-23 05:00:00,6.960187395922311
2012-04-23 06:00:00,40.65359397299348
2012-04-23 07:00:00,102.51855180825629
2012-04-23 08:00:00,311.1739529741229
2012-04-23 09:00:00,221.41264673251607
2012-04-23 10:00:00,107.26062928170418
2012-04-23 11:00:00,108.23013611497987
2012-04-23 12:00:00,91.6211332854382
2012-04-23 13:00:00,90.16755892725017
2012-04-23 14:00:00,83.06256646812649
2012-04-23 15:00:00,143.02597274743036
2012-04-23 16:00:00,97.8120703860503
2012-04-23 17:00:00,223.29945409424698
2012-04-23 18:00:00,238.21516617990403
2012-04-23 19:00:00,324.82109458573177
2012-04-23 20:00:00,160.46184821316749
2012-04-23 21:00:00,120.23439399495615
2012-04-23 22:00:00,102.27973523700958
2012-04-23 23:00:00,69.06108341259451
2012-04-24 00:00:00,35.92015882064984
2012-04-24 01:00:00,18.798918876452156
2012-04-24 02:00:00,11.682817553942117
2012-04-24 03:00:00,6.730055790964679
2012-04-24 04:00:00,4.488627762676167
2012-04-24 05:00:00,13.357414438331814
2012-04-24 06:00:00,45.56222444656417
2012-04-24 07:00:00,204.44227255720946
2012-04-24 08:00:00,394.92735940540433
2012-04-24 09:00:00,326.6423372492968
2012-04-24 10:00:00,139.9700329458644
2012-04-24 11:00:00,163.33046874450875
2012-04-24 12:00:00,199.8740627056957
2012-04-24 13:00:00,220.78974212426544
2012-04-24 14:00:00,206.3002023007983
2012-04-24 15:00:00,218.06209074261645
2012-04-24 16:00:00,299.3040149561053
2012-04-24 17:00:00,646.8513746395176
2012-04-24 18:00:00,660.0892290490552
2012-04-24 19:00:00,524.2688833115036
2012-04-24 20:00:00,220.95034046746645
2012-04-24 21:00:00,162.94810943988213
2012-04-24 22:00:00,135.18387446411194
2012-04-24 23:00:00,90.01511413297608
2012-04-25 00:00:00,51.507118326470696
2012-04-25 01:00:00,27.26372259058031
2012-04-25 02:00:00,13.142735736489835
2012-04-25 03:00:00,7.252021523729299
2012-04-25 04:00:00,5.403861391982549
2012-04-25 05:00:00,16.075566232109747
2012-04-25 06:00:00,54.81493814364479
2012-04-25 07:00:00,216.09419272339125
2012-04-25 08:00:00,394.4031685521038
2012-04-25 09:00:00,354.72462208896576
2012-04-25 10:00:00,180.6731181321843
2012-04-25 11:00:00,198.97324894330154
2012-04-25 12:00:00,237.91578500218665
2012-04-25 13:00:00,238.17504974456816
2012-04-25 14:00:00,214.78556652562762
2012-04-25 15:00:00,242.09803318383885
2012-04-25 16:00:00,297.0002527251271
2012-04-25 17:00:00,677.4644107786035
2012-04-25 18:00:00,620.5222228351781
2012-04-25 19:00:00,539.5310757421031
2012-04-25 20:00:00,271.4632982337221
2012-04-25 21:00:00,186.14720837212093
2012-04-25 22:00:00,151.44527515036233
2012-04-25 23:00:00,93.11351060324213
2012-04-26 00:00:00,47.796757731918305
2012-04-26 01:00:00,26.110814956050607
2012-04-26 02:00:00,15.094437100030515
2012-04-26 03:00:00,8.881653520493241
2012-04-26 04:00:00,6.473715292917516
2012-04-26 05:00:00,18.09484847621429
2012-04-26 06:00:00,59.48434883154366
2012-04-26 07:00:00,135.96610314881912
2012-04-26 08:00:00,267.879864968734
2012-04-26 09:00:00,191.69348996053128
2012-04-26 10:00:00,127.0167274237852
2012-04-26 11:00:00,141.8610547861701
2012-04-26 12:00:00,206.8215770385181
2012-04-26 13:00:00,200.72948996567905
2012-04-26 14:00:00,189.4279324951855
2012-04-26 15:00:00,187.79685965479317
2012-04-26 16:00:00,249.80727849110028
2012-04-26 17:00:00,630.7092362011533
2012-04-26 18:00:00,536.1084691745382
2012-04-26 19:00:00,451.6536577004369
2012-04-26 20:00:00,237.554687738469
2012-04-26 21:00:00,175.94369629600294
2012-04-26 22:00:00,140.21660253846537
2012-04-26 23:00:00,92.45634669387756
2012-04-27 00:00:00,54.47785635241445
2012-04-27 01:00:00,30.400309921354843
2012-04-27 02:00:00,16.048268998897502
2012-04-27 03:00:00,9.546383359327615
2012-04-27 04:00:00,7.652563154927561
2012-04-27 05:00:00,21.019725753119072
2012-04-27 06:00:00,73.04100712792537
2012-04-27 07:00:00,265.89744703246924
2012-04-27 08:00:00,574.419223439064
2012-04-27 09:00:00,372.164107964571
2012-04-27 10:00:00,163.05968758636848
2012-04-27 11:00:00,189.41623431117196
2012-04-27 12:00:00,229.94897878798756
2012-04-27 13:00:00,224.98764732144227
2012-04-27 14:00:00,211.05283298272462
2012-04-27 15:00:00,245.8036106778993
2012-04-27 16:00:00,338.6633035461052
2012-04-27 17:00:00,760.171099955513
2012-04-27 18:00:00,688.2002547717174
2012-04-27 19:00:00,575.1818354080061
2012-04-27 20:00:00,252.92697357911726
2012-04-27 21:00:00,192.35394534517442
2012-04-27 22:00:00,150.13610296959837
2012-04-27 23:00:00,99.9069102338416
2012-04-28 00:00:00,62.91524981932994
2012-04-28 01:00:00,30.106035461309208
2012-04-28 02:00:00,18.926443726183447
2012-04-28 03:00:00,10.813116137206565
2012-04-28 04:00:00,8.143183681634778
2012-04-28 05:00:00,23.320367087187194
2012-04-28 06:00:00,76.56732551964504
2012-04-28 07:00:00,86.13318282839998
2012-04-28 08:00:00,179.4641619339082
2012-04-28 09:00:00,127.20264620048192
2012-04-28 10:00:00,276.41592154628756
2012-04-28 11:00:00,318.4677734630287
2012-04-28 12:00:00,393.68069395662496
2012-04-28 13:00:00,416.94678105739837
2012-04-28 14:00:00,398.6190667926529
2012-04-28 15:00:00,405.4130358387322
2012-04-28 16:00:00,501.6677499584065
2012-04-28 17:00:00,321.1245467550962
2012-04-28 18:00:00,185.57489874981525
2012-04-28 19:00:00,81.79385419104615
2012-04-28 20:00:00,256.2571965813461
2012-04-28 21:00:00,108.23356798190052
2012-04-28 22:00:00,138.48571500839802
2012-04-28 23:00:00,98.41438912744437
2012-04-29 00:00:00,27.48961551709989
2012-04-29 01:00:00,23.807980202642696
2012-04-29 02:00:00,13.879682239526172
2012-04-29 03:00:00,7.927605195558918
2012-04-29 04:00:00,5.940477273144908
2012-04-29 05:00:00,18.808195373240633
2012-04-29 06:00:00,62.055648542913474
2012-04-29 07:00:00,65.00048867243947
2012-04-29 08:00:00,144.2691713378106
2012-04-29 09:00:00,112.55616613364913
2012-04-29 10:00:00,264.6017445770147
2012-04-29 11:00:00,323.56856719390964
2012-04-29 12:00:00,390.71558373257625
2012-04-29 13:00:00,430.22869446502796
2012-04-29 14:00:00,428.2451606232708
2012-04-29 15:00:00,434.77736607389403
2012-04-29 16:00:00,648.1263588599005
2012-04-29 17:00:00,395.84349384550353
2012-04-29 18:00:00,370.16268123709773
2012-04-29 19:00:00,182.9002196508257
2012-04-29 20:00:00,325.48745830969676
2012-04-29 21:00:00,232.70764264331493
2012-04-29 22:00:00,190.49838303005842
2012-04-29 23:00:00,108.50044830821928
2012-04-30 00:00:00,44.86793658145949
2012-04-30 01:00:00,23.641208853610827
2012-04-30 02:00:00,14.081310683517485
2012-04-30 03:00:00,7.997603685235523
2012-04-30 04:00:00,5.585838904959804
2012-04-30 05:00:00,16.22755170711259
2012-04-30 06:00:00,62.632831633031515
2012-04-30 07:00:00,247.96631380556906
2012-04-30 08:00:00,476.83912175270393
2012-04-30 09:00:00,323.7832336676257
2012-04-30 10:00:00,138.46464249882382
2012-04-30 11:00:00,158.53123878851466
2012-04-30 12:00:00,189.2448088183163
2012-04-30 13:00:00,185.77243404101216
2012-04-30 14:00:00,189.32180738638826
2012-04-30 15:00:00,202.53337451367895
2012-04-30 16:00:00,272.6009247082763
2012-04-30 17:00:00,621.8974729518371
2012-04-30 18:00:00,524.464634593634
2012-04-30 19:00:00,435.71162293286983
2012-04-30 20:00:00,217.29890416818822
2012-04-30 21:00:00,167.22928217025773
2012-04-30 22:00:00,133.78996699537205
2012-04-30 23:00:00,88.30763932478422
2012-05-20 00:00:00,85.22697859684433
2012-05-20 01:00:00,47.27506193103621
2012-05-20 02:00:00,28.371410474887988
2012-05-20 03:00:00,16.300915945065398
2012-05-20 04:00:00,11.61912949671297
2012-05-20 05:00:00,31.425536056613986
2012-05-20 06:00:00,106.98991364254975
2012-05-20 07:00:00,115.99886018480119
2012-05-20 08:00:00,232.11727788654323
2012-05-20 09:00:00,196.23113619360024
2012-05-20 10:00:00,446.5731927209139
2012-05-20 11:00:00,499.44463380476896
2012-05-20 12:00:00,607.1353161105453
2012-05-20 13:00:00,602.7359834524865
2012-05-20 14:00:00,539.5256406238732
2012-05-20 15:00:00,531.1155994958883
2012-05-20 16:00:00,737.9314625786658
2012-05-20 17:00:00,469.8227338171217
2012-05-20 18:00:00,418.31136032220365
2012-05-20 19:00:00,219.83557192088676
2012-05-20 20:00:00,383.0619511484376
2012-05-20 21:00:00,289.7169620291242
2012-05-20 22:00:00,197.87839574678318
2012-05-20 23:00:00,77.5399208031793
2012-05-21 00:00:00,33.886561864352004
2012-05-21 01:00:00,17.69027834399542
2012-05-21 02:00:00,10.459086575387857
2012-05-21 03:00:00,10.27943261018182
2012-05-21 04:00:00,4.3950365807096174
2012-05-21 05:00:00,13.112594158041603
2012-05-21 06:00:00,45.12986528647215
2012-05-21 07:00:00,181.08907834212758
2012-05-21 08:00:00,345.4021177922268
2012-05-21 09:00:00,251.68184723464086
2012-05-21 10:00:00,104.35121867996905
2012-05-21 11:00:00,199.55221037094006
2012-05-21 12:00:00,236.52680755715284
2012-05-21 13:00:00,144.1221872712473
2012-05-21 14:00:00,135.17368605880264
2012-05-21 15:00:00,265.7205598192158
2012-05-21 16:00:00,338.3378173688933
2012-05-21 17:00:00,776.3006956404715
2012-05-21 18:00:00,773.6069305352001
2012-05-21 19:00:00,668.8393834353598
2012-05-21 20:00:00,323.3761304560901
2012-05-21 21:00:00,250.27317175017458
2012-05-21 22:00:00,155.85517561252146
2012-05-21 23:00:00,107.93835490580511
2012-05-22 00:00:00,60.09494974900072
2012-05-22 01:00:00,31.222596600948016
2012-05-22 02:00:00,18.75917998538322
2012-05-22 03:00:00,11.084245442385646
2012-05-22 04:00:00,7.951443708444641
2012-05-22 05:00:00,13.520319551930097
2012-05-22 06:00:00,47.5939495041968
2012-05-22 07:00:00,190.8155932880631
2012-05-22 08:00:00,571.5006970863778
2012-05-22 09:00:00,424.6403974567305
2012-05-22 10:00:00,181.4640713674834
2012-05-22 11:00:00,210.7828967005459
2012-05-22 12:00:00,243.34607935942324
2012-05-22 13:00:00,286.28242440521376
2012-05-22 14:00:00,257.16587394635894
2012-05-22 15:00:00,303.6979026463411
2012-05-22 16:00:00,390.40399120620305
2012-05-22 17:00:00,930.7471349353075
2012-05-22 18:00:00,799.4566166776391
2012-05-22 19:00:00,646.2065715746129
2012-05-22 20:00:00,309.9576003137951
2012-05-22 21:00:00,210.34186497834241
2012-05-22 22:00:00,169.5004427679822
2012-05-22 23:00:00,113.308260137579
2012-05-23 00:00:00,61.83497805913318
2012-05-23 01:00:00,33.336157589744694
2012-05-23 02:00:00,18.619072393672145
2012-05-23 03:00:00,12.112889055193614
2012-05-23 04:00:00,4.681836949586175
2012-05-23 05:00:00,13.386153272756866
2012-05-23 06:00:00,82.32457635534134
2012-05-23 07:00:00,342.83685726730727
2012-05-23 08:00:00,645.4396833748556
2012-05-23 09:00:00,434.10566971967944
2012-05-23 10:00:00,190.24464362103095
2012-05-23 11:00:00,258.7269531960986
2012-05-23 12:00:00,291.94074907906804
2012-05-23 13:00:00,275.6893786898861
2012-05-23 14:00:00,281.277373464367
2012-05-23 15:00:00,293.86904168145554
2012-05-23 16:00:00,231.62915645008874
2012-05-23 17:00:00,506.9217302324648
2012-05-23 18:00:00,462.471649815101
2012-05-23 19:00:00,517.3508248176839
2012-05-23 20:00:00,258.5853372937426
2012-05-23 21:00:00,203.8199778978584
2012-05-23 22:00:00,153.10939185711405
2012-05-23 23:00:00,112.82724618722759
2012-05-24 00:00:00,67.24890322618954
2012-05-24 01:00:00,35.761648770066515
2012-05-24 02:00:00,21.900188943339234
2012-05-24 03:00:00,11.795850815999032
2012-05-24 04:00:00,8.639954575022516
2012-05-24 05:00:00,24.216653230061162
2012-05-24 06:00:00,81.42572580573841
2012-05-24 07:00:00,354.58752187217704
2012-05-24 08:00:00,664.1711705023338
2012-05-24 09:00:00,476.6421584468016
2012-05-24 10:00:00,239.1809533146319
2012-05-24 11:00:00,271.8669959764679
2012-05-24 12:00:00,340.90715967460534
2012-05-24 13:00:00,332.6410965016264
2012-05-24 14:00:00,284.8387283442074
2012-05-24 15:00:00,299.2804045462071
2012-05-24 16:00:00,376.5562812421109
2012-05-24 17:00:00,868.7646818723921
2012-05-24 18:00:00,831.4849564138656
2012-05-24 19:00:00,695.6622467268581
2012-05-24 20:00:00,312.6631467197866
2012-05-24 21:00:00,131.25835946564396
2012-05-24 22:00:00,167.88720360173392
2012-05-24 23:00:00,111.78351828399016
2012-05-25 00:00:00,71.10980316726067
2012-05-25 01:00:00,38.70871271396353
2012-05-25 02:00:00,22.23029396240617
2012-05-25 03:00:00,12.680127834091362
2012-05-25 04:00:00,9.761320757625844
2012-05-25 05:00:00,26.493872483999837
2012-05-25 06:00:00,88.51751919087675
2012-05-25 07:00:00,346.8447708409034
2012-05-25 08:00:00,662.7932902667216
2012-05-25 09:00:00,475.66528440442704
2012-05-25 10:00:00,250.03602114928995
2012-05-25 11:00:00,285.8304771863227
2012-05-25 12:00:00,363.2049425369702
2012-05-25 13:00:00,338.26541163351277
2012-05-25 14:00:00,316.10117786189653
2012-05-25 15:00:00,324.88899376168695
2012-05-25 16:00:00,432.2336879758458
2012-05-25 17:00:00,928.2235311163395
2012-05-25 18:00:00,867.1378681441739
2012-05-25 19:00:00,726.5777082418388
2012-05-25 20:00:00,381.87479969524156
2012-05-25 21:00:00,296.38884177792136
2012-05-25 22:00:00,227.32896308167392
2012-05-25 23:00:00,146.8311664391457
2012-05-26 00:00:00,84.63256130760296
2012-05-26 01:00:00,45.971956861452774
2012-05-26 02:00:00,27.077334304580642
2012-05-26 03:00:00,16.32069780457035
2012-05-26 04:00:00,12.151916854348562
2012-05-26 05:00:00,32.683934319732344
2012-05-26 06:00:00,109.70126325330486
2012-05-26 07:00:00,115.78367851438068
2012-05-26 08:00:00,241.1394794240255
2012-05-26 09:00:00,169.74415875618294
2012-05-26 10:00:00,446.5003080236252
2012-05-26 11:00:00,516.7182494020748
2012-05-26 12:00:00,602.9175086119378
2012-05-26 13:00:00,592.6719570927115
2012-05-26 14:00:00,543.0812903960682
2012-05-26 15:00:00,566.0898345926245
2012-05-26 16:00:00,767.1055103876712
2012-05-26 17:00:00,465.2420046423321
2012-05-26 18:00:00,430.2419534082506
2012-05-26 19:00:00,226.48355844416633
2012-05-26 20:00:00,412.73563430693383
2012-05-26 21:00:00,328.05959265846246
2012-05-26 22:00:00,260.0004972940294
2012-05-26 23:00:00,174.66961441405942
2012-05-27 00:00:00,84.91748821974511
2012-05-27 01:00:00,47.192791735012456
2012-05-27 02:00:00,28.344302784763105
2012-05-27 03:00:00,17.230504450158637
2012-05-27 04:00:00,10.709155530456739
2012-05-27 05:00:00,29.629367838871875
2012-05-27 06:00:00,99.90664971146336
2012-05-27 07:00:00,110.31361547964059
2012-05-27 08:00:00,210.17851006321808
2012-05-27 09:00:00,173.0635478281978
2012-05-27 10:00:00,402.34977867201223
2012-05-27 11:00:00,470.79566130446176
2012-05-27 12:00:00,535.3671262013112
2012-05-27 13:00:00,545.5349309336113
2012-05-27 14:00:00,495.96838496948595
2012-05-27 15:00:00,533.8973276398132
2012-05-27 16:00:00,690.3062235320482
2012-05-27 17:00:00,442.09703784135394
2012-05-27 18:00:00,390.14310508458243
2012-05-27 19:00:00,223.24427807661422
2012-05-27 20:00:00,396.46188271766624
2012-05-27 21:00:00,168.6707027457211
2012-05-27 22:00:00,123.12011159079547
2012-05-27 23:00:00,79.639108885064
2012-05-28 00:00:00,73.13404566050279
2012-05-28 01:00:00,36.53872054342189
2012-05-28 02:00:00,24.099802515414467
2012-05-28 03:00:00,14.637342205176058
2012-05-28 04:00:00,11.152425715333594
2012-05-28 05:00:00,30.788895142893292
2012-05-28 06:00:00,101.32478072739671
2012-05-28 07:00:00,113.15619412791453
2012-05-28 08:00:00,260.75730830017744
2012-05-28 09:00:00,193.8056677867887
2012-05-28 10:00:00,443.066441768042
2012-05-28 11:00:00,476.7168751581495
2012-05-28 12:00:00,554.0721246732342
2012-05-28 13:00:00,514.4969684241627
2012-05-28 14:00:00,475.1691151963375
2012-05-28 15:00:00,515.0577697082929
2012-05-28 16:00:00,660.7295197641067
2012-05-28 17:00:00,424.3902952743519
2012-05-28 18:00:00,382.9222368894474
2012-05-28 19:00:00,216.63471899246244
2012-05-28 20:00:00,368.97005950105694
2012-05-28 21:00:00,281.26408313676603
2012-05-28 22:00:00,225.67334904911945
2012-05-28 23:00:00,157.8545791400631
2012-05-29 00:00:00,69.79297845854578
2012-05-29 01:00:00,37.5276085940351
2012-05-29 02:00:00,22.58675492134718
2012-05-29 03:00:00,13.033809784067419
2012-05-29 04:00:00,9.96740311581859
2012-05-29 05:00:00,27.689056473613476
2012-05-29 06:00:00,92.77597736484698
2012-05-29 07:00:00,369.16325937558537
2012-05-29 08:00:00,705.5188667335796
2012-05-29 09:00:00,509.4471508121416
2012-05-29 10:00:00,200.46052234644435
2012-05-29 11:00:00,233.3412411567418
2012-05-29 12:00:00,286.77133212418227
2012-05-29 13:00:00,278.9953414751365
2012-05-29 14:00:00,255.613496106992
2012-05-29 15:00:00,275.27438828090857
2012-05-29 16:00:00,346.3815626625201
2012-05-29 17:00:00,809.9434943151068
2012-05-29 18:00:00,716.6601033239688
2012-05-29 19:00:00,626.3980097149489
2012-05-29 20:00:00,176.32419631944688
2012-05-29 21:00:00,113.40764603900156
2012-05-29 22:00:00,153.5588822328584
2012-05-29 23:00:00,64.69088282214182
2012-05-30 00:00:00,35.383533631618214
2012-05-30 01:00:00,18.339981511559007
2012-05-30 02:00:00,10.944859200818513
2012-05-30 03:00:00,6.316196814346197
2012-05-30 04:00:00,7.958564392148546
2012-05-30 05:00:00,22.92231922603116
2012-05-30 06:00:00,79.58256407505863
2012-05-30 07:00:00,193.17313991177312
2012-05-30 08:00:00,593.8078165655251
2012-05-30 09:00:00,485.28812974111065
2012-05-30 10:00:00,199.73033964880526
2012-05-30 11:00:00,236.8226319534118
2012-05-30 12:00:00,334.25735722606004
2012-05-30 13:00:00,329.64717961489305
2012-05-30 14:00:00,303.7457990169982
2012-05-30 15:00:00,311.8159144075981
2012-05-30 16:00:00,400.1169620263999
2012-05-30 17:00:00,883.8432487889704
2012-05-30 18:00:00,790.708379766816
2012-05-30 19:00:00,695.0965938612077
2012-05-30 20:00:00,277.9247656796793
2012-05-30 21:00:00,263.09547756172225
2012-05-30 22:00:00,198.8432809936019
2012-05-30 23:00:00,135.10310302423616
2012-05-31 00:00:00,77.91094040614813
2012-05-31 01:00:00,42.45389565560598
2012-05-31 02:00:00,25.75185135500775
2012-05-31 03:00:00,15.062711826252922
2012-05-31 04:00:00,11.586097125006544
2012-05-31 05:00:00,29.796633597948865
2012-05-31 06:00:00,88.1145592122783
2012-05-31 07:00:00,406.2874719141064
2012-05-31 08:00:00,769.5555791793067
2012-05-31 09:00:00,581.0011268988964
2012-05-31 10:00:00,244.2218657500499
2012-05-31 11:00:00,287.05707734420395
2012-05-31 12:00:00,356.63213886729795
2012-05-31 13:00:00,338.07783309120424
2012-05-31 14:00:00,311.6523646952428
2012-05-31 15:00:00,319.16005548326217
2012-05-31 16:00:00,414.4037329605419
2012-05-31 17:00:00,973.0317314594392
2012-05-31 18:00:00,881.5626362224267
2012-05-31 19:00:00,785.7156783887289
2012-05-31 20:00:00,370.82219176373405
2012-05-31 21:00:00,285.5400568717112
2012-05-31 22:00:00,219.69814009611622
2012-05-31 23:00:00,143.51287917062794
2012-06-20 00:00:00,69.72807633377131
2012-06-20 01:00:00,37.580405224884515
2012-06-20 02:00:00,22.433927152073263
2012-06-20 03:00:00,13.444866971251342
2012-06-20 04:00:00,10.185444981786565
2012-06-20 05:00:00,28.259420792341334
2012-06-20 06:00:00,75.87626100452685
2012-06-20 07:00:00,310.37025948632095
2012-06-20 08:00:00,667.7702963361002
2012-06-20 09:00:00,502.75604915489265
2012-06-20 10:00:00,221.55265785428912
2012-06-20 11:00:00,250.1022519516027
2012-06-20 12:00:00,308.36809355454034
2012-06-20 13:00:00,310.32047614796943
2012-06-20 14:00:00,284.66504377131855
2012-06-20 15:00:00,321.77281023294506
2012-06-20 16:00:00,404.8370112488105
2012-06-20 17:00:00,935.7592477383264
2012-06-20 18:00:00,853.7800343768099
2012-06-20 19:00:00,679.7208178073047
2012-06-20 20:00:00,333.20614834431194
2012-06-20 21:00:00,261.34405418656763
2012-06-20 22:00:00,201.7544501155099
2012-06-20 23:00:00,129.19211395339244
2012-06-21 00:00:00,73.98787324255574
2012-06-21 01:00:00,40.381219620966675
2012-06-21 02:00:00,24.37532827138133
2012-06-21 03:00:00,15.188685034625646
2012-06-21 04:00:00,10.775645052799149
2012-06-21 05:00:00,29.682726960940045
2012-06-21 06:00:00,93.55778973523371
2012-06-21 07:00:00,372.249318549531
2012-06-21 08:00:00,754.0275238322812
2012-06-21 09:00:00,542.8285441670828
2012-06-21 10:00:00,239.5516095385158
2012-06-21 11:00:00,277.85729272000543
2012-06-21 12:00:00,339.2731734747236
2012-06-21 13:00:00,349.0643346923859
2012-06-21 14:00:00,307.5637197432296
2012-06-21 15:00:00,329.54328437428967
2012-06-21 16:00:00,426.11379888764316
2012-06-21 17:00:00,994.9084804473741
2012-06-21 18:00:00,846.7820063149153
2012-06-21 19:00:00,719.262581155951
2012-06-21 20:00:00,349.5036869527171
2012-06-21 21:00:00,260.52038705008107
2012-06-21 22:00:00,197.26822580303804
2012-06-21 23:00:00,137.32261471680408
2012-06-22 00:00:00,75.50619524631902
2012-06-22 01:00:00,41.81579845205268
2012-06-22 02:00:00,25.9429732333434
2012-06-22 03:00:00,15.477682866404344
2012-06-22 04:00:00,11.331889926432591
2012-06-22 05:00:00,30.578612739613956
2012-06-22 06:00:00,104.68430659047513
2012-06-22 07:00:00,436.5203295867424
2012-06-22 08:00:00,837.2283773063583
2012-06-22 09:00:00,583.7140939214295
2012-06-22 10:00:00,242.8413699326138
2012-06-22 11:00:00,292.49261943654017
2012-06-22 12:00:00,357.64613342043583
2012-06-22 13:00:00,354.7783754272252
2012-06-22 14:00:00,327.6356363084902
2012-06-22 15:00:00,339.5859489837804
2012-06-22 16:00:00,462.4851160814615
2012-06-22 17:00:00,973.3042429137282
2012-06-22 18:00:00,825.0820375794807
2012-06-22 19:00:00,645.5349410346296
2012-06-22 20:00:00,316.4832987320042
2012-06-22 21:00:00,165.2371098625088
2012-06-22 22:00:00,227.7155743839937
2012-06-22 23:00:00,146.26357654344798
2012-06-23 00:00:00,87.76002538005018
2012-06-23 01:00:00,53.31757391454459
2012-06-23 02:00:00,25.227086060633948
2012-06-23 03:00:00,15.486731371284712
2012-06-23 04:00:00,11.37192194162309
2012-06-23 05:00:00,31.110214763813453
2012-06-23 06:00:00,113.87555723703207
2012-06-23 07:00:00,124.54473142630802
2012-06-23 08:00:00,276.31711622880226
2012-06-23 09:00:00,205.48814298588843
2012-06-23 10:00:00,455.0788078621375
2012-06-23 11:00:00,526.1344635043952
2012-06-23 12:00:00,652.7238541016335
2012-06-23 13:00:00,659.5839446912712
2012-06-23 14:00:00,601.5379323890197
2012-06-23 15:00:00,634.1815519778207
2012-06-23 16:00:00,839.9555502856431
2012-06-23 17:00:00,538.1640007277248
2012-06-23 18:00:00,485.2125975598263
2012-06-23 19:00:00,276.325665614819
2012-06-23 20:00:00,474.6317485484972
2012-06-23 21:00:00,368.35375456807
2012-06-23 22:00:00,287.41898852549247
2012-06-23 23:00:00,204.93306611508024
2012-06-24 00:00:00,99.21448907064486
2012-06-24 01:00:00,48.47794594769261
2012-06-24 02:00:00,30.095541051678534
2012-06-24 03:00:00,16.78472809588444
2012-06-24 04:00:00,12.935400048128187
2012-06-24 05:00:00,35.70529315845984
2012-06-24 06:00:00,120.2472159664815
2012-06-24 07:00:00,134.66606377518596
2012-06-24 08:00:00,271.5782747375428
2012-06-24 09:00:00,200.82370592071806
2012-06-24 10:00:00,451.04446572144434
2012-06-24 11:00:00,493.65318278657566
2012-06-24 12:00:00,602.2965498759626
2012-06-24 13:00:00,579.56480549219
2012-06-24 14:00:00,540.2455479029064
2012-06-24 15:00:00,588.1647880638671
2012-06-24 16:00:00,748.4243105037983
2012-06-24 17:00:00,474.17700297099543
2012-06-24 18:00:00,427.2109616435239
2012-06-24 19:00:00,231.76924537179283
2012-06-24 20:00:00,398.20093018332955
2012-06-24 21:00:00,298.9566208957351
2012-06-24 22:00:00,241.66384086726808
2012-06-24 23:00:00,160.88924914391055
2012-06-25 00:00:00,71.82245056080043
2012-06-25 01:00:00,38.682979802844905
2012-06-25 02:00:00,22.790429693890644
2012-06-25 03:00:00,13.447284791312569
2012-06-25 04:00:00,9.79151151490808
2012-06-25 05:00:00,28.115697630903274
2012-06-25 06:00:00,80.93896925825396
2012-06-25 07:00:00,368.8111279305586
2012-06-25 08:00:00,710.1764372963573
2012-06-25 09:00:00,522.0665755315899
2012-06-25 10:00:00,216.77142325261613
2012-06-25 11:00:00,245.00364366312422
2012-06-25 12:00:00,279.73931906722714
2012-06-25 13:00:00,300.8310411702397
2012-06-25 14:00:00,274.33957085132573
2012-06-25 15:00:00,280.2732146649062
2012-06-25 16:00:00,378.2710978244259
2012-06-25 17:00:00,860.4191149754847
2012-06-25 18:00:00,774.3508132567296
2012-06-25 19:00:00,653.6189935886318
2012-06-25 20:00:00,336.01206571852777
2012-06-25 21:00:00,265.8545819575605
2012-06-25 22:00:00,204.634104705129
2012-06-25 23:00:00,137.03497254325566
2012-06-26 00:00:00,75.68177154046694
2012-06-26 01:00:00,40.57409580695963
2012-06-26 02:00:00,21.3709011792493
2012-06-26 03:00:00,12.571613249810643
2012-06-26 04:00:00,9.345663652145017
2012-06-26 05:00:00,24.86937992643333
2012-06-26 06:00:00,84.56187864837543
2012-06-26 07:00:00,331.4740491042851
2012-06-26 08:00:00,644.0946938855426
2012-06-26 09:00:00,460.05268477675077
2012-06-26 10:00:00,222.52061108656716
2012-06-26 11:00:00,253.81858118398986
2012-06-26 12:00:00,309.42245231288575
2012-06-26 13:00:00,307.5375051043812
2012-06-26 14:00:00,283.99882600580673
2012-06-26 15:00:00,303.19917835389464
2012-06-26 16:00:00,393.1255826873627
2012-06-26 17:00:00,897.6109867095173
2012-06-26 18:00:00,831.956602269503
2012-06-26 19:00:00,731.9865573070947
2012-06-26 20:00:00,350.47787999987537
2012-06-26 21:00:00,271.27298986067575
2012-06-26 22:00:00,209.12530845297562
2012-06-26 23:00:00,140.0885656886363
2012-06-27 00:00:00,77.09114199679576
2012-06-27 01:00:00,42.34740855018886
2012-06-27 02:00:00,22.006889507190934
2012-06-27 03:00:00,13.39424358236692
2012-06-27 04:00:00,11.163470157060987
2012-06-27 05:00:00,30.290300235435662
2012-06-27 06:00:00,88.50158139182254
2012-06-27 07:00:00,394.8761109869938
2012-06-27 08:00:00,735.8967433029767
2012-06-27 09:00:00,538.353807625859
2012-06-27 10:00:00,238.16326085470115
2012-06-27 11:00:00,257.1465993468798
2012-06-27 12:00:00,316.1094889102662
2012-06-27 13:00:00,309.71803692196426
2012-06-27 14:00:00,287.5835939348379
2012-06-27 15:00:00,293.2001927031565
2012-06-27 16:00:00,385.51843743204284
2012-06-27 17:00:00,885.9253620870535
2012-06-27 18:00:00,808.5299487679405
2012-06-27 19:00:00,681.1264724406908
2012-06-27 20:00:00,343.2344606997768
2012-06-27 21:00:00,264.75238437503043
2012-06-27 22:00:00,218.96680982032294
2012-06-27 23:00:00,140.6618923579475
2012-06-28 00:00:00,82.68133222239857
2012-06-28 01:00:00,45.262875461867594
2012-06-28 02:00:00,26.817341819223124
2012-06-28 03:00:00,16.01242593806513
2012-06-28 04:00:00,11.445173476326472
2012-06-28 05:00:00,31.92443996742955
2012-06-28 06:00:00,106.6201840229796
2012-06-28 07:00:00,419.03981515434185
2012-06-28 08:00:00,815.4917331269294
2012-06-28 09:00:00,580.9252830272096
2012-06-28 10:00:00,235.24804056556002
2012-06-28 11:00:00,283.6720654553283
2012-06-28 12:00:00,344.1644262155232
2012-06-28 13:00:00,340.9805161420644
2012-06-28 14:00:00,308.594559256663
2012-06-28 15:00:00,326.7975179633186
2012-06-28 16:00:00,441.4574435260844
2012-06-28 17:00:00,1001.4088324185698
2012-06-28 18:00:00,896.5734526062914
2012-06-28 19:00:00,730.809456882611
2012-06-28 20:00:00,361.6491273130515
2012-06-28 21:00:00,258.84135674845726
2012-06-28 22:00:00,206.57902120352597
2012-06-28 23:00:00,141.81468165158674
2012-06-29 00:00:00,86.21503059200334
2012-06-29 01:00:00,45.678079953064575
2012-06-29 02:00:00,28.08105240400476
2012-06-29 03:00:00,16.785281334186767
2012-06-29 04:00:00,12.409216281465309
2012-06-29 05:00:00,35.054816306591896
2012-06-29 06:00:00,107.95299265814224
2012-06-29 07:00:00,464.20067094263237
2012-06-29 08:00:00,790.7084367831303
2012-06-29 09:00:00,600.9100483648576
2012-06-29 10:00:00,258.0165967506666
2012-06-29 11:00:00,272.1810262939318
2012-06-29 12:00:00,334.0832839145192
2012-06-29 13:00:00,357.77350868392483
2012-06-29 14:00:00,328.99407017285523
2012-06-29 15:00:00,369.605916798242
2012-06-29 16:00:00,477.97449383584444
2012-06-29 17:00:00,1035.4099627900478
2012-06-29 18:00:00,1014.3713972723522
2012-06-29 19:00:00,762.0565545694021
2012-06-29 20:00:00,374.151197192577
2012-06-29 21:00:00,265.4651807376223
2012-06-29 22:00:00,124.37505577796047
2012-06-29 23:00:00,83.38523272560585
2012-06-30 00:00:00,48.019055163348874
2012-06-30 01:00:00,25.26168175370795
2012-06-30 02:00:00,26.11697988415808
2012-06-30 03:00:00,15.584101203532079
2012-06-30 04:00:00,11.534619246080501
2012-06-30 05:00:00,32.856345148840305
2012-06-30 06:00:00,109.66630438872029
2012-06-30 07:00:00,122.3427844777655
2012-06-30 08:00:00,230.89390217812766
2012-06-30 09:00:00,166.8326351898738
2012-06-30 10:00:00,491.8399532742578
2012-06-30 11:00:00,557.698248193699
2012-06-30 12:00:00,676.4748517859704
2012-06-30 13:00:00,661.2734001621856
2012-06-30 14:00:00,610.7478051079775
2012-06-30 15:00:00,646.7162021689734
2012-06-30 16:00:00,860.4391376728095
2012-06-30 17:00:00,546.7229986150534
2012-06-30 18:00:00,509.9314342584801
2012-06-30 19:00:00,257.46766146842896
2012-06-30 20:00:00,443.5688308540433
2012-06-30 21:00:00,341.6013317603506
2012-06-30 22:00:00,259.2185013832173
2012-06-30 23:00:00,177.61624904984768
2012-07-20 00:00:00,40.42966370050913
2012-07-20 01:00:00,36.9648583421065
2012-07-20 02:00:00,20.94917441379244
2012-07-20 03:00:00,12.371052686189667
2012-07-20 04:00:00,9.07329191068235
2012-07-20 05:00:00,25.558389071029335
2012-07-20 06:00:00,85.13094496756244
2012-07-20 07:00:00,336.329640624904
2012-07-20 08:00:00,742.4915020944208
2012-07-20 09:00:00,546.5339297778769
2012-07-20 10:00:00,228.59089346538477
2012-07-20 11:00:00,162.42089070391515
2012-07-20 12:00:00,194.38395070579952
2012-07-20 13:00:00,193.02482075396847
2012-07-20 14:00:00,174.5069291468509
2012-07-20 15:00:00,285.99729770494594
2012-07-20 16:00:00,368.9421839244426
2012-07-20 17:00:00,700.7077108343017
2012-07-20 18:00:00,774.6215155608617
2012-07-20 19:00:00,571.2686620769745
2012-07-20 20:00:00,169.86793340057696
2012-07-20 21:00:00,131.88392293133177
2012-07-20 22:00:00,172.05532419298757
2012-07-20 23:00:00,112.76224591816752
2012-07-21 00:00:00,46.22986411312524
2012-07-21 01:00:00,40.45141545596488
2012-07-21 02:00:00,14.826567546374914
2012-07-21 03:00:00,8.755627442866885
2012-07-21 04:00:00,6.358766337936834
2012-07-21 05:00:00,18.401500643346438
2012-07-21 06:00:00,62.41772469400979
2012-07-21 07:00:00,112.09201637126314
2012-07-21 08:00:00,214.7801449737638
2012-07-21 09:00:00,157.64370206245786
2012-07-21 10:00:00,218.23910928448322
2012-07-21 11:00:00,403.4430503545419
2012-07-21 12:00:00,307.92760397276237
2012-07-21 13:00:00,305.7786415938666
2012-07-21 14:00:00,437.29843878681163
2012-07-21 15:00:00,289.0409472046984
2012-07-21 16:00:00,379.7883243644374
2012-07-21 17:00:00,243.78187753741236
2012-07-21 18:00:00,353.5864797696416
2012-07-21 19:00:00,198.32829503213284
2012-07-21 20:00:00,215.6597590059439
2012-07-21 21:00:00,266.14757840796386
2012-07-21 22:00:00,212.20721895648103
2012-07-21 23:00:00,146.50357609026764
2012-07-22 00:00:00,70.76118742387328
2012-07-22 01:00:00,37.44565057637066
2012-07-22 02:00:00,22.761477838269027
2012-07-22 03:00:00,13.531955804029343
2012-07-22 04:00:00,11.172356855967102
2012-07-22 05:00:00,30.841031971746922
2012-07-22 06:00:00,93.3319805306499
2012-07-22 07:00:00,106.64637635093302
2012-07-22 08:00:00,204.83536395549228
2012-07-22 09:00:00,174.59941606389845
2012-07-22 10:00:00,393.42595048682404
2012-07-22 11:00:00,446.1331638498335
2012-07-22 12:00:00,535.0433907783358
2012-07-22 13:00:00,532.8893308377046
2012-07-22 14:00:00,519.3367093150575
2012-07-22 15:00:00,549.9304886629909
2012-07-22 16:00:00,671.8149078665618
2012-07-22 17:00:00,414.84959523597956
2012-07-22 18:00:00,384.4667603957095
2012-07-22 19:00:00,223.85646122018792
2012-07-22 20:00:00,384.6323147267662
2012-07-22 21:00:00,296.47041059205924
2012-07-22 22:00:00,230.65593366435797
2012-07-22 23:00:00,154.2009155512771
2012-07-23 00:00:00,59.425098745729365
2012-07-23 01:00:00,30.99376402661556
2012-07-23 02:00:00,17.514929409454833
2012-07-23 03:00:00,10.323291325743611
2012-07-23 04:00:00,7.5643250306121494
2012-07-23 05:00:00,21.402970134947452
2012-07-23 06:00:00,84.93088372632535
2012-07-23 07:00:00,360.43268972244044
2012-07-23 08:00:00,692.4582391881563
2012-07-23 09:00:00,447.47808740683485
2012-07-23 10:00:00,203.31172974615194
2012-07-23 11:00:00,228.96695765108163
2012-07-23 12:00:00,277.85684455613824
2012-07-23 13:00:00,275.9170604114311
2012-07-23 14:00:00,244.03751702937956
2012-07-23 15:00:00,276.9490363684658
2012-07-23 16:00:00,367.9545724607874
2012-07-23 17:00:00,832.4230072566382
2012-07-23 18:00:00,782.618026657722
2012-07-23 19:00:00,626.4198856461992
2012-07-23 20:00:00,303.95838872270537
2012-07-23 21:00:00,232.1761894346096
2012-07-23 22:00:00,182.61310040568105
2012-07-23 23:00:00,128.69085719264683
2012-07-24 00:00:00,70.23694400010896
2012-07-24 01:00:00,36.98904844059319
2012-07-24 02:00:00,21.894453766532987
2012-07-24 03:00:00,13.001704462877266
2012-07-24 04:00:00,9.927944400089789
2012-07-24 05:00:00,27.47395049433709
2012-07-24 06:00:00,91.3456919227014
2012-07-24 07:00:00,368.6932111253024
2012-07-24 08:00:00,659.8054285352922
2012-07-24 09:00:00,529.1935182443821
2012-07-24 10:00:00,203.87601521560734
2012-07-24 11:00:00,217.8028115273462
2012-07-24 12:00:00,268.73088843346244
2012-07-24 13:00:00,260.41514908154704
2012-07-24 14:00:00,245.2596961990871
2012-07-24 15:00:00,275.10204249694794
2012-07-24 16:00:00,348.8193841267652
2012-07-24 17:00:00,793.5021813783926
2012-07-24 18:00:00,699.8808690056541
2012-07-24 19:00:00,620.6353333366221
2012-07-24 20:00:00,300.0234778635369
2012-07-24 21:00:00,227.36320777083785
2012-07-24 22:00:00,177.01070007400236
2012-07-24 23:00:00,119.82114537336348
2012-07-25 00:00:00,71.45753252501753
2012-07-25 01:00:00,39.44663732418088
2012-07-25 02:00:00,23.148108469977462
2012-07-25 03:00:00,13.564053208798262
2012-07-25 04:00:00,10.121703253210645
2012-07-25 05:00:00,28.55343949717188
2012-07-25 06:00:00,94.8466518232095
2012-07-25 07:00:00,381.53253496669663
2012-07-25 08:00:00,756.5650779732806
2012-07-25 09:00:00,550.1007058990207
2012-07-25 10:00:00,238.13693862016677
2012-07-25 11:00:00,273.89671403160435
2012-07-25 12:00:00,332.33845451837533
2012-07-25 13:00:00,313.60279339921306
2012-07-25 14:00:00,294.2605558692061
2012-07-25 15:00:00,312.7888469388176
2012-07-25 16:00:00,399.866682381807
2012-07-25 17:00:00,938.940949281363
2012-07-25 18:00:00,836.7189937623997
2012-07-25 19:00:00,695.0911953783366
2012-07-25 20:00:00,330.4998376867494
2012-07-25 21:00:00,266.3094917685206
2012-07-25 22:00:00,199.78351963578703
2012-07-25 23:00:00,128.52497639534943
2012-07-26 00:00:00,75.88896710707776
2012-07-26 01:00:00,40.51719890027377
2012-07-26 02:00:00,23.76854103745685
2012-07-26 03:00:00,14.267132187542058
2012-07-26 04:00:00,10.603832558776976
2012-07-26 05:00:00,29.353858983167324
2012-07-26 06:00:00,95.95343543870771
2012-07-26 07:00:00,384.48007601634123
2012-07-26 08:00:00,679.6162741427347
2012-07-26 09:00:00,514.4685355594337
2012-07-26 10:00:00,213.08954487067365
2012-07-26 11:00:00,241.82277818781725
2012-07-26 12:00:00,302.52714059818715
2012-07-26 13:00:00,295.4858826202013
2012-07-26 14:00:00,281.0201762394588
2012-07-26 15:00:00,299.13487093192913
2012-07-26 16:00:00,386.5978489908476
2012-07-26 17:00:00,842.5507985877827
2012-07-26 18:00:00,794.2325787025284
2012-07-26 19:00:00,668.4069171904582
2012-07-26 20:00:00,329.3741539944748
2012-07-26 21:00:00,231.9426916153509
2012-07-26 22:00:00,182.01027872584655
2012-07-26 23:00:00,137.04452614804512
2012-07-27 00:00:00,86.33522075983242
2012-07-27 01:00:00,45.240866102093285
2012-07-27 02:00:00,26.12397556779096
2012-07-27 03:00:00,15.702830239812087
2012-07-27 04:00:00,12.151818456715871
2012-07-27 05:00:00,32.899579509327985
2012-07-27 06:00:00,111.45366080551058
2012-07-27 07:00:00,433.0776717701251
2012-07-27 08:00:00,799.2133266033504
2012-07-27 09:00:00,581.372272805828
2012-07-27 10:00:00,267.5371143684298
2012-07-27 11:00:00,278.2135670458211
2012-07-27 12:00:00,331.4683219065279
2012-07-27 13:00:00,333.9018758005511
2012-07-27 14:00:00,306.43719404566207
2012-07-27 15:00:00,338.39259434945404
2012-07-27 16:00:00,429.02067596572215
2012-07-27 17:00:00,974.3729746401277
2012-07-27 18:00:00,900.0986182209405
2012-07-27 19:00:00,741.8166942093686
2012-07-27 20:00:00,363.2556798229612
2012-07-27 21:00:00,279.70902039821505
2012-07-27 22:00:00,217.81462309952158
2012-07-27 23:00:00,148.1340555663095
2012-07-28 00:00:00,96.4129986038625
2012-07-28 01:00:00,54.19874602462608
2012-07-28 02:00:00,33.385337864078764
2012-07-28 03:00:00,20.029256410249047
2012-07-28 04:00:00,13.85969263082205
2012-07-28 05:00:00,38.26646225041084
2012-07-28 06:00:00,133.1805407918505
2012-07-28 07:00:00,147.04317453574453
2012-07-28 08:00:00,263.0389769476258
2012-07-28 09:00:00,197.14946506873298
2012-07-28 10:00:00,447.77186988716323
2012-07-28 11:00:00,535.8651851334455
2012-07-28 12:00:00,643.2959712571537
2012-07-28 13:00:00,617.6032663297891
2012-07-28 14:00:00,580.9167550054957
2012-07-28 15:00:00,627.178862839077
2012-07-28 16:00:00,801.563974308054
2012-07-28 17:00:00,499.97692138137825
2012-07-28 18:00:00,451.45820084039525
2012-07-28 19:00:00,251.45604289082863
2012-07-28 20:00:00,413.8749590199881
2012-07-28 21:00:00,335.14214133222646
2012-07-28 22:00:00,263.08841827197153
2012-07-28 23:00:00,174.1461985874293
2012-07-29 00:00:00,73.24905120891778
2012-07-29 01:00:00,46.48011609048795
2012-07-29 02:00:00,28.303064537751695
2012-07-29 03:00:00,16.763375392551666
2012-07-29 04:00:00,12.67201073516258
2012-07-29 05:00:00,29.20699123129657
2012-07-29 06:00:00,115.4403335203733
2012-07-29 07:00:00,127.53911268526781
2012-07-29 08:00:00,246.5197299895706
2012-07-29 09:00:00,177.91213135849415
2012-07-29 10:00:00,412.82747500768386
2012-07-29 11:00:00,451.47095316047586
2012-07-29 12:00:00,532.7787034929884
2012-07-29 13:00:00,544.8627062471425
2012-07-29 14:00:00,513.9915975098004
2012-07-29 15:00:00,557.8292457109479
2012-07-29 16:00:00,721.2360544523765
2012-07-29 17:00:00,459.7370710044032
2012-07-29 18:00:00,405.7437205158581
2012-07-29 19:00:00,222.5519297829598
2012-07-29 20:00:00,378.8252374974362
2012-07-29 21:00:00,302.7424642014636
2012-07-29 22:00:00,240.06346508408436
2012-07-29 23:00:00,165.7754184808896
2012-07-30 00:00:00,71.00968636272948
2012-07-30 01:00:00,39.1249873948991
2012-07-30 02:00:00,23.46864624557382
2012-07-30 03:00:00,13.60583928024605
2012-07-30 04:00:00,10.17780701398232
2012-07-30 05:00:00,27.4461656693036
2012-07-30 06:00:00,90.53238916956283
2012-07-30 07:00:00,370.1427763882416
2012-07-30 08:00:00,659.9202804673129
2012-07-30 09:00:00,471.2125558881677
2012-07-30 10:00:00,189.38305568469167
2012-07-30 11:00:00,228.24500156529118
2012-07-30 12:00:00,276.10953717543657
2012-07-30 13:00:00,291.84849808581805
2012-07-30 14:00:00,265.2893749276699
2012-07-30 15:00:00,278.74334231345864
2012-07-30 16:00:00,357.7087307510726
2012-07-30 17:00:00,785.8297244862724
2012-07-30 18:00:00,691.0105051657464
2012-07-30 19:00:00,639.9083050427746
2012-07-30 20:00:00,308.62084066168916
2012-07-30 21:00:00,239.49058143282747
2012-07-30 22:00:00,172.6069958282696
2012-07-30 23:00:00,124.40520797907615
2012-07-31 00:00:00,69.35490768522665
2012-07-31 01:00:00,36.926797581697315
2012-07-31 02:00:00,22.075341495395353
2012-07-31 03:00:00,13.279348298956833
2012-07-31 04:00:00,9.927944400089789
2012-07-31 05:00:00,27.0300230701955
2012-07-31 06:00:00,77.41969881642368
2012-07-31 07:00:00,354.2083447243492
2012-07-31 08:00:00,689.2890010441765
2012-07-31 09:00:00,517.1942825507367
2012-07-31 10:00:00,226.78366803374402
2012-07-31 11:00:00,249.36874507104363
2012-07-31 12:00:00,316.2898799529388
2012-07-31 13:00:00,276.84308575695906
2012-07-31 14:00:00,255.64611901160902
2012-07-31 15:00:00,275.8934296713041
2012-07-31 16:00:00,352.66634189239846
2012-07-31 17:00:00,817.5279147320396
2012-07-31 18:00:00,726.1971859889643
2012-07-31 19:00:00,346.49983574020075
2012-07-31 20:00:00,182.7667607094909
2012-07-31 21:00:00,233.448238590828
2012-07-31 22:00:00,183.0149253497167
2012-07-31 23:00:00,115.23310007185442
2012-08-20 00:00:00,57.153922071664795
2012-08-20 01:00:00,32.17506597408362
2012-08-20 02:00:00,19.184303059999916
2012-08-20 03:00:00,11.410980276627729
2012-08-20 04:00:00,8.047878538268675
2012-08-20 05:00:00,23.23267410590159
2012-08-20 06:00:00,76.24933760106441
2012-08-20 07:00:00,297.2225149017802
2012-08-20 08:00:00,572.4907021359638
2012-08-20 09:00:00,496.72817328807827
2012-08-20 10:00:00,204.45256848051142
2012-08-20 11:00:00,249.5065926820768
2012-08-20 12:00:00,287.6576051894063
2012-08-20 13:00:00,301.07003051230606
2012-08-20 14:00:00,279.7219537775403
2012-08-20 15:00:00,289.307348118279
2012-08-20 16:00:00,374.19588549223766
2012-08-20 17:00:00,828.2420629362391
2012-08-20 18:00:00,580.8538132152459
2012-08-20 19:00:00,501.06510719653204
2012-08-20 20:00:00,237.3220567262992
2012-08-20 21:00:00,214.4648221311662
2012-08-20 22:00:00,157.97454158207185
2012-08-20 23:00:00,105.99978241770681
2012-08-21 00:00:00,57.43946220223023
2012-08-21 01:00:00,30.432465644024756
2012-08-21 02:00:00,17.078776037274135
2012-08-21 03:00:00,11.658570221783995
2012-08-21 04:00:00,8.687567574662598
2012-08-21 05:00:00,24.118230155543824
2012-08-21 06:00:00,80.78264634413682
2012-08-21 07:00:00,326.56845532741846
2012-08-21 08:00:00,610.0422402453611
2012-08-21 09:00:00,529.5073456107473
2012-08-21 10:00:00,222.81794859571554
2012-08-21 11:00:00,266.390849199383
2012-08-21 12:00:00,334.1598269447607
2012-08-21 13:00:00,314.5970375207495
2012-08-21 14:00:00,286.87012426073426
2012-08-21 15:00:00,311.0693075515791
2012-08-21 16:00:00,402.3212419206821
2012-08-21 17:00:00,804.9944309431646
2012-08-21 18:00:00,779.2026951361942
2012-08-21 19:00:00,325.3590974191616
2012-08-21 20:00:00,322.57751792705704
2012-08-21 21:00:00,248.3609107875454
2012-08-21 22:00:00,167.53999771979093
2012-08-21 23:00:00,110.53554673116719
2012-08-22 00:00:00,60.0101644253874
2012-08-22 01:00:00,33.48354917412108
2012-08-22 02:00:00,19.980407624768734
2012-08-22 03:00:00,11.831119277548671
2012-08-22 04:00:00,8.64704857615634
2012-08-22 05:00:00,25.264137170311788
2012-08-22 06:00:00,84.20917833538046
2012-08-22 07:00:00,330.4241383863142
2012-08-22 08:00:00,711.0849593641962
2012-08-22 09:00:00,541.5961477130826
2012-08-22 10:00:00,226.12255379091485
2012-08-22 11:00:00,259.3168950646463
2012-08-22 12:00:00,312.1545697566448
2012-08-22 13:00:00,300.120949739567
2012-08-22 14:00:00,279.619890539802
2012-08-22 15:00:00,291.2012034953839
2012-08-22 16:00:00,209.67539365007596
2012-08-22 17:00:00,474.889806595318
2012-08-22 18:00:00,447.5789322821355
2012-08-22 19:00:00,621.3394064117264
2012-08-22 20:00:00,308.45328520143397
2012-08-22 21:00:00,249.96962104436113
2012-08-22 22:00:00,196.1730470724149
2012-08-22 23:00:00,111.99741609112299
2012-08-23 00:00:00,66.65359732206562
2012-08-23 01:00:00,35.201600062919596
2012-08-23 02:00:00,21.0257004913783
2012-08-23 03:00:00,12.156435127937534
2012-08-23 04:00:00,9.30885520018059
2012-08-23 05:00:00,25.9663954076526
2012-08-23 06:00:00,80.82144253741038
2012-08-23 07:00:00,318.14102490626254
2012-08-23 08:00:00,707.7861946330873
2012-08-23 09:00:00,532.7488852693666
2012-08-23 10:00:00,229.16580884127765
2012-08-23 11:00:00,269.5095177028906
2012-08-23 12:00:00,347.1856583925054
2012-08-23 13:00:00,331.39014601544574
2012-08-23 14:00:00,287.214489103494
2012-08-23 15:00:00,311.4426206847192
2012-08-23 16:00:00,396.4317503641096
2012-08-23 17:00:00,890.6065477008084
2012-08-23 18:00:00,803.6670431095342
2012-08-23 19:00:00,738.4598589950427
2012-08-23 20:00:00,349.4322379963622
2012-08-23 21:00:00,266.94624097169526
2012-08-23 22:00:00,197.82191432821097
2012-08-23 23:00:00,133.05723309389617
2012-08-24 00:00:00,80.86697299012309
2012-08-24 01:00:00,42.936594846832755
2012-08-24 02:00:00,27.864746741363987
2012-08-24 03:00:00,16.408211956922102
2012-08-24 04:00:00,11.511491024644812
2012-08-24 05:00:00,28.980918202942533
2012-08-24 06:00:00,89.48989409343017
2012-08-24 07:00:00,362.28443244110326
2012-08-24 08:00:00,792.2944316614172
2012-08-24 09:00:00,604.7756634492314
2012-08-24 10:00:00,249.8159304931408
2012-08-24 11:00:00,275.6184783883868
2012-08-24 12:00:00,338.7368366315163
2012-08-24 13:00:00,335.18326240569905
2012-08-24 14:00:00,327.0074872412937
2012-08-24 15:00:00,317.18684432010224
2012-08-24 16:00:00,410.2276026785997
2012-08-24 17:00:00,896.3240543444385
2012-08-24 18:00:00,837.0126635537777
2012-08-24 19:00:00,728.1610087552475
2012-08-24 20:00:00,343.53567439001705
2012-08-24 21:00:00,271.9176768820727
2012-08-24 22:00:00,222.88637277479268
2012-08-24 23:00:00,142.43445388849125
2012-08-25 00:00:00,99.09778378202051
2012-08-25 01:00:00,52.09076244759857
2012-08-25 02:00:00,30.02033848349739
2012-08-25 03:00:00,19.501058865806346
2012-08-25 04:00:00,13.67668541774613
2012-08-25 05:00:00,36.269362839810235
2012-08-25 06:00:00,103.8034349593705
2012-08-25 07:00:00,114.89573082214034
2012-08-25 08:00:00,248.13272946675318
2012-08-25 09:00:00,180.9417184780688
2012-08-25 10:00:00,417.9282569174563
2012-08-25 11:00:00,478.91416448187175
2012-08-25 12:00:00,362.89733091484925
2012-08-25 13:00:00,577.7702189547501
2012-08-25 14:00:00,326.4423999948818
2012-08-25 15:00:00,529.0830607516382
2012-08-25 16:00:00,688.9570686155945
2012-08-25 17:00:00,435.60975611061303
2012-08-25 18:00:00,389.2761556878425
2012-08-25 19:00:00,191.82617621330232
2012-08-25 20:00:00,207.52174805179786
2012-08-25 21:00:00,265.3509186739737
2012-08-25 22:00:00,208.2572878221043
2012-08-25 23:00:00,134.95840136377242
2012-08-26 00:00:00,70.5964226872911
2012-08-26 01:00:00,38.58197519325057
2012-08-26 02:00:00,21.439149280064623
2012-08-26 03:00:00,12.616032785324029
2012-08-26 04:00:00,9.585343328572337
2012-08-26 05:00:00,28.48442036324204
2012-08-26 06:00:00,92.83720610632237
2012-08-26 07:00:00,106.41533057769445
2012-08-26 08:00:00,231.65020512540684
2012-08-26 09:00:00,168.71036807622542
2012-08-26 10:00:00,365.59671694317285
2012-08-26 11:00:00,417.868618034767
2012-08-26 12:00:00,305.7724519297782
2012-08-26 13:00:00,292.75973560095935
2012-08-26 14:00:00,422.4211068394042
2012-08-26 15:00:00,250.0232198566222
2012-08-26 16:00:00,323.4247169894071
2012-08-26 17:00:00,357.11751306020733
2012-08-26 18:00:00,316.92779939999747
2012-08-26 19:00:00,172.876697889546
2012-08-26 20:00:00,320.9947749712377
2012-08-26 21:00:00,253.56661914360345
2012-08-26 22:00:00,197.97806605265237
2012-08-26 23:00:00,134.3101445451155
2012-08-27 00:00:00,61.248767417669
2012-08-27 01:00:00,31.749197669530616
2012-08-27 02:00:00,18.692143781294032
2012-08-27 03:00:00,11.185777612970327
2012-08-27 04:00:00,8.647067077502728
2012-08-27 05:00:00,23.976864497532986
2012-08-27 06:00:00,80.64192788702374
2012-08-27 07:00:00,375.2150028243582
2012-08-27 08:00:00,689.8274241249691
2012-08-27 09:00:00,497.02763815199074
2012-08-27 10:00:00,211.98862108873695
2012-08-27 11:00:00,229.9844435998229
2012-08-27 12:00:00,297.9088873071834
2012-08-27 13:00:00,282.99932839412804
2012-08-27 14:00:00,274.1031658748077
2012-08-27 15:00:00,268.6558466588687
2012-08-27 16:00:00,351.6394862516379
2012-08-27 17:00:00,830.787838596146
2012-08-27 18:00:00,737.2772134379946
2012-08-27 19:00:00,593.1417370263039
2012-08-27 20:00:00,293.06057065758483
2012-08-27 21:00:00,234.95587527403947
2012-08-27 22:00:00,179.40241749283638
2012-08-27 23:00:00,121.37820701993961
2012-08-28 00:00:00,65.84036810774421
2012-08-28 01:00:00,35.495060598645644
2012-08-28 02:00:00,21.248284290010574
2012-08-28 03:00:00,11.071359423164884
2012-08-28 04:00:00,9.77007794629915
2012-08-28 05:00:00,25.771071124091147
2012-08-28 06:00:00,73.76619796673155
2012-08-28 07:00:00,343.06427661638565
2012-08-28 08:00:00,639.2243576316472
2012-08-28 09:00:00,463.210543320164
2012-08-28 10:00:00,203.06490726106065
2012-08-28 11:00:00,235.1242063341139
2012-08-28 12:00:00,288.7772699511257
2012-08-28 13:00:00,288.1028789642226
2012-08-28 14:00:00,269.6674672755302
2012-08-28 15:00:00,290.64085953731825
2012-08-28 16:00:00,375.74323409599043
2012-08-28 17:00:00,830.0193854663186
2012-08-28 18:00:00,768.0141503398106
2012-08-28 19:00:00,655.1657989002567
2012-08-28 20:00:00,340.81530001160843
2012-08-28 21:00:00,263.45071426575373
2012-08-28 22:00:00,207.5451988500894
2012-08-28 23:00:00,137.82641023704934
2012-08-29 00:00:00,74.18107194329008
2012-08-29 01:00:00,38.40919719448998
2012-08-29 02:00:00,19.552569429621855
2012-08-29 03:00:00,11.668440737028183
2012-08-29 04:00:00,8.563995675246698
2012-08-29 05:00:00,24.21562171225095
2012-08-29 06:00:00,81.42235408136996
2012-08-29 07:00:00,386.795314223844
2012-08-29 08:00:00,723.961365721822
2012-08-29 09:00:00,537.4839913877062
2012-08-29 10:00:00,230.90567647777956
2012-08-29 11:00:00,277.18189925646544
2012-08-29 12:00:00,323.18169866343
2012-08-29 13:00:00,313.3619705486835
2012-08-29 14:00:00,284.9075432168444
2012-08-29 15:00:00,293.51271857376923
2012-08-29 16:00:00,390.82498395873
2012-08-29 17:00:00,870.4555025620783
2012-08-29 18:00:00,783.3806236535423
2012-08-29 19:00:00,669.8287104392492
2012-08-29 20:00:00,341.87287633751777
2012-08-29 21:00:00,257.792620718774
2012-08-29 22:00:00,207.98908889610976
2012-08-29 23:00:00,138.42368405504274
2012-08-30 00:00:00,78.57302007738558
2012-08-30 01:00:00,42.81984855268744
2012-08-30 02:00:00,21.584799841498352
2012-08-30 03:00:00,12.81232747278532
2012-08-30 04:00:00,9.570534697963593
2012-08-30 05:00:00,26.650909126224253
2012-08-30 06:00:00,85.31721158836982
2012-08-30 07:00:00,410.3360041138988
2012-08-30 08:00:00,792.5232816470843
2012-08-30 09:00:00,587.818782540393
2012-08-30 10:00:00,251.344944445681
2012-08-30 11:00:00,275.9675406947817
2012-08-30 12:00:00,326.0628081107101
2012-08-30 13:00:00,318.4032587682507
2012-08-30 14:00:00,291.73053783205654
2012-08-30 15:00:00,308.2853514058615
2012-08-30 16:00:00,402.2754285560728
2012-08-30 17:00:00,925.9570831247266
2012-08-30 18:00:00,853.0369233882247
2012-08-30 19:00:00,700.3281373432643
2012-08-30 20:00:00,328.5808407913827
2012-08-30 21:00:00,262.4211525981852
2012-08-30 22:00:00,211.37270427148258
2012-08-30 23:00:00,135.82057256026414
2012-08-31 00:00:00,79.28077738649229
2012-08-31 01:00:00,42.69114615770578
2012-08-31 02:00:00,22.034232502398442
2012-08-31 03:00:00,13.198118166139786
2012-08-31 04:00:00,9.757550978449178
2012-08-31 05:00:00,26.91952471971885
2012-08-31 06:00:00,84.70539637270447
2012-08-31 07:00:00,344.014509373721
2012-08-31 08:00:00,792.176164533507
2012-08-31 09:00:00,584.7265264603009
2012-08-31 10:00:00,247.08563160565868
2012-08-31 11:00:00,300.437530791007
2012-08-31 12:00:00,371.0453101151709
2012-08-31 13:00:00,355.3268800399959
2012-08-31 14:00:00,340.06067600420454
2012-08-31 15:00:00,349.44576362794953
2012-08-31 16:00:00,457.2916171706849
2012-08-31 17:00:00,1041.1564479949193
2012-08-31 18:00:00,914.9344717142035
2012-08-31 19:00:00,759.9066281357152
2012-08-31 20:00:00,372.64592537100646
2012-08-31 21:00:00,273.84607447030135
2012-08-31 22:00:00,214.93146514582423
2012-08-31 23:00:00,146.39129773361046
2012-09-20 00:00:00,71.64099369331728
2012-09-20 01:00:00,32.089440254095024
2012-09-20 02:00:00,19.211316064942363
2012-09-20 03:00:00,11.443493883687765
2012-09-20 04:00:00,8.264609047312229
2012-09-20 05:00:00,23.234806485860855
2012-09-20 06:00:00,80.42546005737407
2012-09-20 07:00:00,307.78322022838785
2012-09-20 08:00:00,686.4883268603762
2012-09-20 09:00:00,517.1653911348207
2012-09-20 10:00:00,223.03905273119065
2012-09-20 11:00:00,297.00426662836514
2012-09-20 12:00:00,347.80813116859815
2012-09-20 13:00:00,341.22550742724104
2012-09-20 14:00:00,307.4472066482265
2012-09-20 15:00:00,327.74231963311837
2012-09-20 16:00:00,424.40211104504135
2012-09-20 17:00:00,936.6172460724981
2012-09-20 18:00:00,842.3988981637182
2012-09-20 19:00:00,628.9791665605774
2012-09-20 20:00:00,311.3530209521557
2012-09-20 21:00:00,235.95805499224915
2012-09-20 22:00:00,184.2082809832391
2012-09-20 23:00:00,125.50848852672128
2012-09-21 00:00:00,78.41151459549177
2012-09-21 01:00:00,41.1737174079275
2012-09-21 02:00:00,24.659243420748506
2012-09-21 03:00:00,14.070236715816696
2012-09-21 04:00:00,10.808433411106993
2012-09-21 05:00:00,29.436926164838923
2012-09-21 06:00:00,97.61385951798606
2012-09-21 07:00:00,398.4018829502112
2012-09-21 08:00:00,741.7752115231922
2012-09-21 09:00:00,546.9208187920307
2012-09-21 10:00:00,257.0485373792746
2012-09-21 11:00:00,297.60662736973103
2012-09-21 12:00:00,367.61066872577805
2012-09-21 13:00:00,363.33043285536104
2012-09-21 14:00:00,323.8469598525587
2012-09-21 15:00:00,349.7669188512566
2012-09-21 16:00:00,455.91615879114386
2012-09-21 17:00:00,996.0193086051144
2012-09-21 18:00:00,903.2662432003832
2012-09-21 19:00:00,756.4500474122301
2012-09-21 20:00:00,369.9552790289855
2012-09-21 21:00:00,246.1786667141828
2012-09-21 22:00:00,196.27027446613283
2012-09-21 23:00:00,127.16037821890924
2012-09-22 00:00:00,85.14227346949082
2012-09-22 01:00:00,44.64587552364237
2012-09-22 02:00:00,26.630725812130123
2012-09-22 03:00:00,16.014884912034667
2012-09-22 04:00:00,12.021442743729768
2012-09-22 05:00:00,32.662820700128826
2012-09-22 06:00:00,109.90310064456017
2012-09-22 07:00:00,126.20241659843927
2012-09-22 08:00:00,237.25354729719703
2012-09-22 09:00:00,198.9614558340718
2012-09-22 10:00:00,452.22927178268486
2012-09-22 11:00:00,532.0222156021666
2012-09-22 12:00:00,651.84405063535
2012-09-22 13:00:00,600.5954729896464
2012-09-22 14:00:00,571.9946443412118
2012-09-22 15:00:00,587.9474275272029
2012-09-22 16:00:00,765.4052416502733
2012-09-22 17:00:00,487.8185568469339
2012-09-22 18:00:00,470.3243527667259
2012-09-22 19:00:00,264.4305332773864
2012-09-22 20:00:00,458.8138253156527
2012-09-22 21:00:00,346.4224624787565
2012-09-22 22:00:00,274.452123607288
2012-09-22 23:00:00,188.26354581256317
2012-09-23 00:00:00,95.5260615737325
2012-09-23 01:00:00,42.88371317547376
2012-09-23 02:00:00,26.420383369191097
2012-09-23 03:00:00,13.342860354813443
2012-09-23 04:00:00,10.170304729922208
2012-09-23 05:00:00,27.651535232928733
2012-09-23 06:00:00,91.62747302684063
2012-09-23 07:00:00,104.20296801395789
2012-09-23 08:00:00,192.59908634841813
2012-09-23 09:00:00,160.3962461613842
2012-09-23 10:00:00,386.60741040642404
2012-09-23 11:00:00,438.05985163148955
2012-09-23 12:00:00,557.6463011634303
2012-09-23 13:00:00,618.2999519397619
2012-09-23 14:00:00,566.5834639565477
2012-09-23 15:00:00,604.1014273447494
2012-09-23 16:00:00,759.8216894067151
2012-09-23 17:00:00,427.33944538120016
2012-09-23 18:00:00,397.5264555327717
2012-09-23 19:00:00,216.97148439175987
2012-09-23 20:00:00,378.08092823112213
2012-09-23 21:00:00,272.80811256189423
2012-09-23 22:00:00,234.44703327956984
2012-09-23 23:00:00,138.86562885312176
2012-09-24 00:00:00,56.0674984846931
2012-09-24 01:00:00,30.179691407695334
2012-09-24 02:00:00,17.026929117971864
2012-09-24 03:00:00,10.64741923751693
2012-09-24 04:00:00,7.929350326890015
2012-09-24 05:00:00,23.34679828988534
2012-09-24 06:00:00,79.52678378330639
2012-09-24 07:00:00,298.67049817777263
2012-09-24 08:00:00,649.3790822007699
2012-09-24 09:00:00,474.9094632219792
2012-09-24 10:00:00,202.89690589116773
2012-09-24 11:00:00,240.88582501761258
2012-09-24 12:00:00,286.0400769508876
2012-09-24 13:00:00,321.29245329035274
2012-09-24 14:00:00,325.3400358999504
2012-09-24 15:00:00,339.9721727054925
2012-09-24 16:00:00,363.99548397302254
2012-09-24 17:00:00,880.4148657444686
2012-09-24 18:00:00,750.2807363062037
2012-09-24 19:00:00,630.3644217849042
2012-09-24 20:00:00,299.7219513146968
2012-09-24 21:00:00,229.12363140440436
2012-09-24 22:00:00,175.58161749943662
2012-09-24 23:00:00,102.76996250662867
2012-09-25 00:00:00,55.89787986446913
2012-09-25 01:00:00,29.68674374555828
2012-09-25 02:00:00,17.35779423811061
2012-09-25 03:00:00,10.562865962796177
2012-09-25 04:00:00,7.745526326400094
2012-09-25 05:00:00,21.74171938384156
2012-09-25 06:00:00,70.90766700264453
2012-09-25 07:00:00,285.084784683667
2012-09-25 08:00:00,555.3493812392181
2012-09-25 09:00:00,468.3547315031172
2012-09-25 10:00:00,197.79516503912365
2012-09-25 11:00:00,259.37678819103826
2012-09-25 12:00:00,313.14420895295456
2012-09-25 13:00:00,306.9146220383123
2012-09-25 14:00:00,286.43209920864126
2012-09-25 15:00:00,306.0364806406861
2012-09-25 16:00:00,395.42907290612663
2012-09-25 17:00:00,898.00331893832
2012-09-25 18:00:00,821.9774432438379
2012-09-25 19:00:00,669.9866020937959
2012-09-25 20:00:00,324.66537453095555
2012-09-25 21:00:00,249.9698910024789
2012-09-25 22:00:00,196.94804870942932
2012-09-25 23:00:00,130.669588318885
2012-09-26 00:00:00,63.33973179078673
2012-09-26 01:00:00,33.741075897512886
2012-09-26 02:00:00,19.085890960769024
2012-09-26 03:00:00,11.284054119577915
2012-09-26 04:00:00,8.804137966868966
2012-09-26 05:00:00,24.848080209255347
2012-09-26 06:00:00,83.97289868576415
2012-09-26 07:00:00,335.7311186172139
2012-09-26 08:00:00,613.8277172068275
2012-09-26 09:00:00,534.5187246747216
2012-09-26 10:00:00,186.93993155912136
2012-09-26 11:00:00,249.8603486291342
2012-09-26 12:00:00,308.27517554726063
2012-09-26 13:00:00,304.683931960137
2012-09-26 14:00:00,271.30307582585715
2012-09-26 15:00:00,286.1849507952157
2012-09-26 16:00:00,374.9302713574364
2012-09-26 17:00:00,837.4058596309573
2012-09-26 18:00:00,779.2039874937827
2012-09-26 19:00:00,694.3578852570319
2012-09-26 20:00:00,321.73764534402767
2012-09-26 21:00:00,250.66500224209804
2012-09-26 22:00:00,112.69056957925415
2012-09-26 23:00:00,103.77545003901488
2012-09-27 00:00:00,68.02917932001077
2012-09-27 01:00:00,36.567697536079464
2012-09-27 02:00:00,21.85685860962588
2012-09-27 03:00:00,13.312295135770675
2012-09-27 04:00:00,9.086946653253742
2012-09-27 05:00:00,27.29703611054095
2012-09-27 06:00:00,87.82636492999039
2012-09-27 07:00:00,368.682486858593
2012-09-27 08:00:00,775.282248359859
2012-09-27 09:00:00,589.6593469123669
2012-09-27 10:00:00,226.72234873733902
2012-09-27 11:00:00,265.96474716804124
2012-09-27 12:00:00,311.4373039717087
2012-09-27 13:00:00,315.41624031676525
2012-09-27 14:00:00,287.62581199221955
2012-09-27 15:00:00,311.88852054804914
2012-09-27 16:00:00,374.25481241898547
2012-09-27 17:00:00,820.7700922465892
2012-09-27 18:00:00,763.7230698699291
2012-09-27 19:00:00,715.5830756261671
2012-09-27 20:00:00,317.2833468944942
2012-09-27 21:00:00,124.65899400130645
2012-09-27 22:00:00,97.72336992895414
2012-09-27 23:00:00,67.8378084585991
2012-09-28 00:00:00,41.543353932443175
2012-09-28 01:00:00,23.175930288546066
2012-09-28 02:00:00,12.597648352961185
2012-09-28 03:00:00,13.037492626298928
2012-09-28 04:00:00,5.639414539529625
2012-09-28 05:00:00,29.414852297352517
2012-09-28 06:00:00,88.58988807481268
2012-09-28 07:00:00,361.0785742365053
2012-09-28 08:00:00,733.4623394601344
2012-09-28 09:00:00,485.3057987225756
2012-09-28 10:00:00,206.40035566608665
2012-09-28 11:00:00,286.1102122332221
2012-09-28 12:00:00,340.8577572170221
2012-09-28 13:00:00,336.15681644851577
2012-09-28 14:00:00,307.691506533911
2012-09-28 15:00:00,322.57735973089456
2012-09-28 16:00:00,427.94072268828626
2012-09-28 17:00:00,937.942992141321
2012-09-28 18:00:00,877.322109507026
2012-09-28 19:00:00,458.60410299288907
2012-09-28 20:00:00,232.15018098031905
2012-09-28 21:00:00,177.27045517483296
2012-09-28 22:00:00,195.29031962041736
2012-09-28 23:00:00,130.7047248050466
2012-09-29 00:00:00,90.14565581604045
2012-09-29 01:00:00,48.60413064670452
2012-09-29 02:00:00,27.67924943304801
2012-09-29 03:00:00,16.30189127918514
2012-09-29 04:00:00,12.879524408775216
2012-09-29 05:00:00,35.37138447187783
2012-09-29 06:00:00,116.03368941945772
2012-09-29 07:00:00,112.23867139558088
2012-09-29 08:00:00,238.75242796237623
2012-09-29 09:00:00,179.300185226237
2012-09-29 10:00:00,418.1914575237625
2012-09-29 11:00:00,477.11259101442033
2012-09-29 12:00:00,664.1769340885868
2012-09-29 13:00:00,649.2514280596196
2012-09-29 14:00:00,619.5159244681627
2012-09-29 15:00:00,650.2127584449755
2012-09-29 16:00:00,830.6677525202726
2012-09-29 17:00:00,528.9937879036179
2012-09-29 18:00:00,433.4903484662721
2012-09-29 19:00:00,233.34648991655297
2012-09-29 20:00:00,403.37498960172627
2012-09-29 21:00:00,315.56186323467097
2012-09-29 22:00:00,243.296228615253
2012-09-29 23:00:00,166.03152564682048
2012-09-30 00:00:00,84.5210386620822
2012-09-30 01:00:00,45.54304954915061
2012-09-30 02:00:00,23.777653599397915
2012-09-30 03:00:00,13.595440100096141
2012-09-30 04:00:00,10.169848551165577
2012-09-30 05:00:00,28.414188285465595
2012-09-30 06:00:00,92.90529488465523
2012-09-30 07:00:00,104.59092396539704
2012-09-30 08:00:00,198.77176558990493
2012-09-30 09:00:00,164.5945858595722
2012-09-30 10:00:00,396.3848753812167
2012-09-30 11:00:00,505.77224389230406
2012-09-30 12:00:00,594.4264627748456
2012-09-30 13:00:00,587.9702067324425
2012-09-30 14:00:00,543.0369961323055
2012-09-30 15:00:00,587.4467392390825
2012-09-30 16:00:00,765.5025762669009
2012-09-30 17:00:00,478.5091783546541
2012-09-30 18:00:00,343.9592059344825
2012-09-30 19:00:00,116.77886340738257
2012-09-30 20:00:00,203.83285229287975
2012-09-30 21:00:00,280.9179304825919
2012-09-30 22:00:00,192.79941883569313
2012-09-30 23:00:00,126.39889539484867
2012-10-20 00:00:00,81.66863721061884
2012-10-20 01:00:00,45.33728166724576
2012-10-20 02:00:00,26.937911618501975
2012-10-20 03:00:00,15.916473029813446
2012-10-20 04:00:00,12.640300346600242
2012-10-20 05:00:00,33.49523623295973
2012-10-20 06:00:00,115.72508456804712
2012-10-20 07:00:00,124.67034242729827
2012-10-20 08:00:00,238.926872521048
2012-10-20 09:00:00,200.2398943799736
2012-10-20 10:00:00,468.3040479814869
2012-10-20 11:00:00,525.2400323885494
2012-10-20 12:00:00,670.6980379916482
2012-10-20 13:00:00,651.1332060567738
2012-10-20 14:00:00,633.5756384948849
2012-10-20 15:00:00,664.96800451241
2012-10-20 16:00:00,798.4199975035291
2012-10-20 17:00:00,524.6448931925726
2012-10-20 18:00:00,469.8222157304432
2012-10-20 19:00:00,262.5884434214494
2012-10-20 20:00:00,454.7233083241179
2012-10-20 21:00:00,302.0422451125043
2012-10-20 22:00:00,241.2779570247254
2012-10-20 23:00:00,162.84028466589507
2012-10-21 00:00:00,78.5673642216889
2012-10-21 01:00:00,41.03790731803847
2012-10-21 02:00:00,24.621415298587994
2012-10-21 03:00:00,13.839245842908849
2012-10-21 04:00:00,9.331228356440107
2012-10-21 05:00:00,28.70669781124371
2012-10-21 06:00:00,106.0634466079006
2012-10-21 07:00:00,118.327230572552
2012-10-21 08:00:00,220.5400412335614
2012-10-21 09:00:00,158.77490405190682
2012-10-21 10:00:00,405.22859737317066
2012-10-21 11:00:00,462.3141092809552
2012-10-21 12:00:00,576.4250886391264
2012-10-21 13:00:00,579.3384149422006
2012-10-21 14:00:00,546.7750894194755
2012-10-21 15:00:00,558.8239029630937
2012-10-21 16:00:00,736.7244588364686
2012-10-21 17:00:00,457.263320838314
2012-10-21 18:00:00,423.7816511435697
2012-10-21 19:00:00,235.1793036123725
2012-10-21 20:00:00,357.70103632001934
2012-10-21 21:00:00,267.77167614073375
2012-10-21 22:00:00,219.48522603301868
2012-10-21 23:00:00,147.7178596790389
2012-10-22 00:00:00,63.983891713742
2012-10-22 01:00:00,33.43978803079916
2012-10-22 02:00:00,18.688662228400435
2012-10-22 03:00:00,12.159523640264725
2012-10-22 04:00:00,8.351921905439985
2012-10-22 05:00:00,22.198681551581146
2012-10-22 06:00:00,70.08185004304812
2012-10-22 07:00:00,307.2820614464827
2012-10-22 08:00:00,631.4129468752833
2012-10-22 09:00:00,452.3252628274317
2012-10-22 10:00:00,226.33254708464318
2012-10-22 11:00:00,263.720340896577
2012-10-22 12:00:00,336.88015447906173
2012-10-22 13:00:00,357.26079498368114
2012-10-22 14:00:00,330.75000915500215
2012-10-22 15:00:00,351.70301047831066
2012-10-22 16:00:00,446.5315010072964
2012-10-22 17:00:00,1025.929119380097
2012-10-22 18:00:00,764.2716993376318
2012-10-22 19:00:00,663.9771501630786
2012-10-22 20:00:00,318.18447010192045
2012-10-22 21:00:00,212.5380217181871
2012-10-22 22:00:00,157.28938821833484
2012-10-22 23:00:00,106.37756062061743
2012-10-23 00:00:00,57.07242433201826
2012-10-23 01:00:00,31.64679271205712
2012-10-23 02:00:00,18.338847805094595
2012-10-23 03:00:00,11.217150176984937
2012-10-23 04:00:00,8.403252600912777
2012-10-23 05:00:00,23.746973345138564
2012-10-23 06:00:00,78.3641023986676
2012-10-23 07:00:00,297.69003854217704
2012-10-23 08:00:00,572.3826209713643
2012-10-23 09:00:00,466.8753647624183
2012-10-23 10:00:00,226.56751992914775
2012-10-23 11:00:00,298.59085930497076
2012-10-23 12:00:00,333.162718744774
2012-10-23 13:00:00,337.6634001161686
2012-10-23 14:00:00,323.6699402560775
2012-10-23 15:00:00,337.3998420217443
2012-10-23 16:00:00,448.0963951953356
2012-10-23 17:00:00,1046.8923028165393
2012-10-23 18:00:00,886.7245653097633
2012-10-23 19:00:00,744.207058675921
2012-10-23 20:00:00,317.38555381918786
2012-10-23 21:00:00,249.6707495327955
2012-10-23 22:00:00,190.59524286410834
2012-10-23 23:00:00,125.7929301830632
2012-10-24 00:00:00,70.5702401227739
2012-10-24 01:00:00,39.472535888670684
2012-10-24 02:00:00,23.624214180065916
2012-10-24 03:00:00,13.11286356619312
2012-10-24 04:00:00,9.800534110417209
2012-10-24 05:00:00,27.50334699041832
2012-10-24 06:00:00,79.25136047817283
2012-10-24 07:00:00,351.89543496098935
2012-10-24 08:00:00,630.2123621568204
2012-10-24 09:00:00,465.8211607392971
2012-10-24 10:00:00,206.00345367730026
2012-10-24 11:00:00,256.70370243648216
2012-10-24 12:00:00,343.1402678990469
2012-10-24 13:00:00,353.7241506652992
2012-10-24 14:00:00,314.6670247217017
2012-10-24 15:00:00,354.8733657255612
2012-10-24 16:00:00,440.82243560376327
2012-10-24 17:00:00,1032.9424518579744
2012-10-24 18:00:00,950.8425590081998
2012-10-24 19:00:00,716.4310147881218
2012-10-24 20:00:00,342.33783372329873
2012-10-24 21:00:00,262.55331851388854
2012-10-24 22:00:00,206.29114411006765
2012-10-24 23:00:00,121.62786197625074
2012-10-25 00:00:00,82.32633864404927
2012-10-25 01:00:00,42.114976207462036
2012-10-25 02:00:00,24.43511092581722
2012-10-25 03:00:00,12.479330455542444
2012-10-25 04:00:00,9.396923057603276
2012-10-25 05:00:00,25.772752201980193
2012-10-25 06:00:00,85.82842681975542
2012-10-25 07:00:00,341.7390935421325
2012-10-25 08:00:00,658.0973973566602
2012-10-25 09:00:00,472.29319679473195
2012-10-25 10:00:00,204.78622767930236
2012-10-25 11:00:00,234.1224658275788
2012-10-25 12:00:00,288.9712850277464
2012-10-25 13:00:00,290.3697475811033
2012-10-25 14:00:00,278.4607461829796
2012-10-25 15:00:00,339.87304010816706
2012-10-25 16:00:00,382.91802735002574
2012-10-25 17:00:00,866.2236117309559
2012-10-25 18:00:00,773.8842195085257
2012-10-25 19:00:00,640.4856818092015
2012-10-25 20:00:00,291.3887639638988
2012-10-25 21:00:00,224.32569306164947
2012-10-25 22:00:00,183.09881497284968
2012-10-25 23:00:00,121.46068280825571
2012-10-26 00:00:00,77.85907020200338
2012-10-26 01:00:00,39.068436967308365
2012-10-26 02:00:00,23.282933727863252
2012-10-26 03:00:00,13.619331181796259
2012-10-26 04:00:00,10.188132327638467
2012-10-26 05:00:00,28.72995990841274
2012-10-26 06:00:00,96.56024162168791
2012-10-26 07:00:00,382.5936142035637
2012-10-26 08:00:00,723.6709150053878
2012-10-26 09:00:00,523.4787731304259
2012-10-26 10:00:00,222.4065015089821
2012-10-26 11:00:00,256.330870146656
2012-10-26 12:00:00,313.87168615289124
2012-10-26 13:00:00,316.3262260874568
2012-10-26 14:00:00,336.44081350268965
2012-10-26 15:00:00,355.8815396282233
2012-10-26 16:00:00,391.1314273746186
2012-10-26 17:00:00,868.2548609870145
2012-10-26 18:00:00,800.006790114939
2012-10-26 19:00:00,662.7357876381927
2012-10-26 20:00:00,324.9298360714144
2012-10-26 21:00:00,256.6776485088627
2012-10-26 22:00:00,195.38942398427997
2012-10-26 23:00:00,138.6467220306309
2012-10-27 00:00:00,90.93011703525839
2012-10-27 01:00:00,45.985569434842574
2012-10-27 02:00:00,27.141172433891878
2012-10-27 03:00:00,17.470319774483066
2012-10-27 04:00:00,12.274840670174342
2012-10-27 05:00:00,34.06873495772538
2012-10-27 06:00:00,113.62924542792607
2012-10-27 07:00:00,119.09217544927762
2012-10-27 08:00:00,254.51960324204887
2012-10-27 09:00:00,183.93167759901954
2012-10-27 10:00:00,428.5281270643879
2012-10-27 11:00:00,500.10780712392096
2012-10-27 12:00:00,717.1148169484751
2012-10-27 13:00:00,722.0127019833037
2012-10-27 14:00:00,660.9705410952606
2012-10-27 15:00:00,551.060399691756
2012-10-27 16:00:00,704.1207119868486
2012-10-27 17:00:00,448.7308605224511
2012-10-27 18:00:00,409.37327503926235
2012-10-27 19:00:00,222.74638678418827
2012-10-27 20:00:00,388.1242390131474
2012-10-27 21:00:00,298.8736601709845
2012-10-27 22:00:00,232.75359236658585
2012-10-27 23:00:00,152.66451438752384
2012-10-28 00:00:00,48.17282470425414
2012-10-28 01:00:00,41.39178497538535
2012-10-28 02:00:00,24.995825869708977
2012-10-28 03:00:00,15.008120393718041
2012-10-28 04:00:00,11.155253257581087
2012-10-28 05:00:00,31.29986752407015
2012-10-28 06:00:00,104.99402555695166
2012-10-28 07:00:00,118.06869079673173
2012-10-28 08:00:00,208.39816287263204
2012-10-28 09:00:00,157.86742820072214
2012-10-28 10:00:00,323.4374166881354
2012-10-28 11:00:00,417.67999989370514
2012-10-28 12:00:00,426.11458378842474
2012-10-28 13:00:00,424.81015494012365
2012-10-28 14:00:00,439.76462394790815
2012-10-28 15:00:00,454.8125509852702
2012-10-28 16:00:00,323.6931798932199
2012-10-28 17:00:00,196.51582143823353
2012-10-28 18:00:00,171.02965473776936
2012-10-28 19:00:00,98.40207002402651
2012-10-28 20:00:00,167.18309921126436
2012-10-28 21:00:00,132.77239747528438
2012-10-28 22:00:00,105.76211631344552
2012-10-28 23:00:00,69.44650061775374
2012-10-29 00:00:00,31.28722830751839
2012-10-30 13:00:00,104.17175998096972
2012-10-30 14:00:00,96.14808614077704
2012-10-30 15:00:00,102.4125063481222
2012-10-30 16:00:00,132.65127387146669
2012-10-30 17:00:00,303.27909130824736
2012-10-30 18:00:00,315.90833853818566
2012-10-30 19:00:00,580.1709093298973
2012-10-30 20:00:00,189.0967985043977
2012-10-30 21:00:00,162.54215888902502
2012-10-30 22:00:00,137.78538801223687
2012-10-30 23:00:00,92.41122277996907
2012-10-31 00:00:00,48.49147556031131
2012-10-31 01:00:00,26.040547497678652
2012-10-31 02:00:00,15.332096141471183
2012-10-31 03:00:00,9.022241288601913
2012-10-31 04:00:00,5.631634306599202
2012-10-31 05:00:00,18.99563022111852
2012-10-31 06:00:00,68.05064932021897
2012-10-31 07:00:00,252.47048651854638
2012-10-31 08:00:00,514.3115053238859
2012-10-31 09:00:00,379.9985384024339
2012-10-31 10:00:00,157.15567343108987
2012-10-31 11:00:00,171.81247907248436
2012-10-31 12:00:00,259.2765740012671
2012-10-31 13:00:00,258.02920501082355
2012-10-31 14:00:00,223.70288752744653
2012-10-31 15:00:00,253.32982315956315
2012-10-31 16:00:00,302.87702814427183
2012-10-31 17:00:00,686.6232035560921
2012-10-31 18:00:00,626.4467927517645
2012-10-31 19:00:00,540.4254834131434
2012-10-31 20:00:00,264.8689230569641
2012-10-31 21:00:00,203.8885139743657
2012-10-31 22:00:00,149.8944196609245
2012-10-31 23:00:00,101.30968151564365
2012-11-20 00:00:00,51.640093912514345
2012-11-20 01:00:00,28.27901250282177
2012-11-20 02:00:00,15.272346603678002
2012-11-20 03:00:00,9.081609436908739
2012-11-20 04:00:00,6.681876750120987
2012-11-20 05:00:00,19.412869736826796
2012-11-20 06:00:00,64.23153441519561
2012-11-20 07:00:00,272.7131024669995
2012-11-20 08:00:00,518.5506872207167
2012-11-20 09:00:00,362.38281804114337
2012-11-20 10:00:00,172.59929015493546
2012-11-20 11:00:00,195.64350198784166
2012-11-20 12:00:00,243.13924094020416
2012-11-20 13:00:00,244.6049740134071
2012-11-20 14:00:00,219.71250231552006
2012-11-20 15:00:00,235.27767615524905
2012-11-20 16:00:00,298.0136693421764
2012-11-20 17:00:00,642.5584421640319
2012-11-20 18:00:00,606.7791610172213
2012-11-20 19:00:00,519.8418319828523
2012-11-20 20:00:00,235.80156256679274
2012-11-20 21:00:00,183.0346975062215
2012-11-20 22:00:00,143.58595396268228
2012-11-20 23:00:00,90.93755124900413
2012-11-21 00:00:00,52.012638361937434
2012-11-21 01:00:00,27.132545284633736
2012-11-21 02:00:00,14.019788910608531
2012-11-21 03:00:00,8.185746363102202
2012-11-21 04:00:00,6.029825411334852
2012-11-21 05:00:00,17.38895279909438
2012-11-21 06:00:00,66.27111037943834
2012-11-21 07:00:00,235.63273337696253
2012-11-21 08:00:00,476.2164925108558
2012-11-21 09:00:00,373.84440411266183
2012-11-21 10:00:00,168.01332358836495
2012-11-21 11:00:00,214.10279946203903
2012-11-21 12:00:00,268.00379658977465
2012-11-21 13:00:00,264.56414333081597
2012-11-21 14:00:00,248.24417588505375
2012-11-21 15:00:00,267.86166767459014
2012-11-21 16:00:00,344.7169120534107
2012-11-21 17:00:00,754.7192174176445
2012-11-21 18:00:00,705.17728140164
2012-11-21 19:00:00,540.2696983502859
2012-11-21 20:00:00,240.37823083161692
2012-11-21 21:00:00,196.05574156724165
2012-11-21 22:00:00,153.9415719928909
2012-11-21 23:00:00,99.44139608300195
2012-11-22 00:00:00,69.74541299027909
2012-11-22 01:00:00,37.44957844760125
2012-11-22 02:00:00,17.62282077816947
2012-11-22 03:00:00,10.344696301374354
2012-11-22 04:00:00,7.507572552939482
2012-11-22 05:00:00,21.710956362132723
2012-11-22 06:00:00,81.24954652070494
2012-11-22 07:00:00,81.28027758034143
2012-11-22 08:00:00,154.02879520149585
2012-11-22 09:00:00,144.03476175858788
2012-11-22 10:00:00,331.9287202078529
2012-11-22 11:00:00,450.9451238535235
2012-11-22 12:00:00,571.3435036445572
2012-11-22 13:00:00,566.3683391718424
2012-11-22 14:00:00,527.3115496844039
2012-11-22 15:00:00,558.3742186997912
2012-11-22 16:00:00,711.9367518131465
2012-11-22 17:00:00,450.06340769065224
2012-11-22 18:00:00,399.26562068914865
2012-11-22 19:00:00,176.60791165686234
2012-11-22 20:00:00,311.80248546895115
2012-11-22 21:00:00,242.56080757240048
2012-11-22 22:00:00,193.63166003262046
2012-11-22 23:00:00,126.29559215189623
2012-11-23 00:00:00,63.02315444062651
2012-11-23 01:00:00,31.607558332940314
2012-11-23 02:00:00,16.994902556970256
2012-11-23 03:00:00,11.747917616588353
2012-11-23 04:00:00,6.71866710082241
2012-11-23 05:00:00,19.209699407133467
2012-11-23 06:00:00,65.05948564034476
2012-11-23 07:00:00,259.7575543805647
2012-11-23 08:00:00,473.6146261212491
2012-11-23 09:00:00,386.83017969530346
2012-11-23 10:00:00,188.51112994430724
2012-11-23 11:00:00,248.4143682117829
2012-11-23 12:00:00,308.7789596047359
2012-11-23 13:00:00,300.10588471997715
2012-11-23 14:00:00,318.1799195552298
2012-11-23 15:00:00,293.8291972148016
2012-11-23 16:00:00,371.17766089285266
2012-11-23 17:00:00,847.9999828307994
2012-11-23 18:00:00,778.908961994774
2012-11-23 19:00:00,627.8597838161372
2012-11-23 20:00:00,340.32658548813095
2012-11-23 21:00:00,246.50115984787263
2012-11-23 22:00:00,187.39905664447025
2012-11-23 23:00:00,126.15377122120653
2012-11-24 00:00:00,84.197790415133
2012-11-24 01:00:00,34.79382795519243
2012-11-24 02:00:00,20.245923884286825
2012-11-24 03:00:00,12.68867699300507
2012-11-24 04:00:00,9.300934558332328
2012-11-24 05:00:00,26.68238561685463
2012-11-24 06:00:00,82.1287898949421
2012-11-24 07:00:00,93.71134457393846
2012-11-24 08:00:00,170.1266204240695
2012-11-24 09:00:00,124.44410002980175
2012-11-24 10:00:00,292.4854075957132
2012-11-24 11:00:00,333.89388383959005
2012-11-24 12:00:00,381.0013597513196
2012-11-24 13:00:00,475.5307440689368
2012-11-24 14:00:00,383.5241308564525
2012-11-24 15:00:00,401.6848116012432
2012-11-24 16:00:00,519.5949927076025
2012-11-24 17:00:00,332.6030863379976
2012-11-24 18:00:00,306.11343249557524
2012-11-24 19:00:00,174.12114689063588
2012-11-24 20:00:00,274.5661921306547
2012-11-24 21:00:00,215.46315230287956
2012-11-24 22:00:00,166.41181365704833
2012-11-24 23:00:00,113.46314778045586
2012-11-25 00:00:00,54.73180661571983
2012-11-25 01:00:00,29.946926149334782
2012-11-25 02:00:00,15.313324479479661
2012-11-25 03:00:00,10.958294126703894
2012-11-25 04:00:00,8.151648282582142
2012-11-25 05:00:00,20.627260515630947
2012-11-25 06:00:00,70.495667746591
2012-11-25 07:00:00,77.75078752464525
2012-11-25 08:00:00,144.2516868950844
2012-11-25 09:00:00,104.92420754043125
2012-11-25 10:00:00,254.09994036399837
2012-11-25 11:00:00,302.7128833303401
2012-11-25 12:00:00,367.2808050408926
2012-11-25 13:00:00,364.71896989011725
2012-11-25 14:00:00,329.4003337673767
2012-11-25 15:00:00,371.50148227932686
2012-11-25 16:00:00,488.52720833221696
2012-11-25 17:00:00,313.6302124801226
2012-11-25 18:00:00,282.95099094119763
2012-11-25 19:00:00,183.34581110224448
2012-11-25 20:00:00,246.96892529187033
2012-11-25 21:00:00,241.0193160515959
2012-11-25 22:00:00,149.13214481745868
2012-11-25 23:00:00,95.32806490835775
2012-11-26 00:00:00,43.11962833420403
2012-11-26 01:00:00,22.959219718239
2012-11-26 02:00:00,13.577217487731609
2012-11-26 03:00:00,7.9150801864801625
2012-11-26 04:00:00,5.8374850078356
2012-11-26 05:00:00,16.358657590887955
2012-11-26 06:00:00,57.46341495394312
2012-11-26 07:00:00,233.01159272658182
2012-11-26 08:00:00,438.95975623582666
2012-11-26 09:00:00,391.98928640451874
2012-11-26 10:00:00,172.57416593437276
2012-11-26 11:00:00,214.8411465039284
2012-11-26 12:00:00,276.6698681411589
2012-11-26 13:00:00,270.4394006089645
2012-11-26 14:00:00,256.723087913381
2012-11-26 15:00:00,265.5161592581668
2012-11-26 16:00:00,357.67241560375413
2012-11-26 17:00:00,802.7123943399466
2012-11-26 18:00:00,586.9730505543748
2012-11-26 19:00:00,510.2375122653862
2012-11-26 20:00:00,253.0240048204472
2012-11-26 21:00:00,194.7603779450644
2012-11-26 22:00:00,147.12919317614777
2012-11-26 23:00:00,89.15827907437553
2012-11-27 00:00:00,49.614419517259414
2012-11-27 01:00:00,25.904401597079136
2012-11-27 02:00:00,15.312812283149604
2012-11-27 03:00:00,5.256810052439175
2012-11-27 04:00:00,3.1027032852702545
2012-11-27 05:00:00,16.036785957405296
2012-11-27 06:00:00,62.06382753680642
2012-11-27 07:00:00,155.81114936085385
2012-11-27 08:00:00,292.1318350132364
2012-11-27 09:00:00,339.6194810867542
2012-11-27 10:00:00,87.96212001630668
2012-11-27 11:00:00,85.6680831473601
2012-11-27 12:00:00,101.42168010797963
2012-11-27 13:00:00,102.27086665941563
2012-11-27 14:00:00,92.21568332159447
2012-11-27 15:00:00,165.555538656138
2012-11-27 16:00:00,214.25790929778938
2012-11-27 17:00:00,473.9081089563195
2012-11-27 18:00:00,455.97904544057275
2012-11-27 19:00:00,399.1596206955444
2012-11-27 20:00:00,194.5411734846088
2012-11-27 21:00:00,136.22034035924742
2012-11-27 22:00:00,109.26506131072492
2012-11-27 23:00:00,73.64961139090482
2012-11-28 00:00:00,41.72150273581973
2012-11-28 01:00:00,22.329245605096123
2012-11-28 02:00:00,13.193929978083128
2012-11-28 03:00:00,7.809621137603655
2012-11-28 04:00:00,5.795245821712211
2012-11-28 05:00:00,16.977136341112253
2012-11-28 06:00:00,57.503125280323694
2012-11-28 07:00:00,238.01532320463502
2012-11-28 08:00:00,425.8356180771952
2012-11-28 09:00:00,350.178405264664
2012-11-28 10:00:00,169.50989860757068
2012-11-28 11:00:00,192.81274060192553
2012-11-28 12:00:00,225.0181095267507
2012-11-28 13:00:00,229.47261043511267
2012-11-28 14:00:00,208.7167464459477
2012-11-28 15:00:00,224.5661496740659
2012-11-28 16:00:00,298.9544075425753
2012-11-28 17:00:00,689.5138011430778
2012-11-28 18:00:00,602.6203056534698
2012-11-28 19:00:00,521.1049139018205
2012-11-28 20:00:00,256.26643330964004
2012-11-28 21:00:00,194.41865031160597
2012-11-28 22:00:00,134.01632582022702
2012-11-28 23:00:00,89.18922287959599
2012-11-29 00:00:00,47.377003563663116
2012-11-29 01:00:00,24.545362863531665
2012-11-29 02:00:00,14.842903287933057
2012-11-29 04:00:00,6.0582839059027025
2012-11-29 05:00:00,18.071416182931536
2012-11-29 06:00:00,61.47400110586635
2012-11-29 07:00:00,248.72610395711655
2012-11-29 08:00:00,453.0939762947022
2012-11-29 09:00:00,344.31793235397265
2012-11-29 10:00:00,171.83440896073637
2012-11-29 11:00:00,207.10001470983002
2012-11-29 12:00:00,253.0796476965419
2012-11-29 13:00:00,271.23045739569324
2012-11-29 14:00:00,222.8630815111692
2012-11-29 15:00:00,233.3714256370262
2012-11-29 16:00:00,308.0560351702588
2012-11-29 17:00:00,703.2066782488384
2012-11-29 18:00:00,626.4570308073708
2012-11-29 19:00:00,468.175914595379
2012-11-29 20:00:00,257.85947552815634
2012-11-29 21:00:00,171.06711213473605
2012-11-29 22:00:00,133.18248358647458
2012-11-29 23:00:00,105.08201224268898
2012-11-30 00:00:00,53.56292490493382
2012-11-30 01:00:00,26.616383188979643
2012-11-30 02:00:00,15.80163046298755
2012-11-30 03:00:00,9.275478359790228
2012-11-30 04:00:00,6.847003017409478
2012-11-30 05:00:00,19.182329019772485
2012-11-30 06:00:00,63.81296241057764
2012-11-30 07:00:00,259.96926995403754
2012-11-30 08:00:00,451.0318457750242
2012-11-30 09:00:00,354.87517162685015
2012-11-30 10:00:00,180.25129060505304
2012-11-30 11:00:00,208.7348633116108
2012-11-30 12:00:00,283.19413408308543
2012-11-30 13:00:00,287.21767456551777
2012-11-30 14:00:00,269.4456421920193
2012-11-30 15:00:00,287.66554749431674
2012-11-30 16:00:00,386.5419880045389
2012-11-30 17:00:00,745.821473467986
2012-11-30 18:00:00,643.8689893233909
2012-11-30 19:00:00,572.486986963946
2012-11-30 20:00:00,280.61283922231127
2012-11-30 21:00:00,205.88372209310913
2012-11-30 22:00:00,164.68128189169965
2012-11-30 23:00:00,101.73841006051659
2012-12-20 00:00:00,54.824587646775555
2012-12-20 01:00:00,29.876003143245537
2012-12-20 02:00:00,17.78551214371752
2012-12-20 03:00:00,9.43821552335165
2012-12-20 04:00:00,6.988336476369453
2012-12-20 05:00:00,19.814481574264057
2012-12-20 06:00:00,69.65921803138806
2012-12-20 07:00:00,273.83154881426475
2012-12-20 08:00:00,515.7044068774618
2012-12-20 09:00:00,372.9635298984788
2012-12-20 10:00:00,159.98162891199465
2012-12-20 11:00:00,177.63427218389805
2012-12-20 12:00:00,221.14421935932214
2012-12-20 13:00:00,211.9362335952315
2012-12-20 14:00:00,198.0250941214837
2012-12-20 15:00:00,206.811079073309
2012-12-20 16:00:00,263.6575083827269
2012-12-20 17:00:00,589.7914602903116
2012-12-20 18:00:00,530.1982511319598
2012-12-20 19:00:00,277.8384691511346
2012-12-20 20:00:00,136.5266680602368
2012-12-20 21:00:00,104.98318271545605
2012-12-20 22:00:00,78.9775754732779
2012-12-20 23:00:00,59.20259871181363
2012-12-21 00:00:00,35.19845376637373
2012-12-21 01:00:00,18.282266741484275
2012-12-21 02:00:00,10.550913977133707
2012-12-21 03:00:00,6.064264796758953
2012-12-21 04:00:00,6.987017570326748
2012-12-21 05:00:00,19.950399402461635
2012-12-21 06:00:00,61.22143256078829
2012-12-21 07:00:00,298.91742488777703
2012-12-21 08:00:00,552.1835682194605
2012-12-21 09:00:00,347.2277694507699
2012-12-21 10:00:00,160.1532276473208
2012-12-21 11:00:00,172.60262337449737
2012-12-21 12:00:00,214.74403394338995
2012-12-21 13:00:00,206.61496668296303
2012-12-21 14:00:00,189.2724520315567
2012-12-21 15:00:00,201.414600389301
2012-12-21 16:00:00,267.1072240971968
2012-12-21 17:00:00,575.0758789190929
2012-12-21 18:00:00,528.8146003039274
2012-12-21 19:00:00,492.8745190362746
2012-12-21 20:00:00,246.2113104920415
2012-12-21 21:00:00,182.68057530187204
2012-12-21 22:00:00,146.60320684825098
2012-12-21 23:00:00,98.29626821931599
2012-12-22 00:00:00,60.5189006997887
2012-12-22 01:00:00,33.68503887152229
2012-12-22 02:00:00,19.69267650727544
2012-12-22 03:00:00,11.754739900770948
2012-12-22 04:00:00,9.297310359260045
2012-12-22 05:00:00,24.62110712665817
2012-12-22 06:00:00,83.74154709428322
2012-12-22 07:00:00,93.44842707359759
2012-12-22 08:00:00,168.48388181837345
2012-12-22 09:00:00,127.00904342264195
2012-12-22 10:00:00,295.42258409000095
2012-12-22 11:00:00,338.58518499143923
2012-12-22 12:00:00,387.8746539861294
2012-12-22 13:00:00,399.71899749534623
2012-12-22 14:00:00,367.6988898298713
2012-12-22 15:00:00,382.3646952584678
2012-12-22 16:00:00,499.9757779907427
2012-12-22 17:00:00,328.6626256865914
2012-12-22 18:00:00,286.4824281203649
2012-12-22 19:00:00,147.53665560470645
2012-12-22 20:00:00,268.45510324837596
2012-12-22 21:00:00,198.9118816227132
2012-12-22 22:00:00,156.0597854891884
2012-12-22 23:00:00,106.75273954749716
2012-12-23 00:00:00,52.4904034161434
2012-12-23 01:00:00,28.67329329759613
2012-12-23 02:00:00,16.94414007177169
2012-12-23 03:00:00,10.060916702871566
2012-12-23 04:00:00,7.565335404011687
2012-12-23 05:00:00,21.635797732340748
2012-12-23 06:00:00,61.64724417229607
2012-12-23 07:00:00,68.82329064615497
2012-12-23 08:00:00,128.1403026947189
2012-12-23 09:00:00,106.57119467782606
2012-12-23 10:00:00,236.55826670942776
2012-12-23 11:00:00,279.8493800509034
2012-12-23 12:00:00,381.86996272912967
2012-12-23 13:00:00,419.41232344720265
2012-12-23 14:00:00,391.4567677167145
2012-12-23 15:00:00,425.2612855608862
2012-12-23 16:00:00,541.3150520122321
2012-12-23 17:00:00,329.2082916541998
2012-12-23 18:00:00,305.63068816359595
2012-12-23 19:00:00,177.57162393384186
2012-12-23 20:00:00,287.9463119834115
2012-12-23 21:00:00,178.48575764031747
2012-12-23 22:00:00,141.5523770149477
2012-12-23 23:00:00,96.75063893126354
2012-12-24 00:00:00,41.67980708795942
2012-12-24 01:00:00,22.227598812171852
2012-12-24 02:00:00,12.854169359946097
2012-12-24 03:00:00,7.472881114996367
2012-12-24 05:00:00,13.628628874358386
2012-12-24 06:00:00,54.4432902244939
2012-12-24 07:00:00,221.75909765429014
2012-12-24 08:00:00,418.7126643842033
2012-12-24 09:00:00,282.93937699351517
2012-12-24 10:00:00,148.45490452744463
2012-12-24 11:00:00,148.0316031592353
2012-12-24 12:00:00,206.4172487129752
2012-12-24 13:00:00,95.13973092175223
2012-12-24 14:00:00,86.2475552270656
2012-12-24 15:00:00,89.31763758638596
2012-12-24 16:00:00,115.72734510317895
2012-12-24 17:00:00,260.9891669402073
2012-12-24 18:00:00,240.76858631984248
2012-12-24 19:00:00,326.4706630763498
2012-12-24 20:00:00,99.50283966163258
2012-12-24 21:00:00,77.01962973082757
2012-12-24 22:00:00,98.52675538480754
2012-12-24 23:00:00,40.86703538198359
2012-12-25 00:00:00,27.366693525115902
2012-12-25 01:00:00,26.03404236358055
2012-12-25 02:00:00,15.447994539925212
2012-12-25 04:00:00,6.15947128856703
2012-12-25 05:00:00,17.226031123087633
2012-12-25 06:00:00,58.575465077481724
2012-12-25 07:00:00,64.87914162211172
2012-12-25 08:00:00,129.17550886916118
2012-12-25 09:00:00,94.05432273198285
2012-12-25 10:00:00,284.1571274406402
2012-12-25 11:00:00,322.48987209743785
2012-12-25 12:00:00,390.95554262476287
2012-12-25 13:00:00,441.9757162109382
2012-12-25 14:00:00,391.1117126088831
2012-12-25 15:00:00,391.64099587381344
2012-12-25 16:00:00,475.5631899696273
2012-12-25 17:00:00,295.4659465998566
2012-12-25 18:00:00,262.4353674678483
2012-12-25 19:00:00,147.08833851376127
2012-12-25 20:00:00,252.52970071892153
2012-12-25 21:00:00,177.7912679823441
2012-12-25 22:00:00,154.51354405726295
2012-12-25 23:00:00,91.86999478854109
2012-12-26 00:00:00,41.46703683854609
2012-12-26 01:00:00,21.994672374828454
2012-12-26 02:00:00,12.990369645128219
2012-12-26 03:00:00,6.602308832614715
2012-12-26 04:00:00,4.559396168202816
2012-12-26 05:00:00,14.464429209308857
2012-12-26 06:00:00,50.349178392000056
2012-12-26 07:00:00,104.34735867747592
2012-12-26 08:00:00,197.06112040775713
2012-12-26 09:00:00,142.3462434952638
2012-12-26 10:00:00,60.06124274729335
2012-12-26 11:00:00,65.58690494704098
2012-12-26 12:00:00,82.21135379473837
2012-12-26 13:00:00,80.34422416486987
2012-12-26 14:00:00,82.59061414300147
2012-12-26 15:00:00,95.31141874892292
2012-12-26 16:00:00,123.4737629782391
2012-12-26 17:00:00,275.23942656808856
2012-12-26 18:00:00,254.47196267646788
2012-12-26 19:00:00,225.51769474864795
2012-12-26 20:00:00,119.71951721852251
2012-12-26 21:00:00,133.02715082788487
2012-12-26 22:00:00,50.2919868906363
2012-12-26 23:00:00,43.29998389658124
2012-12-27 00:00:00,25.25085095508891
2012-12-27 01:00:00,10.133366918073063
2012-12-27 02:00:00,10.031540879874278
2012-12-27 03:00:00,6.910211153254347
2012-12-27 04:00:00,4.915710996851352
2012-12-27 05:00:00,16.667625311143688
2012-12-27 06:00:00,47.847650399792514
2012-12-27 07:00:00,227.7474688636303
2012-12-27 08:00:00,460.9811668960775
2012-12-27 09:00:00,328.00134413447404
2012-12-27 10:00:00,138.89196642640593
2012-12-27 11:00:00,150.21507215186693
2012-12-27 12:00:00,197.08673379811296
2012-12-27 13:00:00,192.6419844569273
2012-12-27 14:00:00,161.7255623353498
2012-12-27 15:00:00,174.70964538075282
2012-12-27 16:00:00,236.81152704763906
2012-12-27 17:00:00,536.1869948932567
2012-12-27 18:00:00,440.9820111696349
2012-12-27 19:00:00,397.3987140978204
2012-12-27 20:00:00,199.09666457304743
2012-12-27 21:00:00,141.07098702979638
2012-12-27 22:00:00,110.2366890772576
2012-12-27 23:00:00,74.12545304224733
2012-12-28 00:00:00,45.764348282454954
2012-12-28 01:00:00,26.007657114915368
2012-12-28 02:00:00,15.175756621620401
2012-12-28 03:00:00,8.469986030621229
2012-12-28 04:00:00,6.329419594836458
2012-12-28 05:00:00,18.247984202782842
2012-12-28 06:00:00,62.337916709458206
2012-12-28 07:00:00,255.8502029135828
2012-12-28 08:00:00,462.513473708564
2012-12-28 09:00:00,324.4157428586441
2012-12-28 10:00:00,151.44940483234205
2012-12-28 11:00:00,174.84646697064565
2012-12-28 12:00:00,245.06813775358745
2012-12-28 13:00:00,239.5467624842989
2012-12-28 14:00:00,221.19517489236767
2012-12-28 15:00:00,241.64123162005396
2012-12-28 16:00:00,322.75925358154706
2012-12-28 17:00:00,578.2387221163292
2012-12-28 18:00:00,527.5474320092138
2012-12-28 19:00:00,409.79375277442927
2012-12-28 20:00:00,203.70474098863468
2012-12-28 21:00:00,153.91792747459357
2012-12-28 22:00:00,121.60370298529661
2012-12-28 23:00:00,82.74576487674757
2012-12-29 00:00:00,55.37371088118123
2012-12-29 01:00:00,28.526530494763353
2012-12-29 02:00:00,17.66639516222032
2012-12-29 03:00:00,10.248824029487958
2012-12-29 04:00:00,7.408046243956118
2012-12-29 05:00:00,20.994168626636302
2012-12-29 06:00:00,78.6936685268034
2012-12-29 07:00:00,87.12837059579101
2012-12-29 08:00:00,165.17067157142807
2012-12-29 09:00:00,119.26561043283144
2012-12-29 10:00:00,164.39147703263257
2012-12-29 11:00:00,163.80091281109006
2012-12-29 12:00:00,199.42508149578887
2012-12-29 13:00:00,194.92786337393613
2012-12-29 14:00:00,296.77434770355336
2012-12-29 15:00:00,321.8061082514573
2012-12-29 16:00:00,496.51500416587027
2012-12-29 17:00:00,308.49053601442364
2012-12-29 18:00:00,286.0086884837559
2012-12-29 19:00:00,150.97181916371431
2012-12-29 20:00:00,246.95788119158715
2012-12-29 21:00:00,191.83674425460063
2012-12-29 22:00:00,148.91221057579375
2012-12-29 23:00:00,112.96809130250132
2012-12-30 00:00:00,53.339039516385064
2012-12-30 01:00:00,27.24048817653746
2012-12-30 02:00:00,16.721665073967436
2012-12-30 03:00:00,9.508114185685214
2012-12-30 04:00:00,7.388327758990579
2012-12-30 05:00:00,21.226045415434807
2012-12-30 06:00:00,56.400837710570634
2012-12-30 07:00:00,74.93366921900316
2012-12-30 08:00:00,125.57451686857615
2012-12-30 09:00:00,102.72951872812983
2012-12-30 10:00:00,253.50809270845298
2012-12-30 11:00:00,298.922112235667
2012-12-30 12:00:00,354.81244929861055
2012-12-30 13:00:00,339.2865020169451
2012-12-30 14:00:00,328.3324022315559
2012-12-30 15:00:00,357.3405277340433
2012-12-30 16:00:00,453.35926773067524
2012-12-30 17:00:00,292.4511960665431
2012-12-30 18:00:00,229.12111950726757
2012-12-30 19:00:00,168.5691291110642
2012-12-30 20:00:00,208.14144500856384
2012-12-30 21:00:00,182.44913409103614
2012-12-30 22:00:00,126.28316264809645
2012-12-30 23:00:00,85.0065610223078
2012-12-31 00:00:00,37.411054435486705
2012-12-31 01:00:00,19.90441881663708
2012-12-31 02:00:00,11.641024551267348
2012-12-31 03:00:00,6.818722083890174
2012-12-31 04:00:00,4.797181756128652
2012-12-31 05:00:00,14.198445998670326
2012-12-31 06:00:00,48.847895139060256
2012-12-31 07:00:00,196.44448041882933
2012-12-31 08:00:00,365.61454822372747
2012-12-31 09:00:00,281.9493716968974
2012-12-31 10:00:00,116.68531278283861
2012-12-31 11:00:00,134.15273286260924
2012-12-31 12:00:00,165.92688758517698
2012-12-31 13:00:00,184.19575393026085
2012-12-31 14:00:00,167.26822570059747
2012-12-31 15:00:00,180.60276798766063
2012-12-31 16:00:00,228.53500691530985
2012-12-31 17:00:00,527.2261724385133
2012-12-31 18:00:00,477.487702026182
2012-12-31 19:00:00,389.9549497565595
2012-12-31 20:00:00,190.97982850809183
2012-12-31 21:00:00,156.53636580143518
2012-12-31 22:00:00,124.66861809648162
2012-12-31 23:00:00,81.36733932571954
