datetime,count
2011-01-20 00:00:00,14.832384222050317
2011-01-20 01:00:00,8.417047705162805
2011-01-20 02:00:00,4.729500130006389
2011-01-20 03:00:00,2.3706925553999576
2011-01-20 04:00:00,1.57958136912299
2011-01-20 05:00:00,5.039897502401427
2011-01-20 06:00:00,18.700469818156513
2011-01-20 07:00:00,77.91912249276373
2011-01-20 08:00:00,145.06076047112754
2011-01-20 09:00:00,100.96248624828526
2011-01-20 10:00:00,48.924410961474244
2011-01-20 11:00:00,54.18090610838753
2011-01-20 12:00:00,77.05173124745588
2011-01-20 13:00:00,65.15139194669487
2011-01-20 14:00:00,67.03355454132301
2011-01-20 15:00:00,70.06234777689949
2011-01-20 16:00:00,91.00520115961227
2011-01-20 17:00:00,207.5341920376502
2011-01-20 18:00:00,162.33495089090266
2011-01-20 19:00:00,142.86942860527307
2011-01-20 20:00:00,65.05393948657543
2011-01-20 21:00:00,45.99458388744399
2011-01-20 22:00:00,35.256552946234635
2011-01-20 23:00:00,23.116860112625954
2011-01-21 00:00:00,13.734659025809956
2011-01-21 01:00:00,7.019032227121144
2011-01-21 02:00:00,2.062713128048312
2011-01-21 03:00:00,0.785641648783008
2011-01-21 04:00:00,1.2329110712696045
2011-01-21 05:00:00,4.675748938909095
2011-01-21 06:00:00,20.68458681247377
2011-01-21 07:00:00,76.23040919653127
2011-01-21 08:00:00,144.19979992499282
2011-01-21 09:00:00,102.04419262221596
2011-01-21 10:00:00,42.06101012740159
2011-01-21 11:00:00,48.79450302692961
2011-01-21 12:00:00,59.9789298709956
2011-01-21 13:00:00,59.81374458734032
2011-01-21 14:00:00,55.39465724886064
2011-01-21 15:00:00,59.45436022176237
2011-01-21 16:00:00,78.64081128199891
2011-01-21 17:00:00,177.45896237904412
2011-01-21 18:00:00,164.30502702448007
2011-01-21 19:00:00,137.28988747036328
2011-01-21 20:00:00,64.8930051780235
2011-01-21 21:00:00,50.496144653557025
2011-01-21 22:00:00,38.277206331410646
2011-01-21 23:00:00,25.972949043050605
2011-01-22 00:00:00,16.86137869696832
2011-01-22 01:00:00,7.995745155218943
2011-01-22 02:00:00,4.620135488435805
2011-01-22 03:00:00,2.4101976850964206
2011-01-22 04:00:00,1.540971871885584
2011-01-22 06:00:00,21.32116734922148
2011-01-22 07:00:00,25.19313916925602
2011-01-22 08:00:00,47.88506351312865
2011-01-22 09:00:00,35.320471820186214
2011-01-22 10:00:00,77.90378709358507
2011-01-22 11:00:00,90.15023479635369
2011-01-22 12:00:00,109.4141103662822
2011-01-22 13:00:00,116.86450263478548
2011-01-22 14:00:00,107.20624375789068
2011-01-22 15:00:00,118.77191397124551
2011-01-22 16:00:00,146.74078297175194
2011-01-22 17:00:00,96.42145912378238
2011-01-22 18:00:00,83.23938968464643
2011-01-22 19:00:00,46.51664059654581
2011-01-22 20:00:00,78.78941774023895
2011-01-22 21:00:00,61.891285499980015
2011-01-22 22:00:00,47.75686454751309
2011-01-22 23:00:00,30.671555164257438
2011-01-23 00:00:00,14.83805281112912
2011-01-23 01:00:00,7.619531384121025
2011-01-23 02:00:00,4.11619308810857
2011-01-23 03:00:00,2.1289422462407916
2011-01-23 05:00:00,5.029809621482007
2011-01-23 06:00:00,18.70965099875291
2011-01-23 07:00:00,22.057741394412048
2011-01-23 08:00:00,41.94002095274791
2011-01-23 09:00:00,29.636877917793086
2011-01-23 10:00:00,70.25063003695855
2011-01-23 11:00:00,83.33669564971686
2011-01-23 12:00:00,97.8363408338103
2011-01-23 13:00:00,98.48792914046638
2011-01-23 14:00:00,92.78518342960903
2011-01-23 15:00:00,98.29938828309291
2011-01-23 16:00:00,129.111179086451
2011-01-23 17:00:00,80.87901893979961
2011-01-23 18:00:00,74.65806122469361
2011-01-23 19:00:00,40.867566380417784
2011-01-23 20:00:00,70.94523488551904
2011-01-23 21:00:00,55.32177605407139
2011-01-23 22:00:00,42.89477570775258
2011-01-23 23:00:00,28.120645340052988
2011-01-24 00:00:00,12.187944874884474
2011-01-24 01:00:00,6.077742948918715
2011-01-24 03:00:00,1.6040973316289597
2011-01-24 04:00:00,1.0071301549366636
2011-01-24 05:00:00,4.2503468466311585
2011-01-24 06:00:00,16.28776476080209
2011-01-24 07:00:00,67.94547765864985
2011-01-24 08:00:00,128.51763141057143
2011-01-24 09:00:00,95.18411352173173
2011-01-24 10:00:00,40.250601225702844
2011-01-24 11:00:00,43.8085494671587
2011-01-24 12:00:00,49.936462275488346
2011-01-24 13:00:00,48.58344564565036
2011-01-24 14:00:00,44.39723887752189
2011-01-24 15:00:00,51.79987702046472
2011-01-24 16:00:00,64.57991340894273
2011-01-24 17:00:00,146.16824998677902
2011-01-24 18:00:00,131.25239558941144
2011-01-24 19:00:00,113.39694199714201
2011-01-24 20:00:00,54.163817782747145
2011-01-24 21:00:00,41.15666237510604
2011-01-24 22:00:00,29.754915955636218
2011-01-24 23:00:00,19.522189380962775
2011-01-25 00:00:00,10.269086533415466
2011-01-25 01:00:00,5.2728314792060855
2011-01-25 02:00:00,3.018376391189099
2011-01-25 04:00:00,0.8913824950545712
2011-01-25 05:00:00,3.8372528155495917
2011-01-25 06:00:00,15.207207836565225
2011-01-25 07:00:00,61.548496490189436
2011-01-25 08:00:00,111.07374551747483
2011-01-25 09:00:00,93.25549190448966
2011-01-25 10:00:00,39.23732790725331
2011-01-25 11:00:00,44.557149982880716
2011-01-25 12:00:00,60.20061458648397
2011-01-25 13:00:00,58.391514636426436
2011-01-25 14:00:00,64.43773509575105
2011-01-25 15:00:00,69.05050832458082
2011-01-25 16:00:00,89.5339209302901
2011-01-25 17:00:00,214.38150835227364
2011-01-25 18:00:00,177.94341170109215
2011-01-25 19:00:00,126.55255560907257
2011-01-25 20:00:00,59.88385263431551
2011-01-25 21:00:00,45.9193689425914
2011-01-25 22:00:00,36.01718018738378
2011-01-25 23:00:00,22.398254435625194
2011-01-26 00:00:00,12.06566692906952
2011-01-26 01:00:00,6.210703821262005
2011-01-26 02:00:00,1.6617557093123687
2011-01-26 05:00:00,1.7328140221389132
2011-01-26 06:00:00,7.932754763759471
2011-01-26 07:00:00,37.96484568073823
2011-01-26 08:00:00,72.25690068480478
2011-01-26 09:00:00,52.019499746610094
2011-01-26 10:00:00,21.10118521126815
2011-01-26 11:00:00,21.301002483334692
2011-01-26 12:00:00,26.042090074421896
2011-01-26 13:00:00,25.435308844109542
2011-01-26 14:00:00,23.22774960260335
2011-01-26 15:00:00,24.067683349562916
2011-01-26 16:00:00,40.93894973543084
2011-01-26 17:00:00,73.72909541736858
2011-01-27 16:00:00,76.35154869544992
2011-01-27 17:00:00,177.1028637730332
2011-01-27 18:00:00,155.21703159984224
2011-01-27 19:00:00,131.69368823159252
2011-01-27 20:00:00,63.06884235506766
2011-01-27 21:00:00,48.37384088088823
2011-01-27 22:00:00,37.79031498570314
2011-01-27 23:00:00,21.652955731024427
2011-01-28 00:00:00,13.85230729956533
2011-01-28 01:00:00,7.0830598572859795
2011-01-28 02:00:00,3.879326808337157
2011-01-28 03:00:00,2.0178710886455926
2011-01-28 05:00:00,4.940335324138535
2011-01-28 06:00:00,16.351553185652346
2011-01-28 07:00:00,66.639832036611
2011-01-28 08:00:00,126.16807602531769
2011-01-28 09:00:00,63.290408881635074
2011-01-28 10:00:00,26.06477680373141
2011-01-28 11:00:00,29.054556088233284
2011-01-28 12:00:00,35.44401248294196
2011-01-28 13:00:00,34.6262671581146
2011-01-28 14:00:00,33.987659901840274
2011-01-28 15:00:00,57.10645762065454
2011-01-28 16:00:00,80.56905155928062
2011-01-28 17:00:00,182.31083631192763
2011-01-28 18:00:00,164.39091045301447
2011-01-28 19:00:00,132.43237509210496
2011-01-28 20:00:00,64.74930578163955
2011-01-28 21:00:00,49.38474821151751
2011-01-28 22:00:00,40.381978721927894
2011-01-28 23:00:00,28.153329170633853
2011-01-29 00:00:00,15.60293598138066
2011-01-29 01:00:00,9.429026450399638
2011-01-29 02:00:00,5.395170856581621
2011-01-29 03:00:00,2.9336190975423415
2011-01-29 04:00:00,1.6692705144851043
2011-01-29 06:00:00,21.981475832796132
2011-01-29 07:00:00,25.19911545612435
2011-01-29 08:00:00,48.16877858990101
2011-01-29 09:00:00,38.82193345049468
2011-01-29 10:00:00,82.67319621398634
2011-01-29 11:00:00,83.76368358793466
2011-01-29 12:00:00,102.36364263785039
2011-01-29 13:00:00,113.65984755017791
2011-01-29 14:00:00,104.18658739712511
2011-01-29 15:00:00,111.41036314436664
2011-01-29 16:00:00,151.39514260181934
2011-01-29 17:00:00,99.14754965544843
2011-01-29 18:00:00,85.86331811283127
2011-01-29 19:00:00,43.28811142324671
2011-01-29 20:00:00,82.27678562987849
2011-01-29 21:00:00,63.17619878278076
2011-01-29 22:00:00,43.32121805373446
2011-01-29 23:00:00,28.830944257128422
2011-01-30 00:00:00,13.925548571738759
2011-01-30 01:00:00,8.168588355445271
2011-01-30 02:00:00,4.590269649101366
2011-01-30 03:00:00,2.2832562561447878
2011-01-30 04:00:00,1.5126666194575686
2011-01-30 05:00:00,5.70985079672032
2011-01-30 07:00:00,23.44480280016832
2011-01-30 08:00:00,42.16054613234839
2011-01-30 09:00:00,30.863030474999736
2011-01-30 10:00:00,71.7904641698629
2011-01-30 11:00:00,88.55593928232024
2011-01-30 12:00:00,138.7254226484271
2011-01-30 13:00:00,118.06142515092243
2011-01-30 14:00:00,122.08424007984944
2011-01-30 15:00:00,134.1038712861433
2011-01-30 16:00:00,173.60948525485205
2011-01-30 17:00:00,94.77308511502545
2011-01-30 18:00:00,84.40431223633111
2011-01-30 19:00:00,46.26217893075846
2011-01-30 20:00:00,77.68285460433134
2011-01-30 21:00:00,53.114946268746706
2011-01-30 22:00:00,41.37001269475483
2011-01-30 23:00:00,27.392906535197945
2011-01-31 00:00:00,11.902037116812238
2011-01-31 01:00:00,6.424400548407097
2011-01-31 02:00:00,3.568288405948018
2011-01-31 03:00:00,1.7938567486058536
2011-01-31 04:00:00,0.9348641951087122
2011-01-31 05:00:00,3.920710257568884
2011-01-31 06:00:00,14.69897088389329
2011-01-31 07:00:00,58.76166956488988
2011-01-31 08:00:00,113.02557082590705
2011-01-31 09:00:00,81.20270901852079
2011-01-31 10:00:00,34.5526145025109
2011-01-31 11:00:00,39.3035170125609
2011-01-31 12:00:00,54.8376333677057
2011-01-31 13:00:00,53.83991318700229
2011-01-31 14:00:00,44.0565884261878
2011-01-31 15:00:00,46.04561654166464
2011-01-31 16:00:00,59.38614482761811
2011-01-31 17:00:00,135.40899954738364
2011-01-31 18:00:00,123.96106438368578
2011-01-31 19:00:00,154.4590813622727
2011-01-31 20:00:00,31.55888532037462
2011-01-31 21:00:00,24.362469728464866
2011-01-31 22:00:00,30.89861217340669
2011-01-31 23:00:00,20.144248048352022
2011-02-20 00:00:00,21.37313318452973
2011-02-20 01:00:00,8.786761660059737
2011-02-20 02:00:00,4.815811004988606
2011-02-20 03:00:00,2.517954470119627
2011-02-20 04:00:00,1.692280491142788
2011-02-20 06:00:00,23.232799212091923
2011-02-20 07:00:00,25.95000063073524
2011-02-20 08:00:00,57.11706265255323
2011-02-20 09:00:00,40.05231366318864
2011-02-20 10:00:00,98.75821981582642
2011-02-20 11:00:00,129.65777373605366
2011-02-20 12:00:00,169.6147078126252
2011-02-20 13:00:00,173.99779233287367
2011-02-20 14:00:00,155.05869698304417
2011-02-20 15:00:00,166.76694973973568
2011-02-20 16:00:00,214.54843094058143
2011-02-20 17:00:00,131.93593601265852
2011-02-20 18:00:00,113.31499029041474
2011-02-20 19:00:00,62.759300522441556
2011-02-20 20:00:00,110.86321626820151
2011-02-20 21:00:00,82.27364948819174
2011-02-20 22:00:00,60.77412087815416
2011-02-20 23:00:00,40.46680382384588
2011-02-21 00:00:00,22.512933355935097
2011-02-21 01:00:00,11.796425760862206
2011-02-21 02:00:00,6.78557413702829
2011-02-21 03:00:00,3.7990924429514186
2011-02-21 04:00:00,2.9717072066927184
2011-02-21 05:00:00,9.391942955486785
2011-02-21 06:00:00,36.04147371718211
2011-02-21 07:00:00,40.4466857295755
2011-02-21 08:00:00,61.54270027173341
2011-02-21 09:00:00,44.44299250101712
2011-02-21 10:00:00,103.40736605275357
2011-02-21 11:00:00,121.01184639659137
2011-02-21 12:00:00,140.34532608576671
2011-02-21 13:00:00,70.70349676617373
2011-02-21 14:00:00,121.5356984772826
2011-02-21 15:00:00,111.31839515453046
2011-02-21 16:00:00,89.3098136112278
2011-02-21 17:00:00,91.47395240991494
2011-02-21 18:00:00,74.36698744077697
2011-02-21 19:00:00,41.036012857978676
2011-02-21 20:00:00,45.1421378981891
2011-02-21 21:00:00,30.878969187884405
2011-02-21 22:00:00,24.301227042564346
2011-02-21 23:00:00,16.02930394712137
2011-02-22 06:00:00,15.545032079805836
2011-02-22 07:00:00,64.30844223896432
2011-02-22 08:00:00,122.7550003849157
2011-02-22 09:00:00,90.76921506250974
2011-02-22 10:00:00,43.308734613040095
2011-02-22 11:00:00,55.09678790587275
2011-02-22 12:00:00,67.05144489930588
2011-02-22 13:00:00,65.70260713171996
2011-02-22 14:00:00,60.13240715128744
2011-02-22 15:00:00,65.51380681258665
2011-02-22 16:00:00,84.3126551337427
2011-02-22 17:00:00,189.55304365681127
2011-02-22 18:00:00,178.33846169114318
2011-02-22 19:00:00,131.21879907248578
2011-02-22 20:00:00,64.66171902861183
2011-02-22 21:00:00,49.20602810418013
2011-02-22 22:00:00,38.91812844452902
2011-02-22 23:00:00,25.867390310300845
2011-02-23 00:00:00,13.99952144345287
2011-02-23 01:00:00,7.288338214218021
2011-02-23 02:00:00,3.9900130719902043
2011-02-23 03:00:00,2.041276052471632
2011-02-23 05:00:00,5.157455360142659
2011-02-23 06:00:00,19.12688688486055
2011-02-23 07:00:00,76.90202287615635
2011-02-23 08:00:00,145.27459267785326
2011-02-23 09:00:00,119.9212429784899
2011-02-23 10:00:00,52.68682347036755
2011-02-23 11:00:00,58.81882172968061
2011-02-23 12:00:00,79.56128144249838
2011-02-23 13:00:00,89.4107016555731
2011-02-23 14:00:00,82.1212356037533
2011-02-23 15:00:00,88.59401984892325
2011-02-23 16:00:00,117.03200732968891
2011-02-23 17:00:00,260.56019325258046
2011-02-23 18:00:00,236.45915620301238
2011-02-23 19:00:00,199.96709686025986
2011-02-23 20:00:00,71.042687019843
2011-02-23 21:00:00,58.26378849127483
2011-02-23 22:00:00,45.56030363059091
2011-02-23 23:00:00,29.05083416959098
2011-02-24 00:00:00,16.807229246485168
2011-02-24 01:00:00,8.549359984560859
2011-02-24 02:00:00,4.75501071074196
2011-02-24 03:00:00,2.4939866451573995
2011-02-24 05:00:00,5.892231181963979
2011-02-24 06:00:00,18.974199367505374
2011-02-24 07:00:00,77.14995278575519
2011-02-24 08:00:00,163.24051641947645
2011-02-24 09:00:00,107.34150902281176
2011-02-24 10:00:00,49.70469842618436
2011-02-24 11:00:00,57.48200240846563
2011-02-24 12:00:00,79.97324304593945
2011-02-24 13:00:00,83.77222040663449
2011-02-24 14:00:00,83.32533070366058
2011-02-24 15:00:00,52.86196094778606
2011-02-24 16:00:00,64.66515609748028
2011-02-24 17:00:00,140.31491537434468
2011-02-24 18:00:00,187.45372788692606
2011-02-24 19:00:00,98.06877078856157
2011-02-24 20:00:00,75.62391489715347
2011-02-24 21:00:00,59.57668966998828
2011-02-24 22:00:00,28.96373357795503
2011-02-24 23:00:00,31.135524882125985
2011-02-25 00:00:00,11.837639756700218
2011-02-25 01:00:00,9.950260953691895
2011-02-25 02:00:00,5.6623344727653055
2011-02-25 03:00:00,3.0647268772173755
2011-02-25 05:00:00,7.1371799015270945
2011-02-25 06:00:00,15.724680526058343
2011-02-25 07:00:00,63.1975555794222
2011-02-25 08:00:00,122.47752771842052
2011-02-25 09:00:00,83.82196364719283
2011-02-25 10:00:00,39.53349319161065
2011-02-25 11:00:00,89.86736423709837
2011-02-25 12:00:00,67.59558983391108
2011-02-25 13:00:00,66.05641456014801
2011-02-25 14:00:00,59.392732697002856
2011-02-25 15:00:00,92.98274449244363
2011-02-25 16:00:00,101.40019651544809
2011-02-25 17:00:00,214.63008291122412
2011-02-25 18:00:00,208.41767762071225
2011-02-25 19:00:00,177.022199344771
2011-02-25 20:00:00,83.84155818502782
2011-02-25 21:00:00,68.09704439845288
2011-02-25 22:00:00,52.800805432330996
2011-02-25 23:00:00,36.20133436889598
2011-02-26 00:00:00,22.072775152359316
2011-02-26 01:00:00,11.27073239738535
2011-02-26 02:00:00,5.422408136036338
2011-02-26 03:00:00,3.673623806051485
2011-02-26 04:00:00,2.319394182047527
2011-02-26 05:00:00,7.585765620688541
2011-02-26 06:00:00,29.80651276888579
2011-02-26 07:00:00,32.68372780313031
2011-02-26 08:00:00,59.7532609073264
2011-02-26 09:00:00,46.14177535824784
2011-02-26 10:00:00,122.79357421856527
2011-02-26 11:00:00,154.26161571232248
2011-02-26 12:00:00,170.20600915751027
2011-02-26 13:00:00,165.01114763060846
2011-02-26 14:00:00,152.72776224811415
2011-02-26 15:00:00,161.39381124101382
2011-02-26 16:00:00,218.56340458134082
2011-02-26 17:00:00,141.88337602510168
2011-02-26 18:00:00,128.97362846512277
2011-02-26 19:00:00,69.89604875472317
2011-02-26 20:00:00,121.84486525317634
2011-02-26 21:00:00,79.59866816513133
2011-02-26 22:00:00,60.96590151571043
2011-02-26 23:00:00,40.23872262229082
2011-02-27 00:00:00,18.86276919320585
2011-02-27 01:00:00,10.018682573528212
2011-02-27 02:00:00,5.780075287822779
2011-02-27 03:00:00,3.176963236037782
2011-02-27 04:00:00,1.9196482865997249
2011-02-27 06:00:00,24.51998791784
2011-02-27 07:00:00,26.823814637117145
2011-02-27 08:00:00,64.37137684919003
2011-02-27 09:00:00,45.51521457829784
2011-02-27 10:00:00,105.52734202243232
2011-02-27 11:00:00,128.5636118860834
2011-02-27 12:00:00,182.97534227771624
2011-02-27 13:00:00,187.3876600910717
2011-02-27 14:00:00,169.32318023139254
2011-02-27 15:00:00,179.20211511069778
2011-02-27 16:00:00,230.56365247949827
2011-02-27 17:00:00,140.36685683119524
2011-02-27 18:00:00,127.71611963937417
2011-02-27 19:00:00,71.92854840957514
2011-02-27 20:00:00,127.33332676394315
2011-02-27 21:00:00,87.99578933014298
2011-02-27 22:00:00,65.70293378684322
2011-02-27 23:00:00,40.61189110632761
2011-02-28 00:00:00,17.68768261296208
2011-02-28 01:00:00,4.6515301301450815
2011-02-28 03:00:00,1.1503708394206331
2011-02-28 05:00:00,6.143877561322732
2011-02-28 06:00:00,21.617417919004637
2011-02-28 07:00:00,89.2668213591579
2011-02-28 08:00:00,162.07082997403123
2011-02-28 09:00:00,145.63885789308898
2011-02-28 10:00:00,63.634365414508935
2011-02-28 11:00:00,79.13063462150897
2011-02-28 12:00:00,96.16602833324364
2011-02-28 13:00:00,47.13577351687606
2011-02-28 14:00:00,41.65023969546296
2011-02-28 15:00:00,44.15790828585905
2011-02-28 16:00:00,59.94014133095156
2011-02-28 17:00:00,130.54834860708308
2011-02-28 18:00:00,125.40150985187924
2011-02-28 19:00:00,96.68951488205576
2011-02-28 20:00:00,46.970786214048026
2011-02-28 21:00:00,57.87046507489801
2011-02-28 22:00:00,25.7102778094284
2011-02-28 23:00:00,25.76560643211985
2011-03-20 00:00:00,24.755316307595358
2011-03-20 01:00:00,11.539908780351828
2011-03-20 02:00:00,6.752507205221371
2011-03-20 03:00:00,3.71258469188769
2011-03-20 04:00:00,2.627059116845161
2011-03-20 05:00:00,8.450652212389306
2011-03-20 06:00:00,29.64920855839125
2011-03-20 07:00:00,30.429170327942934
2011-03-20 08:00:00,65.15789250953412
2011-03-20 09:00:00,53.55456957778528
2011-03-20 10:00:00,121.68526747373626
2011-03-20 11:00:00,146.6185204668115
2011-03-20 12:00:00,177.8615418340078
2011-03-20 13:00:00,194.15114007825997
2011-03-20 14:00:00,193.1223710474823
2011-03-20 15:00:00,198.5649308331895
2011-03-20 16:00:00,263.64727653777516
2011-03-20 17:00:00,153.936981139416
2011-03-20 18:00:00,127.352346400449
2011-03-20 19:00:00,67.43919133588767
2011-03-20 20:00:00,116.97629446497494
2011-03-20 21:00:00,82.457048736888
2011-03-20 22:00:00,64.08823111768709
2011-03-20 23:00:00,25.32474889562881
2011-03-21 00:00:00,10.655168638285721
2011-03-21 01:00:00,9.000447337548655
2011-03-21 02:00:00,5.180813803941386
2011-03-21 03:00:00,2.7800390044407224
2011-03-21 05:00:00,6.833602469712939
2011-03-21 06:00:00,14.433475582137454
2011-03-21 07:00:00,49.5575219544841
2011-03-21 08:00:00,151.0842741110519
2011-03-21 09:00:00,127.99433388099379
2011-03-21 10:00:00,56.45702431845811
2011-03-21 11:00:00,71.18515181934825
2011-03-21 12:00:00,86.20238826003084
2011-03-21 13:00:00,100.56704624894
2011-03-21 14:00:00,93.93705609627663
2011-03-21 15:00:00,100.93241351326324
2011-03-21 16:00:00,126.88625495399056
2011-03-21 17:00:00,290.1617417119235
2011-03-21 18:00:00,257.23819783013306
2011-03-21 19:00:00,232.87332165072516
2011-03-21 20:00:00,119.1301329342306
2011-03-21 21:00:00,72.60491807888788
2011-03-21 22:00:00,57.39828854273249
2011-03-21 23:00:00,39.71994507387261
2011-03-22 00:00:00,21.15331488979523
2011-03-22 01:00:00,10.77080079531149
2011-03-22 02:00:00,6.391467391361747
2011-03-22 03:00:00,3.520630616306562
2011-03-22 04:00:00,2.293440911978388
2011-03-22 05:00:00,7.537587920748923
2011-03-22 06:00:00,27.796331803051054
2011-03-22 07:00:00,113.68519317936023
2011-03-22 08:00:00,215.05341739740524
2011-03-22 09:00:00,148.754066278276
2011-03-22 10:00:00,66.15869089419687
2011-03-22 11:00:00,80.14716130019875
2011-03-22 12:00:00,100.76356620097914
2011-03-22 13:00:00,113.15796822667448
2011-03-22 14:00:00,102.49953033724827
2011-03-22 15:00:00,111.64088421276993
2011-03-22 16:00:00,149.22583626900843
2011-03-22 17:00:00,338.34169021381814
2011-03-22 18:00:00,272.6098756319183
2011-03-22 19:00:00,201.08916390881816
2011-03-22 20:00:00,95.54428700975706
2011-03-22 21:00:00,74.71392786084691
2011-03-22 22:00:00,58.12291179147725
2011-03-22 23:00:00,38.79340738858759
2011-03-23 00:00:00,10.999794160477776
2011-03-23 01:00:00,5.449778230650105
2011-03-23 02:00:00,2.9241603491891053
2011-03-23 03:00:00,2.8099027990152226
2011-03-23 05:00:00,3.657004265079016
2011-03-23 06:00:00,23.1347654037414
2011-03-23 07:00:00,93.1321872839149
2011-03-23 08:00:00,179.75162524860613
2011-03-23 09:00:00,130.6630412841519
2011-03-23 10:00:00,54.32683450807677
2011-03-23 11:00:00,61.81208551839963
2011-03-23 12:00:00,74.9036430760934
2011-03-23 13:00:00,46.27206089405878
2011-03-23 14:00:00,69.25479058321974
2011-03-23 15:00:00,77.04114114070599
2011-03-23 16:00:00,108.25834498638113
2011-03-23 17:00:00,245.80116535514873
2011-03-23 18:00:00,127.91790780207509
2011-03-23 19:00:00,108.505298431077
2011-03-23 20:00:00,44.6486230066177
2011-03-23 21:00:00,30.790941651203557
2011-03-23 22:00:00,47.403581952260815
2011-03-23 23:00:00,20.355042922555736
2011-03-24 00:00:00,18.088969132436112
2011-03-24 01:00:00,8.068664241922251
2011-03-24 02:00:00,4.474429487405133
2011-03-24 03:00:00,2.393793690962785
2011-03-24 04:00:00,1.5972606020770543
2011-03-24 05:00:00,5.881382044743838
2011-03-24 06:00:00,21.49318751421054
2011-03-24 07:00:00,53.24043796600403
2011-03-24 08:00:00,99.88504461604721
2011-03-24 09:00:00,119.55197692408213
2011-03-24 10:00:00,49.008747852179404
2011-03-24 11:00:00,58.190593360605256
2011-03-24 12:00:00,72.55960836164552
2011-03-24 13:00:00,81.57531641354791
2011-03-24 14:00:00,76.5827272970203
2011-03-24 15:00:00,70.40617798449942
2011-03-24 16:00:00,93.39439325258995
2011-03-24 17:00:00,209.10424868513007
2011-03-24 18:00:00,192.90765918775784
2011-03-24 19:00:00,172.84166256158275
2011-03-24 20:00:00,85.2746258797408
2011-03-24 21:00:00,65.30889584243639
2011-03-24 22:00:00,51.92031976816673
2011-03-24 23:00:00,31.515217561000334
2011-03-25 00:00:00,19.15157979098299
2011-03-25 01:00:00,9.670370997252974
2011-03-25 02:00:00,4.7559325093452065
2011-03-25 03:00:00,3.0153393969563558
2011-03-25 04:00:00,2.0214824614402347
2011-03-25 05:00:00,6.007558737446652
2011-03-25 06:00:00,21.649150820395093
2011-03-25 07:00:00,89.79797772724517
2011-03-25 08:00:00,197.3331911094785
2011-03-25 09:00:00,144.2058385388242
2011-03-25 10:00:00,70.83192060017646
2011-03-25 11:00:00,75.5742007648113
2011-03-25 12:00:00,104.95319352054275
2011-03-25 13:00:00,104.67949112758568
2011-03-25 14:00:00,96.03572381841327
2011-03-25 15:00:00,96.03837362268115
2011-03-25 16:00:00,124.23282625482986
2011-03-25 17:00:00,245.7001601385748
2011-03-25 18:00:00,241.61157943995886
2011-03-25 19:00:00,192.72369483218486
2011-03-25 20:00:00,108.32731978617467
2011-03-25 21:00:00,82.5912629360053
2011-03-25 22:00:00,55.71507160106419
2011-03-25 23:00:00,37.543090909933724
2011-03-26 00:00:00,24.60283326270576
2011-03-26 01:00:00,13.844420996833506
2011-03-26 02:00:00,7.2345420510732215
2011-03-26 03:00:00,3.5015450308391287
2011-03-26 04:00:00,2.8540750010443667
2011-03-26 05:00:00,7.90596502251862
2011-03-26 06:00:00,27.708125591638257
2011-03-26 07:00:00,31.445514112933054
2011-03-26 08:00:00,69.38658315449993
2011-03-26 09:00:00,50.506303613596515
2011-03-26 10:00:00,126.17301785783627
2011-03-26 11:00:00,144.7638378972734
2011-03-26 12:00:00,175.78651884947016
2011-03-26 13:00:00,193.12134243664855
2011-03-26 14:00:00,180.8276287570276
2011-03-26 15:00:00,192.18289831309932
2011-03-26 16:00:00,253.128550593102
2011-03-26 17:00:00,159.707855736089
2011-03-26 18:00:00,139.5143984378556
2011-03-26 19:00:00,62.70035192831091
2011-03-26 20:00:00,109.78324582234282
2011-03-26 21:00:00,85.79368727334872
2011-03-26 22:00:00,67.40377923532346
2011-03-26 23:00:00,44.02584146082161
2011-03-27 00:00:00,22.337322862840967
2011-03-27 01:00:00,10.224140591175635
2011-03-27 02:00:00,3.202689516470967
2011-03-27 03:00:00,1.1991718600510604
2011-03-27 04:00:00,0.6735825705633331
2011-03-27 06:00:00,12.891686743011673
2011-03-27 07:00:00,14.429677936240411
2011-03-27 08:00:00,50.37467770502114
2011-03-27 09:00:00,43.14476640102853
2011-03-27 10:00:00,91.71337588834957
2011-03-27 11:00:00,107.74530889880299
2011-03-27 12:00:00,142.3941290004348
2011-03-27 13:00:00,151.1332021209546
2011-03-27 14:00:00,159.8966974264271
2011-03-27 15:00:00,164.8231052432762
2011-03-27 16:00:00,230.75639961557755
2011-03-27 17:00:00,138.8157523173571
2011-03-27 18:00:00,113.8126355139071
2011-03-27 19:00:00,62.9107298121078
2011-03-27 20:00:00,110.01918348454055
2011-03-27 21:00:00,83.12073693005388
2011-03-27 22:00:00,65.08904278316619
2011-03-27 23:00:00,42.74576175880637
2011-03-28 00:00:00,16.39235705477013
2011-03-28 01:00:00,8.777526632861875
2011-03-28 02:00:00,4.995665431410686
2011-03-28 03:00:00,2.666806654789867
2011-03-28 05:00:00,5.550987529351231
2011-03-28 06:00:00,20.57190454514225
2011-03-28 07:00:00,83.83435562306805
2011-03-28 08:00:00,161.25458643897136
2011-03-28 09:00:00,122.98650357418245
2011-03-28 10:00:00,55.691614189315985
2011-03-28 11:00:00,63.35639659820502
2011-03-28 12:00:00,83.5812658704036
2011-03-28 13:00:00,77.8671205380327
2011-03-28 14:00:00,86.56354746968962
2011-03-28 15:00:00,89.72977569880531
2011-03-28 16:00:00,118.72456171106485
2011-03-28 17:00:00,265.368262330962
2011-03-28 18:00:00,242.84351846230615
2011-03-28 19:00:00,212.38125677699207
2011-03-28 20:00:00,104.36551683700097
2011-03-28 21:00:00,79.80214853111804
2011-03-28 22:00:00,54.58100634914601
2011-03-28 23:00:00,35.5498608352886
2011-03-29 00:00:00,19.086451568385773
2011-03-29 01:00:00,8.974099598261159
2011-03-29 02:00:00,5.068420457677401
2011-03-29 03:00:00,2.711301901820589
2011-03-29 04:00:00,1.8029398115934385
2011-03-29 05:00:00,6.359079719636309
2011-03-29 06:00:00,22.493873094545396
2011-03-29 07:00:00,81.22247399329628
2011-03-29 08:00:00,174.85503849062252
2011-03-29 09:00:00,139.41147203279183
2011-03-29 10:00:00,60.61272133620199
2011-03-29 11:00:00,70.83357832211107
2011-03-29 12:00:00,96.51174443848687
2011-03-29 13:00:00,91.83351861171121
2011-03-29 14:00:00,85.57009809583245
2011-03-29 15:00:00,96.68122154936607
2011-03-29 16:00:00,128.3831626061303
2011-03-29 17:00:00,314.352303327451
2011-03-29 18:00:00,254.6966791944885
2011-03-29 19:00:00,209.5448199835038
2011-03-29 20:00:00,105.65368257319966
2011-03-29 21:00:00,77.57944874011666
2011-03-29 22:00:00,59.47415890611155
2011-03-29 23:00:00,35.404190431036874
2011-03-30 00:00:00,19.94579365245978
2011-03-30 01:00:00,11.799945094862624
2011-03-30 02:00:00,5.935545934295726
2011-03-30 03:00:00,3.342877681547008
2011-03-30 04:00:00,2.2460960230909595
2011-03-30 05:00:00,6.308238638451507
2011-03-30 06:00:00,26.61664471892232
2011-03-30 07:00:00,109.91981491823077
2011-03-30 08:00:00,202.7786463165488
2011-03-30 09:00:00,146.56343743937902
2011-03-30 10:00:00,61.314306184251244
2011-03-30 11:00:00,69.08946517272521
2011-03-30 12:00:00,85.63191527849574
2011-03-30 13:00:00,82.54608399380508
2011-03-30 14:00:00,75.00949362006926
2011-03-30 15:00:00,39.34574878550314
2011-03-30 16:00:00,50.60749110571414
2011-03-30 17:00:00,117.33497383163166
2011-03-30 18:00:00,167.16487844358772
2011-03-30 19:00:00,141.84241432046016
2011-03-30 20:00:00,38.72693501312002
2011-03-30 21:00:00,48.34520902034905
2011-03-30 22:00:00,23.420517103222398
2011-03-30 23:00:00,15.25249392278264
2011-03-31 00:00:00,8.739798831381524
2011-03-31 01:00:00,4.34256366457955
2011-03-31 02:00:00,2.2505112184994225
2011-03-31 03:00:00,0.9723520643791141
2011-03-31 04:00:00,0.4976423381378989
2011-03-31 05:00:00,2.9484531339503537
2011-03-31 06:00:00,11.71185571215537
2011-03-31 07:00:00,49.54725931104092
2011-03-31 08:00:00,147.9466051385166
2011-03-31 09:00:00,74.08947722170423
2011-03-31 10:00:00,30.735149802611833
2011-03-31 11:00:00,35.46222401372812
2011-03-31 12:00:00,43.213920285862656
2011-03-31 13:00:00,48.92677857998567
2011-03-31 14:00:00,45.11780754736424
2011-03-31 15:00:00,41.13591714402698
2011-03-31 16:00:00,86.77329189439799
2011-03-31 17:00:00,197.26907252983958
2011-03-31 18:00:00,207.1243769440739
2011-03-31 19:00:00,175.78476479026403
2011-03-31 20:00:00,45.07863964558238
2011-03-31 21:00:00,57.37135661027493
2011-03-31 22:00:00,26.99448870676544
2011-03-31 23:00:00,17.856104035239788
2011-04-20 00:00:00,26.15002900289257
2011-04-20 01:00:00,13.372133846002338
2011-04-20 02:00:00,7.7442630978703395
2011-04-20 03:00:00,4.5839746497739595
2011-04-20 04:00:00,3.075701880176899
2011-04-20 05:00:00,9.599098346333282
2011-04-20 06:00:00,33.99384944262337
2011-04-20 07:00:00,143.54109844963952
2011-04-20 08:00:00,333.68423996146447
2011-04-20 09:00:00,261.2677916240572
2011-04-20 10:00:00,111.93606494953234
2011-04-20 11:00:00,127.02773238248619
2011-04-20 12:00:00,153.69205593866863
2011-04-20 13:00:00,150.22101373136545
2011-04-20 14:00:00,132.98661140167582
2011-04-20 15:00:00,138.27596001847218
2011-04-20 16:00:00,179.0015310863634
2011-04-20 17:00:00,396.0586090722822
2011-04-20 18:00:00,399.0792143472971
2011-04-20 19:00:00,364.0713110023549
2011-04-20 20:00:00,185.0515233579049
2011-04-20 21:00:00,133.2841826720675
2011-04-20 22:00:00,102.40470155350468
2011-04-20 23:00:00,68.67422329995462
2011-04-21 00:00:00,34.77032283910621
2011-04-21 01:00:00,18.753931911971794
2011-04-21 02:00:00,10.58777267814754
2011-04-21 03:00:00,4.614602654331803
2011-04-21 04:00:00,3.2664721099214287
2011-04-21 05:00:00,9.834756379715724
2011-04-21 06:00:00,33.650733142611706
2011-04-21 07:00:00,145.11419847883738
2011-04-21 08:00:00,268.57410081148544
2011-04-21 09:00:00,207.41448352179032
2011-04-21 10:00:00,91.78535780170795
2011-04-21 11:00:00,107.45486045106566
2011-04-21 12:00:00,136.21350084449963
2011-04-21 13:00:00,129.64826576555092
2011-04-21 14:00:00,132.78491741925856
2011-04-21 15:00:00,141.93722557347786
2011-04-21 16:00:00,187.76924474725755
2011-04-21 17:00:00,444.1536589845095
2011-04-21 18:00:00,397.30058962413955
2011-04-21 19:00:00,295.2706864444706
2011-04-21 20:00:00,149.10022178595227
2011-04-21 21:00:00,107.07004708376442
2011-04-21 22:00:00,88.6174844270629
2011-04-21 23:00:00,58.07447299139803
2011-04-22 00:00:00,28.474597026294486
2011-04-22 01:00:00,15.287960340003377
2011-04-22 02:00:00,8.793718247235015
2011-04-22 03:00:00,4.989605600065786
2011-04-22 04:00:00,3.5918794943226366
2011-04-22 05:00:00,11.201892976652951
2011-04-22 06:00:00,38.262529422359805
2011-04-22 07:00:00,144.54751645729104
2011-04-22 08:00:00,274.80252012884694
2011-04-22 09:00:00,119.95646715244428
2011-04-22 10:00:00,82.26277328976046
2011-04-22 11:00:00,57.17653387903119
2011-04-22 12:00:00,68.57930336805028
2011-04-22 13:00:00,63.82033079212049
2011-04-22 14:00:00,58.20296661168381
2011-04-22 15:00:00,62.395537966234144
2011-04-22 16:00:00,82.23059522111961
2011-04-22 17:00:00,179.81805540854072
2011-04-22 18:00:00,163.9940088568356
2011-04-22 19:00:00,139.14901798551156
2011-04-22 20:00:00,69.04928164674301
2011-04-22 21:00:00,52.52181300040727
2011-04-22 22:00:00,40.51542861077449
2011-04-22 23:00:00,27.68426479365415
2011-04-23 00:00:00,28.297686420698167
2011-04-23 01:00:00,14.94465750283989
2011-04-23 02:00:00,5.131928600343774
2011-04-23 03:00:00,2.7945243083885103
2011-04-23 04:00:00,1.9664462259672875
2011-04-23 05:00:00,6.7597716071879335
2011-04-23 06:00:00,38.21327581195667
2011-04-23 07:00:00,26.315459797853865
2011-04-23 08:00:00,79.78649905756282
2011-04-23 09:00:00,61.18905645462519
2011-04-23 10:00:00,155.94945999905147
2011-04-23 11:00:00,177.69014052247033
2011-04-23 12:00:00,251.37694291737324
2011-04-23 13:00:00,247.65673607428639
2011-04-23 14:00:00,237.960877506713
2011-04-23 15:00:00,252.0525909383909
2011-04-23 16:00:00,335.16783544189695
2011-04-23 17:00:00,210.8967596120163
2011-04-23 18:00:00,197.7121323755776
2011-04-23 19:00:00,105.43644260036972
2011-04-23 20:00:00,171.2742118424551
2011-04-23 21:00:00,132.96688327356696
2011-04-23 22:00:00,106.88820547916539
2011-04-23 23:00:00,70.87580211739096
2011-04-24 00:00:00,36.75458229530305
2011-04-24 01:00:00,19.362782238565643
2011-04-24 02:00:00,11.389080647769404
2011-04-24 03:00:00,6.651363889283034
2011-04-24 04:00:00,4.855566893977067
2011-04-24 05:00:00,14.317271329621605
2011-04-24 06:00:00,46.297581035913055
2011-04-24 07:00:00,51.71537146068168
2011-04-24 08:00:00,100.48625557987853
2011-04-24 09:00:00,74.28595836687796
2011-04-24 10:00:00,179.9398369156018
2011-04-24 11:00:00,241.75544829266607
2011-04-24 12:00:00,284.86740088223723
2011-04-24 13:00:00,282.65960487936024
2011-04-24 14:00:00,261.020157295038
2011-04-24 15:00:00,274.96312766519384
2011-04-24 16:00:00,340.7187023795258
2011-04-24 17:00:00,221.17546216068396
2011-04-24 18:00:00,206.11426760331284
2011-04-24 19:00:00,55.16328836352117
2011-04-24 20:00:00,96.67530622074665
2011-04-24 21:00:00,73.71094949322512
2011-04-24 22:00:00,56.66680702018242
2011-04-24 23:00:00,38.5829993250846
2011-04-25 00:00:00,16.98079110450322
2011-04-25 01:00:00,15.490999619023015
2011-04-25 02:00:00,9.033418903604696
2011-04-25 03:00:00,4.6557805158607835
2011-04-25 04:00:00,3.4585771635078633
2011-04-25 05:00:00,9.282024841202677
2011-04-25 06:00:00,37.04133599434631
2011-04-25 07:00:00,145.97506811780377
2011-04-25 08:00:00,307.17830333894113
2011-04-25 09:00:00,224.55686026425772
2011-04-25 10:00:00,106.64736440628842
2011-04-25 11:00:00,121.0323017987828
2011-04-25 12:00:00,145.7048613633028
2011-04-25 13:00:00,148.0704411053257
2011-04-25 14:00:00,141.542266396134
2011-04-25 15:00:00,143.5210959390833
2011-04-25 16:00:00,186.87801772564757
2011-04-25 17:00:00,430.1146966406094
2011-04-25 18:00:00,382.01124322457434
2011-04-25 19:00:00,326.19865346949683
2011-04-25 20:00:00,159.67129325789574
2011-04-25 21:00:00,119.8248807766924
2011-04-25 22:00:00,81.3996508524114
2011-04-25 23:00:00,54.232461812777686
2011-04-26 00:00:00,34.447504643193064
2011-04-26 01:00:00,15.645488393801688
2011-04-26 02:00:00,8.937801943895554
2011-04-26 03:00:00,5.046680501585326
2011-04-26 04:00:00,3.743620733189072
2011-04-26 05:00:00,11.200494146597478
2011-04-26 06:00:00,39.28099762272125
2011-04-26 07:00:00,157.56477700499997
2011-04-26 08:00:00,297.11395164605244
2011-04-26 09:00:00,245.10144809036234
2011-04-26 10:00:00,104.47264737437466
2011-04-26 11:00:00,119.2942530086639
2011-04-26 12:00:00,145.76366037482788
2011-04-26 13:00:00,138.44852229815106
2011-04-26 14:00:00,136.18264021220563
2011-04-26 15:00:00,141.5392230934254
2011-04-26 16:00:00,183.3991636418644
2011-04-26 17:00:00,414.22736817171
2011-04-26 18:00:00,364.7186160314548
2011-04-26 19:00:00,303.4886546336533
2011-04-26 20:00:00,150.88828174767534
2011-04-26 21:00:00,101.0205282569706
2011-04-26 22:00:00,76.9950611869488
2011-04-26 23:00:00,51.0840282346129
2011-04-27 00:00:00,30.182718814134308
2011-04-27 01:00:00,15.837958210531792
2011-04-27 02:00:00,9.072711472384055
2011-04-27 03:00:00,4.739895381382594
2011-04-27 04:00:00,3.6582249938420093
2011-04-27 05:00:00,10.354063358684558
2011-04-27 06:00:00,38.5186257897084
2011-04-27 07:00:00,147.25985481492154
2011-04-27 08:00:00,274.47239838479135
2011-04-27 09:00:00,195.01843509926994
2011-04-27 10:00:00,83.80548309279872
2011-04-27 11:00:00,96.77781562441643
2011-04-27 12:00:00,142.85355235443265
2011-04-27 13:00:00,121.93408425022783
2011-04-27 14:00:00,131.6939080441478
2011-04-27 15:00:00,135.852348193103
2011-04-27 16:00:00,178.1357388436692
2011-04-27 17:00:00,227.6011652489516
2011-04-27 18:00:00,207.59544473337422
2011-04-27 19:00:00,270.3322571977416
2011-04-27 20:00:00,130.1864922065307
2011-04-27 21:00:00,99.58377807502856
2011-04-27 22:00:00,72.3429019979612
2011-04-27 23:00:00,47.97866950295713
2011-04-28 00:00:00,30.756806582631945
2011-04-28 01:00:00,14.833636060823853
2011-04-28 02:00:00,8.483275141765345
2011-04-28 03:00:00,4.992088766818544
2011-04-28 04:00:00,3.473597550513391
2011-04-28 05:00:00,10.79439831429951
2011-04-28 06:00:00,37.447547349389716
2011-04-28 07:00:00,151.360911332872
2011-04-28 08:00:00,329.2626084397494
2011-04-28 09:00:00,129.12087709945004
2011-04-28 10:00:00,88.03329871412186
2011-04-28 11:00:00,100.97499803391105
2011-04-28 12:00:00,124.92442863871109
2011-04-28 13:00:00,119.40665689512286
2011-04-28 14:00:00,117.42974465012337
2011-04-28 15:00:00,148.1476003699477
2011-04-28 16:00:00,164.68256010690018
2011-04-28 17:00:00,456.9493402185392
2011-04-28 18:00:00,416.8725256461902
2011-04-28 19:00:00,361.4521684338275
2011-04-28 20:00:00,162.12846160874133
2011-04-28 21:00:00,126.30668426896469
2011-04-28 22:00:00,98.31148969123014
2011-04-28 23:00:00,68.38523019484151
2011-04-29 00:00:00,38.75659593234137
2011-04-29 01:00:00,21.3230750251452
2011-04-29 02:00:00,10.334353760976294
2011-04-29 03:00:00,6.041638992007883
2011-04-29 04:00:00,4.453063322859195
2011-04-29 05:00:00,13.433649736930361
2011-04-29 06:00:00,50.64740002537214
2011-04-29 07:00:00,210.03912957710574
2011-04-29 08:00:00,393.3990950998115
2011-04-29 09:00:00,282.20775678037035
2011-04-29 10:00:00,120.01743105445304
2011-04-29 11:00:00,158.12759007697858
2011-04-29 12:00:00,166.83308291520902
2011-04-29 13:00:00,162.42500085008183
2011-04-29 14:00:00,170.0163513944513
2011-04-29 15:00:00,147.78131255659198
2011-04-29 16:00:00,186.76797782153417
2011-04-29 17:00:00,410.86377261151756
2011-04-29 18:00:00,398.78881491220494
2011-04-29 19:00:00,294.5720149093939
2011-04-29 20:00:00,151.62700416770258
2011-04-29 21:00:00,116.25424531860098
2011-04-29 22:00:00,89.55793106979533
2011-04-29 23:00:00,58.19507564457509
2011-04-30 00:00:00,36.65900992231585
2011-04-30 01:00:00,19.983670432704372
2011-04-30 02:00:00,11.56779677346631
2011-04-30 03:00:00,6.730352559894444
2011-04-30 04:00:00,4.869641010188184
2011-04-30 05:00:00,14.657758298019338
2011-04-30 06:00:00,50.87833672194828
2011-04-30 07:00:00,55.91964938047039
2011-04-30 08:00:00,108.56703707069616
2011-04-30 09:00:00,78.09599004051688
2011-04-30 10:00:00,182.40783267429245
2011-04-30 11:00:00,237.0905573369048
2011-04-30 12:00:00,286.0572427670815
2011-04-30 13:00:00,292.5603773855806
2011-04-30 14:00:00,275.5413160065608
2011-04-30 15:00:00,301.215762596925
2011-04-30 16:00:00,384.3196873255658
2011-04-30 17:00:00,243.74939400692642
2011-04-30 18:00:00,221.84708726513944
2011-04-30 19:00:00,123.29318649629622
2011-04-30 20:00:00,176.5305555037247
2011-04-30 21:00:00,135.81167127008806
2011-04-30 22:00:00,105.74609783631891
2011-04-30 23:00:00,70.84678206182319
2011-05-20 00:00:00,37.77810687122984
2011-05-20 01:00:00,20.228819739218725
2011-05-20 02:00:00,11.587649680442652
2011-05-20 03:00:00,6.882017400952614
2011-05-20 04:00:00,4.996669329655948
2011-05-20 05:00:00,14.62497569278732
2011-05-20 06:00:00,51.097930406701806
2011-05-20 07:00:00,235.69462008192292
2011-05-20 08:00:00,483.2719389172453
2011-05-20 09:00:00,329.4323185829046
2011-05-20 10:00:00,141.73354302361057
2011-05-20 11:00:00,153.08974720302177
2011-05-20 12:00:00,209.8145040495235
2011-05-20 13:00:00,126.79204501760526
2011-05-20 14:00:00,201.47390022983882
2011-05-20 15:00:00,203.74643073973598
2011-05-20 16:00:00,268.06993240056477
2011-05-20 17:00:00,662.8468339353459
2011-05-20 18:00:00,584.3517937609932
2011-05-20 19:00:00,436.22804399663926
2011-05-20 20:00:00,212.86202935515598
2011-05-20 21:00:00,163.4581500376881
2011-05-20 22:00:00,128.050284375067
2011-05-20 23:00:00,81.3806409304699
2011-05-21 00:00:00,53.775578445248215
2011-05-21 01:00:00,30.096973599107407
2011-05-21 02:00:00,17.406650116955884
2011-05-21 03:00:00,8.65640991957769
2011-05-21 04:00:00,6.188301771642388
2011-05-21 05:00:00,17.951569366897036
2011-05-21 06:00:00,69.8109816724718
2011-05-21 07:00:00,81.25355789887269
2011-05-21 08:00:00,150.21987604927264
2011-05-21 09:00:00,127.26409086382006
2011-05-21 10:00:00,298.0251439530731
2011-05-21 11:00:00,344.11199837989665
2011-05-21 12:00:00,439.28357349499083
2011-05-21 13:00:00,439.6272186296485
2011-05-21 14:00:00,410.51895492919834
2011-05-21 15:00:00,402.9796807559749
2011-05-21 16:00:00,498.0787937261461
2011-05-21 17:00:00,322.03282341803634
2011-05-21 18:00:00,290.53427318070766
2011-05-21 19:00:00,169.99411017337883
2011-05-21 20:00:00,293.7271489418088
2011-05-21 21:00:00,219.96569175844934
2011-05-21 22:00:00,148.5151919981402
2011-05-21 23:00:00,98.82460714892503
2011-05-22 00:00:00,46.32223617816676
2011-05-22 01:00:00,24.181403528022116
2011-05-22 02:00:00,14.44145838886597
2011-05-22 03:00:00,8.258185394211308
2011-05-22 04:00:00,6.282848805870948
2011-05-22 05:00:00,17.533968551894695
2011-05-22 06:00:00,60.7954953992765
2011-05-22 07:00:00,69.997033817666
2011-05-22 08:00:00,138.7287445467449
2011-05-22 09:00:00,113.68482820051412
2011-05-22 10:00:00,263.19920716452566
2011-05-22 11:00:00,305.5333589157334
2011-05-22 12:00:00,351.93043956465493
2011-05-22 13:00:00,336.1128804521567
2011-05-22 14:00:00,185.03301290576218
2011-05-22 15:00:00,327.0813409128796
2011-05-22 16:00:00,455.0399890284773
2011-05-22 17:00:00,283.98829244411235
2011-05-22 18:00:00,257.6712042082111
2011-05-22 19:00:00,144.4140250038592
2011-05-22 20:00:00,250.3510843705349
2011-05-22 21:00:00,161.80501934361388
2011-05-22 22:00:00,128.56888119748922
2011-05-22 23:00:00,80.72215144020218
2011-05-23 00:00:00,35.10487092967694
2011-05-23 01:00:00,20.08770278917861
2011-05-23 02:00:00,6.413253100155728
2011-05-23 03:00:00,3.4446100222113616
2011-05-23 04:00:00,4.682720579985206
2011-05-23 05:00:00,13.865131692644432
2011-05-23 06:00:00,46.737464822804284
2011-05-23 07:00:00,185.99996222524769
2011-05-23 08:00:00,374.4370175540054
2011-05-23 09:00:00,268.5915809007479
2011-05-23 10:00:00,129.41007465630588
2011-05-23 11:00:00,145.8495758155371
2011-05-23 12:00:00,177.06910068558477
2011-05-23 13:00:00,158.0086081195175
2011-05-23 14:00:00,147.78336487599606
2011-05-23 15:00:00,159.65498195692672
2011-05-23 16:00:00,214.95368924461314
2011-05-23 17:00:00,289.83175259761845
2011-05-23 18:00:00,457.29747311149
2011-05-23 19:00:00,394.45185532796535
2011-05-23 20:00:00,164.4979620682598
2011-05-23 21:00:00,124.30198267267092
2011-05-23 22:00:00,96.22399290799657
2011-05-23 23:00:00,61.76749323959178
2011-05-24 00:00:00,34.57353535202988
2011-05-24 01:00:00,18.51260784699858
2011-05-24 02:00:00,10.779066125303991
2011-05-24 03:00:00,6.262300827384212
2011-05-24 04:00:00,5.063546155628043
2011-05-24 05:00:00,12.978540297116282
2011-05-24 06:00:00,45.41532834230396
2011-05-24 07:00:00,116.90878204502157
2011-05-24 08:00:00,215.25137940443494
2011-05-24 09:00:00,297.38951135080845
2011-05-24 10:00:00,134.15649592734175
2011-05-24 11:00:00,153.28466270209628
2011-05-24 12:00:00,181.7657487764301
2011-05-24 13:00:00,183.94800618756867
2011-05-24 14:00:00,168.49891040077824
2011-05-24 15:00:00,97.15478972877622
2011-05-24 16:00:00,230.29343690475812
2011-05-24 17:00:00,549.050134780533
2011-05-24 18:00:00,476.3872880739741
2011-05-24 19:00:00,398.02509503577744
2011-05-24 20:00:00,200.4016355914913
2011-05-24 21:00:00,132.62908402011143
2011-05-24 22:00:00,56.88454998520775
2011-05-24 23:00:00,46.23556544405299
2011-05-25 00:00:00,21.630326060166052
2011-05-25 01:00:00,11.386525099344816
2011-05-25 02:00:00,11.258389190616917
2011-05-25 03:00:00,6.55408165910614
2011-05-25 04:00:00,4.826639983314933
2011-05-25 05:00:00,14.887091028142375
2011-05-25 06:00:00,50.01935622056493
2011-05-25 07:00:00,206.06317076005595
2011-05-25 08:00:00,442.5777424700023
2011-05-25 09:00:00,336.98786432000617
2011-05-25 10:00:00,143.8527633902941
2011-05-25 11:00:00,159.8671195354998
2011-05-25 12:00:00,188.68324613120632
2011-05-25 13:00:00,184.4270576065625
2011-05-25 14:00:00,168.93794564759827
2011-05-25 15:00:00,176.68170193934762
2011-05-25 16:00:00,228.03336506823632
2011-05-25 17:00:00,524.5519027572299
2011-05-25 18:00:00,493.92977890641987
2011-05-25 19:00:00,424.7325928301826
2011-05-25 20:00:00,206.41871170817757
2011-05-25 21:00:00,155.67515464480152
2011-05-25 22:00:00,118.2828437423373
2011-05-25 23:00:00,80.6991677442189
2011-05-26 00:00:00,47.41249334570981
2011-05-26 01:00:00,25.34749427553819
2011-05-26 02:00:00,12.666299064808483
2011-05-26 03:00:00,7.491627963125728
2011-05-26 04:00:00,5.653699291214474
2011-05-26 05:00:00,14.964610239171808
2011-05-26 06:00:00,49.51051548079388
2011-05-26 07:00:00,189.39598826611137
2011-05-26 08:00:00,432.5593590890296
2011-05-26 09:00:00,345.35065910953284
2011-05-26 10:00:00,138.88293746308608
2011-05-26 11:00:00,155.18759744555058
2011-05-26 12:00:00,187.07479191604514
2011-05-26 13:00:00,189.73512613214137
2011-05-26 14:00:00,175.18372524059723
2011-05-26 15:00:00,178.10556300412603
2011-05-26 16:00:00,223.49720716043467
2011-05-26 17:00:00,557.0459481070716
2011-05-26 18:00:00,502.240145151855
2011-05-26 19:00:00,427.4402197182903
2011-05-26 20:00:00,221.44210419482863
2011-05-26 21:00:00,171.00852018851
2011-05-26 22:00:00,131.68365347029504
2011-05-26 23:00:00,86.91206150251989
2011-05-27 00:00:00,51.11688727844799
2011-05-27 01:00:00,28.018102952420023
2011-05-27 02:00:00,16.807995830566686
2011-05-27 03:00:00,10.12668863188318
2011-05-27 04:00:00,7.29893167835732
2011-05-27 05:00:00,20.119878666199224
2011-05-27 06:00:00,70.7992010193482
2011-05-27 07:00:00,273.64435700015474
2011-05-27 08:00:00,498.9861480951792
2011-05-27 09:00:00,372.1999143445316
2011-05-27 10:00:00,157.84541803211317
2011-05-27 11:00:00,160.85490729627332
2011-05-27 12:00:00,197.23845766065094
2011-05-27 13:00:00,208.78859324534858
2011-05-27 14:00:00,191.86943082379216
2011-05-27 15:00:00,205.67296790489024
2011-05-27 16:00:00,238.24199193679345
2011-05-27 17:00:00,568.1601617942209
2011-05-27 18:00:00,518.9621998267694
2011-05-27 19:00:00,234.30305428961177
2011-05-27 20:00:00,183.94122213940278
2011-05-27 21:00:00,155.16717070030782
2011-05-27 22:00:00,121.99276212339662
2011-05-27 23:00:00,79.56010661683595
2011-05-28 00:00:00,52.51327380973136
2011-05-28 01:00:00,27.66943399270096
2011-05-28 02:00:00,16.100468916760438
2011-05-28 03:00:00,9.561498281292906
2011-05-28 04:00:00,7.019535287790589
2011-05-28 05:00:00,20.143071635696888
2011-05-28 06:00:00,68.7379645399451
2011-05-28 07:00:00,76.89483327207766
2011-05-28 08:00:00,146.0016788945912
2011-05-28 09:00:00,121.54605273283876
2011-05-28 10:00:00,289.1408265412752
2011-05-28 11:00:00,327.91239933195067
2011-05-28 12:00:00,403.84012312177623
2011-05-28 13:00:00,391.45471403739185
2011-05-28 14:00:00,347.1614591829954
2011-05-28 15:00:00,370.9079024805693
2011-05-28 16:00:00,473.17591811333995
2011-05-28 17:00:00,299.6056803870923
2011-05-28 18:00:00,285.4482780779705
2011-05-28 19:00:00,160.23582526657623
2011-05-28 20:00:00,277.21205731792816
2011-05-28 21:00:00,202.84592109913552
2011-05-28 22:00:00,161.1265443444617
2011-05-28 23:00:00,93.41357909059892
2011-05-29 00:00:00,45.843464600392856
2011-05-29 01:00:00,24.46378011753936
2011-05-29 02:00:00,14.737984345967732
2011-05-29 03:00:00,8.624977643089624
2011-05-29 04:00:00,6.5611712830389255
2011-05-29 05:00:00,18.224046756017298
2011-05-29 06:00:00,56.77124603117655
2011-05-29 07:00:00,62.38489940506602
2011-05-29 08:00:00,119.1068578458416
2011-05-29 09:00:00,84.11088693280351
2011-05-29 10:00:00,230.32491124079482
2011-05-29 11:00:00,257.1484582774696
2011-05-29 12:00:00,324.0503590982242
2011-05-29 13:00:00,336.7613145078528
2011-05-29 14:00:00,293.8110611589255
2011-05-29 15:00:00,309.92303983725947
2011-05-29 16:00:00,402.4188188057374
2011-05-29 17:00:00,256.30330913303055
2011-05-29 18:00:00,243.46445158575798
2011-05-29 19:00:00,136.42758875793604
2011-05-29 20:00:00,238.78365059084354
2011-05-29 21:00:00,183.47857341013486
2011-05-29 22:00:00,124.58873034112632
2011-05-29 23:00:00,82.86642535426283
2011-05-30 00:00:00,44.40323477052106
2011-05-30 01:00:00,24.101110431584456
2011-05-30 02:00:00,14.033864342475368
2011-05-30 03:00:00,8.194354563114167
2011-05-30 04:00:00,6.0764707102360855
2011-05-30 05:00:00,16.65949400757018
2011-05-30 06:00:00,57.07615329748595
2011-05-30 07:00:00,65.27325557788298
2011-05-30 08:00:00,121.7381116553095
2011-05-30 09:00:00,111.9081780705124
2011-05-30 10:00:00,246.946386229371
2011-05-30 11:00:00,302.81757407176923
2011-05-30 12:00:00,364.30594942810745
2011-05-30 13:00:00,362.30205101971274
2011-05-30 14:00:00,348.4540473910149
2011-05-30 15:00:00,345.1004183589377
2011-05-30 16:00:00,447.40173306743156
2011-05-30 17:00:00,284.22998295583756
2011-05-30 18:00:00,263.39048818917115
2011-05-30 19:00:00,124.28951845334666
2011-05-30 20:00:00,250.96925827118122
2011-05-30 21:00:00,179.52415152900443
2011-05-30 22:00:00,145.51693285495125
2011-05-30 23:00:00,96.48831556648696
2011-05-31 00:00:00,44.171808498700734
2011-05-31 01:00:00,22.924039517229993
2011-05-31 02:00:00,10.649115274193566
2011-05-31 03:00:00,6.397558087961626
2011-05-31 04:00:00,5.95016312663154
2011-05-31 05:00:00,17.18056839300169
2011-05-31 06:00:00,58.99469956208906
2011-05-31 07:00:00,230.58391716428196
2011-05-31 08:00:00,439.951743023633
2011-05-31 09:00:00,322.61573506954534
2011-05-31 10:00:00,135.0558567032579
2011-05-31 11:00:00,164.5278161963999
2011-05-31 12:00:00,192.74705227253898
2011-05-31 13:00:00,192.23112127302977
2011-05-31 14:00:00,187.30625806663608
2011-05-31 15:00:00,189.94464927962878
2011-05-31 16:00:00,245.17412998599644
2011-05-31 17:00:00,514.5015974445375
2011-05-31 18:00:00,473.10468447069263
2011-05-31 19:00:00,399.70375581224096
2011-05-31 20:00:00,195.7670146426939
2011-05-31 21:00:00,148.53337200700173
2011-05-31 22:00:00,113.55397330010626
2011-05-31 23:00:00,79.6738831375049
2011-06-20 00:00:00,42.61017882225417
2011-06-20 01:00:00,19.71684407109813
2011-06-20 02:00:00,11.604498194652276
2011-06-20 03:00:00,3.632550529304172
2011-06-20 04:00:00,2.3980762896203416
2011-06-20 05:00:00,8.051765068549605
2011-06-20 06:00:00,29.566605957726612
2011-06-20 07:00:00,114.34041361480907
2011-06-20 08:00:00,219.0700984005227
2011-06-20 09:00:00,253.5575626234655
2011-06-20 10:00:00,106.58394760682098
2011-06-20 11:00:00,125.84514183056302
2011-06-20 12:00:00,175.9329047240478
2011-06-20 13:00:00,186.59165851274642
2011-06-20 14:00:00,174.7166182819582
2011-06-20 15:00:00,183.59450029339274
2011-06-20 16:00:00,238.8350654004974
2011-06-20 17:00:00,571.3979004347797
2011-06-20 18:00:00,477.58445359601035
2011-06-20 19:00:00,402.17571600214336
2011-06-20 20:00:00,194.65911597876067
2011-06-20 21:00:00,150.04633351254677
2011-06-20 22:00:00,108.70770332802947
2011-06-20 23:00:00,65.6725377897757
2011-06-21 00:00:00,37.17184164722033
2011-06-21 01:00:00,11.193456835316306
2011-06-21 02:00:00,6.34253870694623
2011-06-21 03:00:00,3.490522378489003
2011-06-21 04:00:00,4.652757866300133
2011-06-21 05:00:00,13.671226503949436
2011-06-21 06:00:00,46.95586797405822
2011-06-21 07:00:00,193.3864449850659
2011-06-21 08:00:00,349.80794455050324
2011-06-21 09:00:00,243.1189787044007
2011-06-21 10:00:00,105.5907600013608
2011-06-21 11:00:00,147.85431992350107
2011-06-21 12:00:00,183.5093109361386
2011-06-21 13:00:00,173.88338427371542
2011-06-21 14:00:00,160.25886251798707
2011-06-21 15:00:00,169.5213706821608
2011-06-21 16:00:00,220.61145395737566
2011-06-21 17:00:00,488.30337779383524
2011-06-21 18:00:00,411.0907775334452
2011-06-21 19:00:00,346.9122478588559
2011-06-21 20:00:00,107.52260320913526
2011-06-21 21:00:00,148.5306394277217
2011-06-21 22:00:00,117.78904500613432
2011-06-21 23:00:00,80.14012212347421
2011-06-22 00:00:00,43.23868108980028
2011-06-22 01:00:00,23.457288671064024
2011-06-22 02:00:00,14.415656459296194
2011-06-22 03:00:00,8.100408619753436
2011-06-22 04:00:00,5.193696281098776
2011-06-22 05:00:00,14.917601227197713
2011-06-22 06:00:00,59.789220333073075
2011-06-22 07:00:00,240.69368696358367
2011-06-22 08:00:00,446.616862612974
2011-06-22 09:00:00,313.2427744266279
2011-06-22 10:00:00,125.43172733216699
2011-06-22 11:00:00,145.7432601526454
2011-06-22 12:00:00,168.51891922699957
2011-06-22 13:00:00,165.2365738942055
2011-06-22 14:00:00,153.84639982990308
2011-06-22 15:00:00,160.30810061431407
2011-06-22 16:00:00,202.31592395895055
2011-06-22 17:00:00,459.5505805058096
2011-06-22 18:00:00,427.37325124236685
2011-06-22 19:00:00,373.7703857713156
2011-06-22 20:00:00,186.4600328121356
2011-06-22 21:00:00,140.23323968190488
2011-06-22 22:00:00,108.41332673699729
2011-06-22 23:00:00,72.06471348683645
2011-06-23 00:00:00,45.10231039373216
2011-06-23 01:00:00,24.4629379560934
2011-06-23 02:00:00,14.492106538846466
2011-06-23 03:00:00,8.038787551902221
2011-06-23 04:00:00,5.885686352873811
2011-06-23 05:00:00,18.267612983409162
2011-06-23 06:00:00,61.98008582710404
2011-06-23 07:00:00,234.31392249517813
2011-06-23 08:00:00,417.2683173689359
2011-06-23 09:00:00,306.5150140941419
2011-06-23 10:00:00,130.2072668193088
2011-06-23 11:00:00,89.08610292110788
2011-06-23 12:00:00,172.41184869975967
2011-06-23 13:00:00,171.29797677389362
2011-06-23 14:00:00,154.97493003851363
2011-06-23 15:00:00,169.93438786369734
2011-06-23 16:00:00,216.4290283226478
2011-06-23 17:00:00,496.5155329889784
2011-06-23 18:00:00,474.8651948670094
2011-06-23 19:00:00,409.61054279560443
2011-06-23 20:00:00,204.99018342781082
2011-06-23 21:00:00,158.997947412519
2011-06-23 22:00:00,116.12450451731122
2011-06-23 23:00:00,81.63309061919236
2011-06-24 00:00:00,50.027432397791515
2011-06-24 01:00:00,25.551698666994323
2011-06-24 02:00:00,15.154528014234423
2011-06-24 03:00:00,9.316075111294174
2011-06-24 04:00:00,7.051412279288048
2011-06-24 05:00:00,17.026478933792113
2011-06-24 06:00:00,67.03779472740422
2011-06-24 07:00:00,245.33982691385452
2011-06-24 08:00:00,503.1112322660259
2011-06-24 09:00:00,367.1281129670415
2011-06-24 10:00:00,158.23068666069335
2011-06-24 11:00:00,180.85078321239044
2011-06-24 12:00:00,220.16160531770063
2011-06-24 13:00:00,221.8856409046328
2011-06-24 14:00:00,197.1008550818988
2011-06-24 15:00:00,209.45043997097738
2011-06-24 16:00:00,270.2797131046804
2011-06-24 17:00:00,628.6322754958757
2011-06-24 18:00:00,566.7959651667288
2011-06-24 19:00:00,485.48670464367666
2011-06-24 20:00:00,250.93430209554606
2011-06-24 21:00:00,191.68609937661247
2011-06-24 22:00:00,155.82977847692268
2011-06-24 23:00:00,99.77404153054933
2011-06-25 00:00:00,66.20405466896351
2011-06-25 01:00:00,35.174842929214854
2011-06-25 02:00:00,19.508174803551015
2011-06-25 03:00:00,11.996453313818654
2011-06-25 04:00:00,8.946148538315835
2011-06-25 05:00:00,25.063183644187255
2011-06-25 06:00:00,83.37715593854107
2011-06-25 07:00:00,91.57611543229974
2011-06-25 08:00:00,181.11733861119885
2011-06-25 09:00:00,132.85764637177945
2011-06-25 10:00:00,308.965830357186
2011-06-25 11:00:00,351.53511007416336
2011-06-25 12:00:00,399.8628388941128
2011-06-25 13:00:00,390.8681182234373
2011-06-25 14:00:00,352.6989435042343
2011-06-25 15:00:00,404.10486206339397
2011-06-25 16:00:00,486.9201644802141
2011-06-25 17:00:00,316.6180771800283
2011-06-25 18:00:00,300.63660282254705
2011-06-25 19:00:00,163.71382972380405
2011-06-25 20:00:00,291.66859359626187
2011-06-25 21:00:00,223.8273601813871
2011-06-25 22:00:00,176.33411704750154
2011-06-25 23:00:00,106.85900295309881
2011-06-26 00:00:00,60.17592343627445
2011-06-26 01:00:00,31.390456675752958
2011-06-26 02:00:00,18.347882410895476
2011-06-26 03:00:00,10.851534163592738
2011-06-26 04:00:00,8.105585410167894
2011-06-26 05:00:00,23.387228769129166
2011-06-26 06:00:00,78.71458437988696
2011-06-26 07:00:00,87.05293590765274
2011-06-26 08:00:00,156.64654011783784
2011-06-26 09:00:00,119.51286062957892
2011-06-26 10:00:00,279.3231580739129
2011-06-26 11:00:00,318.52176369944806
2011-06-26 12:00:00,369.28429268755724
2011-06-26 13:00:00,376.96277143097325
2011-06-26 14:00:00,336.0019250781133
2011-06-26 15:00:00,368.65490507783767
2011-06-26 16:00:00,448.28797594660404
2011-06-26 17:00:00,286.0426869411217
2011-06-26 18:00:00,252.57112950754487
2011-06-26 19:00:00,143.0164895893998
2011-06-26 20:00:00,250.89675625586858
2011-06-26 21:00:00,189.71632419652752
2011-06-26 22:00:00,164.45395403889768
2011-06-26 23:00:00,106.80725070399511
2011-06-27 00:00:00,24.379710442277315
2011-06-27 01:00:00,18.6446210322571
2011-06-27 02:00:00,6.470035546326251
2011-06-27 03:00:00,3.568496418977338
2011-06-27 04:00:00,4.616874051774642
2011-06-27 05:00:00,13.369391347598091
2011-06-27 06:00:00,46.45656177357158
2011-06-27 07:00:00,214.76844365727868
2011-06-27 08:00:00,434.0275884973174
2011-06-27 09:00:00,331.2142157645435
2011-06-27 10:00:00,134.52765803579993
2011-06-27 11:00:00,155.96383636407464
2011-06-27 12:00:00,192.00428681606982
2011-06-27 13:00:00,174.78995488475408
2011-06-27 14:00:00,167.2212721721576
2011-06-27 15:00:00,172.85581909114097
2011-06-27 16:00:00,231.76577622219452
2011-06-27 17:00:00,520.6813301843932
2011-06-27 18:00:00,500.2195210614924
2011-06-27 19:00:00,409.8004218367445
2011-06-27 20:00:00,204.18289484303745
2011-06-27 21:00:00,161.53111696201458
2011-06-27 22:00:00,124.92115749752541
2011-06-27 23:00:00,83.75279324561035
2011-06-28 00:00:00,40.933245309500414
2011-06-28 01:00:00,24.361156501440444
2011-06-28 02:00:00,13.49091570856541
2011-06-28 03:00:00,7.862300066944316
2011-06-28 04:00:00,6.221904270199875
2011-06-28 05:00:00,17.75263985223501
2011-06-28 06:00:00,56.844782510011456
2011-06-28 07:00:00,225.03017123738627
2011-06-28 08:00:00,431.39285236908125
2011-06-28 09:00:00,316.7621107146296
2011-06-28 10:00:00,136.72126103672338
2011-06-28 11:00:00,163.82105314462282
2011-06-28 12:00:00,187.27598784858714
2011-06-28 13:00:00,196.8320727637527
2011-06-28 14:00:00,170.8877263645919
2011-06-28 15:00:00,193.75716833538087
2011-06-28 16:00:00,227.49106140675883
2011-06-28 17:00:00,291.4375084432476
2011-06-28 18:00:00,266.1960946874428
2011-06-28 19:00:00,344.55787001321465
2011-06-28 20:00:00,200.69384715746716
2011-06-28 21:00:00,140.92773366039023
2011-06-28 22:00:00,115.42911562565722
2011-06-28 23:00:00,77.67198746460886
2011-06-29 00:00:00,39.36556185990136
2011-06-29 01:00:00,22.30047891406474
2011-06-29 02:00:00,13.32069840968487
2011-06-29 03:00:00,7.487663885103444
2011-06-29 04:00:00,5.916612571547108
2011-06-29 05:00:00,14.395235717546015
2011-06-29 06:00:00,57.30622177137773
2011-06-29 07:00:00,245.39126838533812
2011-06-29 08:00:00,463.153218834029
2011-06-29 09:00:00,330.90051403544163
2011-06-29 10:00:00,136.4535180669061
2011-06-29 11:00:00,161.6595247517242
2011-06-29 12:00:00,194.69915404285945
2011-06-29 13:00:00,189.62800186455132
2011-06-29 14:00:00,181.42526463830688
2011-06-29 15:00:00,194.6706013668424
2011-06-29 16:00:00,235.5512932527521
2011-06-29 17:00:00,539.6809615049485
2011-06-29 18:00:00,502.53838579122777
2011-06-29 19:00:00,407.6563393710298
2011-06-29 20:00:00,202.81650241953872
2011-06-29 21:00:00,166.7731297001787
2011-06-29 22:00:00,130.39632980076246
2011-06-29 23:00:00,85.57094576757419
2011-06-30 00:00:00,50.13846746645677
2011-06-30 01:00:00,26.621205150453264
2011-06-30 02:00:00,15.49905200929889
2011-06-30 03:00:00,9.146247143952277
2011-06-30 04:00:00,5.798245472772431
2011-06-30 05:00:00,16.232994924144027
2011-06-30 06:00:00,63.08692982568368
2011-06-30 07:00:00,251.68840346237124
2011-06-30 08:00:00,499.52267309332416
2011-06-30 09:00:00,369.0643298580677
2011-06-30 10:00:00,156.97835673821615
2011-06-30 11:00:00,174.23872761177387
2011-06-30 12:00:00,211.528907500234
2011-06-30 13:00:00,206.35633338434596
2011-06-30 14:00:00,192.0878901567329
2011-06-30 15:00:00,204.75445168241146
2011-06-30 16:00:00,271.97568156326906
2011-06-30 17:00:00,577.3803981363163
2011-06-30 18:00:00,537.1243602577067
2011-06-30 19:00:00,456.9070455124787
2011-06-30 20:00:00,223.8568949564965
2011-06-30 21:00:00,183.72722207301743
2011-06-30 22:00:00,139.4714371169851
2011-06-30 23:00:00,94.58194497543202
2011-07-20 00:00:00,42.55519547921409
2011-07-20 01:00:00,23.365042133042817
2011-07-20 02:00:00,13.824127097959368
2011-07-20 03:00:00,7.820118485514817
2011-07-20 04:00:00,5.974670586159363
2011-07-20 05:00:00,16.749692290672684
2011-07-20 06:00:00,52.53110790957186
2011-07-20 07:00:00,212.95321953775678
2011-07-20 08:00:00,426.50504540081016
2011-07-20 09:00:00,306.136025513267
2011-07-20 10:00:00,131.59931573554397
2011-07-20 11:00:00,148.19351898579708
2011-07-20 12:00:00,186.83311187375412
2011-07-20 13:00:00,175.4050269718975
2011-07-20 14:00:00,162.46005066552323
2011-07-20 15:00:00,177.1607373828865
2011-07-20 16:00:00,233.6575138792068
2011-07-20 17:00:00,496.0353429586206
2011-07-20 18:00:00,448.98268329868904
2011-07-20 19:00:00,374.0585625393103
2011-07-20 20:00:00,175.6969503618062
2011-07-20 21:00:00,142.31312917894365
2011-07-20 22:00:00,108.78879264991541
2011-07-20 23:00:00,71.40957856364295
2011-07-21 00:00:00,39.93406936095964
2011-07-21 01:00:00,20.47735423332419
2011-07-21 02:00:00,12.067206169568486
2011-07-21 03:00:00,7.340912232711734
2011-07-21 04:00:00,5.679027537849806
2011-07-21 05:00:00,16.47131898031743
2011-07-21 06:00:00,56.10853595827271
2011-07-21 07:00:00,210.34650896539404
2011-07-21 08:00:00,398.17532808831885
2011-07-21 09:00:00,283.2216182541185
2011-07-21 10:00:00,120.6840630813689
2011-07-21 11:00:00,138.0891687134107
2011-07-21 12:00:00,182.10258836851784
2011-07-21 13:00:00,179.40828077914117
2011-07-21 14:00:00,167.07939700051085
2011-07-21 15:00:00,178.71084185421267
2011-07-21 16:00:00,234.40888598943943
2011-07-21 17:00:00,535.7548676677455
2011-07-21 18:00:00,482.4742070743176
2011-07-21 19:00:00,381.068634163123
2011-07-21 20:00:00,187.78367991939197
2011-07-21 21:00:00,141.833108707454
2011-07-21 22:00:00,115.37460428476314
2011-07-21 23:00:00,77.85477370677377
2011-07-22 00:00:00,48.80256259517991
2011-07-22 01:00:00,27.268305003103414
2011-07-22 02:00:00,14.662948127582359
2011-07-22 03:00:00,8.812396781019949
2011-07-22 04:00:00,6.56018416222571
2011-07-22 05:00:00,18.589111641616842
2011-07-22 06:00:00,63.89681413824745
2011-07-22 07:00:00,243.9557660959018
2011-07-22 08:00:00,456.31621199099783
2011-07-22 09:00:00,356.01946131262685
2011-07-22 10:00:00,155.07402509525525
2011-07-22 11:00:00,178.38936701989022
2011-07-22 12:00:00,213.41923242843274
2011-07-22 13:00:00,204.92543686458566
2011-07-22 14:00:00,184.6367873128429
2011-07-22 15:00:00,193.4042225876284
2011-07-22 16:00:00,156.62668105438598
2011-07-22 17:00:00,615.671115089713
2011-07-22 18:00:00,578.4040918087637
2011-07-22 19:00:00,461.0191754495806
2011-07-22 20:00:00,232.92659949070904
2011-07-22 21:00:00,173.14733465251516
2011-07-22 22:00:00,132.80112526523467
2011-07-22 23:00:00,87.34875468598428
2011-07-23 00:00:00,62.46669874243691
2011-07-23 01:00:00,33.15385437567823
2011-07-23 02:00:00,20.35930004047569
2011-07-23 03:00:00,11.135592119791308
2011-07-23 04:00:00,8.27216008708127
2011-07-23 05:00:00,23.45931196617106
2011-07-23 06:00:00,81.69834886196782
2011-07-23 07:00:00,91.89698081921948
2011-07-23 08:00:00,168.3947085443907
2011-07-23 09:00:00,124.52135391210423
2011-07-23 10:00:00,289.3009575637057
2011-07-23 11:00:00,336.0778738760683
2011-07-23 12:00:00,414.6830785417345
2011-07-23 13:00:00,398.695940595909
2011-07-23 14:00:00,375.81437496309894
2011-07-23 15:00:00,407.1753627911318
2011-07-23 16:00:00,508.2078325007669
2011-07-23 17:00:00,323.77627277471447
2011-07-23 18:00:00,284.85417443500444
2011-07-23 19:00:00,142.40020346090301
2011-07-23 20:00:00,258.36721992457507
2011-07-23 21:00:00,198.87805890582658
2011-07-23 22:00:00,157.63625073314296
2011-07-23 23:00:00,108.317185169595
2011-07-24 00:00:00,53.666445739738904
2011-07-24 01:00:00,28.080115631487203
2011-07-24 02:00:00,16.879303795417005
2011-07-24 03:00:00,9.934557788462113
2011-07-24 04:00:00,7.280924067678674
2011-07-24 05:00:00,20.74675546634212
2011-07-24 06:00:00,66.19607707442577
2011-07-24 07:00:00,79.10600880903766
2011-07-24 08:00:00,145.4013136523453
2011-07-24 09:00:00,102.08292365830879
2011-07-24 10:00:00,243.0121606575432
2011-07-24 11:00:00,278.03012442553444
2011-07-24 12:00:00,354.40232873097256
2011-07-24 13:00:00,340.55818046280905
2011-07-24 14:00:00,305.4778152880638
2011-07-24 15:00:00,335.3139811793247
2011-07-24 16:00:00,433.6552809975237
2011-07-24 17:00:00,291.1901859100142
2011-07-24 18:00:00,258.58782485373575
2011-07-24 19:00:00,141.36145154671638
2011-07-24 20:00:00,244.59642254827824
2011-07-24 21:00:00,179.64834601685675
2011-07-24 22:00:00,145.0706062404052
2011-07-24 23:00:00,88.32453101313672
2011-07-25 00:00:00,40.09331177216487
2011-07-25 01:00:00,20.428192955127724
2011-07-25 02:00:00,11.913900006700436
2011-07-25 03:00:00,7.610440058613472
2011-07-25 04:00:00,5.68153872193669
2011-07-25 05:00:00,16.477887855494508
2011-07-25 06:00:00,52.65239277711893
2011-07-25 07:00:00,207.86696422533305
2011-07-25 08:00:00,395.4381374154734
2011-07-25 09:00:00,311.3048106071747
2011-07-25 10:00:00,134.63385726828977
2011-07-25 11:00:00,135.89741152058014
2011-07-25 12:00:00,165.00115335896612
2011-07-25 13:00:00,157.1166113807602
2011-07-25 14:00:00,148.92459971107348
2011-07-25 15:00:00,157.62151406808815
2011-07-25 16:00:00,213.05813183924175
2011-07-25 17:00:00,526.0271963049256
2011-07-25 18:00:00,442.84238255709954
2011-07-25 19:00:00,382.1732711466795
2011-07-25 20:00:00,192.62365956027628
2011-07-25 21:00:00,149.4337824371992
2011-07-25 22:00:00,117.18756047979386
2011-07-25 23:00:00,76.69354905704435
2011-07-26 00:00:00,42.91886830752378
2011-07-26 01:00:00,22.9019321532867
2011-07-26 02:00:00,13.152075495095646
2011-07-26 03:00:00,7.587452292266605
2011-07-26 04:00:00,5.539693086948796
2011-07-26 05:00:00,14.221650766398549
2011-07-26 06:00:00,54.86307554314226
2011-07-26 07:00:00,227.2042332585758
2011-07-26 08:00:00,429.6881949952025
2011-07-26 09:00:00,324.391717196951
2011-07-26 10:00:00,141.4576687034308
2011-07-26 11:00:00,171.1761295145361
2011-07-26 12:00:00,209.46443122059586
2011-07-26 13:00:00,186.96558001863508
2011-07-26 14:00:00,174.7192218482471
2011-07-26 15:00:00,184.35335527462212
2011-07-26 16:00:00,234.1867191140251
2011-07-26 17:00:00,519.9282402365955
2011-07-26 18:00:00,465.46143134608747
2011-07-26 19:00:00,397.28518375540506
2011-07-26 20:00:00,194.73147982473068
2011-07-26 21:00:00,149.36489129583515
2011-07-26 22:00:00,117.57391839058023
2011-07-26 23:00:00,78.37562241676191
2011-07-27 00:00:00,41.27358587682831
2011-07-27 01:00:00,23.522350531769156
2011-07-27 02:00:00,13.356061593670788
2011-07-27 03:00:00,8.436547641142983
2011-07-27 04:00:00,6.3147980581885195
2011-07-27 05:00:00,17.484256555295115
2011-07-27 06:00:00,60.37642550233951
2011-07-27 07:00:00,244.19406076118736
2011-07-27 08:00:00,444.3517301357459
2011-07-27 09:00:00,330.2212528765142
2011-07-27 10:00:00,149.86294585509447
2011-07-27 11:00:00,171.4026297165669
2011-07-27 12:00:00,194.01294769636377
2011-07-27 13:00:00,186.33046851778118
2011-07-27 14:00:00,179.32538113699547
2011-07-27 15:00:00,189.9701128389925
2011-07-27 16:00:00,253.56477764285788
2011-07-27 17:00:00,562.193354235006
2011-07-27 18:00:00,522.73117829322
2011-07-27 19:00:00,443.3361919950928
2011-07-27 20:00:00,198.1615145510254
2011-07-27 21:00:00,155.64645896898875
2011-07-27 22:00:00,132.27829620607585
2011-07-27 23:00:00,82.89727786802749
2011-07-28 00:00:00,49.74954135265739
2011-07-28 01:00:00,27.674381565004012
2011-07-28 02:00:00,15.823188860696632
2011-07-28 03:00:00,9.575581873849734
2011-07-28 04:00:00,6.6965337369535165
2011-07-28 05:00:00,18.896856779776005
2011-07-28 06:00:00,63.33674201113388
2011-07-28 07:00:00,247.45070051831206
2011-07-28 08:00:00,445.6195487160176
2011-07-28 09:00:00,326.36474058629324
2011-07-28 10:00:00,136.02592214316797
2011-07-28 11:00:00,153.17260285901807
2011-07-28 12:00:00,189.94900936348313
2011-07-28 13:00:00,190.25320399448444
2011-07-28 14:00:00,163.57581536682702
2011-07-28 15:00:00,186.50115747717274
2011-07-28 16:00:00,246.5066640503954
2011-07-28 17:00:00,540.4095213019347
2011-07-28 18:00:00,482.67978117995455
2011-07-28 19:00:00,408.5689054409562
2011-07-28 20:00:00,197.33148106115857
2011-07-28 21:00:00,147.30311339638996
2011-07-28 22:00:00,115.32268548925084
2011-07-28 23:00:00,77.0222843492162
2011-07-29 00:00:00,46.567844301603685
2011-07-29 01:00:00,25.09234964374288
2011-07-29 02:00:00,15.446250593577375
2011-07-29 03:00:00,9.058136467545099
2011-07-29 04:00:00,6.7136341357553295
2011-07-29 05:00:00,19.903703926307855
2011-07-29 06:00:00,63.16872237787565
2011-07-29 07:00:00,237.2976774043604
2011-07-29 08:00:00,455.3000528105989
2011-07-29 09:00:00,367.1229365806437
2011-07-29 10:00:00,155.63027160714947
2011-07-29 11:00:00,176.50574112045393
2011-07-29 12:00:00,224.84869080240043
2011-07-29 13:00:00,237.4366016118564
2011-07-29 14:00:00,206.77910900387116
2011-07-29 15:00:00,217.27691184240192
2011-07-29 16:00:00,271.29812926555155
2011-07-29 17:00:00,628.7662277090435
2011-07-29 18:00:00,550.1851359244156
2011-07-29 19:00:00,472.1727395124223
2011-07-29 20:00:00,226.75619531616832
2011-07-29 21:00:00,178.81110969631408
2011-07-29 22:00:00,136.5459961875176
2011-07-29 23:00:00,93.90793091866207
2011-07-30 00:00:00,59.90176631997208
2011-07-30 01:00:00,33.06792300969885
2011-07-30 02:00:00,19.646403486251014
2011-07-30 03:00:00,11.150017603308177
2011-07-30 04:00:00,8.681685273012775
2011-07-30 05:00:00,23.254465940857312
2011-07-30 06:00:00,77.97030953310424
2011-07-30 07:00:00,85.30508107776268
2011-07-30 08:00:00,163.70268232377148
2011-07-30 09:00:00,121.51839705873486
2011-07-30 10:00:00,283.69886715811276
2011-07-30 11:00:00,337.89788429751036
2011-07-30 12:00:00,419.95502474820785
2011-07-30 13:00:00,434.3726740165522
2011-07-30 14:00:00,400.2390604366789
2011-07-30 15:00:00,404.8642741799368
2011-07-30 16:00:00,519.6948636039532
2011-07-30 17:00:00,339.6900668248385
2011-07-30 18:00:00,304.23126904062184
2011-07-30 19:00:00,162.94990591472998
2011-07-30 20:00:00,282.3745628233775
2011-07-30 21:00:00,210.46859136998214
2011-07-30 22:00:00,166.66686120268025
2011-07-30 23:00:00,111.0527042192544
2011-07-31 00:00:00,55.03440177946156
2011-07-31 01:00:00,28.80868070376188
2011-07-31 02:00:00,16.843803919713576
2011-07-31 03:00:00,10.173267175753102
2011-07-31 04:00:00,7.943105436273768
2011-07-31 05:00:00,22.462895176163194
2011-07-31 06:00:00,71.25616435921597
2011-07-31 07:00:00,79.8956362112467
2011-07-31 08:00:00,149.18592887219884
2011-07-31 09:00:00,116.33914479105941
2011-07-31 10:00:00,268.7086198309171
2011-07-31 11:00:00,314.1192875875219
2011-07-31 12:00:00,383.14587108518265
2011-07-31 13:00:00,381.6003510880626
2011-07-31 14:00:00,349.64093939251575
2011-07-31 15:00:00,366.1727038522363
2011-07-31 16:00:00,476.8091108611442
2011-07-31 17:00:00,314.40819728630163
2011-07-31 18:00:00,251.87717969939987
2011-07-31 19:00:00,131.30189819393868
2011-07-31 20:00:00,229.09030981299205
2011-07-31 21:00:00,175.24415963567088
2011-07-31 22:00:00,133.0616182687849
2011-07-31 23:00:00,92.1130201478135
2011-08-20 00:00:00,53.31910129320347
2011-08-20 01:00:00,28.211121865541045
2011-08-20 02:00:00,16.956957856676695
2011-08-20 03:00:00,9.982049169002911
2011-08-20 04:00:00,6.905729140554232
2011-08-20 05:00:00,21.24908423532692
2011-08-20 06:00:00,64.92657840987745
2011-08-20 07:00:00,78.27149406802349
2011-08-20 08:00:00,177.67081199622373
2011-08-20 09:00:00,130.41145414435124
2011-08-20 10:00:00,292.34828804545975
2011-08-20 11:00:00,346.41202165867986
2011-08-20 12:00:00,383.2558122840468
2011-08-20 13:00:00,378.78278057748076
2011-08-20 14:00:00,350.4623625129934
2011-08-20 15:00:00,379.44974528171207
2011-08-20 16:00:00,486.365703857387
2011-08-20 17:00:00,305.7470689695594
2011-08-20 18:00:00,266.16899308112403
2011-08-20 19:00:00,148.94106526590122
2011-08-20 20:00:00,257.7229740977149
2011-08-20 21:00:00,204.16620845062405
2011-08-20 22:00:00,149.45640602089594
2011-08-20 23:00:00,108.53816319397494
2011-08-21 00:00:00,52.922942307706776
2011-08-21 01:00:00,27.75588356771237
2011-08-21 02:00:00,16.633825154471605
2011-08-21 03:00:00,9.598617228163741
2011-08-21 04:00:00,7.092565579139642
2011-08-21 05:00:00,16.84562244717321
2011-08-21 06:00:00,57.561237324204335
2011-08-21 07:00:00,74.6214291867129
2011-08-21 08:00:00,145.378749840275
2011-08-21 09:00:00,106.26943705212354
2011-08-21 10:00:00,228.25954844900158
2011-08-21 11:00:00,264.71242273550007
2011-08-21 12:00:00,325.7321978231143
2011-08-21 13:00:00,308.0134530901246
2011-08-21 14:00:00,167.50401710150922
2011-08-21 15:00:00,306.866273317035
2011-08-21 16:00:00,414.7397751373128
2011-08-21 17:00:00,266.25672713829977
2011-08-21 18:00:00,235.32326884106575
2011-08-21 19:00:00,134.95903526029952
2011-08-21 20:00:00,228.75880780837215
2011-08-21 21:00:00,176.06071158340336
2011-08-21 22:00:00,131.70817653166054
2011-08-21 23:00:00,96.28335835994972
2011-08-22 00:00:00,42.17038772338552
2011-08-22 01:00:00,22.960468081175843
2011-08-22 02:00:00,13.2426557061354
2011-08-22 03:00:00,4.401473214576694
2011-08-22 04:00:00,5.917913691858992
2011-08-22 05:00:00,16.2937699595807
2011-08-22 06:00:00,57.104858016935026
2011-08-22 07:00:00,226.56019905233856
2011-08-22 08:00:00,426.8306409418774
2011-08-22 09:00:00,322.06635708359687
2011-08-22 10:00:00,137.18507637249917
2011-08-22 11:00:00,161.40709015851877
2011-08-22 12:00:00,182.46307442584117
2011-08-22 13:00:00,177.47166416305302
2011-08-22 14:00:00,167.12483114063423
2011-08-22 15:00:00,181.25788372802108
2011-08-22 16:00:00,229.06165550249162
2011-08-22 17:00:00,531.6028317256805
2011-08-22 18:00:00,513.5576481643491
2011-08-22 19:00:00,434.2677668056584
2011-08-22 20:00:00,213.39447907793118
2011-08-22 21:00:00,161.21015476280354
2011-08-22 22:00:00,122.98213215833525
2011-08-22 23:00:00,82.143953241999
2011-08-23 00:00:00,46.79620932281779
2011-08-23 01:00:00,21.56205200813314
2011-08-23 02:00:00,12.577189145392053
2011-08-23 03:00:00,7.109953564519326
2011-08-23 04:00:00,5.315864327732543
2011-08-23 05:00:00,15.392259904284142
2011-08-23 06:00:00,51.95305281133574
2011-08-23 07:00:00,244.61945123702336
2011-08-23 08:00:00,446.01667367156375
2011-08-23 09:00:00,332.6725009574136
2011-08-23 10:00:00,153.63698065899862
2011-08-23 11:00:00,171.06074699442138
2011-08-23 12:00:00,205.3939344367721
2011-08-23 13:00:00,205.8264189396146
2011-08-23 14:00:00,190.79811296671866
2011-08-23 15:00:00,192.72325513331222
2011-08-23 16:00:00,256.86090269316475
2011-08-23 17:00:00,564.5543990059851
2011-08-23 18:00:00,519.1380387974306
2011-08-23 19:00:00,412.61683274225084
2011-08-23 20:00:00,197.43389809485384
2011-08-23 21:00:00,159.502054712064
2011-08-23 22:00:00,120.71812086048567
2011-08-23 23:00:00,80.32213632631871
2011-08-24 00:00:00,45.062210752884184
2011-08-24 01:00:00,24.606294838415593
2011-08-24 02:00:00,12.269745322289426
2011-08-24 03:00:00,7.115461246424019
2011-08-24 04:00:00,5.1548496100700705
2011-08-24 05:00:00,15.100149341207104
2011-08-24 06:00:00,53.09418341611541
2011-08-24 07:00:00,243.17374632455292
2011-08-24 08:00:00,438.1635694423247
2011-08-24 09:00:00,309.0468212645971
2011-08-24 10:00:00,134.1667921579878
2011-08-24 11:00:00,153.7710327395181
2011-08-24 12:00:00,174.43586918564554
2011-08-24 13:00:00,171.13128194544396
2011-08-24 14:00:00,157.99918960169668
2011-08-24 15:00:00,166.02804621441004
2011-08-24 16:00:00,213.067143678579
2011-08-24 17:00:00,490.20963072155126
2011-08-24 18:00:00,449.3465426371793
2011-08-24 19:00:00,381.53283341055237
2011-08-24 20:00:00,196.03516608891374
2011-08-24 21:00:00,146.84233707907913
2011-08-24 22:00:00,113.78946981072511
2011-08-24 23:00:00,76.39580606897022
2011-08-25 00:00:00,44.19113953995525
2011-08-25 01:00:00,23.377939392900714
2011-08-25 02:00:00,13.83197402136319
2011-08-25 03:00:00,8.060279072356533
2011-08-25 04:00:00,5.77556664080614
2011-08-25 05:00:00,16.32797079241526
2011-08-25 06:00:00,56.99008311665557
2011-08-25 07:00:00,216.02529133154462
2011-08-25 08:00:00,415.40377843861984
2011-08-25 09:00:00,304.60886815412397
2011-08-25 10:00:00,122.4949921728574
2011-08-25 11:00:00,95.18981061759773
2011-08-25 12:00:00,115.6393091479404
2011-08-25 13:00:00,187.99132861095927
2011-08-25 14:00:00,169.63103008818197
2011-08-25 15:00:00,172.5107510778628
2011-08-25 16:00:00,239.334591708848
2011-08-25 17:00:00,541.8862876908029
2011-08-25 18:00:00,448.0640770792692
2011-08-25 19:00:00,372.10244089922816
2011-08-25 20:00:00,166.8863843720403
2011-08-25 21:00:00,130.94501676853554
2011-08-25 22:00:00,108.82280489854182
2011-08-25 23:00:00,71.1947677516014
2011-08-26 00:00:00,42.572710368771254
2011-08-26 01:00:00,23.56677761934721
2011-08-26 02:00:00,13.280011846371986
2011-08-26 03:00:00,7.999982294649245
2011-08-26 04:00:00,5.924063284670308
2011-08-26 05:00:00,16.00976448354115
2011-08-26 06:00:00,58.203696171201855
2011-08-26 07:00:00,236.67461801472967
2011-08-26 08:00:00,498.00158995101435
2011-08-26 09:00:00,378.4681415712046
2011-08-26 10:00:00,150.87307968031828
2011-08-26 11:00:00,166.87396247749842
2011-08-26 12:00:00,193.84829218961218
2011-08-26 13:00:00,193.87104535280227
2011-08-26 14:00:00,195.56666541573787
2011-08-26 15:00:00,184.72527204854285
2011-08-26 16:00:00,258.9726236580349
2011-08-26 17:00:00,541.6582316344692
2011-08-26 18:00:00,478.87279493361365
2011-08-26 19:00:00,455.15683108427527
2011-08-26 20:00:00,223.8776407019486
2011-08-26 21:00:00,168.92952057908832
2011-08-26 22:00:00,134.61867458123857
2011-08-26 23:00:00,89.50386700264545
2011-08-27 00:00:00,58.88325718705668
2011-08-27 01:00:00,31.082116584690297
2011-08-27 02:00:00,18.36683070012637
2011-08-27 03:00:00,10.036113006159917
2011-08-27 04:00:00,7.445905709382636
2011-08-27 05:00:00,20.663628877975242
2011-08-27 06:00:00,69.81194786485692
2011-08-27 07:00:00,76.69277106587832
2011-08-27 08:00:00,149.14176706320262
2011-08-27 09:00:00,103.0684308851406
2011-08-27 10:00:00,236.92948530871013
2011-08-27 11:00:00,144.26071584840705
2011-08-27 12:00:00,200.35811838051166
2011-08-27 13:00:00,201.3238953246066
2011-08-27 14:00:00,152.19708297951746
2011-08-27 15:00:00,161.20447697943715
2011-08-27 16:00:00,210.2853062072102
2011-08-27 17:00:00,123.08919049144187
2011-08-28 07:00:00,36.90218398987319
2011-08-28 08:00:00,69.1480407056614
2011-08-28 09:00:00,101.17809498524966
2011-08-28 10:00:00,229.96585843133604
2011-08-28 11:00:00,279.184432406319
2011-08-28 12:00:00,328.903252623437
2011-08-28 13:00:00,330.5693430012867
2011-08-28 14:00:00,302.9310750349841
2011-08-28 15:00:00,325.8975890633415
2011-08-28 16:00:00,427.84513048682106
2011-08-28 17:00:00,274.57467083044344
2011-08-28 18:00:00,253.3844341879556
2011-08-28 19:00:00,150.5520505470436
2011-08-28 20:00:00,266.09795068214885
2011-08-28 21:00:00,191.70355543634278
2011-08-28 22:00:00,147.7082874329287
2011-08-28 23:00:00,84.79402801322718
2011-08-29 00:00:00,37.549196982390676
2011-08-29 01:00:00,20.610012821641476
2011-08-29 02:00:00,11.841811699466717
2011-08-29 03:00:00,7.040954563688871
2011-08-29 04:00:00,5.151743356072303
2011-08-29 05:00:00,14.856477467848915
2011-08-29 06:00:00,50.830100215349525
2011-08-29 07:00:00,235.73016904775636
2011-08-29 08:00:00,434.7216035732394
2011-08-29 09:00:00,318.0945160922445
2011-08-29 10:00:00,139.18348137812103
2011-08-29 11:00:00,160.43307284795483
2011-08-29 12:00:00,184.86768357620778
2011-08-29 13:00:00,192.81349229811624
2011-08-29 14:00:00,187.95219002867583
2011-08-29 15:00:00,190.5996315049489
2011-08-29 16:00:00,247.16226911888236
2011-08-29 17:00:00,508.5465742133057
2011-08-29 18:00:00,485.95438589352625
2011-08-29 19:00:00,412.62822480380186
2011-08-29 20:00:00,201.96565911194017
2011-08-29 21:00:00,154.19087432233118
2011-08-29 22:00:00,120.59934855693083
2011-08-29 23:00:00,82.92857831921779
2011-08-30 00:00:00,38.1519777089031
2011-08-30 01:00:00,20.794451615812925
2011-08-30 02:00:00,12.037757908652322
2011-08-30 03:00:00,6.787944409199905
2011-08-30 04:00:00,4.861866023824911
2011-08-30 05:00:00,14.637806223380542
2011-08-30 06:00:00,51.17607615624802
2011-08-30 07:00:00,206.83165857246826
2011-08-30 08:00:00,449.07161592253766
2011-08-30 09:00:00,328.0917447235725
2011-08-30 10:00:00,143.92987191350397
2011-08-30 11:00:00,165.9359164494488
2011-08-30 12:00:00,212.0304455960661
2011-08-30 13:00:00,192.43494460288056
2011-08-30 14:00:00,175.93239318163754
2011-08-30 15:00:00,182.3301277883885
2011-08-30 16:00:00,238.27458349160062
2011-08-30 17:00:00,555.7316490747173
2011-08-30 18:00:00,505.40186398114497
2011-08-30 19:00:00,427.4991407597636
2011-08-30 20:00:00,214.43733092608636
2011-08-30 21:00:00,153.80178804322216
2011-08-30 22:00:00,124.17143077574522
2011-08-30 23:00:00,83.24818039813874
2011-08-31 00:00:00,40.11831004926238
2011-08-31 01:00:00,21.377786471490417
2011-08-31 02:00:00,12.517054550701264
2011-08-31 03:00:00,7.145706051780698
2011-08-31 04:00:00,5.326489282402901
2011-08-31 05:00:00,14.659726218365577
2011-08-31 06:00:00,52.344096447219606
2011-08-31 07:00:00,209.36988847431743
2011-08-31 08:00:00,453.9650721693273
2011-08-31 09:00:00,322.73186825189595
2011-08-31 10:00:00,146.88171724695798
2011-08-31 11:00:00,167.17556002076165
2011-08-31 12:00:00,191.1306805879553
2011-08-31 13:00:00,192.5379477959479
2011-08-31 14:00:00,174.8135923203816
2011-08-31 15:00:00,185.15074930647535
2011-08-31 16:00:00,237.10533833130273
2011-08-31 17:00:00,563.1837703421199
2011-08-31 18:00:00,489.74702083974796
2011-08-31 19:00:00,397.82443419078777
2011-08-31 20:00:00,204.0201063680055
2011-08-31 21:00:00,156.9912219147145
2011-08-31 22:00:00,122.85515978397578
2011-08-31 23:00:00,69.0394542521009
2011-09-20 00:00:00,36.518977125912144
2011-09-20 01:00:00,18.493057146265347
2011-09-20 02:00:00,10.85992435745216
2011-09-20 03:00:00,6.246231790560151
2011-09-20 04:00:00,4.8645054805702745
2011-09-20 05:00:00,13.406837854557049
2011-09-20 06:00:00,46.091660256953666
2011-09-20 07:00:00,186.34932522736312
2011-09-20 08:00:00,210.24640650368605
2011-09-20 09:00:00,153.0929730950657
2011-09-20 10:00:00,66.48299733149445
2011-09-20 11:00:00,75.50076285715654
2011-09-20 12:00:00,144.82092247184806
2011-09-20 13:00:00,142.6752050267451
2011-09-20 14:00:00,132.26181542690773
2011-09-20 15:00:00,144.1802517037934
2011-09-20 16:00:00,185.925917514426
2011-09-20 17:00:00,455.73213264920486
2011-09-20 18:00:00,415.76184034420754
2011-09-20 19:00:00,356.77514462390997
2011-09-20 20:00:00,171.23681532898925
2011-09-20 21:00:00,131.73211753625236
2011-09-20 22:00:00,103.28033460819088
2011-09-20 23:00:00,69.18716960892573
2011-09-21 00:00:00,37.68709929504683
2011-09-21 01:00:00,20.430523507739412
2011-09-21 02:00:00,12.038713519140575
2011-09-21 03:00:00,6.314220616253216
2011-09-21 04:00:00,4.435052860424203
2011-09-21 05:00:00,13.105821389420807
2011-09-21 06:00:00,44.74749248802593
2011-09-21 07:00:00,179.57973271495476
2011-09-21 08:00:00,346.5964051102744
2011-09-21 09:00:00,252.10843270513922
2011-09-21 10:00:00,113.46440274003604
2011-09-21 11:00:00,121.79651430592219
2011-09-21 12:00:00,153.44518913540733
2011-09-21 13:00:00,170.950354705357
2011-09-21 14:00:00,156.59112792845235
2011-09-21 15:00:00,169.83419085866075
2011-09-21 16:00:00,219.78767873781345
2011-09-21 17:00:00,305.8458130035505
2011-09-21 18:00:00,237.58985892006186
2011-09-21 19:00:00,204.3278405854208
2011-09-21 20:00:00,99.8269716192913
2011-09-21 21:00:00,120.77976633409666
2011-09-21 22:00:00,96.67335425814292
2011-09-21 23:00:00,68.94415573817665
2011-09-22 00:00:00,40.44682336112752
2011-09-22 01:00:00,20.26675077791706
2011-09-22 02:00:00,11.888426373319428
2011-09-22 03:00:00,6.91322884136709
2011-09-22 04:00:00,5.05597139261345
2011-09-22 05:00:00,14.779493682909052
2011-09-22 06:00:00,48.973453757556285
2011-09-22 07:00:00,197.81424417132357
2011-09-22 08:00:00,366.958471646952
2011-09-22 09:00:00,262.45832309543516
2011-09-22 10:00:00,110.85783963340108
2011-09-22 11:00:00,126.80730578899414
2011-09-22 12:00:00,181.49525948562413
2011-09-22 13:00:00,176.00653536942795
2011-09-22 14:00:00,161.22080733602147
2011-09-22 15:00:00,175.14619329647132
2011-09-22 16:00:00,231.86011315968247
2011-09-22 17:00:00,526.1900803061767
2011-09-22 18:00:00,410.33680644600605
2011-09-22 19:00:00,343.6179722040304
2011-09-22 20:00:00,164.1757523477141
2011-09-22 21:00:00,129.41178588164883
2011-09-22 22:00:00,99.30050320097841
2011-09-22 23:00:00,68.73162514040037
2011-09-23 00:00:00,40.59164974031671
2011-09-23 01:00:00,22.243294503150267
2011-09-23 02:00:00,12.757968701402229
2011-09-23 03:00:00,7.648688760753542
2011-09-23 04:00:00,3.136732214465975
2011-09-23 05:00:00,16.263357679572717
2011-09-23 06:00:00,54.11356213085093
2011-09-23 07:00:00,133.37782683124416
2011-09-23 08:00:00,251.64062881385024
2011-09-23 09:00:00,180.24291474073655
2011-09-23 10:00:00,76.2020672330423
2011-09-23 11:00:00,86.51859388321611
2011-09-23 12:00:00,106.06448716953348
2011-09-23 13:00:00,104.38051892187299
2011-09-23 14:00:00,96.34091862334822
2011-09-23 15:00:00,101.36159000412201
2011-09-23 16:00:00,134.98230319030557
2011-09-23 17:00:00,491.90756003084914
2011-09-23 18:00:00,477.92449123629086
2011-09-23 19:00:00,390.5341358213331
2011-09-23 20:00:00,203.56928483286373
2011-09-23 21:00:00,146.43420391625972
2011-09-23 22:00:00,117.61708710099238
2011-09-23 23:00:00,72.10423766848032
2011-09-24 00:00:00,51.32013521962454
2011-09-24 01:00:00,26.218255268447816
2011-09-24 02:00:00,15.560072963591608
2011-09-24 03:00:00,10.041553329767751
2011-09-24 04:00:00,7.203262596675456
2011-09-24 05:00:00,19.15226594982454
2011-09-24 06:00:00,64.87175278138736
2011-09-24 07:00:00,73.72781852795215
2011-09-24 08:00:00,139.51666458158277
2011-09-24 09:00:00,101.97669076160317
2011-09-24 10:00:00,233.73902567148065
2011-09-24 11:00:00,261.9483752165925
2011-09-24 12:00:00,317.8499554153992
2011-09-24 13:00:00,344.61517166520423
2011-09-24 14:00:00,335.13443566622334
2011-09-24 15:00:00,354.8978361181176
2011-09-24 16:00:00,399.70335410322883
2011-09-24 17:00:00,313.8445723571975
2011-09-24 18:00:00,246.34922464798422
2011-09-24 19:00:00,137.00073793032539
2011-09-24 20:00:00,241.48423120767518
2011-09-24 21:00:00,181.51199685047908
2011-09-24 22:00:00,135.46299688693082
2011-09-24 23:00:00,90.72424464430455
2011-09-25 00:00:00,45.96330613097758
2011-09-25 01:00:00,23.865385712895893
2011-09-25 02:00:00,8.633637578813367
2011-09-25 03:00:00,4.891704063199409
2011-09-25 04:00:00,3.3523044113430105
2011-09-25 05:00:00,18.80016135009721
2011-09-25 06:00:00,59.54324105893777
2011-09-25 07:00:00,65.36335704998866
2011-09-25 08:00:00,126.53484876153951
2011-09-25 09:00:00,92.87462787536997
2011-09-25 10:00:00,212.99054989785847
2011-09-25 11:00:00,271.7765764803632
2011-09-25 12:00:00,341.668902879
2011-09-25 13:00:00,337.18077879375346
2011-09-25 14:00:00,308.42395671568374
2011-09-25 15:00:00,326.6168846549504
2011-09-25 16:00:00,460.56811457009746
2011-09-25 17:00:00,289.3092087815115
2011-09-25 18:00:00,263.9031926413206
2011-09-25 19:00:00,120.2698614081601
2011-09-25 20:00:00,212.40017167636603
2011-09-25 21:00:00,158.56923917386334
2011-09-25 22:00:00,126.03954268407348
2011-09-25 23:00:00,77.93188670128305
2011-09-26 00:00:00,35.45491518426507
2011-09-26 01:00:00,18.55942052234516
2011-09-26 02:00:00,10.900301021538564
2011-09-26 03:00:00,6.38228052398613
2011-09-26 04:00:00,4.517959554600396
2011-09-26 05:00:00,13.976021230063122
2011-09-26 06:00:00,46.180909174936474
2011-09-26 07:00:00,189.68219296107983
2011-09-26 08:00:00,357.4971588637887
2011-09-26 09:00:00,248.63625848278417
2011-09-26 10:00:00,104.50405132964214
2011-09-26 11:00:00,148.03956907782552
2011-09-26 12:00:00,171.41162242382745
2011-09-26 13:00:00,169.65599728055545
2011-09-26 14:00:00,169.60396706200007
2011-09-26 15:00:00,184.98271008065353
2011-09-26 16:00:00,235.92203702634083
2011-09-26 17:00:00,530.5106171028503
2011-09-26 18:00:00,469.4857706444072
2011-09-26 19:00:00,401.39481676551986
2011-09-26 20:00:00,165.65456799310803
2011-09-26 21:00:00,127.43022941734259
2011-09-26 22:00:00,98.65125409597732
2011-09-26 23:00:00,66.07150968833908
2011-09-27 00:00:00,36.50623919439172
2011-09-27 01:00:00,19.251982192272994
2011-09-27 02:00:00,11.516813185064875
2011-09-27 03:00:00,6.389491174978324
2011-09-27 04:00:00,2.452069681785293
2011-09-27 05:00:00,8.030088618585067
2011-09-27 06:00:00,46.04214174857306
2011-09-27 07:00:00,184.6901202950045
2011-09-27 08:00:00,352.4884765040274
2011-09-27 09:00:00,155.17398983366468
2011-09-27 10:00:00,64.8425675425041
2011-09-27 11:00:00,121.83899735563227
2011-09-27 12:00:00,146.79022564256843
2011-09-27 13:00:00,167.15944884983503
2011-09-27 14:00:00,157.30478449824253
2011-09-27 15:00:00,165.29777147613854
2011-09-27 16:00:00,208.5779741178953
2011-09-27 17:00:00,405.07443697026196
2011-09-27 18:00:00,365.83700324500353
2011-09-27 19:00:00,318.03412734224133
2011-09-27 20:00:00,175.56224323254622
2011-09-27 21:00:00,136.70004495321052
2011-09-27 22:00:00,103.57690638883027
2011-09-27 23:00:00,69.38678091576674
2011-09-28 00:00:00,39.51981469410112
2011-09-28 01:00:00,21.052067801488374
2011-09-28 02:00:00,11.550209937899576
2011-09-28 03:00:00,6.460283885042981
2011-09-28 04:00:00,5.279600167810204
2011-09-28 05:00:00,14.291145598416037
2011-09-28 06:00:00,28.917328223389507
2011-09-28 07:00:00,117.09309844773038
2011-09-28 08:00:00,211.80688096594474
2011-09-28 09:00:00,153.01845103980966
2011-09-28 10:00:00,109.47170198384809
2011-09-28 11:00:00,143.13239984698487
2011-09-28 12:00:00,180.36476187784078
2011-09-28 13:00:00,177.80630219675706
2011-09-28 14:00:00,170.48591696114428
2011-09-28 15:00:00,182.41552244969967
2011-09-28 16:00:00,232.35217615710886
2011-09-28 17:00:00,521.9818210948586
2011-09-28 18:00:00,266.49161063050883
2011-09-28 19:00:00,226.21241097764565
2011-09-28 20:00:00,96.57921866142726
2011-09-28 21:00:00,74.30882460378974
2011-09-28 22:00:00,104.251566829404
2011-09-28 23:00:00,68.39768968912063
2011-09-29 00:00:00,39.481869456947294
2011-09-29 01:00:00,19.20433817720741
2011-09-29 02:00:00,11.292680449047555
2011-09-29 03:00:00,6.698743052351477
2011-09-29 04:00:00,4.9440048566196095
2011-09-29 05:00:00,14.919239057303617
2011-09-29 06:00:00,51.23972092960931
2011-09-29 07:00:00,216.00418873667147
2011-09-29 08:00:00,426.0492973062234
2011-09-29 09:00:00,284.67918423787347
2011-09-29 10:00:00,145.93487293844362
2011-09-29 11:00:00,166.43915099483138
2011-09-29 12:00:00,205.434736972977
2011-09-29 13:00:00,197.910660432172
2011-09-29 14:00:00,184.7147909200088
2011-09-29 15:00:00,194.4796069275166
2011-09-29 16:00:00,256.65733388038194
2011-09-29 17:00:00,578.6239267738034
2011-09-29 18:00:00,544.4092210901749
2011-09-29 19:00:00,463.3084239935113
2011-09-29 20:00:00,229.05291090755566
2011-09-29 21:00:00,157.84206884410466
2011-09-29 22:00:00,119.19713662154129
2011-09-29 23:00:00,74.51542022874068
2011-09-30 00:00:00,44.30742511721242
2011-09-30 01:00:00,24.196441131219306
2011-09-30 02:00:00,14.00213996561495
2011-09-30 03:00:00,8.174952687288773
2011-09-30 04:00:00,5.858090834651814
2011-09-30 05:00:00,16.93972129762579
2011-09-30 06:00:00,57.17992739268701
2011-09-30 07:00:00,228.6544611859721
2011-09-30 08:00:00,454.69853559143434
2011-09-30 09:00:00,328.2339809654765
2011-09-30 10:00:00,170.44741975783217
2011-09-30 11:00:00,189.7796966580608
2011-09-30 12:00:00,210.36785295975278
2011-09-30 13:00:00,205.7712848833518
2011-09-30 14:00:00,190.24088817907895
2011-09-30 15:00:00,213.55029599531008
2011-09-30 16:00:00,276.3630615533373
2011-09-30 17:00:00,630.4792165700298
2011-09-30 18:00:00,500.83584335108236
2011-09-30 19:00:00,428.0415051425521
2011-09-30 20:00:00,209.68236795929985
2011-09-30 21:00:00,161.69629933840548
2011-09-30 22:00:00,122.3788977810693
2011-09-30 23:00:00,82.04169388464963
2011-10-20 00:00:00,41.01839403856105
2011-10-20 01:00:00,21.91299134589319
2011-10-20 02:00:00,12.615752019525306
2011-10-20 03:00:00,7.300497491588933
2011-10-20 04:00:00,5.352346982655695
2011-10-20 05:00:00,14.122324153970464
2011-10-20 06:00:00,47.450720961214174
2011-10-20 07:00:00,191.15856124367875
2011-10-20 08:00:00,364.6318865378733
2011-10-20 09:00:00,259.4994902359213
2011-10-20 10:00:00,116.03276578615514
2011-10-20 11:00:00,130.91763954945677
2011-10-20 12:00:00,162.29928183922664
2011-10-20 13:00:00,178.06881875963523
2011-10-20 14:00:00,136.39847400199338
2011-10-20 15:00:00,147.21282272672335
2011-10-20 16:00:00,190.55161460673892
2011-10-20 17:00:00,442.4503965397675
2011-10-20 18:00:00,408.77254605635807
2011-10-20 19:00:00,363.8510992174509
2011-10-20 20:00:00,168.5804468250645
2011-10-20 21:00:00,138.95157989318162
2011-10-20 22:00:00,108.09035321593217
2011-10-20 23:00:00,72.19589393849435
2011-10-21 00:00:00,43.079939992770086
2011-10-21 01:00:00,23.178496022017452
2011-10-21 02:00:00,12.87669777027884
2011-10-21 03:00:00,6.935825734319109
2011-10-21 04:00:00,5.02565637452663
2011-10-21 05:00:00,14.377230647244788
2011-10-21 06:00:00,50.52193366276068
2011-10-21 07:00:00,202.37326711872055
2011-10-21 08:00:00,439.34684704953065
2011-10-21 09:00:00,307.31543377261926
2011-10-21 10:00:00,140.13962861204615
2011-10-21 11:00:00,180.4607173793091
2011-10-21 12:00:00,214.76003910898973
2011-10-21 13:00:00,182.64599614381942
2011-10-21 14:00:00,195.97946077226234
2011-10-21 15:00:00,206.0931834616157
2011-10-21 16:00:00,268.76381412762777
2011-10-21 17:00:00,495.723346937625
2011-10-21 18:00:00,447.28843827411356
2011-10-21 19:00:00,366.5498424113178
2011-10-21 20:00:00,187.45806413972747
2011-10-21 21:00:00,153.92187258701193
2011-10-21 22:00:00,122.15790516147037
2011-10-21 23:00:00,78.52541933508058
2011-10-22 00:00:00,52.24334192526504
2011-10-22 01:00:00,27.976583308133996
2011-10-22 02:00:00,16.355010000464915
2011-10-22 03:00:00,9.952771553419485
2011-10-22 04:00:00,6.875794251607302
2011-10-22 05:00:00,20.093514310245578
2011-10-22 06:00:00,62.40248713840812
2011-10-22 07:00:00,67.0439419731208
2011-10-22 08:00:00,150.50971062732407
2011-10-22 09:00:00,107.60495461138093
2011-10-22 10:00:00,234.53197836020843
2011-10-22 11:00:00,266.0061605784959
2011-10-22 12:00:00,353.09690051622687
2011-10-22 13:00:00,412.1598052074112
2011-10-22 14:00:00,295.52975725965746
2011-10-22 15:00:00,330.37019107856884
2011-10-22 16:00:00,495.23744254786044
2011-10-22 17:00:00,274.79941111526784
2011-10-22 18:00:00,253.8408773340446
2011-10-22 19:00:00,139.05586341208306
2011-10-22 20:00:00,242.05537503639042
2011-10-22 21:00:00,181.00658753230755
2011-10-22 22:00:00,141.99257934749812
2011-10-22 23:00:00,87.84599294424395
2011-10-23 00:00:00,39.85566295205732
2011-10-23 01:00:00,21.234846242391274
2011-10-23 02:00:00,12.243020236886112
2011-10-23 03:00:00,7.255785391875309
2011-10-23 04:00:00,5.318128940665823
2011-10-23 05:00:00,15.491490160855161
2011-10-23 06:00:00,51.67736181120517
2011-10-23 07:00:00,58.06822039456005
2011-10-23 08:00:00,109.47964499010227
2011-10-23 09:00:00,95.71961339928298
2011-10-23 10:00:00,218.00992356347672
2011-10-23 11:00:00,242.77899780927544
2011-10-23 12:00:00,338.5732896154157
2011-10-23 13:00:00,340.9427557148914
2011-10-23 14:00:00,312.3795584383508
2011-10-23 15:00:00,339.05537781614186
2011-10-23 16:00:00,431.21605437070104
2011-10-23 17:00:00,271.9227503755805
2011-10-23 18:00:00,249.9993167766954
2011-10-23 19:00:00,120.99032381164393
2011-10-23 20:00:00,208.83524002193516
2011-10-23 21:00:00,160.70686672671798
2011-10-23 22:00:00,123.42835895047389
2011-10-23 23:00:00,81.4423601446928
2011-10-24 00:00:00,37.67927231051282
2011-10-24 01:00:00,18.978524763027934
2011-10-24 02:00:00,11.071683661339275
2011-10-24 03:00:00,6.521866642605238
2011-10-24 04:00:00,4.893833192627268
2011-10-24 05:00:00,13.274474254673605
2011-10-24 06:00:00,47.3099234133025
2011-10-24 07:00:00,163.8356385459885
2011-10-24 08:00:00,330.1878807914256
2011-10-24 09:00:00,243.4975906062201
2011-10-24 10:00:00,100.14546354272353
2011-10-24 11:00:00,135.8542172890262
2011-10-24 12:00:00,169.9424035075976
2011-10-24 13:00:00,164.9467926316365
2011-10-24 14:00:00,153.49762981969772
2011-10-24 15:00:00,177.02458199885444
2011-10-24 16:00:00,224.11756762843018
2011-10-24 17:00:00,503.0838484198162
2011-10-24 18:00:00,481.5978899323377
2011-10-24 19:00:00,200.40572645728847
2011-10-24 20:00:00,162.92813718017374
2011-10-24 21:00:00,123.21420608141197
2011-10-24 22:00:00,98.74042092499604
2011-10-24 23:00:00,66.91474743102103
2011-10-25 00:00:00,36.452331082173835
2011-10-25 01:00:00,19.38265353834708
2011-10-25 02:00:00,11.193557022088182
2011-10-25 03:00:00,6.596049535348007
2011-10-25 04:00:00,4.272540237615358
2011-10-25 05:00:00,12.792162377817128
2011-10-25 06:00:00,45.112436270618666
2011-10-25 07:00:00,191.58393543536283
2011-10-25 08:00:00,386.22570897327694
2011-10-25 09:00:00,277.9974277779817
2011-10-25 10:00:00,132.70630060995765
2011-10-25 11:00:00,151.04639060647477
2011-10-25 12:00:00,187.01474965840384
2011-10-25 13:00:00,182.83187990159254
2011-10-25 14:00:00,173.37199883109884
2011-10-25 15:00:00,192.72533437921965
2011-10-25 16:00:00,243.54329944742523
2011-10-25 17:00:00,564.5604691428344
2011-10-25 18:00:00,500.0258438052903
2011-10-25 19:00:00,340.1377490721274
2011-10-25 20:00:00,170.14374615198582
2011-10-25 21:00:00,127.66477177253068
2011-10-25 22:00:00,100.20611947621313
2011-10-25 23:00:00,67.03640540599258
2011-10-26 00:00:00,36.657485350273554
2011-10-26 01:00:00,19.474479351889894
2011-10-26 02:00:00,11.753973789191743
2011-10-26 03:00:00,6.678420111742814
2011-10-26 04:00:00,4.74968508521996
2011-10-26 05:00:00,14.158734175605261
2011-10-26 06:00:00,48.54938529396149
2011-10-26 07:00:00,197.68462125842493
2011-10-26 08:00:00,351.94717311692943
2011-10-26 09:00:00,256.5558786895593
2011-10-26 10:00:00,121.60525587007344
2011-10-26 11:00:00,145.40608834931513
2011-10-26 12:00:00,109.8859721911798
2011-10-26 13:00:00,108.33908362244382
2011-10-26 14:00:00,154.6553430313968
2011-10-26 15:00:00,163.80727318312103
2011-10-26 16:00:00,207.03398641422325
2011-10-26 17:00:00,467.0838635234993
2011-10-26 18:00:00,446.7143006802305
2011-10-26 19:00:00,389.44528286798413
2011-10-26 20:00:00,187.3667827531743
2011-10-26 21:00:00,140.1224751698462
2011-10-26 22:00:00,91.61684495437189
2011-10-26 23:00:00,61.33691356937287
2011-10-27 00:00:00,38.481110424105665
2011-10-27 01:00:00,20.486774570002556
2011-10-27 02:00:00,6.673174126660141
2011-10-27 03:00:00,3.6927311526752185
2011-10-27 04:00:00,2.663269132413859
2011-10-27 05:00:00,8.359209400926758
2011-10-27 06:00:00,35.00931182686835
2011-10-27 07:00:00,188.4201153065669
2011-10-27 08:00:00,219.8807608409503
2011-10-27 09:00:00,295.3688443581851
2011-10-27 10:00:00,75.30972799313574
2011-10-27 11:00:00,86.87707194184556
2011-10-27 12:00:00,105.5593215687808
2011-10-27 13:00:00,164.36388984232065
2011-10-27 14:00:00,161.2100135783098
2011-10-27 15:00:00,166.08777299460814
2011-10-27 16:00:00,221.21311630664488
2011-10-27 17:00:00,456.5642153570685
2011-10-27 18:00:00,374.153434347229
2011-10-27 19:00:00,316.2936993679685
2011-10-27 20:00:00,163.2596071209652
2011-10-27 21:00:00,126.18206572475941
2011-10-27 22:00:00,87.83778241262195
2011-10-27 23:00:00,60.75272637232906
2011-10-28 00:00:00,37.628349535310875
2011-10-28 01:00:00,19.977788473437045
2011-10-28 02:00:00,11.663210156213763
2011-10-28 03:00:00,5.820493277909387
2011-10-28 04:00:00,4.2972421726367065
2011-10-28 05:00:00,12.271747570026955
2011-10-28 06:00:00,44.55406656665457
2011-10-28 07:00:00,178.81621980349797
2011-10-28 08:00:00,339.1246238253773
2011-10-28 09:00:00,282.9409815956739
2011-10-28 10:00:00,119.25907815419144
2011-10-28 11:00:00,137.85506827772952
2011-10-28 12:00:00,174.70864109327746
2011-10-28 13:00:00,167.0936865357507
2011-10-28 14:00:00,144.62055187017614
2011-10-28 15:00:00,152.81094078008448
2011-10-28 16:00:00,199.8359577973603
2011-10-28 17:00:00,450.88585636882596
2011-10-28 18:00:00,404.5037795260346
2011-10-28 19:00:00,349.2490880600497
2011-10-28 20:00:00,100.8697403705081
2011-10-28 21:00:00,76.1489390257496
2011-10-28 22:00:00,50.8062889655755
2011-10-28 23:00:00,33.006826559657846
2011-10-29 00:00:00,21.320281040051366
2011-10-29 01:00:00,11.173699315296469
2011-10-29 02:00:00,6.4066962378676795
2011-10-29 03:00:00,3.4679814039604446
2011-10-29 04:00:00,2.419333385591662
2011-10-29 05:00:00,7.771234364762234
2011-10-29 06:00:00,28.182385668219382
2011-10-29 07:00:00,31.525136950259245
2011-10-29 08:00:00,60.01008696264826
2011-10-29 09:00:00,43.15589876200902
2011-10-29 10:00:00,98.8964008961353
2011-10-29 11:00:00,110.48000334456654
2011-10-29 12:00:00,109.43737823860643
2011-10-29 13:00:00,106.11304632416524
2011-10-29 14:00:00,99.90320449837155
2011-10-29 15:00:00,120.84258234786137
2011-10-29 16:00:00,138.06527625759188
2011-10-29 17:00:00,87.69679375023883
2011-10-29 18:00:00,79.93461430350382
2011-10-29 19:00:00,85.80706530853512
2011-10-29 20:00:00,149.96884340630382
2011-10-29 21:00:00,115.3422246808398
2011-10-29 22:00:00,93.07041828051015
2011-10-29 23:00:00,62.531941213107345
2011-10-30 00:00:00,30.66217799899056
2011-10-30 01:00:00,16.0968552543202
2011-10-30 02:00:00,9.320490711876847
2011-10-30 03:00:00,5.454393025057552
2011-10-30 04:00:00,3.3891862670881974
2011-10-30 05:00:00,12.125692515060967
2011-10-30 06:00:00,42.21997455873657
2011-10-30 07:00:00,49.5908683672147
2011-10-30 08:00:00,99.68238389408577
2011-10-30 09:00:00,72.68981576257868
2011-10-30 10:00:00,196.3945483783286
2011-10-30 11:00:00,222.0960504796904
2011-10-30 12:00:00,291.16386337387576
2011-10-30 13:00:00,306.8679927712598
2011-10-30 14:00:00,290.5160662821268
2011-10-30 15:00:00,312.8510799625747
2011-10-30 16:00:00,411.46194779479345
2011-10-30 17:00:00,261.2382940251392
2011-10-30 18:00:00,205.96998529892412
2011-10-30 19:00:00,140.00600589207548
2011-10-30 20:00:00,194.6475759436721
2011-10-30 21:00:00,145.5063163122573
2011-10-30 22:00:00,110.84776429980214
2011-10-30 23:00:00,71.35087221492836
2011-10-31 00:00:00,31.50888307087118
2011-10-31 01:00:00,17.008131794720892
2011-10-31 02:00:00,7.805471864869967
2011-10-31 03:00:00,4.285832855003057
2011-10-31 04:00:00,3.121291600225879
2011-10-31 05:00:00,9.568971823656803
2011-10-31 06:00:00,34.23880208791553
2011-10-31 07:00:00,135.65895781415074
2011-10-31 08:00:00,299.8741016796904
2011-10-31 09:00:00,217.28095846143077
2011-10-31 10:00:00,96.98998874685667
2011-10-31 11:00:00,136.56768571278926
2011-10-31 12:00:00,165.1942393744507
2011-10-31 13:00:00,151.9020231707613
2011-10-31 14:00:00,138.99288634246736
2011-10-31 15:00:00,159.33109776050998
2011-10-31 16:00:00,201.5461308346814
2011-10-31 17:00:00,460.14169385954654
2011-10-31 18:00:00,409.0717672666933
2011-10-31 19:00:00,347.3226808306586
2011-10-31 20:00:00,170.04510014002432
2011-10-31 21:00:00,102.4520095372261
2011-10-31 22:00:00,80.27656192545278
2011-10-31 23:00:00,53.704195748179345
2011-11-20 00:00:00,42.65900325983878
2011-11-20 01:00:00,23.991618442450026
2011-11-20 02:00:00,14.086152521815407
2011-11-20 03:00:00,7.563095061171978
2011-11-20 04:00:00,5.457388294492175
2011-11-20 05:00:00,16.129061425812832
2011-11-20 06:00:00,55.432170083908254
2011-11-20 07:00:00,66.5004548193104
2011-11-20 08:00:00,114.94703829469371
2011-11-20 09:00:00,91.13359149614179
2011-11-20 10:00:00,199.36111999782125
2011-11-20 11:00:00,263.57864597414226
2011-11-20 12:00:00,317.32022916565194
2011-11-20 13:00:00,312.65707971481453
2011-11-20 14:00:00,296.23397209460563
2011-11-20 15:00:00,294.83933440930264
2011-11-20 16:00:00,393.17055474861405
2011-11-20 17:00:00,246.48513946758382
2011-11-20 18:00:00,227.03159129485542
2011-11-20 19:00:00,124.31155598726248
2011-11-20 20:00:00,219.99113768361167
2011-11-20 21:00:00,146.0954402241278
2011-11-20 22:00:00,68.77271747469578
2011-11-20 23:00:00,45.96139088805224
2011-11-21 00:00:00,32.96092854780233
2011-11-21 01:00:00,9.976463904326877
2011-11-21 02:00:00,5.546944052787378
2011-11-21 03:00:00,3.067368496185707
2011-11-21 04:00:00,2.112745473422
2011-11-21 05:00:00,12.496798669911817
2011-11-21 06:00:00,43.02281242895513
2011-11-21 07:00:00,169.12337914066015
2011-11-21 08:00:00,332.9713269177561
2011-11-21 09:00:00,234.6564088214714
2011-11-21 10:00:00,118.69514430629603
2011-11-21 11:00:00,131.00871501019557
2011-11-21 12:00:00,160.3126691330778
2011-11-21 13:00:00,156.69307095955773
2011-11-21 14:00:00,124.09675263410166
2011-11-21 15:00:00,77.93665643056494
2011-11-21 16:00:00,101.01846043247822
2011-11-21 17:00:00,224.4839085247587
2011-11-21 18:00:00,214.26429892375126
2011-11-21 19:00:00,178.2536907490275
2011-11-21 20:00:00,88.15478831789403
2011-11-21 21:00:00,68.79414313927356
2011-11-21 22:00:00,54.26666056747421
2011-11-21 23:00:00,35.90631516436028
2011-11-22 00:00:00,18.29650405712517
2011-11-22 01:00:00,10.089202351594132
2011-11-22 02:00:00,5.277369938132227
2011-11-22 03:00:00,2.839090444095269
2011-11-22 04:00:00,1.9438718890349649
2011-11-22 05:00:00,6.700720579313197
2011-11-22 06:00:00,39.91230227517491
2011-11-22 07:00:00,96.81019845085955
2011-11-22 08:00:00,182.8906806557103
2011-11-22 09:00:00,149.2404589242029
2011-11-22 10:00:00,62.49629331278112
2011-11-22 11:00:00,68.48131426007023
2011-11-22 12:00:00,82.7546213897774
2011-11-22 13:00:00,81.05290414491458
2011-11-22 14:00:00,74.79299425447886
2011-11-22 15:00:00,82.81014444745179
2011-11-22 16:00:00,107.31700114728889
2011-11-22 17:00:00,233.78067746307022
2011-11-22 18:00:00,218.34657269103923
2011-11-22 19:00:00,183.89841714230772
2011-11-22 20:00:00,137.30941432374684
2011-11-22 21:00:00,104.75364832566943
2011-11-22 22:00:00,96.23722223731043
2011-11-22 23:00:00,56.04139363847095
2011-11-23 00:00:00,31.07187522378692
2011-11-23 01:00:00,16.249843592239465
2011-11-23 02:00:00,6.293120067473082
2011-11-23 03:00:00,3.4602991116700332
2011-11-23 04:00:00,2.481826579346901
2011-11-23 05:00:00,12.17945056770034
2011-11-23 06:00:00,43.444996200590175
2011-11-23 07:00:00,170.72103888423246
2011-11-23 08:00:00,327.02650763573
2011-11-23 09:00:00,261.46241049844286
2011-11-23 10:00:00,109.92478231177716
2011-11-23 11:00:00,125.22785112189099
2011-11-23 12:00:00,150.72118489654756
2011-11-23 13:00:00,135.39521038773216
2011-11-23 14:00:00,133.92347411746664
2011-11-23 15:00:00,133.6876821234845
2011-11-23 16:00:00,167.98079130993227
2011-11-23 17:00:00,221.6184315040615
2011-11-23 18:00:00,345.9406598694914
2011-11-23 19:00:00,304.4624267159206
2011-11-23 20:00:00,139.19712477659857
2011-11-23 21:00:00,106.99086131971409
2011-11-23 22:00:00,82.99726135484872
2011-11-23 23:00:00,56.88453660383282
2011-11-24 00:00:00,42.92103312818755
2011-11-24 01:00:00,19.3744240173624
2011-11-24 02:00:00,11.608210729844192
2011-11-24 03:00:00,6.873809001401115
2011-11-24 04:00:00,5.892378690135589
2011-11-24 05:00:00,16.95884408137487
2011-11-24 06:00:00,57.93277936541608
2011-11-24 07:00:00,55.07525975436117
2011-11-24 08:00:00,121.04154097557146
2011-11-24 09:00:00,90.90294188219531
2011-11-24 10:00:00,210.49780879384076
2011-11-24 11:00:00,264.5521779390564
2011-11-24 12:00:00,333.7083389285204
2011-11-24 13:00:00,329.81207772799337
2011-11-24 14:00:00,339.4270210887743
2011-11-24 15:00:00,363.71819175948116
2011-11-24 16:00:00,462.5507009102173
2011-11-24 17:00:00,274.2115162636368
2011-11-24 18:00:00,237.24570033054852
2011-11-24 19:00:00,129.52629658517327
2011-11-24 20:00:00,184.27800104068137
2011-11-24 21:00:00,143.90315635402527
2011-11-24 22:00:00,112.84245132873508
2011-11-24 23:00:00,75.19341456186147
2011-11-25 00:00:00,36.418646394131606
2011-11-25 01:00:00,20.075798612454367
2011-11-25 02:00:00,10.004425440930843
2011-11-25 03:00:00,5.850191872540786
2011-11-25 04:00:00,4.85671646541167
2011-11-25 05:00:00,14.64406301079208
2011-11-25 06:00:00,42.94480643973113
2011-11-25 07:00:00,196.88530248133551
2011-11-25 08:00:00,322.5775838251396
2011-11-25 09:00:00,274.0285878652136
2011-11-25 10:00:00,113.471804230146
2011-11-25 11:00:00,150.21779568397727
2011-11-25 12:00:00,191.9039128698751
2011-11-25 13:00:00,209.53444093376845
2011-11-25 14:00:00,197.36786615433584
2011-11-25 15:00:00,212.57178872471826
2011-11-25 16:00:00,274.15642132537425
2011-11-25 17:00:00,639.767482402136
2011-11-25 18:00:00,502.52422575016766
2011-11-25 19:00:00,406.43358908359113
2011-11-25 20:00:00,199.2302380550079
2011-11-25 21:00:00,132.3249073952362
2011-11-25 22:00:00,101.53889495004961
2011-11-25 23:00:00,66.73868838781581
2011-11-26 00:00:00,43.99645210811697
2011-11-26 01:00:00,23.53211721234633
2011-11-26 02:00:00,13.61802794678711
2011-11-26 03:00:00,8.148783491097332
2011-11-26 04:00:00,6.00153783113997
2011-11-26 05:00:00,17.216573914067208
2011-11-26 06:00:00,55.13969605946458
2011-11-26 07:00:00,56.21648782309256
2011-11-26 08:00:00,124.16399551724544
2011-11-26 09:00:00,89.78097073078543
2011-11-26 10:00:00,207.29856919559333
2011-11-26 11:00:00,276.0815647287087
2011-11-26 12:00:00,357.28356801851186
2011-11-26 13:00:00,358.0921579672274
2011-11-26 14:00:00,296.16039606637355
2011-11-26 15:00:00,363.5590566328481
2011-11-26 16:00:00,405.96379962966364
2011-11-26 17:00:00,258.56432238846
2011-11-26 18:00:00,222.85783842156596
2011-11-26 19:00:00,122.72913806694507
2011-11-26 20:00:00,228.42338508012065
2011-11-26 21:00:00,153.4405990466231
2011-11-26 22:00:00,122.50160854555877
2011-11-26 23:00:00,80.39263961457455
2011-11-27 00:00:00,39.702166911829835
2011-11-27 01:00:00,21.15130920966024
2011-11-27 02:00:00,12.448475107661743
2011-11-27 03:00:00,7.080512759172068
2011-11-27 04:00:00,5.042895281772987
2011-11-27 05:00:00,14.541368917136412
2011-11-27 06:00:00,54.186582615889755
2011-11-27 07:00:00,58.6627983892476
2011-11-27 08:00:00,117.79602163193596
2011-11-27 09:00:00,88.476812316686
2011-11-27 10:00:00,202.96557306384582
2011-11-27 11:00:00,262.52977119434524
2011-11-27 12:00:00,336.6503383589864
2011-11-27 13:00:00,332.98755278749553
2011-11-27 14:00:00,336.7307348396668
2011-11-27 15:00:00,373.848465343628
2011-11-27 16:00:00,425.4232408266442
2011-11-27 17:00:00,271.4520934141673
2011-11-27 18:00:00,240.840367580508
2011-11-27 19:00:00,115.18451853272981
2011-11-27 20:00:00,228.12407141420982
2011-11-27 21:00:00,152.28733790196995
2011-11-27 22:00:00,118.60423919738682
2011-11-27 23:00:00,79.50111321597285
2011-11-28 00:00:00,34.286618386675364
2011-11-28 01:00:00,18.128842853605892
2011-11-28 03:00:00,6.011953432743522
2011-11-28 04:00:00,4.658555856056461
2011-11-28 05:00:00,13.869174954228363
2011-11-28 06:00:00,47.27975757038621
2011-11-28 07:00:00,190.70090786834007
2011-11-28 08:00:00,331.53688129891634
2011-11-28 09:00:00,230.44408987418254
2011-11-28 10:00:00,102.89813389565822
2011-11-28 11:00:00,136.9794668040053
2011-11-28 12:00:00,184.1369856318355
2011-11-28 13:00:00,176.1572570431273
2011-11-28 14:00:00,196.37003832452956
2011-11-28 15:00:00,173.61792340662225
2011-11-28 16:00:00,222.43649952115936
2011-11-28 17:00:00,510.7975336280336
2011-11-28 18:00:00,450.5772708757503
2011-11-28 19:00:00,371.72266276129704
2011-11-28 20:00:00,169.5426774040693
2011-11-28 21:00:00,129.90805504767772
2011-11-28 22:00:00,101.95708998335282
2011-11-28 23:00:00,67.75513711498677
2011-11-29 00:00:00,41.41285690943511
2011-11-29 01:00:00,21.54432697888148
2011-11-29 02:00:00,11.968026818517556
2011-11-29 03:00:00,6.930937371608068
2011-11-29 04:00:00,4.661710768408055
2011-11-29 05:00:00,14.690042272113658
2011-11-29 06:00:00,51.15929581697527
2011-11-29 07:00:00,211.8837171525995
2011-11-29 08:00:00,398.0194415415435
2011-11-29 09:00:00,164.9187471573084
2011-11-29 10:00:00,69.1224258167681
2011-11-29 11:00:00,76.16055648904877
2011-11-29 12:00:00,80.1850910328806
2011-11-29 13:00:00,82.44035040154195
2011-11-29 14:00:00,73.89259249177339
2011-11-29 15:00:00,77.13642875995502
2011-11-29 16:00:00,102.80037615101583
2011-11-29 17:00:00,366.86374284680466
2011-11-29 18:00:00,339.65700085189576
2011-11-29 19:00:00,286.092172822848
2011-11-29 20:00:00,132.1186698629066
2011-11-29 21:00:00,101.58621480409468
2011-11-29 22:00:00,85.0742957509847
2011-11-29 23:00:00,53.46869897772453
2011-11-30 00:00:00,30.666923750790108
2011-11-30 01:00:00,16.477863481904155
2011-11-30 02:00:00,9.852759988132172
2011-11-30 03:00:00,5.637290389626874
2011-11-30 04:00:00,3.410332288183282
2011-11-30 05:00:00,10.39957233342093
2011-11-30 06:00:00,36.23466118503273
2011-11-30 07:00:00,148.600781148749
2011-11-30 08:00:00,275.52931896535284
2011-11-30 09:00:00,198.38808879138543
2011-11-30 10:00:00,97.85437041005031
2011-11-30 11:00:00,119.63539161073597
2011-11-30 12:00:00,129.82026036603992
2011-11-30 13:00:00,135.5601483872269
2011-11-30 14:00:00,125.14181850070878
2011-11-30 15:00:00,133.3650294927473
2011-11-30 16:00:00,174.714398770112
2011-11-30 17:00:00,364.9775033114522
2011-11-30 18:00:00,354.5952551557438
2011-11-30 19:00:00,277.4934324257321
2011-11-30 20:00:00,135.75519757714736
2011-11-30 21:00:00,98.09547901470626
2011-11-30 22:00:00,77.84091658640872
2011-11-30 23:00:00,52.78885586094613
2011-12-20 00:00:00,32.24885634100369
2011-12-20 01:00:00,17.736693808197238
2011-12-20 02:00:00,9.433862089007194
2011-12-20 03:00:00,5.381102378177477
2011-12-20 04:00:00,3.8965391215429355
2011-12-20 05:00:00,11.953577938044772
2011-12-20 06:00:00,41.34138660604305
2011-12-20 07:00:00,163.68833344169005
2011-12-20 08:00:00,352.8701374897972
2011-12-20 09:00:00,220.46359095365315
2011-12-20 10:00:00,103.07236151886765
2011-12-20 11:00:00,116.25976650599033
2011-12-20 12:00:00,146.3663856628228
2011-12-20 13:00:00,143.05971977445813
2011-12-20 14:00:00,131.54426179268404
2011-12-20 15:00:00,144.9626585332237
2011-12-20 16:00:00,199.87088378616727
2011-12-20 17:00:00,421.5949374351932
2011-12-20 18:00:00,354.2833570592324
2011-12-20 19:00:00,316.594351119806
2011-12-20 20:00:00,144.54176069105168
2011-12-20 21:00:00,109.03469734178825
2011-12-20 22:00:00,81.7539755722896
2011-12-20 23:00:00,59.39227230684808
2011-12-21 00:00:00,28.98816461012897
2011-12-21 01:00:00,15.655169512156995
2011-12-21 02:00:00,9.21782086969535
2011-12-21 03:00:00,5.248976696759126
2011-12-21 04:00:00,3.7823239877571257
2011-12-21 05:00:00,11.625001967699053
2011-12-21 06:00:00,38.006244451153016
2011-12-21 07:00:00,149.4612384489593
2011-12-21 08:00:00,176.747596270539
2011-12-21 09:00:00,224.25004974426233
2011-12-21 10:00:00,91.59617022200857
2011-12-21 11:00:00,103.96981372712104
2011-12-21 12:00:00,77.60509605599006
2011-12-21 13:00:00,76.1278402598632
2011-12-21 14:00:00,113.70941465720091
2011-12-21 15:00:00,119.50180545314201
2011-12-21 16:00:00,94.02897901742301
2011-12-21 17:00:00,213.65877747766896
2011-12-21 18:00:00,314.875420136391
2011-12-21 19:00:00,306.36005938459624
2011-12-21 20:00:00,148.75105652634727
2011-12-21 21:00:00,126.55789449438684
2011-12-21 22:00:00,100.00702638694699
2011-12-21 23:00:00,68.06073075510675
2011-12-22 00:00:00,39.05080356191249
2011-12-22 01:00:00,18.82709970878989
2011-12-22 02:00:00,11.50249799455562
2011-12-22 03:00:00,6.833676621212122
2011-12-22 04:00:00,4.408615820688837
2011-12-22 05:00:00,13.657177379304487
2011-12-22 06:00:00,43.0562670879995
2011-12-22 07:00:00,169.4889928081518
2011-12-22 08:00:00,306.0504944158795
2011-12-22 09:00:00,231.5780864654297
2011-12-22 10:00:00,105.16477469154442
2011-12-22 11:00:00,124.59353400726795
2011-12-22 12:00:00,162.20366431544193
2011-12-22 13:00:00,154.4889014740683
2011-12-22 14:00:00,142.6264753682055
2011-12-22 15:00:00,153.20495370979862
2011-12-22 16:00:00,195.5381584208532
2011-12-22 17:00:00,418.2814643362296
2011-12-22 18:00:00,394.9710881383998
2011-12-22 19:00:00,343.3717221531767
2011-12-22 20:00:00,101.70178257260777
2011-12-22 21:00:00,78.14582634131884
2011-12-22 22:00:00,48.82697300024705
2011-12-22 23:00:00,38.83602820866138
2011-12-23 00:00:00,22.11630901691298
2011-12-23 01:00:00,11.580571199782257
2011-12-23 02:00:00,6.156733327451838
2011-12-23 03:00:00,3.376888218974954
2011-12-23 04:00:00,2.2205433815563373
2011-12-23 05:00:00,12.877273112694905
2011-12-23 06:00:00,47.98943387087909
2011-12-23 07:00:00,193.8994222947248
2011-12-23 08:00:00,392.8317092617697
2011-12-23 09:00:00,289.1246373046372
2011-12-23 10:00:00,121.13636048532064
2011-12-23 11:00:00,135.83506963817152
2011-12-23 12:00:00,163.62999636010863
2011-12-23 13:00:00,164.42476826344577
2011-12-23 14:00:00,151.80358401555566
2011-12-23 15:00:00,153.42724641314047
2011-12-23 16:00:00,204.14994217558404
2011-12-23 17:00:00,440.05278672664116
2011-12-23 18:00:00,403.6569617798758
2011-12-23 19:00:00,342.8178076308712
2011-12-23 20:00:00,158.52943016065618
2011-12-23 21:00:00,125.3677291041251
2011-12-23 22:00:00,97.16176491631639
2011-12-23 23:00:00,65.81908937736654
2011-12-24 00:00:00,40.05322036893176
2011-12-24 01:00:00,22.397333200888124
2011-12-24 02:00:00,12.965623045333233
2011-12-24 03:00:00,7.440880922609264
2011-12-24 04:00:00,5.43776226075071
2011-12-24 05:00:00,15.840205754449524
2011-12-24 06:00:00,52.48934660917014
2011-12-24 07:00:00,54.158165291033704
2011-12-24 08:00:00,106.57034483050182
2011-12-24 09:00:00,78.53677385512185
2011-12-24 10:00:00,179.15678303927098
2011-12-24 11:00:00,211.97227619308538
2011-12-24 12:00:00,293.23057156344436
2011-12-24 13:00:00,286.78147405902973
2011-12-24 14:00:00,264.8262963048741
2011-12-24 15:00:00,284.15128227650405
2011-12-24 16:00:00,365.53608150925595
2011-12-24 17:00:00,208.3167790177126
2011-12-24 18:00:00,216.8230317745778
2011-12-24 19:00:00,116.9604044087327
2011-12-24 20:00:00,177.97238342423842
2011-12-24 21:00:00,136.44837081092953
2011-12-24 22:00:00,102.12478559403456
2011-12-24 23:00:00,68.20710973148205
2011-12-25 00:00:00,31.789849965827635
2011-12-25 01:00:00,16.53702901158203
2011-12-25 02:00:00,9.513017003267043
2011-12-25 03:00:00,5.612125543546515
2011-12-25 05:00:00,11.850215058712864
2011-12-25 06:00:00,41.003524151712774
2011-12-25 07:00:00,45.22970920187633
2011-12-25 08:00:00,84.75620257980859
2011-12-25 09:00:00,60.05995150233169
2011-12-25 10:00:00,150.7389471987205
2011-12-25 11:00:00,201.775816349219
2011-12-25 12:00:00,209.72564072111624
2011-12-25 13:00:00,235.3240407044445
2011-12-25 14:00:00,223.64587358678088
2011-12-25 15:00:00,239.55460094322402
2011-12-25 16:00:00,320.3471767684671
2011-12-25 17:00:00,200.43141099883408
2011-12-25 18:00:00,174.81711364706126
2011-12-25 19:00:00,102.05158241714722
2011-12-25 20:00:00,184.67048545142546
2011-12-25 21:00:00,137.8387885372228
2011-12-25 22:00:00,94.45397783804627
2011-12-25 23:00:00,62.574301937196225
2011-12-26 00:00:00,30.06319169166128
2011-12-26 01:00:00,18.451124421693716
2011-12-26 02:00:00,12.628525014830522
2011-12-26 04:00:00,5.282553551889602
2011-12-26 05:00:00,15.241633237567815
2011-12-26 06:00:00,52.73355315910025
2011-12-26 07:00:00,60.04525441995779
2011-12-26 08:00:00,115.0727755682211
2011-12-26 09:00:00,80.46761420547844
2011-12-26 10:00:00,157.91599098741088
2011-12-26 11:00:00,174.26353605356644
2011-12-26 12:00:00,246.18364083308106
2011-12-26 13:00:00,266.96548204496713
2011-12-26 14:00:00,244.5817619659975
2011-12-26 15:00:00,264.1840280642635
2011-12-26 16:00:00,317.75922884685383
2011-12-26 17:00:00,203.26447436415668
2011-12-26 18:00:00,188.29745630418606
2011-12-26 19:00:00,99.49661768878666
2011-12-26 20:00:00,178.4778317684965
2011-12-26 21:00:00,133.70420450744243
2011-12-26 22:00:00,104.82969502712629
2011-12-26 23:00:00,61.43938057435371
2011-12-27 00:00:00,27.07782441000158
2011-12-27 01:00:00,14.333517167337206
2011-12-27 02:00:00,8.329185892893909
2011-12-27 03:00:00,4.421193717770624
2011-12-27 04:00:00,3.1001699068222486
2011-12-27 05:00:00,9.63665189624426
2011-12-27 06:00:00,33.93972175278806
2011-12-27 07:00:00,135.22822167033615
2011-12-27 08:00:00,293.6349505111118
2011-12-27 09:00:00,133.67866651677227
2011-12-27 10:00:00,90.42951992591358
2011-12-27 11:00:00,63.525545021102985
2011-12-27 12:00:00,73.98905109080644
2011-12-27 13:00:00,70.49599790513484
2011-12-27 14:00:00,70.47473361497744
2011-12-27 15:00:00,74.67717059476949
2011-12-27 16:00:00,96.82115152267602
2011-12-27 17:00:00,231.2331640607596
2011-12-27 18:00:00,325.164087034263
2011-12-27 19:00:00,267.60848115680994
2011-12-27 20:00:00,130.2891717656282
2011-12-27 21:00:00,101.98256112191139
2011-12-27 22:00:00,79.90774208938761
2011-12-27 23:00:00,51.99612204867279
2011-12-28 00:00:00,29.155985753582442
2011-12-28 01:00:00,15.952903675869965
2011-12-28 02:00:00,9.576971637926295
2011-12-28 03:00:00,5.468624781210749
2011-12-28 05:00:00,10.435082063025698
2011-12-28 06:00:00,41.83048624790734
2011-12-28 07:00:00,168.06539217910267
2011-12-28 08:00:00,276.39070929273106
2011-12-28 09:00:00,224.56850968690114
2011-12-28 10:00:00,97.2004758458534
2011-12-28 11:00:00,110.2405131028779
2011-12-28 12:00:00,114.23989313482913
2011-12-28 13:00:00,116.74519810164097
2011-12-28 14:00:00,109.19029858002548
2011-12-28 15:00:00,115.78623368546683
2011-12-28 16:00:00,149.61331665299684
2011-12-28 17:00:00,349.8338974071123
2011-12-28 18:00:00,315.0119286796939
2011-12-28 19:00:00,246.44672399807956
2011-12-28 20:00:00,121.46641693105117
2011-12-28 21:00:00,94.14902982428787
2011-12-28 22:00:00,74.00941666328299
2011-12-28 23:00:00,47.97468411957575
2011-12-29 00:00:00,26.320211646023907
2011-12-29 01:00:00,14.778197134281918
2011-12-29 02:00:00,8.682514880701632
2011-12-29 03:00:00,4.171035691005577
2011-12-29 04:00:00,3.4284889377859775
2011-12-29 05:00:00,10.715428550615842
2011-12-29 06:00:00,37.556728676120585
2011-12-29 07:00:00,146.46297807254666
2011-12-29 08:00:00,263.78801936566134
2011-12-29 09:00:00,186.46633190440025
2011-12-29 10:00:00,77.77623530453424
2011-12-29 11:00:00,90.94416997852414
2011-12-29 12:00:00,121.68142748002381
2011-12-29 13:00:00,120.6114413179006
2011-12-29 14:00:00,127.42656261725082
2011-12-29 15:00:00,132.397124395746
2011-12-29 16:00:00,179.81244818023814
2011-12-29 17:00:00,396.73499065865707
2011-12-29 18:00:00,370.2290753257546
2011-12-29 19:00:00,315.3997808544573
2011-12-29 20:00:00,134.43052704862785
2011-12-29 21:00:00,97.40295956063578
2011-12-29 22:00:00,80.35543623291794
2011-12-29 23:00:00,59.964852573865855
2011-12-30 00:00:00,31.950075934381836
2011-12-30 01:00:00,17.293189702187167
2011-12-30 02:00:00,9.05077496780957
2011-12-30 03:00:00,5.146815388444431
2011-12-30 04:00:00,3.7226250835906933
2011-12-30 05:00:00,11.092874411161352
2011-12-30 06:00:00,39.38046001087543
2011-12-30 07:00:00,156.0612395072287
2011-12-30 08:00:00,276.3124794162331
2011-12-30 09:00:00,264.125530328598
2011-12-30 10:00:00,97.11884956875353
2011-12-30 11:00:00,124.86028268505875
2011-12-30 12:00:00,157.50193493686703
2011-12-30 13:00:00,147.53111086516873
2011-12-30 14:00:00,158.71718961025877
2011-12-30 15:00:00,185.40807603373494
2011-12-30 16:00:00,225.90620360998432
2011-12-30 17:00:00,473.45232111328625
2011-12-30 18:00:00,400.2656247994264
2011-12-30 19:00:00,309.7692023820082
2011-12-30 20:00:00,154.53508185681338
2011-12-30 21:00:00,119.12113907500773
2011-12-30 22:00:00,90.75097366101394
2011-12-30 23:00:00,60.61716185490593
2011-12-31 00:00:00,41.938991673866084
2011-12-31 01:00:00,24.165235291817687
2011-12-31 02:00:00,14.31097891721025
2011-12-31 03:00:00,8.363831258970773
2011-12-31 04:00:00,6.092670527842964
2011-12-31 05:00:00,15.16533018894799
2011-12-31 06:00:00,61.79432076468012
2011-12-31 07:00:00,40.4655759534929
2011-12-31 08:00:00,117.69129575400827
2011-12-31 09:00:00,95.1276895495562
2011-12-31 10:00:00,222.34256189884806
2011-12-31 11:00:00,256.5063196625405
2011-12-31 12:00:00,376.3434091240827
2011-12-31 13:00:00,345.68431262200795
2011-12-31 14:00:00,286.6726506620952
2011-12-31 15:00:00,294.1725096824329
2011-12-31 16:00:00,385.6745960611561
2011-12-31 17:00:00,255.71522131568378
2011-12-31 18:00:00,236.95907423853728
2011-12-31 19:00:00,128.6285042125613
2011-12-31 20:00:00,224.44092792335647
2011-12-31 21:00:00,171.6777751240537
2011-12-31 22:00:00,126.97281436245429
2011-12-31 23:00:00,81.2976803658029
2012-01-20 00:00:00,26.446894995984565
2012-01-20 01:00:00,15.388642648852947
2012-01-20 02:00:00,8.971143093578272
2012-01-20 03:00:00,4.563652850722497
2012-01-20 04:00:00,3.1496882390781478
2012-01-20 05:00:00,9.85495253357592
2012-01-20 06:00:00,33.375449585874094
2012-01-20 07:00:00,132.34748240753171
2012-01-20 08:00:00,251.43986199191696
2012-01-20 09:00:00,165.99895669349632
2012-01-20 10:00:00,75.31840142569804
2012-01-20 11:00:00,77.99013120158061
2012-01-20 12:00:00,94.96956863576668
2012-01-20 13:00:00,111.69434756069376
2012-01-20 14:00:00,95.89908642397015
2012-01-20 15:00:00,103.98886500680072
2012-01-20 16:00:00,134.66249459897406
2012-01-20 17:00:00,314.0334262790308
2012-01-20 18:00:00,285.42736378655303
2012-01-20 19:00:00,239.20984808234098
2012-01-20 20:00:00,118.47176331661909
2012-01-20 21:00:00,90.25841846526727
2012-01-20 22:00:00,61.60949123800194
2012-01-20 23:00:00,23.32517331580794
2012-01-21 00:00:00,15.158365657450108
2012-01-21 01:00:00,9.403138712118635
2012-01-21 02:00:00,4.7887822366827875
2012-01-21 03:00:00,2.064239961675018
2012-01-21 04:00:00,1.3990909640379345
2012-01-21 05:00:00,5.278994137344647
2012-01-21 06:00:00,18.879112710298045
2012-01-21 07:00:00,21.156203084390768
2012-01-21 08:00:00,64.38788510835232
2012-01-21 09:00:00,46.32431928631619
2012-01-21 10:00:00,66.42295646452712
2012-01-21 11:00:00,142.198007220989
2012-01-21 12:00:00,174.13613010518378
2012-01-21 13:00:00,149.6078723300383
2012-01-21 14:00:00,87.32509258300585
2012-01-21 15:00:00,92.51826528252039
2012-01-21 16:00:00,187.97667932672508
2012-01-21 17:00:00,116.72137076324572
2012-01-21 18:00:00,108.01484552415359
2012-01-21 19:00:00,59.050291654676215
2012-01-21 20:00:00,105.45238160171166
2012-01-21 21:00:00,87.60977049844371
2012-01-21 22:00:00,64.60192070376984
2012-01-21 23:00:00,42.80058047030636
2012-01-22 00:00:00,22.151960852358002
2012-01-22 01:00:00,11.016725328285688
2012-01-22 02:00:00,6.339919678620833
2012-01-22 03:00:00,3.555603109845947
2012-01-22 04:00:00,1.1142551361094553
2012-01-22 05:00:00,4.693213595471082
2012-01-22 06:00:00,28.77527364515015
2012-01-22 07:00:00,32.185938396209465
2012-01-22 08:00:00,61.3921114212175
2012-01-22 09:00:00,44.15613552804682
2012-01-22 10:00:00,100.77948591398368
2012-01-22 11:00:00,70.09194936757298
2012-01-22 12:00:00,138.01627957615378
2012-01-22 13:00:00,136.9102079613341
2012-01-22 14:00:00,125.95068819430051
2012-01-22 15:00:00,132.95998626844266
2012-01-22 16:00:00,172.13111774228506
2012-01-22 17:00:00,111.05714114687164
2012-01-22 18:00:00,61.785336371344435
2012-01-22 19:00:00,34.01858435130176
2012-01-22 20:00:00,59.21822608598068
2012-01-22 21:00:00,45.93327661894254
2012-01-22 22:00:00,56.76087723558884
2012-01-22 23:00:00,37.89734844983665
2012-01-23 00:00:00,19.22569600312366
2012-01-23 01:00:00,9.804272166617647
2012-01-23 02:00:00,5.573512285524733
2012-01-23 03:00:00,3.0957923213704506
2012-01-23 04:00:00,2.197283009724656
2012-01-23 05:00:00,7.2169150131886965
2012-01-23 06:00:00,25.858646850040603
2012-01-23 07:00:00,65.26174829545323
2012-01-23 08:00:00,120.86425460946498
2012-01-23 09:00:00,141.15491736457244
2012-01-23 10:00:00,58.723388940417664
2012-01-23 11:00:00,65.71588124810383
2012-01-23 12:00:00,81.27592199656662
2012-01-23 13:00:00,48.31433823703574
2012-01-23 14:00:00,43.712599542201865
2012-01-23 15:00:00,72.94621339052162
2012-01-23 16:00:00,97.88096875831577
2012-01-23 17:00:00,222.8994805656596
2012-01-23 18:00:00,204.42321979692267
2012-01-23 19:00:00,187.99905986601476
2012-01-23 20:00:00,89.91237285783805
2012-01-23 21:00:00,67.19595291058347
2012-01-23 22:00:00,52.57781462725288
2012-01-23 23:00:00,35.459700867907785
2012-01-24 00:00:00,19.162342817103898
2012-01-24 01:00:00,11.669565912403469
2012-01-24 02:00:00,6.769089384698773
2012-01-24 03:00:00,3.821779617220919
2012-01-24 04:00:00,2.649559920226577
2012-01-24 05:00:00,8.54669300923224
2012-01-24 06:00:00,30.19768422330367
2012-01-24 07:00:00,123.54518741185257
2012-01-24 08:00:00,233.15451198644718
2012-01-24 09:00:00,173.5355861190316
2012-01-24 10:00:00,76.16776182694063
2012-01-24 11:00:00,87.58187173915233
2012-01-24 12:00:00,105.57193985656882
2012-01-24 13:00:00,103.18063605553198
2012-01-24 14:00:00,95.62976078931482
2012-01-24 15:00:00,112.62790108221606
2012-01-24 16:00:00,156.60792838562344
2012-01-24 17:00:00,364.29563648677316
2012-01-24 18:00:00,336.54662831310844
2012-01-24 19:00:00,296.44982494804736
2012-01-24 20:00:00,119.77192248241225
2012-01-24 21:00:00,93.86135664529226
2012-01-24 22:00:00,71.05074171364815
2012-01-24 23:00:00,48.21502636400861
2012-01-25 00:00:00,25.14934568465263
2012-01-25 01:00:00,12.050850582022596
2012-01-25 02:00:00,6.986018504971351
2012-01-25 03:00:00,3.8021523726085995
2012-01-25 04:00:00,2.6589963087131765
2012-01-25 05:00:00,8.571377164573306
2012-01-25 06:00:00,27.854453950372697
2012-01-25 07:00:00,112.22777942789423
2012-01-25 08:00:00,213.3512910508045
2012-01-25 09:00:00,154.1362139991681
2012-01-25 10:00:00,65.20651899437874
2012-01-25 11:00:00,76.6721086245704
2012-01-25 12:00:00,117.72384361262388
2012-01-25 13:00:00,117.21366358798666
2012-01-25 14:00:00,108.99635663931755
2012-01-25 15:00:00,119.02786030522907
2012-01-25 16:00:00,145.5123218649293
2012-01-25 17:00:00,330.6614983400519
2012-01-25 18:00:00,290.00353186602007
2012-01-25 19:00:00,248.3181614276386
2012-01-25 20:00:00,120.80078840260072
2012-01-25 21:00:00,95.55375593308432
2012-01-25 22:00:00,73.41745845189546
2012-01-25 23:00:00,46.84478951152741
2012-01-26 00:00:00,23.130275950137165
2012-01-26 01:00:00,13.98126301938504
2012-01-26 02:00:00,6.9005252121931395
2012-01-26 03:00:00,4.468812137008158
2012-01-26 04:00:00,3.5426187488239993
2012-01-26 05:00:00,9.928502668983109
2012-01-26 06:00:00,34.837206666052374
2012-01-26 07:00:00,137.7803105881011
2012-01-26 08:00:00,259.9176361959676
2012-01-26 09:00:00,191.90326183428476
2012-01-26 10:00:00,78.39712840263296
2012-01-26 11:00:00,87.72862671751108
2012-01-26 12:00:00,108.6128396741023
2012-01-26 13:00:00,120.6892077049093
2012-01-26 14:00:00,115.38260254507529
2012-01-26 15:00:00,122.4927463920057
2012-01-26 16:00:00,158.88350263863455
2012-01-26 17:00:00,369.57780705263536
2012-01-26 18:00:00,337.1471935468078
2012-01-26 19:00:00,273.74977423991214
2012-01-26 20:00:00,130.5149319024314
2012-01-26 21:00:00,102.9719678577684
2012-01-26 22:00:00,79.29469927492156
2012-01-26 23:00:00,54.52116337560327
2012-01-27 00:00:00,30.71587864469241
2012-01-27 01:00:00,16.141983896128934
2012-01-27 02:00:00,10.162355847913783
2012-01-27 03:00:00,5.164032293727605
2012-01-27 04:00:00,3.6064461460004686
2012-01-27 05:00:00,11.195128851373681
2012-01-27 06:00:00,38.16309297414994
2012-01-27 07:00:00,154.8104370239689
2012-01-27 08:00:00,215.46765565221511
2012-01-27 09:00:00,155.66792761794406
2012-01-27 10:00:00,57.39116838456399
2012-01-27 11:00:00,107.65359776808849
2012-01-27 12:00:00,149.27970443393423
2012-01-27 13:00:00,156.52200376663438
2012-01-27 14:00:00,142.80328512289665
2012-01-27 15:00:00,143.68159655020412
2012-01-27 16:00:00,174.53411237765198
2012-01-27 17:00:00,392.72114250535475
2012-01-27 18:00:00,366.04236502108125
2012-01-27 19:00:00,283.77466046933375
2012-01-27 20:00:00,139.0228055769717
2012-01-27 21:00:00,91.70137064667074
2012-01-27 22:00:00,84.10998541981537
2012-01-27 23:00:00,49.649355374034705
2012-01-28 00:00:00,33.32119154958587
2012-01-28 01:00:00,20.48749659859431
2012-01-28 02:00:00,12.157888300506851
2012-01-28 03:00:00,6.050203293436139
2012-01-28 04:00:00,4.3377687211913525
2012-01-28 05:00:00,11.423605173637172
2012-01-28 06:00:00,40.82284245036329
2012-01-28 07:00:00,44.83314037249282
2012-01-28 08:00:00,82.48790833023008
2012-01-28 09:00:00,60.45232621128458
2012-01-28 10:00:00,152.72463597837174
2012-01-28 11:00:00,203.23480250350224
2012-01-28 12:00:00,209.46613211802372
2012-01-28 13:00:00,234.9669465669702
2012-01-28 14:00:00,226.59047806577968
2012-01-28 15:00:00,261.8326390196075
2012-01-28 16:00:00,339.7660575370802
2012-01-28 17:00:00,214.6391926972669
2012-01-28 18:00:00,206.28412888440178
2012-01-28 19:00:00,98.5871840050928
2012-01-28 20:00:00,194.57474069580596
2012-01-28 21:00:00,136.40253879399575
2012-01-28 22:00:00,109.3378116016918
2012-01-28 23:00:00,73.76201662793629
2012-01-29 00:00:00,32.00749755802951
2012-01-29 01:00:00,16.675869405431147
2012-01-29 02:00:00,9.879519243653261
2012-01-29 03:00:00,5.807685636800038
2012-01-29 04:00:00,3.9705429485669805
2012-01-29 05:00:00,10.798660032355558
2012-01-29 06:00:00,38.97320988069661
2012-01-29 07:00:00,43.79581379030251
2012-01-29 08:00:00,73.69072707409173
2012-01-29 09:00:00,52.581072238424795
2012-01-29 10:00:00,139.37100392979798
2012-01-29 11:00:00,172.58785736970734
2012-01-29 12:00:00,237.11162512069933
2012-01-29 13:00:00,231.76878126340918
2012-01-29 14:00:00,212.330730539569
2012-01-29 15:00:00,224.7345648664426
2012-01-29 16:00:00,283.9505596235967
2012-01-29 17:00:00,180.74343514144883
2012-01-29 18:00:00,166.8575469580612
2012-01-29 19:00:00,92.92460708910967
2012-01-29 20:00:00,141.4474460831325
2012-01-29 21:00:00,108.99303271626685
2012-01-29 22:00:00,85.39213473877949
2012-01-29 23:00:00,56.73776066472356
2012-01-30 00:00:00,23.34479878697124
2012-01-30 01:00:00,11.937916468013729
2012-01-30 02:00:00,6.470156747991697
2012-01-30 03:00:00,3.7491493017106645
2012-01-30 04:00:00,2.62774756704362
2012-01-30 05:00:00,8.489635214813651
2012-01-30 06:00:00,29.889030543868085
2012-01-30 07:00:00,119.97291309184027
2012-01-30 08:00:00,203.89986187378057
2012-01-30 09:00:00,147.2957656294998
2012-01-30 10:00:00,69.18667159041456
2012-01-30 11:00:00,93.2105570345112
2012-01-30 12:00:00,103.99046085011268
2012-01-30 13:00:00,107.79738320689503
2012-01-30 14:00:00,114.91598936695321
2012-01-30 15:00:00,120.35363960168368
2012-01-30 16:00:00,155.71591314897557
2012-01-30 17:00:00,357.96918364635974
2012-01-30 18:00:00,326.49152623486737
2012-01-30 19:00:00,261.5217875635421
2012-01-30 20:00:00,128.74446003248386
2012-01-30 21:00:00,98.10521028986544
2012-01-30 22:00:00,66.40505896595054
2012-01-30 23:00:00,43.0407925952329
2012-01-31 00:00:00,23.876178317539125
2012-01-31 01:00:00,12.871224729131828
2012-01-31 02:00:00,7.568605289154897
2012-01-31 03:00:00,4.194196631647491
2012-01-31 04:00:00,2.959525683554428
2012-01-31 05:00:00,9.35751624560745
2012-01-31 06:00:00,32.749448921818626
2012-01-31 07:00:00,127.81742372026665
2012-01-31 08:00:00,245.86498266479686
2012-01-31 09:00:00,179.24073999154388
2012-01-31 10:00:00,77.75110701293495
2012-01-31 11:00:00,110.80238274141801
2012-01-31 12:00:00,131.6719080176986
2012-01-31 13:00:00,134.90221312965897
2012-01-31 14:00:00,140.11839163933
2012-01-31 15:00:00,147.25809342350183
2012-01-31 16:00:00,190.61012287142717
2012-01-31 17:00:00,435.24341900505084
2012-01-31 18:00:00,405.7626990147156
2012-01-31 19:00:00,341.1038101400794
2012-01-31 20:00:00,140.90722074850757
2012-01-31 21:00:00,111.59229728155084
2012-01-31 22:00:00,86.74703465713523
2012-01-31 23:00:00,58.23337120563753
2012-02-20 00:00:00,27.392095701124287
2012-02-20 01:00:00,14.451808557226396
2012-02-20 02:00:00,8.401156488665356
2012-02-20 03:00:00,4.744315018296791
2012-02-20 05:00:00,10.769063651281655
2012-02-20 06:00:00,36.18544365420122
2012-02-20 07:00:00,38.23936830168395
2012-02-20 08:00:00,75.86256498491566
2012-02-20 09:00:00,54.62909031977154
2012-02-20 10:00:00,124.59075892719166
2012-02-20 11:00:00,180.57111987366414
2012-02-20 12:00:00,227.58214527890487
2012-02-20 13:00:00,221.39901445099338
2012-02-20 14:00:00,238.17523215314677
2012-02-20 15:00:00,253.41031070913374
2012-02-20 16:00:00,339.51689740503053
2012-02-20 17:00:00,224.08602657054027
2012-02-20 18:00:00,190.35964005975615
2012-02-20 19:00:00,105.7310312273131
2012-02-20 20:00:00,185.25992367647493
2012-02-20 21:00:00,140.93926794329462
2012-02-20 22:00:00,110.23400573952131
2012-02-20 23:00:00,76.67805915523923
2012-02-21 00:00:00,31.578883522208827
2012-02-21 01:00:00,17.207284599176205
2012-02-21 02:00:00,7.955518497177247
2012-02-21 04:00:00,3.133519244816836
2012-02-21 05:00:00,9.631325771555044
2012-02-21 06:00:00,33.1411398521621
2012-02-21 07:00:00,138.5113264457511
2012-02-21 08:00:00,253.1285353495442
2012-02-21 09:00:00,178.99173570406253
2012-02-21 10:00:00,75.40330848760706
2012-02-21 11:00:00,85.73313845013243
2012-02-21 12:00:00,106.09175371204002
2012-02-21 13:00:00,125.97501470053344
2012-02-21 14:00:00,96.7700782149823
2012-02-21 15:00:00,123.18402169260925
2012-02-21 16:00:00,160.5530124024887
2012-02-21 17:00:00,388.67177826371847
2012-02-21 18:00:00,354.5701817987034
2012-02-21 19:00:00,290.88007851388096
2012-02-21 20:00:00,140.75807945491078
2012-02-21 21:00:00,107.75790500372996
2012-02-21 22:00:00,76.30324301640059
2012-02-21 23:00:00,54.912303679375015
2012-02-22 00:00:00,30.437037433636352
2012-02-22 01:00:00,16.158800965778035
2012-02-22 02:00:00,9.269031654114512
2012-02-22 03:00:00,4.903713091844684
2012-02-22 04:00:00,3.8655663745020075
2012-02-22 05:00:00,11.882154054512817
2012-02-22 06:00:00,39.90498121667016
2012-02-22 07:00:00,162.9396486617387
2012-02-22 08:00:00,307.46033598520467
2012-02-22 09:00:00,226.05517707883502
2012-02-22 10:00:00,94.88273403445504
2012-02-22 11:00:00,107.88065290356764
2012-02-22 12:00:00,145.33424014311208
2012-02-22 13:00:00,145.2090477967659
2012-02-22 14:00:00,133.28262573969238
2012-02-22 15:00:00,167.5786147096118
2012-02-22 16:00:00,216.0557818787235
2012-02-22 17:00:00,494.6202653380549
2012-02-22 18:00:00,370.1894518269422
2012-02-22 19:00:00,314.54977895351664
2012-02-22 20:00:00,155.9117512605786
2012-02-22 21:00:00,122.61290575114165
2012-02-22 22:00:00,92.52067405603961
2012-02-22 23:00:00,62.704612445099016
2012-02-23 00:00:00,36.29947846848962
2012-02-23 01:00:00,18.497461921893752
2012-02-23 02:00:00,10.909160603138089
2012-02-23 03:00:00,3.520877302215097
2012-02-23 04:00:00,4.670699296772062
2012-02-23 05:00:00,13.833685846317355
2012-02-23 06:00:00,40.85514158165019
2012-02-23 07:00:00,165.84662247526174
2012-02-23 08:00:00,308.954387163125
2012-02-23 09:00:00,225.25999781364905
2012-02-23 10:00:00,113.16586430676753
2012-02-23 11:00:00,133.55450799800255
2012-02-23 12:00:00,188.05587368229058
2012-02-23 13:00:00,188.8144494701103
2012-02-23 14:00:00,174.83364937953826
2012-02-23 15:00:00,193.39542238965123
2012-02-23 16:00:00,260.61320257713174
2012-02-23 17:00:00,563.730964208523
2012-02-23 18:00:00,510.7783135930924
2012-02-23 19:00:00,429.8471164821007
2012-02-23 20:00:00,181.0273780281969
2012-02-23 21:00:00,132.9177213001819
2012-02-23 22:00:00,102.47028671069754
2012-02-23 23:00:00,73.45112374503398
2012-02-24 00:00:00,40.21442718498182
2012-02-24 01:00:00,21.964091113391877
2012-02-24 02:00:00,6.646642541485274
2012-02-24 03:00:00,7.165484983679383
2012-02-24 04:00:00,5.14422452890884
2012-02-24 05:00:00,13.858674849464622
2012-02-24 06:00:00,47.95102981226539
2012-02-24 07:00:00,195.48435255117178
2012-02-24 08:00:00,336.68517514230956
2012-02-24 09:00:00,144.1732757483579
2012-02-24 10:00:00,61.53810610610011
2012-02-24 11:00:00,113.72074482746459
2012-02-24 12:00:00,158.03089358160614
2012-02-24 13:00:00,158.35916629179434
2012-02-24 14:00:00,148.59073003395633
2012-02-24 15:00:00,89.5601565569157
2012-02-24 16:00:00,116.04077885015906
2012-02-24 17:00:00,264.7271876381518
2012-02-24 18:00:00,397.77750548319915
2012-02-24 19:00:00,335.1400561843368
2012-02-24 20:00:00,173.7432190840144
2012-02-24 21:00:00,130.3832260683485
2012-02-24 22:00:00,107.6069360382382
2012-02-24 23:00:00,65.82228457168593
2012-02-25 00:00:00,43.61439468246863
2012-02-25 01:00:00,23.600763439099495
2012-02-25 02:00:00,14.14924797144708
2012-02-25 03:00:00,7.19594925252246
2012-02-25 04:00:00,5.278470695209014
2012-02-25 05:00:00,14.545653880569727
2012-02-25 06:00:00,49.814110522137995
2012-02-25 07:00:00,56.60261011306064
2012-02-25 08:00:00,110.40398323418857
2012-02-25 09:00:00,34.53697367923682
2012-02-25 10:00:00,173.63866912115878
2012-02-25 11:00:00,196.8688767278897
2012-02-25 12:00:00,243.7491804226678
2012-02-25 13:00:00,246.25170002294058
2012-02-25 14:00:00,226.16730110136552
2012-02-25 15:00:00,247.070885201442
2012-02-25 16:00:00,310.15925205159084
2012-02-25 17:00:00,203.85088381150027
2012-02-25 18:00:00,178.6369582757247
2012-02-25 19:00:00,101.29363266839522
2012-02-25 20:00:00,173.61812756867872
2012-02-25 21:00:00,127.25599058043088
2012-02-25 22:00:00,85.82972200443575
2012-02-25 23:00:00,57.6141420649459
2012-02-26 00:00:00,32.05982878957816
2012-02-26 01:00:00,16.97407363825941
2012-02-26 02:00:00,9.935747643148568
2012-02-26 03:00:00,5.959379826660719
2012-02-26 04:00:00,4.325993470613107
2012-02-26 05:00:00,12.671763807026325
2012-02-26 06:00:00,38.15732633064171
2012-02-26 07:00:00,41.99672419240338
2012-02-26 08:00:00,80.43252405297736
2012-02-26 09:00:00,66.17667674340754
2012-02-26 10:00:00,171.45941303277115
2012-02-26 11:00:00,189.70944288589945
2012-02-26 12:00:00,268.10144110193795
2012-02-26 13:00:00,273.32236070173667
2012-02-26 14:00:00,256.7084086204107
2012-02-26 15:00:00,275.2898585027641
2012-02-26 16:00:00,331.5496023455079
2012-02-26 17:00:00,211.8227041723248
2012-02-26 18:00:00,188.36075427272195
2012-02-26 19:00:00,108.1488257386283
2012-02-26 20:00:00,183.99668795241402
2012-02-26 21:00:00,141.12194723069328
2012-02-26 22:00:00,97.69490615856728
2012-02-26 23:00:00,63.47240801944251
2012-02-27 00:00:00,27.08745759435874
2012-02-27 01:00:00,14.11341651801381
2012-02-27 02:00:00,7.963728301467633
2012-02-27 03:00:00,4.080723040599975
2012-02-27 04:00:00,2.8532613413827757
2012-02-27 05:00:00,9.079544908044701
2012-02-27 06:00:00,32.100766885096334
2012-02-27 07:00:00,134.62947874354322
2012-02-27 08:00:00,268.27879518046865
2012-02-27 09:00:00,201.17120399920475
2012-02-27 10:00:00,98.0816448478685
2012-02-27 11:00:00,112.47378815793152
2012-02-27 12:00:00,154.75634289392295
2012-02-27 13:00:00,149.17870031104493
2012-02-27 14:00:00,141.534300723424
2012-02-27 15:00:00,169.68634289495847
2012-02-27 16:00:00,220.0041721466668
2012-02-27 17:00:00,501.1744839809
2012-02-27 18:00:00,451.01848923429714
2012-02-27 19:00:00,382.87921957192077
2012-02-27 20:00:00,165.24351616260083
2012-02-27 21:00:00,128.22648797629438
2012-02-27 22:00:00,98.72600395173825
2012-02-27 23:00:00,66.37229752038184
2012-02-28 00:00:00,36.52679573939521
2012-02-28 01:00:00,17.555467830423787
2012-02-28 02:00:00,11.496566114115412
2012-02-28 03:00:00,6.628135746390094
2012-02-28 04:00:00,3.4989124679198307
2012-02-28 05:00:00,10.768469937594997
2012-02-28 06:00:00,37.34697099463983
2012-02-28 07:00:00,151.2332725429736
2012-02-28 08:00:00,283.19581787136934
2012-02-28 09:00:00,202.91443868855785
2012-02-28 10:00:00,87.51505343588288
2012-02-28 11:00:00,114.70284410933853
2012-02-28 12:00:00,144.30379440528435
2012-02-28 13:00:00,142.3731082912519
2012-02-28 14:00:00,151.14304700826878
2012-02-28 15:00:00,162.03103484705375
2012-02-28 16:00:00,208.46368644371026
2012-02-28 17:00:00,474.95173263426284
2012-02-28 18:00:00,422.3506501373473
2012-02-28 19:00:00,376.70549045475815
2012-02-28 20:00:00,175.54939138366052
2012-02-28 21:00:00,113.96426014555365
2012-02-28 22:00:00,89.32110493292699
2012-02-28 23:00:00,57.097529330848246
2012-02-29 00:00:00,32.41065022569077
2012-02-29 01:00:00,17.39881949325007
2012-02-29 02:00:00,8.553837771061174
2012-02-29 03:00:00,5.43249988524355
2012-02-29 05:00:00,10.307403642086848
2012-02-29 06:00:00,37.95099261996521
2012-02-29 07:00:00,132.63016180845332
2012-02-29 08:00:00,257.2852211161173
2012-02-29 09:00:00,125.79734653243094
2012-02-29 10:00:00,52.58850448378512
2012-02-29 11:00:00,52.120092345295106
2012-02-29 12:00:00,67.546021434119
2012-02-29 13:00:00,105.83468622676334
2012-02-29 14:00:00,97.6841458416067
2012-02-29 15:00:00,122.8644105632252
2012-02-29 16:00:00,100.63607834737454
2012-02-29 17:00:00,366.69163951877306
2012-02-29 18:00:00,217.95596793210345
2012-02-29 19:00:00,288.5051476108396
2012-02-29 20:00:00,86.39733829133888
2012-02-29 21:00:00,66.35165043712416
2012-02-29 22:00:00,49.77608378189547
2012-02-29 23:00:00,33.17547151020547
2012-03-20 00:00:00,39.84448162632861
2012-03-20 01:00:00,22.479217330631204
2012-03-20 02:00:00,12.952224568169038
2012-03-20 03:00:00,7.204668005153266
2012-03-20 04:00:00,4.984654037043488
2012-03-20 05:00:00,14.933768960284493
2012-03-20 06:00:00,48.879747695315466
2012-03-20 07:00:00,120.13753696340547
2012-03-20 08:00:00,381.7459056106852
2012-03-20 09:00:00,275.168200369316
2012-03-20 10:00:00,122.31159323745986
2012-03-20 11:00:00,143.73477721175112
2012-03-20 12:00:00,171.20712170429178
2012-03-20 13:00:00,170.00921442387548
2012-03-20 14:00:00,150.06658652303426
2012-03-20 15:00:00,183.98706577316457
2012-03-20 16:00:00,247.89170347471764
2012-03-20 17:00:00,492.33525356560483
2012-03-20 18:00:00,447.4018785606061
2012-03-20 19:00:00,390.0471684222191
2012-03-20 20:00:00,196.18397237631527
2012-03-20 21:00:00,151.97888694050206
2012-03-20 22:00:00,117.52055702498586
2012-03-20 23:00:00,76.38627668877734
2012-03-21 00:00:00,41.87402183790889
2012-03-21 01:00:00,22.127991826149024
2012-03-21 02:00:00,12.67407591488363
2012-03-21 03:00:00,6.731239901541358
2012-03-21 04:00:00,5.010401855199793
2012-03-21 05:00:00,14.722296010459827
2012-03-21 06:00:00,42.66072859983664
2012-03-21 07:00:00,107.56443861858503
2012-03-21 08:00:00,207.97477263521276
2012-03-21 09:00:00,272.8658169099934
2012-03-21 10:00:00,116.71493640162531
2012-03-21 11:00:00,132.4452053184545
2012-03-21 12:00:00,173.17005537591479
2012-03-21 13:00:00,166.2757092655536
2012-03-21 14:00:00,156.1494929520198
2012-03-21 15:00:00,165.3892733210473
2012-03-21 16:00:00,231.88033787394141
2012-03-21 17:00:00,515.4068481076306
2012-03-21 18:00:00,481.45909105704817
2012-03-21 19:00:00,475.35876816071243
2012-03-21 20:00:00,191.27736678087777
2012-03-21 21:00:00,144.120910905238
2012-03-21 22:00:00,109.82348845489804
2012-03-21 23:00:00,79.28636149312464
2012-03-22 00:00:00,44.076940120855696
2012-03-22 01:00:00,23.53218869170825
2012-03-22 02:00:00,13.925822051578285
2012-03-22 03:00:00,8.128278462672565
2012-03-22 04:00:00,4.512753386416935
2012-03-22 05:00:00,13.420523396273097
2012-03-22 06:00:00,46.13639421505268
2012-03-22 07:00:00,185.06216440669135
2012-03-22 08:00:00,401.1534987807583
2012-03-22 09:00:00,290.05759494855977
2012-03-22 10:00:00,119.85250723919697
2012-03-22 11:00:00,142.08109345079438
2012-03-22 12:00:00,168.944511656897
2012-03-22 13:00:00,187.07784184753555
2012-03-22 14:00:00,173.44520003739473
2012-03-22 15:00:00,204.38891997038925
2012-03-22 16:00:00,269.37257970727353
2012-03-22 17:00:00,615.8828498408268
2012-03-22 18:00:00,561.8971850200526
2012-03-22 19:00:00,504.17718069197775
2012-03-22 20:00:00,191.32408316338717
2012-03-22 21:00:00,153.44626571953975
2012-03-22 22:00:00,117.37639596036276
2012-03-22 23:00:00,80.89442288103463
2012-03-23 00:00:00,50.205301680523945
2012-03-23 01:00:00,26.400078132059186
2012-03-23 02:00:00,15.2821459463696
2012-03-23 03:00:00,8.793969607007567
2012-03-23 04:00:00,5.9008182947990235
2012-03-23 05:00:00,17.55488990908443
2012-03-23 06:00:00,60.733153036429144
2012-03-23 07:00:00,230.77386711697363
2012-03-23 08:00:00,433.46946247698696
2012-03-23 09:00:00,321.63200911458654
2012-03-23 10:00:00,137.6655700088424
2012-03-23 11:00:00,159.6686348802597
2012-03-23 12:00:00,225.0056139846342
2012-03-23 13:00:00,243.5551837343654
2012-03-23 14:00:00,224.1717098804649
2012-03-23 15:00:00,235.5482540694956
2012-03-23 16:00:00,302.3206198114719
2012-03-23 17:00:00,684.1639795115741
2012-03-23 18:00:00,657.4346464674293
2012-03-23 19:00:00,541.0426189140832
2012-03-23 20:00:00,271.79032331083096
2012-03-23 21:00:00,204.435648554004
2012-03-23 22:00:00,151.40413138793232
2012-03-23 23:00:00,87.9442994957291
2012-03-24 00:00:00,62.775687505364154
2012-03-24 01:00:00,32.332096034484124
2012-03-24 02:00:00,18.920359499274447
2012-03-24 03:00:00,11.182819007057228
2012-03-24 04:00:00,8.08021321645857
2012-03-24 05:00:00,20.87287333862363
2012-03-24 06:00:00,70.49590565982768
2012-03-24 07:00:00,77.9705370825839
2012-03-24 08:00:00,142.5924673332286
2012-03-24 09:00:00,108.28486720487533
2012-03-24 10:00:00,240.64519947126306
2012-03-24 11:00:00,267.55702120522636
2012-03-24 12:00:00,201.36709559703152
2012-03-24 13:00:00,195.2807064981656
2012-03-24 14:00:00,178.53624293528554
2012-03-24 15:00:00,182.45398103659153
2012-03-24 16:00:00,243.6671819979942
2012-03-24 17:00:00,160.98588087004308
2012-03-24 18:00:00,127.2971534147265
2012-03-24 19:00:00,72.26549730907631
2012-03-24 20:00:00,121.9650520610354
2012-03-24 21:00:00,93.76145800676369
2012-03-24 22:00:00,72.28816651205877
2012-03-24 23:00:00,78.70379729532435
2012-03-25 00:00:00,38.85762442873317
2012-03-25 01:00:00,20.433745374971927
2012-03-25 02:00:00,7.0548233402783165
2012-03-25 03:00:00,4.01408144173487
2012-03-25 04:00:00,5.091532599503139
2012-03-25 05:00:00,14.931334476533587
2012-03-25 06:00:00,51.07478547219896
2012-03-25 07:00:00,56.92574965032377
2012-03-25 08:00:00,107.90485552017294
2012-03-25 09:00:00,79.38467113461222
2012-03-25 10:00:00,182.41980547475325
2012-03-25 11:00:00,206.72607136392662
2012-03-25 12:00:00,252.87111841554307
2012-03-25 13:00:00,256.1624101413028
2012-03-25 14:00:00,237.05149544786548
2012-03-25 15:00:00,249.0787761336371
2012-03-25 16:00:00,374.73888384755816
2012-03-25 17:00:00,267.2938082253192
2012-03-25 18:00:00,243.81443996588635
2012-03-25 19:00:00,129.77334124643838
2012-03-25 20:00:00,198.97719916313403
2012-03-25 21:00:00,155.55061860745252
2012-03-25 22:00:00,120.88963029789794
2012-03-25 23:00:00,81.21487335508859
2012-03-26 00:00:00,33.42037772128227
2012-03-26 01:00:00,18.482379428401625
2012-03-26 02:00:00,10.712168650578697
2012-03-26 03:00:00,6.348361819735326
2012-03-26 04:00:00,4.655695223478677
2012-03-26 05:00:00,14.014207363456133
2012-03-26 06:00:00,46.87833638829256
2012-03-26 07:00:00,194.06393819161224
2012-03-26 08:00:00,373.7508473020331
2012-03-26 09:00:00,278.67802252203296
2012-03-26 10:00:00,126.75824423379593
2012-03-26 11:00:00,129.13401538717636
2012-03-26 12:00:00,158.35635546365626
2012-03-26 13:00:00,149.96180617139407
2012-03-26 14:00:00,145.74932429413562
2012-03-26 15:00:00,149.57519804682886
2012-03-26 16:00:00,194.37041239465597
2012-03-26 17:00:00,463.81472120097277
2012-03-26 18:00:00,419.7301448364037
2012-03-26 19:00:00,366.28305935229304
2012-03-26 20:00:00,170.3395234439475
2012-03-26 21:00:00,124.41803946567727
2012-03-26 22:00:00,95.54143272435311
2012-03-26 23:00:00,54.94991964521004
2012-03-27 00:00:00,29.990007472506004
2012-03-27 01:00:00,16.096196496656614
2012-03-27 02:00:00,9.734947615594079
2012-03-27 03:00:00,5.513774193461496
2012-03-27 04:00:00,3.5038996950328247
2012-03-27 05:00:00,10.761487823894173
2012-03-27 06:00:00,38.187323722644535
2012-03-27 07:00:00,153.68468453220189
2012-03-27 08:00:00,283.19188907155626
2012-03-27 09:00:00,210.24752201819499
2012-03-27 10:00:00,96.13199420493844
2012-03-27 11:00:00,125.71953105445539
2012-03-27 12:00:00,152.9883073364009
2012-03-27 13:00:00,158.73276342302023
2012-03-27 14:00:00,161.41438189390556
2012-03-27 15:00:00,179.65616269828055
2012-03-27 16:00:00,232.4816854363435
2012-03-27 17:00:00,533.8067616961602
2012-03-27 18:00:00,473.21145341404855
2012-03-27 19:00:00,411.4165116314712
2012-03-27 20:00:00,196.79841484186082
2012-03-27 21:00:00,123.38951018193721
2012-03-27 22:00:00,97.49813362793651
2012-03-27 23:00:00,64.26179943726962
2012-03-28 00:00:00,34.68148256183703
2012-03-28 01:00:00,18.0036405012376
2012-03-28 02:00:00,10.486546302926293
2012-03-28 03:00:00,6.115210801553284
2012-03-28 04:00:00,4.459612899011882
2012-03-28 05:00:00,13.281515973267007
2012-03-28 06:00:00,44.549435764726994
2012-03-28 07:00:00,180.21374375940852
2012-03-28 08:00:00,356.4248181747667
2012-03-28 09:00:00,270.2803049640917
2012-03-28 10:00:00,115.9956123907169
2012-03-28 11:00:00,149.85801335534612
2012-03-28 12:00:00,176.29558036677517
2012-03-28 13:00:00,183.2220162080435
2012-03-28 14:00:00,190.06441832783003
2012-03-28 15:00:00,190.29290795045196
2012-03-28 16:00:00,161.29069033328992
2012-03-28 17:00:00,585.2936485220033
2012-03-28 18:00:00,533.9849561117269
2012-03-28 19:00:00,460.4058302264836
2012-03-28 20:00:00,219.42793408487717
2012-03-28 21:00:00,148.96937490154102
2012-03-28 22:00:00,118.90189133721812
2012-03-28 23:00:00,78.58241994897965
2012-03-29 00:00:00,45.422945055872724
2012-03-29 01:00:00,25.334567829831993
2012-03-29 02:00:00,18.226735326905164
2012-03-29 03:00:00,9.457884864132208
2012-03-29 04:00:00,6.68524924199787
2012-03-29 05:00:00,18.688897629599264
2012-03-29 06:00:00,53.13242322935192
2012-03-29 07:00:00,211.84339309754688
2012-03-29 08:00:00,397.5975692084481
2012-03-29 09:00:00,287.2499624145403
2012-03-29 10:00:00,119.96656600343465
2012-03-29 11:00:00,156.3685575204173
2012-03-29 12:00:00,187.77684540168238
2012-03-29 13:00:00,168.23401934040166
2012-03-29 14:00:00,175.59553401160272
2012-03-29 15:00:00,188.04393477650805
2012-03-29 16:00:00,247.43431246774827
2012-03-29 17:00:00,548.1845551286706
2012-03-29 18:00:00,509.47879530297433
2012-03-29 19:00:00,384.4156468296626
2012-03-29 20:00:00,187.6720146452221
2012-03-29 21:00:00,142.09845535679244
2012-03-29 22:00:00,111.18454215937773
2012-03-29 23:00:00,73.54915951397074
2012-03-30 00:00:00,44.42764144184269
2012-03-30 01:00:00,22.116212141538412
2012-03-30 02:00:00,12.13253724596945
2012-03-30 03:00:00,7.136921113196223
2012-03-30 04:00:00,5.422617169706486
2012-03-30 05:00:00,15.373813935856514
2012-03-30 06:00:00,52.522786740575846
2012-03-30 07:00:00,209.54453222224967
2012-03-30 08:00:00,384.4716407396887
2012-03-30 09:00:00,286.1095748776438
2012-03-30 10:00:00,114.49552609147385
2012-03-30 11:00:00,134.57229345642358
2012-03-30 12:00:00,174.63863351918397
2012-03-30 13:00:00,114.56082140353459
2012-03-30 14:00:00,104.49273826515636
2012-03-30 15:00:00,110.93758936376742
2012-03-30 16:00:00,129.84902110337185
2012-03-30 17:00:00,479.40806169620095
2012-03-30 18:00:00,481.7442091985296
2012-03-30 19:00:00,395.49136940781955
2012-03-30 20:00:00,196.78205824973452
2012-03-30 21:00:00,141.65447249207514
2012-03-30 22:00:00,102.16477998469317
2012-03-30 23:00:00,70.86225947761352
2012-03-31 00:00:00,46.053471179178715
2012-03-31 01:00:00,25.051295003192784
2012-03-31 02:00:00,14.590759150376831
2012-03-31 03:00:00,8.982701229769571
2012-03-31 04:00:00,6.441381294468001
2012-03-31 05:00:00,19.14174260237454
2012-03-31 06:00:00,53.753609743567516
2012-03-31 07:00:00,60.025465007475766
2012-03-31 08:00:00,112.8361653685817
2012-03-31 09:00:00,95.19683625119903
2012-03-31 10:00:00,221.75703356923427
2012-03-31 11:00:00,272.84926724183487
2012-03-31 12:00:00,348.87384268872
2012-03-31 13:00:00,385.3415980553874
2012-03-31 14:00:00,316.1844289592904
2012-03-31 15:00:00,336.876378622725
2012-03-31 16:00:00,427.94654878623345
2012-03-31 17:00:00,246.0144848195729
2012-03-31 18:00:00,204.24814377278872
2012-03-31 19:00:00,121.47585122902056
2012-03-31 20:00:00,204.9752461467868
2012-03-31 21:00:00,157.7322113968062
2012-03-31 22:00:00,118.5044690098395
2012-03-31 23:00:00,73.36922306800075
2012-04-20 00:00:00,53.610316679754604
2012-04-20 01:00:00,26.713137431029395
2012-04-20 02:00:00,15.529582010162294
2012-04-20 03:00:00,9.35006749912113
2012-04-20 04:00:00,6.765335234580938
2012-04-20 05:00:00,19.879399258110702
2012-04-20 06:00:00,68.46692521622491
2012-04-20 07:00:00,268.39841992694704
2012-04-20 08:00:00,506.5735043008508
2012-04-20 09:00:00,364.9904004170662
2012-04-20 10:00:00,174.949380035356
2012-04-20 11:00:00,208.51798020893884
2012-04-20 12:00:00,263.61348310068496
2012-04-20 13:00:00,295.44309192907826
2012-04-20 14:00:00,271.67180525994536
2012-04-20 15:00:00,287.4217803642393
2012-04-20 16:00:00,377.5584078120919
2012-04-20 17:00:00,821.3913980872461
2012-04-20 18:00:00,737.9246166764898
2012-04-20 19:00:00,647.4200369949266
2012-04-20 20:00:00,279.82603913129446
2012-04-20 21:00:00,209.0910034175218
2012-04-20 22:00:00,158.60418101889636
2012-04-20 23:00:00,107.17443957710489
2012-04-21 00:00:00,68.15443993616303
2012-04-21 01:00:00,36.6358680255325
2012-04-21 02:00:00,22.444772410019283
2012-04-21 03:00:00,12.769629297866983
2012-04-21 04:00:00,9.45552677404038
2012-04-21 05:00:00,26.35006591024128
2012-04-21 06:00:00,89.10318250472272
2012-04-21 07:00:00,97.85854212069593
2012-04-21 08:00:00,187.28544200008818
2012-04-21 09:00:00,141.9743008276637
2012-04-21 10:00:00,373.9806174542909
2012-04-21 11:00:00,415.3579628597312
2012-04-21 12:00:00,525.2502083703696
2012-04-21 13:00:00,521.4457719896074
2012-04-21 14:00:00,491.11876248062345
2012-04-21 15:00:00,534.705249196079
2012-04-21 16:00:00,670.4344400977992
2012-04-21 17:00:00,389.1546425978367
2012-04-21 18:00:00,343.0483420648272
2012-04-21 19:00:00,97.10191728202746
2012-04-21 20:00:00,170.90519059940522
2012-04-21 21:00:00,128.38886561406457
2012-04-21 22:00:00,155.99654580293213
2012-04-21 23:00:00,98.41344283432151
2012-04-22 00:00:00,49.900216921574646
2012-04-22 01:00:00,25.738578799551515
2012-04-22 02:00:00,17.052794418407178
2012-04-22 03:00:00,9.366197083065872
2012-04-22 04:00:00,7.051068173636814
2012-04-22 05:00:00,19.732023501549133
2012-04-22 06:00:00,65.90763025657088
2012-04-22 07:00:00,44.1122509090381
2012-04-22 08:00:00,85.39493107634992
2012-04-22 09:00:00,61.52811658002698
2012-04-22 10:00:00,130.32172474870436
2012-04-22 11:00:00,146.85018683560114
2012-04-22 12:00:00,176.8770408648052
2012-04-22 13:00:00,174.09008870911615
2012-04-22 14:00:00,159.61982085576187
2012-04-22 15:00:00,166.41224013618304
2012-04-22 16:00:00,211.9918451249311
2012-04-22 17:00:00,125.7839937106874
2012-04-22 18:00:00,114.68866468529713
2012-04-22 19:00:00,63.40038025943839
2012-04-22 20:00:00,111.60557266823783
2012-04-22 21:00:00,88.02276580087076
2012-04-22 22:00:00,59.69819003637476
2012-04-22 23:00:00,46.19124572840156
2012-04-23 00:00:00,20.36089230535497
2012-04-23 01:00:00,10.628772010509083
2012-04-23 02:00:00,10.334510157091689
2012-04-23 03:00:00,6.139358335906689
2012-04-23 04:00:00,2.0430622257944826
2012-04-23 05:00:00,6.960187395922333
2012-04-23 06:00:00,40.653593972993754
2012-04-23 07:00:00,102.51855180825648
2012-04-23 08:00:00,311.173952974124
2012-04-23 09:00:00,221.41264673251706
2012-04-23 10:00:00,107.26062928170437
2012-04-23 11:00:00,108.23013611498055
2012-04-23 12:00:00,91.6211332854387
2012-04-23 13:00:00,90.16755892725048
2012-04-23 14:00:00,83.06256646812672
2012-04-23 15:00:00,143.02597274743076
2012-04-23 16:00:00,97.81207038605046
2012-04-23 17:00:00,223.29945409424738
2012-04-23 18:00:00,238.2151661799038
2012-04-23 19:00:00,324.8210945857326
2012-04-23 20:00:00,160.4618482131682
2012-04-23 21:00:00,120.23439399495636
2012-04-23 22:00:00,102.27973523700985
2012-04-23 23:00:00,69.06108341259464
2012-04-24 00:00:00,35.92015882064997
2012-04-24 01:00:00,18.79891887645219
2012-04-24 02:00:00,11.682817553942122
2012-04-24 03:00:00,6.730055790964689
2012-04-24 04:00:00,4.488627762676153
2012-04-24 05:00:00,13.357414438331883
2012-04-24 06:00:00,45.562224446564485
2012-04-24 07:00:00,204.4422725572102
2012-04-24 08:00:00,394.9273594054054
2012-04-24 09:00:00,326.642337249298
2012-04-24 10:00:00,139.9700329458649
2012-04-24 11:00:00,163.33046874450977
2012-04-24 12:00:00,199.87406270569733
2012-04-24 13:00:00,220.7897421242668
2012-04-24 14:00:00,206.3002023007992
2012-04-24 15:00:00,218.0620907426174
2012-04-24 16:00:00,299.30401495610664
2012-04-24 17:00:00,646.8513746395205
2012-04-24 18:00:00,660.0892290490564
2012-04-24 19:00:00,524.2688833115054
2012-04-24 20:00:00,220.9503404674678
2012-04-24 21:00:00,162.94810943988287
2012-04-24 22:00:00,135.18387446411265
2012-04-24 23:00:00,90.01511413297658
2012-04-25 00:00:00,51.50711832647098
2012-04-25 01:00:00,27.263722590580397
2012-04-25 02:00:00,13.142735736489866
2012-04-25 03:00:00,7.252021523729324
2012-04-25 04:00:00,5.403861391982531
2012-04-25 05:00:00,16.075566232109846
2012-04-25 06:00:00,54.814938143645186
2012-04-25 07:00:00,216.094192723392
2012-04-25 08:00:00,394.4031685521052
2012-04-25 09:00:00,354.72462208896764
2012-04-25 10:00:00,180.67311813218512
2012-04-25 11:00:00,198.97324894330313
2012-04-25 12:00:00,237.91578500218878
2012-04-25 13:00:00,238.17504974457006
2012-04-25 14:00:00,214.78556652562895
2012-04-25 15:00:00,242.09803318384016
2012-04-25 16:00:00,297.0002527251289
2012-04-25 17:00:00,677.4644107786065
2012-04-25 18:00:00,620.522222835181
2012-04-25 19:00:00,539.5310757421055
2012-04-25 20:00:00,271.46329823372406
2012-04-25 21:00:00,186.1472083721216
2012-04-25 22:00:00,151.44527515036316
2012-04-25 23:00:00,93.11351060324287
2012-04-26 00:00:00,47.796757731918476
2012-04-26 01:00:00,26.110814956050667
2012-04-26 02:00:00,15.09443710003055
2012-04-26 03:00:00,8.88165352049328
2012-04-26 04:00:00,6.473715292917507
2012-04-26 05:00:00,18.09484847621439
2012-04-26 06:00:00,59.484348831544146
2012-04-26 07:00:00,135.96610314881934
2012-04-26 08:00:00,267.8798649687345
2012-04-26 09:00:00,191.6934899605318
2012-04-26 10:00:00,127.01672742378554
2012-04-26 11:00:00,141.86105478617085
2012-04-26 12:00:00,206.82157703851956
2012-04-26 13:00:00,200.72948996568013
2012-04-26 14:00:00,189.42793249518618
2012-04-26 15:00:00,187.79685965479385
2012-04-26 16:00:00,249.80727849110093
2012-04-26 17:00:00,630.709236201155
2012-04-26 18:00:00,536.1084691745392
2012-04-26 19:00:00,451.6536577004381
2012-04-26 20:00:00,237.55468773847005
2012-04-26 21:00:00,175.9436962960031
2012-04-26 22:00:00,140.21660253846588
2012-04-26 23:00:00,92.45634669387798
2012-04-27 00:00:00,54.47785635241445
2012-04-27 01:00:00,30.400309921354815
2012-04-27 02:00:00,16.04826899889747
2012-04-27 03:00:00,9.546383359327619
2012-04-27 04:00:00,7.652563154927526
2012-04-27 05:00:00,21.019725753119133
2012-04-27 06:00:00,73.04100712792577
2012-04-27 07:00:00,265.8974470324695
2012-04-27 08:00:00,574.4192234390634
2012-04-27 09:00:00,372.16410796457126
2012-04-27 10:00:00,163.05968758636863
2012-04-27 11:00:00,189.41623431117281
2012-04-27 12:00:00,229.94897878798858
2012-04-27 13:00:00,224.98764732144306
2012-04-27 14:00:00,211.05283298272502
2012-04-27 15:00:00,245.80361067789974
2012-04-27 16:00:00,338.6633035461058
2012-04-27 17:00:00,760.171099955515
2012-04-27 18:00:00,688.2002547717179
2012-04-27 19:00:00,575.1818354080061
2012-04-27 20:00:00,252.92697357911817
2012-04-27 21:00:00,192.3539453451746
2012-04-27 22:00:00,150.13610296959877
2012-04-27 23:00:00,99.90691023384186
2012-04-28 00:00:00,62.91524981932954
2012-04-28 01:00:00,30.10603546130896
2012-04-28 02:00:00,18.92644372618328
2012-04-28 03:00:00,10.813116137206482
2012-04-28 04:00:00,8.143183681634653
2012-04-28 05:00:00,23.32036708718711
2012-04-28 06:00:00,76.56732551964483
2012-04-28 07:00:00,86.13318282839944
2012-04-28 08:00:00,179.4641619339071
2012-04-28 09:00:00,127.20264620048135
2012-04-28 10:00:00,276.4159215462856
2012-04-28 11:00:00,318.467773463027
2012-04-28 12:00:00,393.6806939566228
2012-04-28 13:00:00,416.9467810573954
2012-04-28 14:00:00,398.6190667926494
2012-04-28 15:00:00,405.4130358387286
2012-04-28 16:00:00,501.66774995840245
2012-04-28 17:00:00,321.12454675509395
2012-04-28 18:00:00,185.57489874981326
2012-04-28 19:00:00,81.79385419104543
2012-04-28 20:00:00,256.25719658134494
2012-04-28 21:00:00,108.23356798189965
2012-04-28 22:00:00,138.48571500839742
2012-04-28 23:00:00,98.41438912744391
2012-04-29 00:00:00,27.48961551709976
2012-04-29 01:00:00,23.807980202642575
2012-04-29 02:00:00,13.879682239526092
2012-04-29 03:00:00,7.927605195558879
2012-04-29 04:00:00,5.940477273144846
2012-04-29 05:00:00,18.808195373240572
2012-04-29 06:00:00,62.055648542913424
2012-04-29 07:00:00,65.00048867243923
2012-04-29 08:00:00,144.26917133780984
2012-04-29 09:00:00,112.55616613364863
2012-04-29 10:00:00,264.60174457701305
2012-04-29 11:00:00,323.5685671939085
2012-04-29 12:00:00,390.7155837325748
2012-04-29 13:00:00,430.2286944650261
2012-04-29 14:00:00,428.2451606232689
2012-04-29 15:00:00,434.7773660738917
2012-04-29 16:00:00,648.1263588598958
2012-04-29 17:00:00,395.8434938455011
2012-04-29 18:00:00,370.1626812370948
2012-04-29 19:00:00,182.90021965082505
2012-04-29 20:00:00,325.4874583096965
2012-04-29 21:00:00,232.70764264331387
2012-04-29 22:00:00,190.49838303005808
2012-04-29 23:00:00,108.50044830821889
2012-04-30 00:00:00,44.86793658145953
2012-04-30 01:00:00,23.641208853610827
2012-04-30 02:00:00,14.08131068351747
2012-04-30 03:00:00,7.997603685235532
2012-04-30 04:00:00,5.585838904959778
2012-04-30 05:00:00,16.227551707112653
2012-04-30 06:00:00,62.63283163303191
2012-04-30 07:00:00,247.96631380556974
2012-04-30 08:00:00,476.8391217527048
2012-04-30 09:00:00,323.7832336676272
2012-04-30 10:00:00,138.46464249882433
2012-04-30 11:00:00,158.53123878851562
2012-04-30 12:00:00,189.2448088183175
2012-04-30 13:00:00,185.772434041013
2012-04-30 14:00:00,189.32180738638894
2012-04-30 15:00:00,202.5333745136795
2012-04-30 16:00:00,272.60092470827675
2012-04-30 17:00:00,621.8974729518371
2012-04-30 18:00:00,524.4646345936344
2012-04-30 19:00:00,435.711622932871
2012-04-30 20:00:00,217.29890416818918
2012-04-30 21:00:00,167.22928217025802
2012-04-30 22:00:00,133.78996699537265
2012-04-30 23:00:00,88.30763932478469
2012-05-20 00:00:00,85.2269785968444
2012-05-20 01:00:00,47.27506193103617
2012-05-20 02:00:00,28.371410474887934
2012-05-20 03:00:00,16.300915945065398
2012-05-20 04:00:00,11.61912949671291
2012-05-20 05:00:00,31.425536056614042
2012-05-20 06:00:00,106.98991364255023
2012-05-20 07:00:00,115.99886018480109
2012-05-20 08:00:00,232.11727788654323
2012-05-20 09:00:00,196.2311361936004
2012-05-20 10:00:00,446.5731927209123
2012-05-20 11:00:00,499.4446338047685
2012-05-20 12:00:00,607.1353161105459
2012-05-20 13:00:00,602.7359834524854
2012-05-20 14:00:00,539.5256406238713
2012-05-20 15:00:00,531.115599495887
2012-05-20 16:00:00,737.9314625786632
2012-05-20 17:00:00,469.82273381711997
2012-05-20 18:00:00,418.3113603222014
2012-05-20 19:00:00,219.8355719208862
2012-05-20 20:00:00,383.0619511484376
2012-05-20 21:00:00,289.7169620291234
2012-05-20 22:00:00,197.87839574678335
2012-05-20 23:00:00,77.53992080317937
2012-05-21 00:00:00,33.886561864352146
2012-05-21 01:00:00,17.69027834399547
2012-05-21 02:00:00,10.459086575387893
2012-05-21 03:00:00,10.279432610181894
2012-05-21 04:00:00,4.3950365807096174
2012-05-21 05:00:00,13.11259415804171
2012-05-21 06:00:00,45.12986528647252
2012-05-21 07:00:00,181.08907834212837
2012-05-21 08:00:00,345.40211779222835
2012-05-21 09:00:00,251.68184723464222
2012-05-21 10:00:00,104.35121867996952
2012-05-21 11:00:00,199.55221037094182
2012-05-21 12:00:00,236.5268075571547
2012-05-21 13:00:00,144.12218727124832
2012-05-21 14:00:00,135.17368605880336
2012-05-21 15:00:00,265.720559819217
2012-05-21 16:00:00,338.3378173688948
2012-05-21 17:00:00,776.3006956404756
2012-05-21 18:00:00,773.6069305352008
2012-05-21 19:00:00,668.8393834353622
2012-05-21 20:00:00,323.37613045609214
2012-05-21 21:00:00,250.2731717501755
2012-05-21 22:00:00,155.85517561252271
2012-05-21 23:00:00,107.93835490580588
2012-05-22 00:00:00,60.094949749001096
2012-05-22 01:00:00,31.222596600948187
2012-05-22 02:00:00,18.759179985383327
2012-05-22 03:00:00,11.084245442385726
2012-05-22 04:00:00,7.9514437084446605
2012-05-22 05:00:00,13.52031955193022
2012-05-22 06:00:00,47.593949504197276
2012-05-22 07:00:00,190.8155932880641
2012-05-22 08:00:00,571.5006970863814
2012-05-22 09:00:00,424.6403974567335
2012-05-22 10:00:00,181.46407136748468
2012-05-22 11:00:00,210.78289670054798
2012-05-22 12:00:00,243.34607935942586
2012-05-22 13:00:00,286.2824244052163
2012-05-22 14:00:00,257.16587394636053
2012-05-22 15:00:00,303.69790264634247
2012-05-22 16:00:00,390.40399120620515
2012-05-22 17:00:00,930.7471349353108
2012-05-22 18:00:00,799.4566166776413
2012-05-22 19:00:00,646.2065715746159
2012-05-22 20:00:00,309.95760031379734
2012-05-22 21:00:00,210.34186497834372
2012-05-22 22:00:00,169.50044276798357
2012-05-22 23:00:00,113.30826013757991
2012-05-23 00:00:00,61.83497805913368
2012-05-23 01:00:00,33.33615758974489
2012-05-23 02:00:00,18.619072393672266
2012-05-23 03:00:00,12.112889055193714
2012-05-23 04:00:00,4.681836949586187
2012-05-23 05:00:00,13.386153272757007
2012-05-23 06:00:00,82.32457635534216
2012-05-23 07:00:00,342.83685726730937
2012-05-23 08:00:00,645.4396833748597
2012-05-23 09:00:00,434.1056697196833
2012-05-23 10:00:00,190.2446436210323
2012-05-23 11:00:00,258.72695319610085
2012-05-23 12:00:00,291.94074907907094
2012-05-23 13:00:00,275.6893786898886
2012-05-23 14:00:00,281.277373464369
2012-05-23 15:00:00,293.86904168145765
2012-05-23 16:00:00,231.6291564500902
2012-05-23 17:00:00,506.921730232468
2012-05-23 18:00:00,462.4716498151035
2012-05-23 19:00:00,517.3508248176881
2012-05-23 20:00:00,258.5853372937454
2012-05-23 21:00:00,203.81997789786004
2012-05-23 22:00:00,153.10939185711555
2012-05-23 23:00:00,112.8272461872286
2012-05-24 00:00:00,67.24890322618997
2012-05-24 01:00:00,35.761648770066664
2012-05-24 02:00:00,21.900188943339327
2012-05-24 03:00:00,11.795850815999128
2012-05-24 04:00:00,8.639954575022537
2012-05-24 05:00:00,24.216653230061386
2012-05-24 06:00:00,81.42572580573936
2012-05-24 07:00:00,354.58752187217925
2012-05-24 08:00:00,664.1711705023379
2012-05-24 09:00:00,476.6421584468046
2012-05-24 10:00:00,239.18095331463317
2012-05-24 11:00:00,271.8669959764701
2012-05-24 12:00:00,340.90715967460807
2012-05-24 13:00:00,332.6410965016288
2012-05-24 14:00:00,284.83872834420896
2012-05-24 15:00:00,299.28040454620844
2012-05-24 16:00:00,376.5562812421129
2012-05-24 17:00:00,868.7646818723952
2012-05-24 18:00:00,831.4849564138678
2012-05-24 19:00:00,695.6622467268612
2012-05-24 20:00:00,312.6631467197894
2012-05-24 21:00:00,131.25835946564456
2012-05-24 22:00:00,167.88720360173542
2012-05-24 23:00:00,111.78351828399117
2012-05-25 00:00:00,71.10980316726099
2012-05-25 01:00:00,38.708712713963635
2012-05-25 02:00:00,22.23029396240625
2012-05-25 03:00:00,12.680127834091417
2012-05-25 04:00:00,9.761320757625839
2012-05-25 05:00:00,26.493872484000033
2012-05-25 06:00:00,88.51751919087754
2012-05-25 07:00:00,346.84477084090463
2012-05-25 08:00:00,662.7932902667245
2012-05-25 09:00:00,475.6652844044296
2012-05-25 10:00:00,250.0360211492904
2012-05-25 11:00:00,285.83047718632423
2012-05-25 12:00:00,363.2049425369721
2012-05-25 13:00:00,338.26541163351425
2012-05-25 14:00:00,316.1011778618974
2012-05-25 15:00:00,324.8889937616875
2012-05-25 16:00:00,432.2336879758469
2012-05-25 17:00:00,928.2235311163404
2012-05-25 18:00:00,867.1378681441731
2012-05-25 19:00:00,726.5777082418401
2012-05-25 20:00:00,381.87479969524355
2012-05-25 21:00:00,296.38884177792187
2012-05-25 22:00:00,227.32896308167471
2012-05-25 23:00:00,146.83116643914636
2012-05-26 00:00:00,84.63256130760264
2012-05-26 01:00:00,45.971956861452504
2012-05-26 02:00:00,27.077334304580482
2012-05-26 03:00:00,16.320697804570283
2012-05-26 04:00:00,12.151916854348446
2012-05-26 05:00:00,32.68393431973229
2012-05-26 06:00:00,109.70126325330486
2012-05-26 07:00:00,115.78367851438027
2012-05-26 08:00:00,241.13947942402442
2012-05-26 09:00:00,169.7441587561825
2012-05-26 10:00:00,446.50030802362164
2012-05-26 11:00:00,516.7182494020719
2012-05-26 12:00:00,602.9175086119351
2012-05-26 13:00:00,592.6719570927073
2012-05-26 14:00:00,543.0812903960639
2012-05-26 15:00:00,566.0898345926195
2012-05-26 16:00:00,767.105510387665
2012-05-26 17:00:00,465.24200464232877
2012-05-26 18:00:00,430.2419534082471
2012-05-26 19:00:00,226.4835584441649
2012-05-26 20:00:00,412.7356343069331
2012-05-26 21:00:00,328.059592658461
2012-05-26 22:00:00,260.00049729402826
2012-05-26 23:00:00,174.6696144140588
2012-05-27 00:00:00,84.91748821974504
2012-05-27 01:00:00,47.192791735012285
2012-05-27 02:00:00,28.344302784763
2012-05-27 03:00:00,17.23050445015858
2012-05-27 04:00:00,10.709155530456671
2012-05-27 05:00:00,29.629367838871904
2012-05-27 06:00:00,99.90664971146363
2012-05-27 07:00:00,110.31361547964049
2012-05-27 08:00:00,210.17851006321789
2012-05-27 09:00:00,173.0635478281975
2012-05-27 10:00:00,402.3497786720101
2012-05-27 11:00:00,470.7956613044605
2012-05-27 12:00:00,535.3671262013097
2012-05-27 13:00:00,545.5349309336094
2012-05-27 14:00:00,495.96838496948334
2012-05-27 15:00:00,533.8973276398108
2012-05-27 16:00:00,690.3062235320451
2012-05-27 17:00:00,442.09703784135235
2012-05-27 18:00:00,390.1431050845797
2012-05-27 19:00:00,223.24427807661343
2012-05-27 20:00:00,396.46188271766624
2012-05-27 21:00:00,168.6707027457208
2012-05-27 22:00:00,123.12011159079569
2012-05-27 23:00:00,79.63910888506408
2012-05-28 00:00:00,73.13404566050332
2012-05-28 01:00:00,36.538720543422116
2012-05-28 02:00:00,24.099802515414577
2012-05-28 03:00:00,14.637342205176168
2012-05-28 04:00:00,11.152425715333628
2012-05-28 05:00:00,30.788895142893573
2012-05-28 06:00:00,101.32478072739781
2012-05-28 07:00:00,113.15619412791534
2012-05-28 08:00:00,260.75730830017903
2012-05-28 09:00:00,193.8056677867899
2012-05-28 10:00:00,443.0664417680432
2012-05-28 11:00:00,476.71687515815245
2012-05-28 12:00:00,554.0721246732371
2012-05-28 13:00:00,514.4969684241645
2012-05-28 14:00:00,475.16911519633874
2012-05-28 15:00:00,515.0577697082944
2012-05-28 16:00:00,660.7295197641084
2012-05-28 17:00:00,424.3902952743527
2012-05-28 18:00:00,382.92223688944773
2012-05-28 19:00:00,216.6347189924634
2012-05-28 20:00:00,368.97005950105955
2012-05-28 21:00:00,281.264083136767
2012-05-28 22:00:00,225.67334904912084
2012-05-28 23:00:00,157.8545791400642
2012-05-29 00:00:00,69.79297845854609
2012-05-29 01:00:00,37.5276085940352
2012-05-29 02:00:00,22.58675492134722
2012-05-29 03:00:00,13.033809784067474
2012-05-29 04:00:00,9.96740311581858
2012-05-29 05:00:00,27.689056473613682
2012-05-29 06:00:00,92.77597736484765
2012-05-29 07:00:00,369.163259375587
2012-05-29 08:00:00,705.5188667335826
2012-05-29 09:00:00,509.44715081214434
2012-05-29 10:00:00,200.46052234644526
2012-05-29 11:00:00,233.34124115674345
2012-05-29 12:00:00,286.7713321241843
2012-05-29 13:00:00,278.9953414751383
2012-05-29 14:00:00,255.61349610699313
2012-05-29 15:00:00,275.27438828091005
2012-05-29 16:00:00,346.3815626625217
2012-05-29 17:00:00,809.9434943151105
2012-05-29 18:00:00,716.6601033239707
2012-05-29 19:00:00,626.3980097149512
2012-05-29 20:00:00,176.32419631944845
2012-05-29 21:00:00,113.40764603900217
2012-05-29 22:00:00,153.55888223285976
2012-05-29 23:00:00,64.69088282214229
2012-05-30 00:00:00,35.38353363161848
2012-05-30 01:00:00,18.33998151155911
2012-05-30 02:00:00,10.944859200818582
2012-05-30 03:00:00,6.31619681434625
2012-05-30 04:00:00,7.958564392148578
2012-05-30 05:00:00,22.922319226031416
2012-05-30 06:00:00,79.58256407505957
2012-05-30 07:00:00,193.1731399117745
2012-05-30 08:00:00,593.8078165655298
2012-05-30 09:00:00,485.288129741115
2012-05-30 10:00:00,199.73033964880668
2012-05-30 11:00:00,236.8226319534141
2012-05-30 12:00:00,334.25735722606333
2012-05-30 13:00:00,329.647179614896
2012-05-30 14:00:00,303.74579901700065
2012-05-30 15:00:00,311.8159144076003
2012-05-30 16:00:00,400.1169620264024
2012-05-30 17:00:00,883.8432487889752
2012-05-30 18:00:00,790.7083797668181
2012-05-30 19:00:00,695.0965938612114
2012-05-30 20:00:00,277.92476567968254
2012-05-30 21:00:00,263.0954775617239
2012-05-30 22:00:00,198.84328099360349
2012-05-30 23:00:00,135.10310302423727
2012-05-31 00:00:00,77.91094040614855
2012-05-31 01:00:00,42.45389565560615
2012-05-31 02:00:00,25.751851355007847
2012-05-31 03:00:00,15.062711826253008
2012-05-31 04:00:00,11.586097125006555
2012-05-31 05:00:00,29.79663359794907
2012-05-31 06:00:00,88.11455921227916
2012-05-31 07:00:00,406.2874719141082
2012-05-31 08:00:00,769.5555791793108
2012-05-31 09:00:00,581.0011268989006
2012-05-31 10:00:00,244.2218657500514
2012-05-31 11:00:00,287.0570773442065
2012-05-31 12:00:00,356.6321388673015
2012-05-31 13:00:00,338.0778330912069
2012-05-31 14:00:00,311.6523646952447
2012-05-31 15:00:00,319.1600554832642
2012-05-31 16:00:00,414.40373296054446
2012-05-31 17:00:00,973.0317314594427
2012-05-31 18:00:00,881.5626362224298
2012-05-31 19:00:00,785.7156783887331
2012-05-31 20:00:00,370.82219176373735
2012-05-31 21:00:00,285.54005687171247
2012-05-31 22:00:00,219.69814009611778
2012-05-31 23:00:00,143.5128791706291
2012-06-20 00:00:00,69.72807633377188
2012-06-20 01:00:00,37.58040522488476
2012-06-20 02:00:00,22.43392715207343
2012-06-20 03:00:00,13.44486697125147
2012-06-20 04:00:00,10.185444981786612
2012-06-20 05:00:00,28.259420792341633
2012-06-20 06:00:00,75.87626100452793
2012-06-20 07:00:00,310.37025948632424
2012-06-20 08:00:00,667.7702963361061
2012-06-20 09:00:00,502.7560491548976
2012-06-20 10:00:00,221.55265785429089
2012-06-20 11:00:00,250.10225195160538
2012-06-20 12:00:00,308.3680935545439
2012-06-20 13:00:00,310.3204761479727
2012-06-20 14:00:00,284.6650437713211
2012-06-20 15:00:00,321.7728102329476
2012-06-20 16:00:00,404.83701124881406
2012-06-20 17:00:00,935.759247738333
2012-06-20 18:00:00,853.7800343768159
2012-06-20 19:00:00,679.72081780731
2012-06-20 20:00:00,333.20614834431547
2012-06-20 21:00:00,261.34405418656974
2012-06-20 22:00:00,201.75445011551187
2012-06-20 23:00:00,129.1921139533937
2012-06-21 00:00:00,73.9878732425562
2012-06-21 01:00:00,40.38121962096691
2012-06-21 02:00:00,24.375328271381456
2012-06-21 03:00:00,15.18868503462577
2012-06-21 04:00:00,10.775645052799174
2012-06-21 05:00:00,29.682726960940304
2012-06-21 06:00:00,93.5577897352348
2012-06-21 07:00:00,372.249318549534
2012-06-21 08:00:00,754.0275238322859
2012-06-21 09:00:00,542.8285441670872
2012-06-21 10:00:00,239.5516095385175
2012-06-21 11:00:00,277.85729272000816
2012-06-21 12:00:00,339.2731734747275
2012-06-21 13:00:00,349.064334692389
2012-06-21 14:00:00,307.56371974323207
2012-06-21 15:00:00,329.543284374292
2012-06-21 16:00:00,426.1137988876462
2012-06-21 17:00:00,994.9084804473812
2012-06-21 18:00:00,846.782006314919
2012-06-21 19:00:00,719.2625811559554
2012-06-21 20:00:00,349.5036869527205
2012-06-21 21:00:00,260.5203870500827
2012-06-21 22:00:00,197.26822580303963
2012-06-21 23:00:00,137.3226147168052
2012-06-22 00:00:00,75.50619524631949
2012-06-22 01:00:00,41.81579845205276
2012-06-22 02:00:00,25.94297323334345
2012-06-22 03:00:00,15.477682866404397
2012-06-22 04:00:00,11.331889926432591
2012-06-22 05:00:00,30.57861273961418
2012-06-22 06:00:00,104.68430659047607
2012-06-22 07:00:00,436.5203295867447
2012-06-22 08:00:00,837.2283773063613
2012-06-22 09:00:00,583.7140939214325
2012-06-22 10:00:00,242.84136993261487
2012-06-22 11:00:00,292.4926194365422
2012-06-22 12:00:00,357.6461334204384
2012-06-22 13:00:00,354.77837542722807
2012-06-22 14:00:00,327.6356363084922
2012-06-22 15:00:00,339.5859489837822
2012-06-22 16:00:00,462.485116081464
2012-06-22 17:00:00,973.3042429137334
2012-06-22 18:00:00,825.0820375794829
2012-06-22 19:00:00,645.5349410346337
2012-06-22 20:00:00,316.4832987320067
2012-06-22 21:00:00,165.23710986250953
2012-06-22 22:00:00,227.71557438399512
2012-06-22 23:00:00,146.26357654344915
2012-06-23 00:00:00,87.76002538005011
2012-06-23 01:00:00,53.31757391454437
2012-06-23 02:00:00,25.227086060633887
2012-06-23 03:00:00,15.486731371284712
2012-06-23 04:00:00,11.371921941623034
2012-06-23 05:00:00,31.11021476381351
2012-06-23 06:00:00,113.87555723703238
2012-06-23 07:00:00,124.5447314263079
2012-06-23 08:00:00,276.3171162288015
2012-06-23 09:00:00,205.48814298588826
2012-06-23 10:00:00,455.0788078621347
2012-06-23 11:00:00,526.1344635043943
2012-06-23 12:00:00,652.7238541016329
2012-06-23 13:00:00,659.5839446912694
2012-06-23 14:00:00,601.5379323890164
2012-06-23 15:00:00,634.1815519778179
2012-06-23 16:00:00,839.9555502856393
2012-06-23 17:00:00,538.1640007277229
2012-06-23 18:00:00,485.21259755982373
2012-06-23 19:00:00,276.3256656148185
2012-06-23 20:00:00,474.6317485484981
2012-06-23 21:00:00,368.35375456806895
2012-06-23 22:00:00,287.41898852549247
2012-06-23 23:00:00,204.93306611508024
2012-06-24 00:00:00,99.21448907064496
2012-06-24 01:00:00,48.47794594769265
2012-06-24 02:00:00,30.095541051678577
2012-06-24 03:00:00,16.78472809588447
2012-06-24 04:00:00,12.935400048128157
2012-06-24 05:00:00,35.70529315845995
2012-06-24 06:00:00,120.24721596648205
2012-06-24 07:00:00,134.6660637751861
2012-06-24 08:00:00,271.57827473754304
2012-06-24 09:00:00,200.82370592071842
2012-06-24 10:00:00,451.04446572144394
2012-06-24 11:00:00,493.65318278657566
2012-06-24 12:00:00,602.2965498759636
2012-06-24 13:00:00,579.56480549219
2012-06-24 14:00:00,540.245547902906
2012-06-24 15:00:00,588.164788063866
2012-06-24 16:00:00,748.4243105037983
2012-06-24 17:00:00,474.177002970995
2012-06-24 18:00:00,427.210961643522
2012-06-24 19:00:00,231.76924537179283
2012-06-24 20:00:00,398.20093018333097
2012-06-24 21:00:00,298.9566208957351
2012-06-24 22:00:00,241.6638408672685
2012-06-24 23:00:00,160.88924914391083
2012-06-25 00:00:00,71.82245056080089
2012-06-25 01:00:00,38.68297980284508
2012-06-25 02:00:00,22.790429693890736
2012-06-25 03:00:00,13.447284791312665
2012-06-25 04:00:00,9.791511514908095
2012-06-25 05:00:00,28.115697630903508
2012-06-25 06:00:00,80.93896925825483
2012-06-25 07:00:00,368.8111279305606
2012-06-25 08:00:00,710.1764372963611
2012-06-25 09:00:00,522.0665755315937
2012-06-25 10:00:00,216.7714232526175
2012-06-25 11:00:00,245.00364366312664
2012-06-25 12:00:00,279.73931906723016
2012-06-25 13:00:00,300.83104117024214
2012-06-25 14:00:00,274.33957085132766
2012-06-25 15:00:00,280.2732146649082
2012-06-25 16:00:00,378.2710978244286
2012-06-25 17:00:00,860.4191149754923
2012-06-25 18:00:00,774.3508132567343
2012-06-25 19:00:00,653.6189935886371
2012-06-25 20:00:00,336.01206571853106
2012-06-25 21:00:00,265.8545819575624
2012-06-25 22:00:00,204.634104705131
2012-06-25 23:00:00,137.03497254325703
2012-06-26 00:00:00,75.68177154046762
2012-06-26 01:00:00,40.57409580695993
2012-06-26 02:00:00,21.3709011792495
2012-06-26 03:00:00,12.571613249810781
2012-06-26 04:00:00,9.345663652145076
2012-06-26 05:00:00,24.869379926433638
2012-06-26 06:00:00,84.56187864837665
2012-06-26 07:00:00,331.47404910428804
2012-06-26 08:00:00,644.094693885549
2012-06-26 09:00:00,460.0526847767557
2012-06-26 10:00:00,222.52061108656915
2012-06-26 11:00:00,253.81858118399305
2012-06-26 12:00:00,309.4224523128896
2012-06-26 13:00:00,307.5375051043845
2012-06-26 14:00:00,283.9988260058093
2012-06-26 15:00:00,303.19917835389737
2012-06-26 16:00:00,393.12558268736655
2012-06-26 17:00:00,897.6109867095253
2012-06-26 18:00:00,831.956602269509
2012-06-26 19:00:00,731.9865573071006
2012-06-26 20:00:00,350.47787999987946
2012-06-26 21:00:00,271.2729898606779
2012-06-26 22:00:00,209.12530845297786
2012-06-26 23:00:00,140.0885656886379
2012-06-27 00:00:00,77.09114199679658
2012-06-27 01:00:00,42.347408550189186
2012-06-27 02:00:00,22.006889507191147
2012-06-27 03:00:00,13.394243582367086
2012-06-27 04:00:00,11.16347015706104
2012-06-27 05:00:00,30.29030023543601
2012-06-27 06:00:00,88.50158139182382
2012-06-27 07:00:00,394.8761109869977
2012-06-27 08:00:00,735.8967433029839
2012-06-27 09:00:00,538.3538076258646
2012-06-27 10:00:00,238.16326085470348
2012-06-27 11:00:00,257.146599346883
2012-06-27 12:00:00,316.1094889102701
2012-06-27 13:00:00,309.71803692196784
2012-06-27 14:00:00,287.58359393484096
2012-06-27 15:00:00,293.20019270315936
2012-06-27 16:00:00,385.5184374320466
2012-06-27 17:00:00,885.9253620870613
2012-06-27 18:00:00,808.5299487679462
2012-06-27 19:00:00,681.1264724406975
2012-06-27 20:00:00,343.23446069978075
2012-06-27 21:00:00,264.75238437503276
2012-06-27 22:00:00,218.96680982032527
2012-06-27 23:00:00,140.66189235794914
2012-06-28 00:00:00,82.6813322223993
2012-06-28 01:00:00,45.26287546186793
2012-06-28 02:00:00,26.81734181922332
2012-06-28 03:00:00,16.012425938065277
2012-06-28 04:00:00,11.445173476326522
2012-06-28 05:00:00,31.924439967429905
2012-06-28 06:00:00,106.62018402298095
2012-06-28 07:00:00,419.0398151543452
2012-06-28 08:00:00,815.4917331269352
2012-06-28 09:00:00,580.9252830272143
2012-06-28 10:00:00,235.2480405655619
2012-06-28 11:00:00,283.6720654553316
2012-06-28 12:00:00,344.16442621552744
2012-06-28 13:00:00,340.98051614206804
2012-06-28 14:00:00,308.5945592566658
2012-06-28 15:00:00,326.79751796332124
2012-06-28 16:00:00,441.4574435260887
2012-06-28 17:00:00,1001.4088324185788
2012-06-28 18:00:00,896.573452606297
2012-06-28 19:00:00,730.8094568826169
2012-06-28 20:00:00,361.64912731305503
2012-06-28 21:00:00,258.84135674845913
2012-06-28 22:00:00,206.579021203528
2012-06-28 23:00:00,141.81468165158813
2012-06-29 00:00:00,86.21503059200381
2012-06-29 01:00:00,45.67807995306474
2012-06-29 02:00:00,28.081052404004854
2012-06-29 03:00:00,16.78528133418685
2012-06-29 04:00:00,12.409216281465321
2012-06-29 05:00:00,35.05481630659219
2012-06-29 06:00:00,107.9529926581433
2012-06-29 07:00:00,464.2006709426349
2012-06-29 08:00:00,790.7084367831345
2012-06-29 09:00:00,600.9100483648608
2012-06-29 10:00:00,258.0165967506678
2012-06-29 11:00:00,272.1810262939342
2012-06-29 12:00:00,334.08328391452187
2012-06-29 13:00:00,357.7735086839274
2012-06-29 14:00:00,328.994070172857
2012-06-29 15:00:00,369.60591679824364
2012-06-29 16:00:00,477.9744938358466
2012-06-29 17:00:00,1035.4099627900516
2012-06-29 18:00:00,1014.371397272354
2012-06-29 19:00:00,762.0565545694047
2012-06-29 20:00:00,374.15119719257933
2012-06-29 21:00:00,265.4651807376235
2012-06-29 22:00:00,124.37505577796114
2012-06-29 23:00:00,83.38523272560629
2012-06-30 00:00:00,48.01905516334885
2012-06-30 01:00:00,25.26168175370787
2012-06-30 02:00:00,26.116979884158035
2012-06-30 03:00:00,15.584101203532072
2012-06-30 04:00:00,11.534619246080446
2012-06-30 05:00:00,32.85634514884034
2012-06-30 06:00:00,109.66630438872059
2012-06-30 07:00:00,122.34278447776539
2012-06-30 08:00:00,230.89390217812746
2012-06-30 09:00:00,166.8326351898738
2012-06-30 10:00:00,491.8399532742556
2012-06-30 11:00:00,557.698248193698
2012-06-30 12:00:00,676.4748517859691
2012-06-30 13:00:00,661.2734001621837
2012-06-30 14:00:00,610.7478051079747
2012-06-30 15:00:00,646.7162021689705
2012-06-30 16:00:00,860.4391376728056
2012-06-30 17:00:00,546.7229986150504
2012-06-30 18:00:00,509.9314342584761
2012-06-30 19:00:00,257.4676614684283
2012-06-30 20:00:00,443.5688308540433
2012-06-30 21:00:00,341.60133176034935
2012-06-30 22:00:00,259.2185013832171
2012-06-30 23:00:00,177.61624904984754
2012-07-20 00:00:00,40.429663700509266
2012-07-20 01:00:00,36.96485834210657
2012-07-20 02:00:00,20.949174413792502
2012-07-20 03:00:00,12.371052686189726
2012-07-20 04:00:00,9.073291910682345
2012-07-20 05:00:00,25.558389071029488
2012-07-20 06:00:00,85.13094496756321
2012-07-20 07:00:00,336.3296406249055
2012-07-20 08:00:00,742.4915020944227
2012-07-20 09:00:00,546.5339297778789
2012-07-20 10:00:00,228.59089346538536
2012-07-20 11:00:00,162.42089070391603
2012-07-20 12:00:00,194.3839507058004
2012-07-20 13:00:00,193.02482075396915
2012-07-20 14:00:00,174.5069291468512
2012-07-20 15:00:00,285.99729770494673
2012-07-20 16:00:00,368.9421839244439
2012-07-20 17:00:00,700.7077108343042
2012-07-20 18:00:00,774.6215155608638
2012-07-20 19:00:00,571.2686620769765
2012-07-20 20:00:00,169.867933400578
2012-07-20 21:00:00,131.88392293133214
2012-07-20 22:00:00,172.0553241929888
2012-07-20 23:00:00,112.76224591816822
2012-07-21 00:00:00,46.22986411312507
2012-07-21 01:00:00,40.45141545596468
2012-07-21 02:00:00,14.82656754637481
2012-07-21 03:00:00,8.755627442866842
2012-07-21 04:00:00,6.358766337936766
2012-07-21 05:00:00,18.401500643346388
2012-07-21 06:00:00,62.417724694009735
2012-07-21 07:00:00,112.09201637126284
2012-07-21 08:00:00,214.78014497376324
2012-07-21 09:00:00,157.64370206245758
2012-07-21 10:00:00,218.23910928448169
2012-07-21 11:00:00,403.44305035454084
2012-07-21 12:00:00,307.9276039727613
2012-07-21 13:00:00,305.77864159386496
2012-07-21 14:00:00,437.2984387868093
2012-07-21 15:00:00,289.0409472046966
2012-07-21 16:00:00,379.78832436443474
2012-07-21 17:00:00,243.78187753741062
2012-07-21 18:00:00,353.5864797696391
2012-07-21 19:00:00,198.32829503213233
2012-07-21 20:00:00,215.6597590059435
2012-07-21 21:00:00,266.1475784079629
2012-07-21 22:00:00,212.20721895648063
2012-07-21 23:00:00,146.50357609026753
2012-07-22 00:00:00,70.76118742387328
2012-07-22 01:00:00,37.44565057637059
2012-07-22 02:00:00,22.761477838268963
2012-07-22 03:00:00,13.531955804029337
2012-07-22 04:00:00,11.172356855967037
2012-07-22 05:00:00,30.84103197174695
2012-07-22 06:00:00,93.33198053065024
2012-07-22 07:00:00,106.64637635093312
2012-07-22 08:00:00,204.83536395549248
2012-07-22 09:00:00,174.59941606389845
2012-07-22 10:00:00,393.4259504868223
2012-07-22 11:00:00,446.1331638498327
2012-07-22 12:00:00,535.0433907783354
2012-07-22 13:00:00,532.8893308377037
2012-07-22 14:00:00,519.3367093150547
2012-07-22 15:00:00,549.930488662988
2012-07-22 16:00:00,671.8149078665583
2012-07-22 17:00:00,414.84959523597695
2012-07-22 18:00:00,384.46676039570644
2012-07-22 19:00:00,223.85646122018713
2012-07-22 20:00:00,384.63231472676586
2012-07-22 21:00:00,296.4704105920582
2012-07-22 22:00:00,230.65593366435775
2012-07-22 23:00:00,154.20091555127695
2012-07-23 00:00:00,59.425098745729635
2012-07-23 01:00:00,30.993764026615658
2012-07-23 02:00:00,17.514929409454897
2012-07-23 03:00:00,10.323291325743668
2012-07-23 04:00:00,7.564325030612153
2012-07-23 05:00:00,21.402970134947612
2012-07-23 06:00:00,84.93088372632603
2012-07-23 07:00:00,360.4326897224414
2012-07-23 08:00:00,692.4582391881582
2012-07-23 09:00:00,447.47808740683644
2012-07-23 10:00:00,203.31172974615248
2012-07-23 11:00:00,228.96695765108325
2012-07-23 12:00:00,277.85684455614023
2012-07-23 13:00:00,275.91706041143283
2012-07-23 14:00:00,244.03751702938067
2012-07-23 15:00:00,276.94903636846675
2012-07-23 16:00:00,367.9545724607884
2012-07-23 17:00:00,832.4230072566405
2012-07-23 18:00:00,782.618026657722
2012-07-23 19:00:00,626.4198856462009
2012-07-23 20:00:00,303.958388722707
2012-07-23 21:00:00,232.17618943461
2012-07-23 22:00:00,182.61310040568188
2012-07-23 23:00:00,128.6908571926475
2012-07-24 00:00:00,70.23694400010935
2012-07-24 01:00:00,36.98904844059332
2012-07-24 02:00:00,21.894453766533047
2012-07-24 03:00:00,13.00170446287732
2012-07-24 04:00:00,9.927944400089778
2012-07-24 05:00:00,27.473950494337267
2012-07-24 06:00:00,91.34569192270223
2012-07-24 07:00:00,368.69321112530406
2012-07-24 08:00:00,659.8054285352945
2012-07-24 09:00:00,529.1935182443839
2012-07-24 10:00:00,203.87601521560805
2012-07-24 11:00:00,217.80281152734776
2012-07-24 12:00:00,268.7308884334646
2012-07-24 13:00:00,260.4151490815489
2012-07-24 14:00:00,245.25969619908818
2012-07-24 15:00:00,275.1020424969494
2012-07-24 16:00:00,348.81938412676647
2012-07-24 17:00:00,793.5021813783948
2012-07-24 18:00:00,699.8808690056541
2012-07-24 19:00:00,620.6353333366237
2012-07-24 20:00:00,300.02347786353874
2012-07-24 21:00:00,227.36320777083867
2012-07-24 22:00:00,177.01070007400332
2012-07-24 23:00:00,119.82114537336433
2012-07-25 00:00:00,71.45753252501798
2012-07-25 01:00:00,39.44663732418107
2012-07-25 02:00:00,23.14810846997757
2012-07-25 03:00:00,13.56405320879836
2012-07-25 04:00:00,10.121703253210665
2012-07-25 05:00:00,28.553439497172143
2012-07-25 06:00:00,94.84665182321044
2012-07-25 07:00:00,381.532534966699
2012-07-25 08:00:00,756.5650779732861
2012-07-25 09:00:00,550.1007058990245
2012-07-25 10:00:00,238.13693862016825
2012-07-25 11:00:00,273.8967140316068
2012-07-25 12:00:00,332.33845451837885
2012-07-25 13:00:00,313.60279339921556
2012-07-25 14:00:00,294.2605558692082
2012-07-25 15:00:00,312.7888469388195
2012-07-25 16:00:00,399.8666823818102
2012-07-25 17:00:00,938.9409492813688
2012-07-25 18:00:00,836.7189937624026
2012-07-25 19:00:00,695.0911953783402
2012-07-25 20:00:00,330.49983768675236
2012-07-25 21:00:00,266.30949176852226
2012-07-25 22:00:00,199.78351963578865
2012-07-25 23:00:00,128.5249763953506
2012-07-26 00:00:00,75.88896710707817
2012-07-26 01:00:00,40.51719890027394
2012-07-26 02:00:00,23.768541037456924
2012-07-26 03:00:00,14.267132187542133
2012-07-26 04:00:00,10.60383255877697
2012-07-26 05:00:00,29.353858983167516
2012-07-26 06:00:00,95.95343543870858
2012-07-26 07:00:00,384.48007601634293
2012-07-26 08:00:00,679.6162741427383
2012-07-26 09:00:00,514.4685355594364
2012-07-26 10:00:00,213.0895448706746
2012-07-26 11:00:00,241.82277818781876
2012-07-26 12:00:00,302.5271405981893
2012-07-26 13:00:00,295.4858826202032
2012-07-26 14:00:00,281.02017623945983
2012-07-26 15:00:00,299.1348709319302
2012-07-26 16:00:00,386.59784899084895
2012-07-26 17:00:00,842.5507985877849
2012-07-26 18:00:00,794.232578702529
2012-07-26 19:00:00,668.4069171904606
2012-07-26 20:00:00,329.37415399447684
2012-07-26 21:00:00,231.94269161535195
2012-07-26 22:00:00,182.0102787258475
2012-07-26 23:00:00,137.04452614804597
2012-07-27 00:00:00,86.33522075983282
2012-07-27 01:00:00,45.24086610209331
2012-07-27 02:00:00,26.12397556779096
2012-07-27 03:00:00,15.702830239812116
2012-07-27 04:00:00,12.15181845671584
2012-07-27 05:00:00,32.89957950932815
2012-07-27 06:00:00,111.45366080551129
2012-07-27 07:00:00,433.07767177012664
2012-07-27 08:00:00,799.2133266033518
2012-07-27 09:00:00,581.3722728058295
2012-07-27 10:00:00,267.53711436843
2012-07-27 11:00:00,278.21356704582234
2012-07-27 12:00:00,331.46832190652964
2012-07-27 13:00:00,333.9018758005526
2012-07-27 14:00:00,306.4371940456629
2012-07-27 15:00:00,338.39259434945495
2012-07-27 16:00:00,429.0206759657233
2012-07-27 17:00:00,974.3729746401295
2012-07-27 18:00:00,900.0986182209397
2012-07-27 19:00:00,741.81669420937
2012-07-27 20:00:00,363.25567982296246
2012-07-27 21:00:00,279.7090203982153
2012-07-27 22:00:00,217.81462309952235
2012-07-27 23:00:00,148.13405556631005
2012-07-28 00:00:00,96.41299860386198
2012-07-28 01:00:00,54.19874602462569
2012-07-28 02:00:00,33.38533786407852
2012-07-28 03:00:00,20.029256410248934
2012-07-28 04:00:00,13.859692630821884
2012-07-28 05:00:00,38.2664622504107
2012-07-28 06:00:00,133.1805407918505
2012-07-28 07:00:00,147.04317453574373
2012-07-28 08:00:00,263.0389769476244
2012-07-28 09:00:00,197.14946506873193
2012-07-28 10:00:00,447.77186988716045
2012-07-28 11:00:00,535.8651851334431
2012-07-28 12:00:00,643.2959712571503
2012-07-28 13:00:00,617.6032663297852
2012-07-28 14:00:00,580.9167550054915
2012-07-28 15:00:00,627.178862839072
2012-07-28 16:00:00,801.5639743080475
2012-07-28 17:00:00,499.97692138137427
2012-07-28 18:00:00,451.4582008403904
2012-07-28 19:00:00,251.45604289082706
2012-07-28 20:00:00,413.87495901998665
2012-07-28 21:00:00,335.14214133222436
2012-07-28 22:00:00,263.08841827197057
2012-07-28 23:00:00,174.14619858742867
2012-07-29 00:00:00,73.24905120891778
2012-07-29 01:00:00,46.480116090487755
2012-07-29 02:00:00,28.30306453775159
2012-07-29 03:00:00,16.76337539255164
2012-07-29 04:00:00,12.672010735162482
2012-07-29 05:00:00,29.206991231296634
2012-07-29 06:00:00,115.4403335203735
2012-07-29 07:00:00,127.53911268526747
2012-07-29 08:00:00,246.51972998957015
2012-07-29 09:00:00,177.91213135849398
2012-07-29 10:00:00,412.82747500768204
2012-07-29 11:00:00,451.47095316047506
2012-07-29 12:00:00,532.7787034929875
2012-07-29 13:00:00,544.862706247141
2012-07-29 14:00:00,513.9915975097981
2012-07-29 15:00:00,557.8292457109454
2012-07-29 16:00:00,721.2360544523726
2012-07-29 17:00:00,459.7370710044008
2012-07-29 18:00:00,405.7437205158553
2012-07-29 19:00:00,222.551929782959
2012-07-29 20:00:00,378.82523749743586
2012-07-29 21:00:00,302.7424642014625
2012-07-29 22:00:00,240.06346508408416
2012-07-29 23:00:00,165.7754184808896
2012-07-30 00:00:00,71.00968636272968
2012-07-30 01:00:00,39.12498739489921
2012-07-30 02:00:00,23.46864624557386
2012-07-30 03:00:00,13.605839280246101
2012-07-30 04:00:00,10.17780701398232
2012-07-30 05:00:00,27.44616566930375
2012-07-30 06:00:00,90.5323891695634
2012-07-30 07:00:00,370.14277638824257
2012-07-30 08:00:00,659.9202804673151
2012-07-30 09:00:00,471.2125558881694
2012-07-30 10:00:00,189.38305568469252
2012-07-30 11:00:00,228.2450015652928
2012-07-30 12:00:00,276.10953717543856
2012-07-30 13:00:00,291.84849808581936
2012-07-30 14:00:00,265.28937492767085
2012-07-30 15:00:00,278.7433423134594
2012-07-30 16:00:00,357.7087307510739
2012-07-30 17:00:00,785.8297244862739
2012-07-30 18:00:00,691.0105051657464
2012-07-30 19:00:00,639.9083050427757
2012-07-30 20:00:00,308.6208406616908
2012-07-30 21:00:00,239.49058143282832
2012-07-30 22:00:00,172.6069958282708
2012-07-30 23:00:00,124.40520797907682
2012-07-31 00:00:00,69.35490768522702
2012-07-31 01:00:00,36.926797581697436
2012-07-31 02:00:00,22.075341495395417
2012-07-31 03:00:00,13.279348298956897
2012-07-31 04:00:00,9.927944400089778
2012-07-31 05:00:00,27.030023070195675
2012-07-31 06:00:00,77.41969881642437
2012-07-31 07:00:00,354.20834472435047
2012-07-31 08:00:00,689.289001044179
2012-07-31 09:00:00,517.194282550739
2012-07-31 10:00:00,226.78366803374524
2012-07-31 11:00:00,249.3687450710452
2012-07-31 12:00:00,316.2898799529411
2012-07-31 13:00:00,276.84308575696053
2012-07-31 14:00:00,255.64611901161015
2012-07-31 15:00:00,275.8934296713053
2012-07-31 16:00:00,352.6663418923997
2012-07-31 17:00:00,817.5279147320418
2012-07-31 18:00:00,726.1971859889655
2012-07-31 19:00:00,346.499835740202
2012-07-31 20:00:00,182.76676070949222
2012-07-31 21:00:00,233.44823859082885
2012-07-31 22:00:00,183.01492534971783
2012-07-31 23:00:00,115.23310007185525
2012-08-20 00:00:00,57.15392207166521
2012-08-20 01:00:00,32.17506597408372
2012-08-20 02:00:00,19.18430305999997
2012-08-20 03:00:00,11.410980276627797
2012-08-20 04:00:00,8.047878538268687
2012-08-20 05:00:00,23.232674105901772
2012-08-20 06:00:00,76.24933760106524
2012-08-20 07:00:00,297.22251490178206
2012-08-20 08:00:00,572.4907021359668
2012-08-20 09:00:00,496.7281732880809
2012-08-20 10:00:00,204.4525684805125
2012-08-20 11:00:00,249.50659268207838
2012-08-20 12:00:00,287.6576051894089
2012-08-20 13:00:00,301.07003051230794
2012-08-20 14:00:00,279.72195377754184
2012-08-20 15:00:00,289.3073481182803
2012-08-20 16:00:00,374.19588549223903
2012-08-20 17:00:00,828.2420629362421
2012-08-20 18:00:00,580.8538132152489
2012-08-20 19:00:00,501.06510719653517
2012-08-20 20:00:00,237.32205672630133
2012-08-20 21:00:00,214.46482213116715
2012-08-20 22:00:00,157.974541582073
2012-08-20 23:00:00,105.99978241770766
2012-08-21 00:00:00,57.4394622022307
2012-08-21 01:00:00,30.432465644024923
2012-08-21 02:00:00,17.07877603727423
2012-08-21 03:00:00,11.65857022178409
2012-08-21 04:00:00,8.687567574662628
2012-08-21 05:00:00,24.118230155544037
2012-08-21 06:00:00,80.7826463441377
2012-08-21 07:00:00,326.5684553274202
2012-08-21 08:00:00,610.0422402453648
2012-08-21 09:00:00,529.5073456107506
2012-08-21 10:00:00,222.81794859571673
2012-08-21 11:00:00,266.3908491993849
2012-08-21 12:00:00,334.159826944764
2012-08-21 13:00:00,314.597037520752
2012-08-21 14:00:00,286.8701242607363
2012-08-21 15:00:00,311.06930755158106
2012-08-21 16:00:00,402.32124192068494
2012-08-21 17:00:00,804.9944309431683
2012-08-21 18:00:00,779.2026951361969
2012-08-21 19:00:00,325.3590974191634
2012-08-21 20:00:00,322.5775179270593
2012-08-21 21:00:00,248.36091078754652
2012-08-21 22:00:00,167.53999771979227
2012-08-21 23:00:00,110.53554673116818
2012-08-22 00:00:00,60.01016442538795
2012-08-22 01:00:00,33.48354917412133
2012-08-22 02:00:00,19.980407624768894
2012-08-22 03:00:00,11.831119277548796
2012-08-22 04:00:00,8.647048576156374
2012-08-22 05:00:00,25.26413717031207
2012-08-22 06:00:00,84.20917833538151
2012-08-22 07:00:00,330.42413838631654
2012-08-22 08:00:00,711.0849593642006
2012-08-22 09:00:00,541.5961477130865
2012-08-22 10:00:00,226.12255379091627
2012-08-22 11:00:00,259.3168950646488
2012-08-22 12:00:00,312.15456975664756
2012-08-22 13:00:00,300.12094973956937
2012-08-22 14:00:00,279.619890539804
2012-08-22 15:00:00,291.20120349538564
2012-08-22 16:00:00,209.67539365007727
2012-08-22 17:00:00,474.889806595321
2012-08-22 18:00:00,447.5789322821379
2012-08-22 19:00:00,621.3394064117308
2012-08-22 20:00:00,308.45328520143676
2012-08-22 21:00:00,249.9696210443627
2012-08-22 22:00:00,196.17304707241647
2012-08-22 23:00:00,111.99741609112418
2012-08-23 00:00:00,66.65359732206616
2012-08-23 01:00:00,35.201600062919816
2012-08-23 02:00:00,21.025700491378426
2012-08-23 03:00:00,12.156435127937634
2012-08-23 04:00:00,9.308855200180632
2012-08-23 05:00:00,25.966395407652847
2012-08-23 06:00:00,80.82144253741133
2012-08-23 07:00:00,318.1410249062651
2012-08-23 08:00:00,707.7861946330918
2012-08-23 09:00:00,532.7488852693699
2012-08-23 10:00:00,229.16580884127865
2012-08-23 11:00:00,269.50951770289254
2012-08-23 12:00:00,347.18565839250846
2012-08-23 13:00:00,331.3901460154487
2012-08-23 14:00:00,287.214489103496
2012-08-23 15:00:00,311.44262068472085
2012-08-23 16:00:00,396.4317503641121
2012-08-23 17:00:00,890.6065477008132
2012-08-23 18:00:00,803.6670431095364
2012-08-23 19:00:00,738.4598589950467
2012-08-23 20:00:00,349.4322379963653
2012-08-23 21:00:00,266.94624097169645
2012-08-23 22:00:00,197.82191432821273
2012-08-23 23:00:00,133.05723309389725
2012-08-24 00:00:00,80.86697299012353
2012-08-24 01:00:00,42.93659484683283
2012-08-24 02:00:00,27.86474674136405
2012-08-24 03:00:00,16.40821195692218
2012-08-24 04:00:00,11.511491024644807
2012-08-24 05:00:00,28.98091820294276
2012-08-24 06:00:00,89.48989409343105
2012-08-24 07:00:00,362.28443244110485
2012-08-24 08:00:00,792.2944316614207
2012-08-24 09:00:00,604.7756634492335
2012-08-24 10:00:00,249.81593049314168
2012-08-24 11:00:00,275.6184783883888
2012-08-24 12:00:00,338.73683663151905
2012-08-24 13:00:00,335.1832624057011
2012-08-24 14:00:00,327.0074872412948
2012-08-24 15:00:00,317.18684432010366
2012-08-24 16:00:00,410.2276026786015
2012-08-24 17:00:00,896.3240543444417
2012-08-24 18:00:00,837.0126635537792
2012-08-24 19:00:00,728.1610087552494
2012-08-24 20:00:00,343.5356743900195
2012-08-24 21:00:00,271.9176768820739
2012-08-24 22:00:00,222.88637277479407
2012-08-24 23:00:00,142.43445388849213
2012-08-25 00:00:00,99.09778378202024
2012-08-25 01:00:00,52.09076244759831
2012-08-25 02:00:00,30.020338483497227
2012-08-25 03:00:00,19.501058865806264
2012-08-25 04:00:00,13.676685417746006
2012-08-25 05:00:00,36.26936283981017
2012-08-25 06:00:00,103.8034349593706
2012-08-25 07:00:00,114.89573082214012
2012-08-25 08:00:00,248.1327294667523
2012-08-25 09:00:00,180.9417184780683
2012-08-25 10:00:00,417.92825691745367
2012-08-25 11:00:00,478.91416448187005
2012-08-25 12:00:00,362.8973309148483
2012-08-25 13:00:00,577.7702189547487
2012-08-25 14:00:00,326.44239999487945
2012-08-25 15:00:00,529.083060751635
2012-08-25 16:00:00,688.9570686155902
2012-08-25 17:00:00,435.60975611061036
2012-08-25 18:00:00,389.2761556878394
2012-08-25 19:00:00,191.8261762133018
2012-08-25 20:00:00,207.52174805179766
2012-08-25 21:00:00,265.3509186739727
2012-08-25 22:00:00,208.2572878221041
2012-08-25 23:00:00,134.95840136377242
2012-08-26 00:00:00,70.5964226872911
2012-08-26 01:00:00,38.581975193250486
2012-08-26 02:00:00,21.439149280064584
2012-08-26 03:00:00,12.616032785324023
2012-08-26 04:00:00,9.5853433285723
2012-08-26 05:00:00,28.48442036324209
2012-08-26 06:00:00,92.8372061063227
2012-08-26 07:00:00,106.41533057769445
2012-08-26 08:00:00,231.65020512540622
2012-08-26 09:00:00,168.7103680762251
2012-08-26 10:00:00,365.59671694317154
2012-08-26 11:00:00,417.86861803476586
2012-08-26 12:00:00,305.7724519297782
2012-08-26 13:00:00,292.7597356009586
2012-08-26 14:00:00,422.4211068394031
2012-08-26 15:00:00,250.02321985662132
2012-08-26 16:00:00,323.42471698940597
2012-08-26 17:00:00,357.117513060206
2012-08-26 18:00:00,316.92779939999605
2012-08-26 19:00:00,172.876697889546
2012-08-26 20:00:00,320.99477497123826
2012-08-26 21:00:00,253.56661914360345
2012-08-26 22:00:00,197.97806605265254
2012-08-26 23:00:00,134.31014454511572
2012-08-27 00:00:00,61.248767417669384
2012-08-27 01:00:00,31.74919766953073
2012-08-27 02:00:00,18.69214378129408
2012-08-27 03:00:00,11.185777612970403
2012-08-27 04:00:00,8.647067077502749
2012-08-27 05:00:00,23.976864497533196
2012-08-27 06:00:00,80.64192788702455
2012-08-27 07:00:00,375.2150028243599
2012-08-27 08:00:00,689.8274241249709
2012-08-27 09:00:00,497.02763815199256
2012-08-27 10:00:00,211.98862108873752
2012-08-27 11:00:00,229.98444359982412
2012-08-27 12:00:00,297.90888730718524
2012-08-27 13:00:00,282.9993283941295
2012-08-27 14:00:00,274.10316587480895
2012-08-27 15:00:00,268.6558466588697
2012-08-27 16:00:00,351.63948625163914
2012-08-27 17:00:00,830.7878385961482
2012-08-27 18:00:00,737.2772134379953
2012-08-27 19:00:00,593.1417370263059
2012-08-27 20:00:00,293.0605706575864
2012-08-27 21:00:00,234.9558752740403
2012-08-27 22:00:00,179.40241749283717
2012-08-27 23:00:00,121.37820701994026
2012-08-28 00:00:00,65.84036810774457
2012-08-28 01:00:00,35.49506059864574
2012-08-28 02:00:00,21.24828429001064
2012-08-28 03:00:00,11.071359423164964
2012-08-28 04:00:00,9.77007794629916
2012-08-28 05:00:00,25.77107112409135
2012-08-28 06:00:00,73.76619796673242
2012-08-28 07:00:00,343.06427661638753
2012-08-28 08:00:00,639.2243576316506
2012-08-28 09:00:00,463.2105433201669
2012-08-28 10:00:00,203.06490726106156
2012-08-28 11:00:00,235.12420633411577
2012-08-28 12:00:00,288.77726995112823
2012-08-28 13:00:00,288.10287896422466
2012-08-28 14:00:00,269.66746727553215
2012-08-28 15:00:00,290.64085953731984
2012-08-28 16:00:00,375.7432340959931
2012-08-28 17:00:00,830.019385466323
2012-08-28 18:00:00,768.0141503398127
2012-08-28 19:00:00,655.1657989002603
2012-08-28 20:00:00,340.81530001161116
2012-08-28 21:00:00,263.45071426575515
2012-08-28 22:00:00,207.54519885009088
2012-08-28 23:00:00,137.82641023705045
2012-08-29 00:00:00,74.18107194329069
2012-08-29 01:00:00,38.40919719449018
2012-08-29 02:00:00,19.552569429621983
2012-08-29 03:00:00,11.668440737028295
2012-08-29 04:00:00,8.563995675246732
2012-08-29 05:00:00,24.21562171225121
2012-08-29 06:00:00,81.42235408137091
2012-08-29 07:00:00,386.79531422384645
2012-08-29 08:00:00,723.9613657218271
2012-08-29 09:00:00,537.4839913877105
2012-08-29 10:00:00,230.9056764777812
2012-08-29 11:00:00,277.1818992564681
2012-08-29 12:00:00,323.18169866343345
2012-08-29 13:00:00,313.36197054868603
2012-08-29 14:00:00,284.9075432168464
2012-08-29 15:00:00,293.51271857377134
2012-08-29 16:00:00,390.8249839587328
2012-08-29 17:00:00,870.4555025620838
2012-08-29 18:00:00,783.3806236535459
2012-08-29 19:00:00,669.8287104392534
2012-08-29 20:00:00,341.87287633752084
2012-08-29 21:00:00,257.7926207187756
2012-08-29 22:00:00,207.9890888961116
2012-08-29 23:00:00,138.4236840550441
2012-08-30 00:00:00,78.57302007738608
2012-08-30 01:00:00,42.81984855268767
2012-08-30 02:00:00,21.584799841498494
2012-08-30 03:00:00,12.81232747278543
2012-08-30 04:00:00,9.57053469796363
2012-08-30 05:00:00,26.650909126224537
2012-08-30 06:00:00,85.31721158837065
2012-08-30 07:00:00,410.33600411390137
2012-08-30 08:00:00,792.5232816470885
2012-08-30 09:00:00,587.8187825403967
2012-08-30 10:00:00,251.34494444568213
2012-08-30 11:00:00,275.96754069478413
2012-08-30 12:00:00,326.062808110713
2012-08-30 13:00:00,318.40325876825324
2012-08-30 14:00:00,291.73053783205836
2012-08-30 15:00:00,308.28535140586314
2012-08-30 16:00:00,402.2754285560753
2012-08-30 17:00:00,925.9570831247316
2012-08-30 18:00:00,853.0369233882277
2012-08-30 19:00:00,700.3281373432679
2012-08-30 20:00:00,328.5808407913853
2012-08-30 21:00:00,262.4211525981864
2012-08-30 22:00:00,211.37270427148388
2012-08-30 23:00:00,135.820572560265
2012-08-31 00:00:00,79.2807773864925
2012-08-31 01:00:00,42.6911461577058
2012-08-31 02:00:00,22.034232502398503
2012-08-31 03:00:00,13.19811816613985
2012-08-31 04:00:00,9.757550978449178
2012-08-31 05:00:00,26.919524719719025
2012-08-31 06:00:00,84.70539637270524
2012-08-31 07:00:00,344.01450937372283
2012-08-31 08:00:00,792.1761645335091
2012-08-31 09:00:00,584.7265264603029
2012-08-31 10:00:00,247.0856316056591
2012-08-31 11:00:00,300.4375307910089
2012-08-31 12:00:00,371.0453101151735
2012-08-31 13:00:00,355.3268800399981
2012-08-31 14:00:00,340.060676004206
2012-08-31 15:00:00,349.4457636279508
2012-08-31 16:00:00,457.2916171706865
2012-08-31 17:00:00,1041.156447994921
2012-08-31 18:00:00,914.9344717142035
2012-08-31 19:00:00,759.9066281357173
2012-08-31 20:00:00,372.64592537100845
2012-08-31 21:00:00,273.84607447030186
2012-08-31 22:00:00,214.931465145825
2012-08-31 23:00:00,146.39129773361097
2012-09-20 00:00:00,71.64099369331767
2012-09-20 01:00:00,32.08944025409512
2012-09-20 02:00:00,19.211316064942423
2012-09-20 03:00:00,11.443493883687815
2012-09-20 04:00:00,8.26460904731222
2012-09-20 05:00:00,23.234806485861014
2012-09-20 06:00:00,80.42546005737472
2012-09-20 07:00:00,307.7832202283889
2012-09-20 08:00:00,686.4883268603793
2012-09-20 09:00:00,517.1653911348238
2012-09-20 10:00:00,223.03905273119184
2012-09-20 11:00:00,297.0042666283673
2012-09-20 12:00:00,347.80813116860065
2012-09-20 13:00:00,341.22550742724286
2012-09-20 14:00:00,307.44720664822785
2012-09-20 15:00:00,327.74231963311956
2012-09-20 16:00:00,424.4021110450433
2012-09-20 17:00:00,936.6172460725006
2012-09-20 18:00:00,842.398898163719
2012-09-20 19:00:00,628.9791665605802
2012-09-20 20:00:00,311.3530209521582
2012-09-20 21:00:00,235.9580549922502
2012-09-20 22:00:00,184.20828098324026
2012-09-20 23:00:00,125.50848852672218
2012-09-21 00:00:00,78.41151459549191
2012-09-21 01:00:00,41.17371740792753
2012-09-21 02:00:00,24.659243420748517
2012-09-21 03:00:00,14.07023671581671
2012-09-21 04:00:00,10.808433411106956
2012-09-21 05:00:00,29.43692616483903
2012-09-21 06:00:00,97.61385951798658
2012-09-21 07:00:00,398.4018829502119
2012-09-21 08:00:00,741.7752115231949
2012-09-21 09:00:00,546.9208187920326
2012-09-21 10:00:00,257.0485373792748
2012-09-21 11:00:00,297.6066273697321
2012-09-21 12:00:00,367.61066872577936
2012-09-21 13:00:00,363.33043285536235
2012-09-21 14:00:00,323.84695985255956
2012-09-21 15:00:00,349.7669188512569
2012-09-21 16:00:00,455.91615879114426
2012-09-21 17:00:00,996.0193086051162
2012-09-21 18:00:00,903.2662432003816
2012-09-21 19:00:00,756.4500474122308
2012-09-21 20:00:00,369.95527902898647
2012-09-21 21:00:00,246.178666714183
2012-09-21 22:00:00,196.27027446613354
2012-09-21 23:00:00,127.1603782189097
2012-09-22 00:00:00,85.14227346949029
2012-09-22 01:00:00,44.64587552364205
2012-09-22 02:00:00,26.630725812129903
2012-09-22 03:00:00,16.01488491203457
2012-09-22 04:00:00,12.021442743729637
2012-09-22 05:00:00,32.66282070012872
2012-09-22 06:00:00,109.90310064455997
2012-09-22 07:00:00,126.2024165984386
2012-09-22 08:00:00,237.25354729719578
2012-09-22 09:00:00,198.96145583407076
2012-09-22 10:00:00,452.2292717826808
2012-09-22 11:00:00,532.0222156021632
2012-09-22 12:00:00,651.844050635346
2012-09-22 13:00:00,600.5954729896415
2012-09-22 14:00:00,571.9946443412067
2012-09-22 15:00:00,587.9474275271981
2012-09-22 16:00:00,765.4052416502666
2012-09-22 17:00:00,487.81855684693
2012-09-22 18:00:00,470.32435276672084
2012-09-22 19:00:00,264.43053327738454
2012-09-22 20:00:00,458.81382531565066
2012-09-22 21:00:00,346.42246247875397
2012-09-22 22:00:00,274.4521236072868
2012-09-22 23:00:00,188.26354581256234
2012-09-23 00:00:00,95.52606157373225
2012-09-23 01:00:00,42.88371317547366
2012-09-23 02:00:00,26.42038336919101
2012-09-23 03:00:00,13.342860354813405
2012-09-23 04:00:00,10.170304729922124
2012-09-23 05:00:00,27.65153523292872
2012-09-23 06:00:00,91.62747302684072
2012-09-23 07:00:00,104.20296801395779
2012-09-23 08:00:00,192.59908634841779
2012-09-23 09:00:00,160.3962461613842
2012-09-23 10:00:00,386.607410406423
2012-09-23 11:00:00,438.05985163148875
2012-09-23 12:00:00,557.6463011634303
2012-09-23 13:00:00,618.2999519397597
2012-09-23 14:00:00,566.5834639565452
2012-09-23 15:00:00,604.1014273447466
2012-09-23 16:00:00,759.8216894067117
2012-09-23 17:00:00,427.33944538119863
2012-09-23 18:00:00,397.52645553276955
2012-09-23 19:00:00,216.97148439175967
2012-09-23 20:00:00,378.08092823112247
2012-09-23 21:00:00,272.808112561894
2012-09-23 22:00:00,234.44703327957006
2012-09-23 23:00:00,138.865628853122
2012-09-24 00:00:00,56.067498484693296
2012-09-24 01:00:00,30.179691407695387
2012-09-24 02:00:00,17.026929117971907
2012-09-24 03:00:00,10.647419237516965
2012-09-24 04:00:00,7.929350326889995
2012-09-24 05:00:00,23.34679828988548
2012-09-24 06:00:00,79.52678378330695
2012-09-24 07:00:00,298.6704981777734
2012-09-24 08:00:00,649.3790822007721
2012-09-24 09:00:00,474.90946322198135
2012-09-24 10:00:00,202.8969058911688
2012-09-24 11:00:00,240.8858250176143
2012-09-24 12:00:00,286.0400769508899
2012-09-24 13:00:00,321.2924532903545
2012-09-24 14:00:00,325.34003589995183
2012-09-24 15:00:00,339.9721727054931
2012-09-24 16:00:00,363.99548397302453
2012-09-24 17:00:00,880.4148657444724
2012-09-24 18:00:00,750.2807363062058
2012-09-24 19:00:00,630.364421784907
2012-09-24 20:00:00,299.7219513146984
2012-09-24 21:00:00,229.1236314044054
2012-09-24 22:00:00,175.58161749943773
2012-09-24 23:00:00,102.76996250662923
2012-09-25 00:00:00,55.89787986446943
2012-09-25 01:00:00,29.686743745558378
2012-09-25 02:00:00,17.357794238110657
2012-09-25 03:00:00,10.562865962796229
2012-09-25 04:00:00,7.745526326400087
2012-09-25 05:00:00,21.741719383841698
2012-09-25 06:00:00,70.90766700264511
2012-09-25 07:00:00,285.08478468366826
2012-09-25 08:00:00,555.3493812392206
2012-09-25 09:00:00,468.3547315031201
2012-09-25 10:00:00,197.79516503912473
2012-09-25 11:00:00,259.37678819104013
2012-09-25 12:00:00,313.1442089529568
2012-09-25 13:00:00,306.91462203831395
2012-09-25 14:00:00,286.4320992086428
2012-09-25 15:00:00,306.03648064068744
2012-09-25 16:00:00,395.4290729061284
2012-09-25 17:00:00,898.0033189383248
2012-09-25 18:00:00,821.9774432438394
2012-09-25 19:00:00,669.9866020937983
2012-09-25 20:00:00,324.6653745309573
2012-09-25 21:00:00,249.96989100247959
2012-09-25 22:00:00,196.94804870943037
2012-09-25 23:00:00,130.66958831888581
2012-09-26 00:00:00,63.33973179078713
2012-09-26 01:00:00,33.741075897513056
2012-09-26 02:00:00,19.08589096076913
2012-09-26 03:00:00,11.284054119578002
2012-09-26 04:00:00,8.804137966868975
2012-09-26 05:00:00,24.848080209255553
2012-09-26 06:00:00,83.97289868576499
2012-09-26 07:00:00,335.7311186172157
2012-09-26 08:00:00,613.8277172068314
2012-09-26 09:00:00,534.518724674724
2012-09-26 10:00:00,186.93993155912236
2012-09-26 11:00:00,249.86034862913596
2012-09-26 12:00:00,308.2751755472628
2012-09-26 13:00:00,304.6839319601389
2012-09-26 14:00:00,271.30307582585857
2012-09-26 15:00:00,286.18495079521693
2012-09-26 16:00:00,374.9302713574381
2012-09-26 17:00:00,837.4058596309603
2012-09-26 18:00:00,779.2039874937841
2012-09-26 19:00:00,694.3578852570349
2012-09-26 20:00:00,321.73764534402966
2012-09-26 21:00:00,250.66500224209915
2012-09-26 22:00:00,112.69056957925486
2012-09-26 23:00:00,103.77545003901572
2012-09-27 00:00:00,68.02917932001108
2012-09-27 01:00:00,36.56769753607957
2012-09-27 02:00:00,21.856858609625963
2012-09-27 03:00:00,13.312295135770727
2012-09-27 04:00:00,9.086946653253733
2012-09-27 05:00:00,27.29703611054114
2012-09-27 06:00:00,87.82636492999102
2012-09-27 07:00:00,368.6824868585943
2012-09-27 08:00:00,775.2822483598617
2012-09-27 09:00:00,589.6593469123695
2012-09-27 10:00:00,226.72234873734
2012-09-27 11:00:00,265.9647471680431
2012-09-27 12:00:00,311.4373039717109
2012-09-27 13:00:00,315.4162403167672
2012-09-27 14:00:00,287.6258119922211
2012-09-27 15:00:00,311.8885205480505
2012-09-27 16:00:00,374.2548124189875
2012-09-27 17:00:00,820.7700922465922
2012-09-27 18:00:00,763.7230698699311
2012-09-27 19:00:00,715.583075626169
2012-09-27 20:00:00,317.2833468944961
2012-09-27 21:00:00,124.65899400130701
2012-09-27 22:00:00,97.72336992895475
2012-09-27 23:00:00,67.83780845859958
2012-09-28 00:00:00,41.54335393244325
2012-09-28 01:00:00,23.175930288546077
2012-09-28 02:00:00,12.597648352961173
2012-09-28 03:00:00,13.03749262629896
2012-09-28 04:00:00,5.639414539529602
2012-09-28 05:00:00,29.414852297352628
2012-09-28 06:00:00,88.5898880748133
2012-09-28 07:00:00,361.078574236506
2012-09-28 08:00:00,733.4623394601351
2012-09-28 09:00:00,485.3057987225778
2012-09-28 10:00:00,206.4003556660874
2012-09-28 11:00:00,286.1102122332234
2012-09-28 12:00:00,340.85775721702396
2012-09-28 13:00:00,336.15681644851725
2012-09-28 14:00:00,307.6915065339119
2012-09-28 15:00:00,322.57735973089575
2012-09-28 16:00:00,427.9407226882874
2012-09-28 17:00:00,937.9429921413235
2012-09-28 18:00:00,877.322109507026
2012-09-28 19:00:00,458.60410299289026
2012-09-28 20:00:00,232.15018098031987
2012-09-28 21:00:00,177.27045517483313
2012-09-28 22:00:00,195.29031962041842
2012-09-28 23:00:00,130.70472480504742
2012-09-29 00:00:00,90.14565581604003
2012-09-29 01:00:00,48.604130646704235
2012-09-29 02:00:00,27.679249433047858
2012-09-29 03:00:00,16.30189127918506
2012-09-29 04:00:00,12.879524408775067
2012-09-29 05:00:00,35.371384471877754
2012-09-29 06:00:00,116.03368941945752
2012-09-29 07:00:00,112.23867139558027
2012-09-29 08:00:00,238.75242796237518
2012-09-29 09:00:00,179.30018522623638
2012-09-29 10:00:00,418.19145752375954
2012-09-29 11:00:00,477.1125910144182
2012-09-29 12:00:00,664.1769340885833
2012-09-29 13:00:00,649.2514280596156
2012-09-29 14:00:00,619.5159244681578
2012-09-29 15:00:00,650.2127584449697
2012-09-29 16:00:00,830.6677525202653
2012-09-29 17:00:00,528.9937879036137
2012-09-29 18:00:00,433.49034846626824
2012-09-29 19:00:00,233.34648991655192
2012-09-29 20:00:00,403.3749896017256
2012-09-29 21:00:00,315.5618632346696
2012-09-29 22:00:00,243.29622861525235
2012-09-29 23:00:00,166.03152564682017
2012-09-30 00:00:00,84.52103866208213
2012-09-30 01:00:00,45.54304954915047
2012-09-30 02:00:00,23.77765359939783
2012-09-30 03:00:00,13.595440100096107
2012-09-30 04:00:00,10.169848551165492
2012-09-30 05:00:00,28.41418828546558
2012-09-30 06:00:00,92.9052948846554
2012-09-30 07:00:00,104.59092396539675
2012-09-30 08:00:00,198.7717655899046
2012-09-30 09:00:00,164.5945858595722
2012-09-30 10:00:00,396.3848753812153
2012-09-30 11:00:00,505.7722438923023
2012-09-30 12:00:00,594.4264627748446
2012-09-30 13:00:00,587.970206732441
2012-09-30 14:00:00,543.0369961323036
2012-09-30 15:00:00,587.4467392390799
2012-09-30 16:00:00,765.5025762668974
2012-09-30 17:00:00,478.5091783546524
2012-09-30 18:00:00,343.95920593448034
2012-09-30 19:00:00,116.77886340738225
2012-09-30 20:00:00,203.83285229287992
2012-09-30 21:00:00,280.9179304825911
2012-09-30 22:00:00,192.79941883569296
2012-09-30 23:00:00,126.39889539484855
2012-10-20 00:00:00,81.6686372106184
2012-10-20 01:00:00,45.33728166724547
2012-10-20 02:00:00,26.937911618501786
2012-10-20 03:00:00,15.916473029813343
2012-10-20 04:00:00,12.64030034660009
2012-10-20 05:00:00,33.49523623295963
2012-10-20 06:00:00,115.72508456804702
2012-10-20 07:00:00,124.6703424272976
2012-10-20 08:00:00,238.92687252104673
2012-10-20 09:00:00,200.2398943799729
2012-10-20 10:00:00,468.304047981484
2012-10-20 11:00:00,525.2400323885471
2012-10-20 12:00:00,670.6980379916464
2012-10-20 13:00:00,651.1332060567709
2012-10-20 14:00:00,633.575638494881
2012-10-20 15:00:00,664.9680045124052
2012-10-20 16:00:00,798.4199975035248
2012-10-20 17:00:00,524.6448931925693
2012-10-20 18:00:00,469.822215730439
2012-10-20 19:00:00,262.5884434214483
2012-10-20 20:00:00,454.7233083241171
2012-10-20 21:00:00,302.04224511250266
2012-10-20 22:00:00,241.27795702472477
2012-10-20 23:00:00,162.84028466589461
2012-10-21 00:00:00,78.56736422168883
2012-10-21 01:00:00,41.037907318038336
2012-10-21 02:00:00,24.621415298587927
2012-10-21 03:00:00,13.839245842908808
2012-10-21 04:00:00,9.331228356440018
2012-10-21 05:00:00,28.706697811243735
2012-10-21 06:00:00,106.06344660790089
2012-10-21 07:00:00,118.32723057255178
2012-10-21 08:00:00,220.540041233561
2012-10-21 09:00:00,158.77490405190667
2012-10-21 10:00:00,405.22859737316924
2012-10-21 11:00:00,462.31410928095477
2012-10-21 12:00:00,576.425088639127
2012-10-21 13:00:00,579.3384149422001
2012-10-21 14:00:00,546.7750894194746
2012-10-21 15:00:00,558.8239029630922
2012-10-21 16:00:00,736.7244588364672
2012-10-21 17:00:00,457.2633208383123
2012-10-21 18:00:00,423.78165114356744
2012-10-21 19:00:00,235.1793036123723
2012-10-21 20:00:00,357.7010363200196
2012-10-21 21:00:00,267.771676140733
2012-10-21 22:00:00,219.48522603301888
2012-10-21 23:00:00,147.7178596790389
2012-10-22 00:00:00,63.98389171374228
2012-10-22 01:00:00,33.439788030799235
2012-10-22 02:00:00,18.688662228400478
2012-10-22 03:00:00,12.159523640264766
2012-10-22 04:00:00,8.351921905439966
2012-10-22 05:00:00,22.198681551581267
2012-10-22 06:00:00,70.08185004304863
2012-10-22 07:00:00,307.2820614464838
2012-10-22 08:00:00,631.4129468752856
2012-10-22 09:00:00,452.3252628274333
2012-10-22 10:00:00,226.3325470846442
2012-10-22 11:00:00,263.72034089657916
2012-10-22 12:00:00,336.88015447906446
2012-10-22 13:00:00,357.26079498368307
2012-10-22 14:00:00,330.75000915500334
2012-10-22 15:00:00,351.7030104783119
2012-10-22 16:00:00,446.531501007298
2012-10-22 17:00:00,1025.9291193800998
2012-10-22 18:00:00,764.2716993376332
2012-10-22 19:00:00,663.9771501630815
2012-10-22 20:00:00,318.18447010192216
2012-10-22 21:00:00,212.53802171818805
2012-10-22 22:00:00,157.2893882183357
2012-10-22 23:00:00,106.377560620618
2012-10-23 00:00:00,57.072424332018514
2012-10-23 01:00:00,31.646792712057234
2012-10-23 02:00:00,18.33884780509465
2012-10-23 03:00:00,11.217150176984987
2012-10-23 04:00:00,8.403252600912772
2012-10-23 05:00:00,23.746973345138716
2012-10-23 06:00:00,78.36410239866831
2012-10-23 07:00:00,297.6900385421786
2012-10-23 08:00:00,572.3826209713668
2012-10-23 09:00:00,466.8753647624208
2012-10-23 10:00:00,226.56751992914897
2012-10-23 11:00:00,298.59085930497264
2012-10-23 12:00:00,333.16271874477695
2012-10-23 13:00:00,337.66340011617126
2012-10-23 14:00:00,323.6699402560792
2012-10-23 15:00:00,337.39984202174577
2012-10-23 16:00:00,448.0963951953376
2012-10-23 17:00:00,1046.8923028165432
2012-10-23 18:00:00,886.7245653097649
2012-10-23 19:00:00,744.2070586759236
2012-10-23 20:00:00,317.3855538191901
2012-10-23 21:00:00,249.6707495327966
2012-10-23 22:00:00,190.5952428641097
2012-10-23 23:00:00,125.7929301830641
2012-10-24 00:00:00,70.5702401227744
2012-10-24 01:00:00,39.472535888670905
2012-10-24 02:00:00,23.624214180066037
2012-10-24 03:00:00,13.112863566193194
2012-10-24 04:00:00,9.800534110417223
2012-10-24 05:00:00,27.503346990418546
2012-10-24 06:00:00,79.25136047817362
2012-10-24 07:00:00,351.89543496099094
2012-10-24 08:00:00,630.2123621568238
2012-10-24 09:00:00,465.8211607393004
2012-10-24 10:00:00,206.00345367730174
2012-10-24 11:00:00,256.7037024364845
2012-10-24 12:00:00,343.1402678990493
2012-10-24 13:00:00,353.7241506653014
2012-10-24 14:00:00,314.6670247217037
2012-10-24 15:00:00,354.8733657255634
2012-10-24 16:00:00,440.82243560376645
2012-10-24 17:00:00,1032.9424518579792
2012-10-24 18:00:00,950.8425590082041
2012-10-24 19:00:00,716.4310147881257
2012-10-24 20:00:00,342.3378337233018
2012-10-24 21:00:00,262.5533185138899
2012-10-24 22:00:00,206.29114411006913
2012-10-24 23:00:00,121.62786197625184
2012-10-25 00:00:00,82.32633864404964
2012-10-25 01:00:00,42.11497620746219
2012-10-25 02:00:00,24.43511092581731
2012-10-25 03:00:00,12.479330455542504
2012-10-25 04:00:00,9.396923057603276
2012-10-25 05:00:00,25.772752201980385
2012-10-25 06:00:00,85.82842681975626
2012-10-25 07:00:00,341.7390935421343
2012-10-25 08:00:00,658.0973973566637
2012-10-25 09:00:00,472.29319679473485
2012-10-25 10:00:00,204.78622767930364
2012-10-25 11:00:00,234.12246582758087
2012-10-25 12:00:00,288.97128502774916
2012-10-25 13:00:00,290.3697475811056
2012-10-25 14:00:00,278.4607461829811
2012-10-25 15:00:00,339.87304010816825
2012-10-25 16:00:00,382.9180273500278
2012-10-25 17:00:00,866.2236117309596
2012-10-25 18:00:00,773.8842195085277
2012-10-25 19:00:00,640.4856818092044
2012-10-25 20:00:00,291.3887639639011
2012-10-25 21:00:00,224.32569306165067
2012-10-25 22:00:00,183.098814972851
2012-10-25 23:00:00,121.46068280825668
2012-10-26 00:00:00,77.85907020200374
2012-10-26 01:00:00,39.0684369673084
2012-10-26 02:00:00,23.282933727863274
2012-10-26 03:00:00,13.619331181796284
2012-10-26 04:00:00,10.188132327638437
2012-10-26 05:00:00,28.729959908412898
2012-10-26 06:00:00,96.5602416216885
2012-10-26 07:00:00,382.59361420356436
2012-10-26 08:00:00,723.6709150053897
2012-10-26 09:00:00,523.4787731304277
2012-10-26 10:00:00,222.4065015089827
2012-10-26 11:00:00,256.3308701466576
2012-10-26 12:00:00,313.87168615289346
2012-10-26 13:00:00,316.32622608745874
2012-10-26 14:00:00,336.44081350269056
2012-10-26 15:00:00,355.8815396282243
2012-10-26 16:00:00,391.13142737462005
2012-10-26 17:00:00,868.2548609870175
2012-10-26 18:00:00,800.006790114939
2012-10-26 19:00:00,662.7357876381944
2012-10-26 20:00:00,324.92983607141645
2012-10-26 21:00:00,256.6776485088634
2012-10-26 22:00:00,195.38942398428085
2012-10-26 23:00:00,138.64672203063142
2012-10-27 00:00:00,90.93011703525791
2012-10-27 01:00:00,45.985569434842304
2012-10-27 02:00:00,27.141172433891704
2012-10-27 03:00:00,17.470319774482967
2012-10-27 04:00:00,12.274840670174205
2012-10-27 05:00:00,34.06873495772529
2012-10-27 06:00:00,113.62924542792607
2012-10-27 07:00:00,119.09217544927688
2012-10-27 08:00:00,254.51960324204774
2012-10-27 09:00:00,183.93167759901888
2012-10-27 10:00:00,428.5281270643849
2012-10-27 11:00:00,500.1078071239183
2012-10-27 12:00:00,717.1148169484719
2012-10-27 13:00:00,722.0127019832985
2012-10-27 14:00:00,660.9705410952554
2012-10-27 15:00:00,551.0603996917531
2012-10-27 16:00:00,704.1207119868449
2012-10-27 17:00:00,448.7308605224483
2012-10-27 18:00:00,409.3732750392594
2012-10-27 19:00:00,222.74638678418728
2012-10-27 20:00:00,388.12423901314673
2012-10-27 21:00:00,298.87366017098316
2012-10-27 22:00:00,232.75359236658545
2012-10-27 23:00:00,152.66451438752355
2012-10-28 00:00:00,48.172824704254076
2012-10-28 01:00:00,41.39178497538528
2012-10-28 02:00:00,24.995825869708916
2012-10-28 03:00:00,15.008120393718034
2012-10-28 04:00:00,11.155253257581016
2012-10-28 05:00:00,31.299867524070194
2012-10-28 06:00:00,104.99402555695204
2012-10-28 07:00:00,118.06869079673183
2012-10-28 08:00:00,208.39816287263204
2012-10-28 09:00:00,157.8674282007223
2012-10-28 10:00:00,323.4374166881345
2012-10-28 11:00:00,417.67999989370514
2012-10-28 12:00:00,426.11458378842474
2012-10-28 13:00:00,424.81015494012286
2012-10-28 14:00:00,439.764623947907
2012-10-28 15:00:00,454.81255098526856
2012-10-28 16:00:00,323.6931798932187
2012-10-28 17:00:00,196.51582143823265
2012-10-28 18:00:00,171.029654737768
2012-10-28 19:00:00,98.40207002402626
2012-10-28 20:00:00,167.18309921126422
2012-10-28 21:00:00,132.77239747528392
2012-10-28 22:00:00,105.76211631344542
2012-10-28 23:00:00,69.44650061775368
2012-10-29 00:00:00,31.287228307518447
2012-10-30 13:00:00,104.17175998097056
2012-10-30 14:00:00,96.14808614077755
2012-10-30 15:00:00,102.41250634812276
2012-10-30 16:00:00,132.6512738714674
2012-10-30 17:00:00,303.2790913082487
2012-10-30 18:00:00,315.9083385381865
2012-10-30 19:00:00,580.170909329901
2012-10-30 20:00:00,189.09679850439937
2012-10-30 21:00:00,162.5421588890259
2012-10-30 22:00:00,137.78538801223783
2012-10-30 23:00:00,92.41122277996973
2012-10-31 00:00:00,48.4914755603117
2012-10-31 01:00:00,26.040547497678794
2012-10-31 02:00:00,15.332096141471276
2012-10-31 03:00:00,9.022241288601979
2012-10-31 04:00:00,5.631634306599217
2012-10-31 05:00:00,18.995630221118716
2012-10-31 06:00:00,68.05064932021965
2012-10-31 07:00:00,252.47048651854794
2012-10-31 08:00:00,514.3115053238886
2012-10-31 09:00:00,379.9985384024363
2012-10-31 10:00:00,157.15567343109086
2012-10-31 11:00:00,171.81247907248604
2012-10-31 12:00:00,259.27657400126935
2012-10-31 13:00:00,258.0292050108258
2012-10-31 14:00:00,223.70288752744855
2012-10-31 15:00:00,253.32982315956494
2012-10-31 16:00:00,302.8770281442743
2012-10-31 17:00:00,686.6232035560976
2012-10-31 18:00:00,626.4467927517678
2012-10-31 19:00:00,540.4254834131472
2012-10-31 20:00:00,264.86892305696693
2012-10-31 21:00:00,203.88851397436736
2012-10-31 22:00:00,149.8944196609257
2012-10-31 23:00:00,101.30968151564447
2012-11-20 00:00:00,51.64009391251468
2012-11-20 01:00:00,28.2790125028219
2012-11-20 02:00:00,15.272346603678066
2012-11-20 03:00:00,9.081609436908797
2012-11-20 04:00:00,6.68187675012099
2012-11-20 05:00:00,19.412869736826977
2012-11-20 06:00:00,64.23153441519631
2012-11-20 07:00:00,272.7131024670007
2012-11-20 08:00:00,518.550687220719
2012-11-20 09:00:00,362.38281804114564
2012-11-20 10:00:00,172.5992901549367
2012-11-20 11:00:00,195.64350198784356
2012-11-20 12:00:00,243.13924094020678
2012-11-20 13:00:00,244.60497401340925
2012-11-20 14:00:00,219.71250231552162
2012-11-20 15:00:00,235.27767615525073
2012-11-20 16:00:00,298.0136693421783
2012-11-20 17:00:00,642.5584421640359
2012-11-20 18:00:00,606.7791610172235
2012-11-20 19:00:00,519.8418319828552
2012-11-20 20:00:00,235.80156256679484
2012-11-20 21:00:00,183.03469750622233
2012-11-20 22:00:00,143.5859539626833
2012-11-20 23:00:00,90.9375512490047
2012-11-21 00:00:00,52.01263836193774
2012-11-21 01:00:00,27.132545284633874
2012-11-21 02:00:00,14.01978891060861
2012-11-21 03:00:00,8.18574636310226
2012-11-21 04:00:00,6.029825411334858
2012-11-21 05:00:00,17.388952799094543
2012-11-21 06:00:00,66.27111037943894
2012-11-21 07:00:00,235.632733376964
2012-11-21 08:00:00,476.2164925108592
2012-11-21 09:00:00,373.84440411266445
2012-11-21 10:00:00,168.013323588366
2012-11-21 11:00:00,214.10279946204113
2012-11-21 12:00:00,268.0037965897775
2012-11-21 13:00:00,264.5641433308186
2012-11-21 14:00:00,248.24417588505574
2012-11-21 15:00:00,267.86166767459207
2012-11-21 16:00:00,344.71691205341347
2012-11-21 17:00:00,754.7192174176505
2012-11-21 18:00:00,705.177281401645
2012-11-21 19:00:00,540.2696983502902
2012-11-21 20:00:00,240.37823083161928
2012-11-21 21:00:00,196.05574156724288
2012-11-21 22:00:00,153.94157199289228
2012-11-21 23:00:00,99.44139608300283
2012-11-22 00:00:00,69.74541299027966
2012-11-22 01:00:00,37.44957844760154
2012-11-22 02:00:00,17.6228207781696
2012-11-22 03:00:00,10.34469630137445
2012-11-22 04:00:00,7.507572552939509
2012-11-22 05:00:00,21.710956362132986
2012-11-22 06:00:00,81.24954652070588
2012-11-22 07:00:00,81.28027758034224
2012-11-22 08:00:00,154.02879520149722
2012-11-22 09:00:00,144.03476175858916
2012-11-22 10:00:00,331.92872020785467
2012-11-22 11:00:00,450.94512385352755
2012-11-22 12:00:00,571.3435036445628
2012-11-22 13:00:00,566.368339171847
2012-11-22 14:00:00,527.3115496844072
2012-11-22 15:00:00,558.3742186997946
2012-11-22 16:00:00,711.9367518131515
2012-11-22 17:00:00,450.063407690655
2012-11-22 18:00:00,399.26562068915007
2012-11-22 19:00:00,176.6079116568636
2012-11-22 20:00:00,311.8024854689545
2012-11-22 21:00:00,242.5608075724024
2012-11-22 22:00:00,193.63166003262253
2012-11-22 23:00:00,126.29559215189748
2012-11-23 00:00:00,63.0231544406268
2012-11-23 01:00:00,31.60755833294037
2012-11-23 02:00:00,16.994902556970295
2012-11-23 03:00:00,11.747917616588381
2012-11-23 04:00:00,6.718667100822404
2012-11-23 05:00:00,19.209699407133574
2012-11-23 06:00:00,65.05948564034523
2012-11-23 07:00:00,259.75755438056564
2012-11-23 08:00:00,473.6146261212512
2012-11-23 09:00:00,386.8301796953048
2012-11-23 10:00:00,188.5111299443079
2012-11-23 11:00:00,248.41436821178445
2012-11-23 12:00:00,308.77895960473785
2012-11-23 13:00:00,300.10588471997903
2012-11-23 14:00:00,318.1799195552312
2012-11-23 15:00:00,293.82919721480266
2012-11-23 16:00:00,371.17766089285465
2012-11-23 17:00:00,847.9999828308038
2012-11-23 18:00:00,778.9089619947767
2012-11-23 19:00:00,627.8597838161401
2012-11-23 20:00:00,340.3265854881334
2012-11-23 21:00:00,246.5011598478735
2012-11-23 22:00:00,187.39905664447124
2012-11-23 23:00:00,126.15377122120721
2012-11-24 00:00:00,84.19779041513277
2012-11-24 01:00:00,34.7938279551923
2012-11-24 02:00:00,20.245923884286746
2012-11-24 03:00:00,12.688676993005032
2012-11-24 04:00:00,9.300934558332244
2012-11-24 05:00:00,26.682385616854617
2012-11-24 06:00:00,82.12878989494232
2012-11-24 07:00:00,93.71134457393838
2012-11-24 08:00:00,170.1266204240695
2012-11-24 09:00:00,124.44410002980186
2012-11-24 10:00:00,292.4854075957124
2012-11-24 11:00:00,333.89388383959005
2012-11-24 12:00:00,381.00135975131997
2012-11-24 13:00:00,475.5307440689351
2012-11-24 14:00:00,383.52413085645077
2012-11-24 15:00:00,401.68481160124105
2012-11-24 16:00:00,519.5949927076007
2012-11-24 17:00:00,332.6030863379964
2012-11-24 18:00:00,306.1134324955731
2012-11-24 19:00:00,174.1211468906354
2012-11-24 20:00:00,274.5661921306547
2012-11-24 21:00:00,215.4631523028788
2012-11-24 22:00:00,166.41181365704833
2012-11-24 23:00:00,113.46314778045586
2012-11-25 00:00:00,54.731806615719876
2012-11-25 01:00:00,29.946926149334768
2012-11-25 02:00:00,15.313324479479633
2012-11-25 03:00:00,10.958294126703905
2012-11-25 04:00:00,8.151648282582096
2012-11-25 05:00:00,20.627260515631043
2012-11-25 06:00:00,70.49566774659144
2012-11-25 07:00:00,77.75078752464546
2012-11-25 08:00:00,144.25168689508465
2012-11-25 09:00:00,104.92420754043154
2012-11-25 10:00:00,254.09994036399814
2012-11-25 11:00:00,302.7128833303409
2012-11-25 12:00:00,367.2808050408936
2012-11-25 13:00:00,364.71896989011725
2012-11-25 14:00:00,329.4003337673764
2012-11-25 15:00:00,371.50148227932624
2012-11-25 16:00:00,488.52720833221565
2012-11-25 17:00:00,313.63021248012205
2012-11-25 18:00:00,282.9509909411964
2012-11-25 19:00:00,183.3458111022443
2012-11-25 20:00:00,246.968925291871
2012-11-25 21:00:00,241.0193160515959
2012-11-25 22:00:00,149.13214481745896
2012-11-25 23:00:00,95.32806490835792
2012-11-26 00:00:00,43.119628334204265
2012-11-26 01:00:00,22.95921971823911
2012-11-26 02:00:00,13.577217487731675
2012-11-26 03:00:00,7.915080186480202
2012-11-26 04:00:00,5.837485007835597
2012-11-26 05:00:00,16.3586575908881
2012-11-26 06:00:00,57.46341495394359
2012-11-26 07:00:00,233.01159272658307
2012-11-26 08:00:00,438.959756235829
2012-11-26 09:00:00,391.9892864045205
2012-11-26 10:00:00,172.57416593437367
2012-11-26 11:00:00,214.84114650393033
2012-11-26 12:00:00,276.6698681411611
2012-11-26 13:00:00,270.43940060896665
2012-11-26 14:00:00,256.7230879133826
2012-11-26 15:00:00,265.5161592581682
2012-11-26 16:00:00,357.672415603756
2012-11-26 17:00:00,802.712394339951
2012-11-26 18:00:00,586.9730505543763
2012-11-26 19:00:00,510.2375122653885
2012-11-26 20:00:00,253.024004820449
2012-11-26 21:00:00,194.76037794506527
2012-11-26 22:00:00,147.12919317614868
2012-11-26 23:00:00,89.15827907437624
2012-11-27 00:00:00,49.614419517259776
2012-11-27 01:00:00,25.904401597079293
2012-11-27 02:00:00,15.31281228314969
2012-11-27 03:00:00,5.256810052439203
2012-11-27 04:00:00,3.1027032852702545
2012-11-27 05:00:00,16.036785957405446
2012-11-27 06:00:00,62.063827536807096
2012-11-27 07:00:00,155.8111493608547
2012-11-27 08:00:00,292.131835013238
2012-11-27 09:00:00,339.61948108675637
2012-11-27 10:00:00,87.96212001630724
2012-11-27 11:00:00,85.66808314736078
2012-11-27 12:00:00,101.42168010798054
2012-11-27 13:00:00,102.27086665941636
2012-11-27 14:00:00,92.21568332159505
2012-11-27 15:00:00,165.55553865613902
2012-11-27 16:00:00,214.25790929779092
2012-11-27 17:00:00,473.908108956322
2012-11-27 18:00:00,455.97904544057394
2012-11-27 19:00:00,399.15962069554615
2012-11-27 20:00:00,194.54117348461054
2012-11-27 21:00:00,136.2203403592484
2012-11-27 22:00:00,109.2650613107258
2012-11-27 23:00:00,73.64961139090548
2012-11-28 00:00:00,41.72150273582009
2012-11-28 01:00:00,22.32924560509628
2012-11-28 02:00:00,13.193929978083224
2012-11-28 03:00:00,7.809621137603717
2012-11-28 04:00:00,5.7952458217122285
2012-11-28 05:00:00,16.97713634111246
2012-11-28 06:00:00,57.50312528032437
2012-11-28 07:00:00,238.01532320463713
2012-11-28 08:00:00,425.8356180771986
2012-11-28 09:00:00,350.1784052646668
2012-11-28 10:00:00,169.50989860757204
2012-11-28 11:00:00,192.8127406019276
2012-11-28 12:00:00,225.0181095267531
2012-11-28 13:00:00,229.47261043511472
2012-11-28 14:00:00,208.71674644594958
2012-11-28 15:00:00,224.5661496740679
2012-11-28 16:00:00,298.95440754257794
2012-11-28 17:00:00,689.5138011430821
2012-11-28 18:00:00,602.620305653473
2012-11-28 19:00:00,521.1049139018241
2012-11-28 20:00:00,256.26643330964254
2012-11-28 21:00:00,194.41865031160734
2012-11-28 22:00:00,134.01632582022836
2012-11-28 23:00:00,89.18922287959694
2012-11-29 00:00:00,47.377003563663465
2012-11-29 01:00:00,24.545362863531814
2012-11-29 02:00:00,14.84290328793314
2012-11-29 04:00:00,6.058283905902709
2012-11-29 05:00:00,18.071416182931717
2012-11-29 06:00:00,61.47400110586702
2012-11-29 07:00:00,248.7261039571181
2012-11-29 08:00:00,453.09397629470504
2012-11-29 09:00:00,344.3179323539751
2012-11-29 10:00:00,171.83440896073745
2012-11-29 11:00:00,207.10001470983187
2012-11-29 12:00:00,253.07964769654438
2012-11-29 13:00:00,271.2304573956959
2012-11-29 14:00:00,222.8630815111708
2012-11-29 15:00:00,233.37142563702764
2012-11-29 16:00:00,308.0560351702607
2012-11-29 17:00:00,703.2066782488422
2012-11-29 18:00:00,626.457030807373
2012-11-29 19:00:00,468.1759145953819
2012-11-29 20:00:00,257.85947552815867
2012-11-29 21:00:00,171.06711213473713
2012-11-29 22:00:00,133.18248358647554
2012-11-29 23:00:00,105.08201224268981
2012-11-30 00:00:00,53.562924904934036
2012-11-30 01:00:00,26.61638318897973
2012-11-30 02:00:00,15.801630462987585
2012-11-30 03:00:00,9.275478359790245
2012-11-30 04:00:00,6.847003017409465
2012-11-30 05:00:00,19.18232901977262
2012-11-30 06:00:00,63.81296241057815
2012-11-30 07:00:00,259.9692699540387
2012-11-30 08:00:00,451.03184577502617
2012-11-30 09:00:00,354.87517162685174
2012-11-30 10:00:00,180.25129060505384
2012-11-30 11:00:00,208.7348633116125
2012-11-30 12:00:00,283.1941340830877
2012-11-30 13:00:00,287.2176745655198
2012-11-30 14:00:00,269.4456421920207
2012-11-30 15:00:00,287.66554749431805
2012-11-30 16:00:00,386.54198800454026
2012-11-30 17:00:00,745.8214734679874
2012-11-30 18:00:00,643.8689893233926
2012-11-30 19:00:00,572.4869869639471
2012-11-30 20:00:00,280.6128392223125
2012-11-30 21:00:00,205.8837220931097
2012-11-30 22:00:00,164.6812818917004
2012-11-30 23:00:00,101.73841006051723
2012-12-20 00:00:00,54.82458764677605
2012-12-20 01:00:00,29.876003143245743
2012-12-20 02:00:00,17.78551214371765
2012-12-20 03:00:00,9.438215523351747
2012-12-20 04:00:00,6.988336476369488
2012-12-20 05:00:00,19.814481574264306
2012-12-20 06:00:00,69.659218031389
2012-12-20 07:00:00,273.8315488142672
2012-12-20 08:00:00,515.7044068774663
2012-12-20 09:00:00,372.9635298984825
2012-12-20 10:00:00,159.98162891199607
2012-12-20 11:00:00,177.63427218390044
2012-12-20 12:00:00,221.1442193593253
2012-12-20 13:00:00,211.93623359523394
2012-12-20 14:00:00,198.02509412148584
2012-12-20 15:00:00,206.81107907331122
2012-12-20 16:00:00,263.65750838272976
2012-12-20 17:00:00,589.791460290317
2012-12-20 18:00:00,530.1982511319635
2012-12-20 19:00:00,277.8384691511371
2012-12-20 20:00:00,136.52666806023836
2012-12-20 21:00:00,104.9831827154569
2012-12-20 22:00:00,78.97757547327868
2012-12-20 23:00:00,59.20259871181427
2012-12-21 00:00:00,35.19845376637389
2012-12-21 01:00:00,18.282266741484353
2012-12-21 02:00:00,10.550913977133726
2012-12-21 03:00:00,6.064264796758981
2012-12-21 04:00:00,6.9870175703267625
2012-12-21 05:00:00,19.95039940246183
2012-12-21 06:00:00,61.22143256078911
2012-12-21 07:00:00,298.9174248877792
2012-12-21 08:00:00,552.1835682194649
2012-12-21 09:00:00,347.22776945077305
2012-12-21 10:00:00,160.1532276473221
2012-12-21 11:00:00,172.6026233744994
2012-12-21 12:00:00,214.74403394339265
2012-12-21 13:00:00,206.61496668296525
2012-12-21 14:00:00,189.27245203155854
2012-12-21 15:00:00,201.4146003893028
2012-12-21 16:00:00,267.10722409719943
2012-12-21 17:00:00,575.0758789190975
2012-12-21 18:00:00,528.8146003039311
2012-12-21 19:00:00,492.87451903627766
2012-12-21 20:00:00,246.21131049204413
2012-12-21 21:00:00,182.68057530187352
2012-12-21 22:00:00,146.60320684825243
2012-12-21 23:00:00,98.29626821931696
2012-12-22 00:00:00,60.51890069978875
2012-12-22 01:00:00,33.685038871522266
2012-12-22 02:00:00,19.692676507275422
2012-12-22 03:00:00,11.754739900770954
2012-12-22 04:00:00,9.29731035925999
2012-12-22 05:00:00,24.621107126658227
2012-12-22 06:00:00,83.74154709428367
2012-12-22 07:00:00,93.44842707359767
2012-12-22 08:00:00,168.4838818183736
2012-12-22 09:00:00,127.00904342264207
2012-12-22 10:00:00,295.4225840900004
2012-12-22 11:00:00,338.58518499143923
2012-12-22 12:00:00,387.87465398613006
2012-12-22 13:00:00,399.71899749534623
2012-12-22 14:00:00,367.69888982987067
2012-12-22 15:00:00,382.3646952584671
2012-12-22 16:00:00,499.97577799074185
2012-12-22 17:00:00,328.66262568659056
2012-12-22 18:00:00,286.48242812036386
2012-12-22 19:00:00,147.5366556047066
2012-12-22 20:00:00,268.4551032483772
2012-12-22 21:00:00,198.91188162271337
2012-12-22 22:00:00,156.05978548918895
2012-12-22 23:00:00,106.75273954749746
2012-12-23 00:00:00,52.490403416143614
2012-12-23 01:00:00,28.673293297596206
2012-12-23 02:00:00,16.944140071771738
2012-12-23 03:00:00,10.060916702871605
2012-12-23 04:00:00,7.565335404011668
2012-12-23 05:00:00,21.63579773234087
2012-12-23 06:00:00,61.64724417229652
2012-12-23 07:00:00,68.82329064615516
2012-12-23 08:00:00,128.14030269471925
2012-12-23 09:00:00,106.57119467782654
2012-12-23 10:00:00,236.55826670942795
2012-12-23 11:00:00,279.8493800509044
2012-12-23 12:00:00,381.8699627291314
2012-12-23 13:00:00,419.4123234472038
2012-12-23 14:00:00,391.45676771671486
2012-12-23 15:00:00,425.2612855608862
2012-12-23 16:00:00,541.3150520122321
2012-12-23 17:00:00,329.2082916541998
2012-12-23 18:00:00,305.63068816359566
2012-12-23 19:00:00,177.57162393384232
2012-12-23 20:00:00,287.9463119834127
2012-12-23 21:00:00,178.4857576403178
2012-12-23 22:00:00,141.55237701494846
2012-12-23 23:00:00,96.75063893126406
2012-12-24 00:00:00,41.679807087959816
2012-12-24 01:00:00,22.227598812172015
2012-12-24 02:00:00,12.854169359946189
2012-12-24 03:00:00,7.472881114996428
2012-12-24 05:00:00,13.628628874358528
2012-12-24 06:00:00,54.44329022449454
2012-12-24 07:00:00,221.75909765429193
2012-12-24 08:00:00,418.7126643842067
2012-12-24 09:00:00,282.9393769935182
2012-12-24 10:00:00,148.45490452744596
2012-12-24 11:00:00,148.03160315923702
2012-12-24 12:00:00,206.41724871297777
2012-12-24 13:00:00,95.13973092175317
2012-12-24 14:00:00,86.2475552270663
2012-12-24 15:00:00,89.31763758638668
2012-12-24 16:00:00,115.72734510317989
2012-12-24 17:00:00,260.9891669402092
2012-12-24 18:00:00,240.76858631984356
2012-12-24 19:00:00,326.4706630763524
2012-12-24 20:00:00,99.50283966163356
2012-12-24 21:00:00,77.01962973082813
2012-12-24 22:00:00,98.52675538480861
2012-12-24 23:00:00,40.86703538198398
2012-12-25 00:00:00,27.366693525116233
2012-12-25 01:00:00,26.034042363580816
2012-12-25 02:00:00,15.447994539925372
2012-12-25 04:00:00,6.159471288567074
2012-12-25 05:00:00,17.226031123087875
2012-12-25 06:00:00,58.57546507748273
2012-12-25 07:00:00,64.87914162211253
2012-12-25 08:00:00,129.1755088691628
2012-12-25 09:00:00,94.05432273198412
2012-12-25 10:00:00,284.1571274406425
2012-12-25 11:00:00,322.4898720974416
2012-12-25 12:00:00,390.9555426247671
2012-12-25 13:00:00,441.9757162109429
2012-12-25 14:00:00,391.11171260888733
2012-12-25 15:00:00,391.6409958738173
2012-12-25 16:00:00,475.56318996963194
2012-12-25 17:00:00,295.46594659985976
2012-12-25 18:00:00,262.4353674678504
2012-12-25 19:00:00,147.08833851376298
2012-12-25 20:00:00,252.52970071892537
2012-12-25 21:00:00,177.7912679823463
2012-12-25 22:00:00,154.51354405726502
2012-12-25 23:00:00,91.8699947885425
2012-12-26 00:00:00,41.46703683854658
2012-12-26 01:00:00,21.99467237482869
2012-12-26 02:00:00,12.990369645128368
2012-12-26 03:00:00,6.602308832614803
2012-12-26 04:00:00,4.559396168202843
2012-12-26 05:00:00,14.464429209309078
2012-12-26 06:00:00,50.349178392000894
2012-12-26 07:00:00,104.34735867747705
2012-12-26 08:00:00,197.0611204077591
2012-12-26 09:00:00,142.34624349526533
2012-12-26 10:00:00,60.061242747293996
2012-12-26 11:00:00,65.58690494704187
2012-12-26 12:00:00,82.21135379473948
2012-12-26 13:00:00,80.34422416487088
2012-12-26 14:00:00,82.59061414300244
2012-12-26 15:00:00,95.31141874892394
2012-12-26 16:00:00,123.47376297824032
2012-12-26 17:00:00,275.23942656809123
2012-12-26 18:00:00,254.4719626764697
2012-12-26 19:00:00,225.51769474865014
2012-12-26 20:00:00,119.7195172185239
2012-12-26 21:00:00,133.0271508278863
2012-12-26 22:00:00,50.29198689063691
2012-12-26 23:00:00,43.29998389658177
2012-12-27 00:00:00,25.250850955089145
2012-12-27 01:00:00,10.133366918073143
2012-12-27 02:00:00,10.031540879874361
2012-12-27 03:00:00,6.910211153254421
2012-12-27 04:00:00,4.915710996851381
2012-12-27 05:00:00,16.6676253111439
2012-12-27 06:00:00,47.84765039979321
2012-12-27 07:00:00,227.74746886363255
2012-12-27 08:00:00,460.98116689608247
2012-12-27 09:00:00,328.0013441344778
2012-12-27 10:00:00,138.8919664264074
2012-12-27 11:00:00,150.2150721518691
2012-12-27 12:00:00,197.0867337981156
2012-12-27 13:00:00,192.6419844569297
2012-12-27 14:00:00,161.7255623353518
2012-12-27 15:00:00,174.70964538075484
2012-12-27 16:00:00,236.81152704764182
2012-12-27 17:00:00,536.186994893262
2012-12-27 18:00:00,440.98201116963924
2012-12-27 19:00:00,397.39871409782467
2012-12-27 20:00:00,199.0966645730501
2012-12-27 21:00:00,141.0709870297979
2012-12-27 22:00:00,110.23668907725909
2012-12-27 23:00:00,74.12545304224832
2012-12-28 00:00:00,45.764348282455394
2012-12-28 01:00:00,26.00765711491555
2012-12-28 02:00:00,15.1757566216205
2012-12-28 03:00:00,8.4699860306213
2012-12-28 04:00:00,6.329419594836474
2012-12-28 05:00:00,18.247984202783044
2012-12-28 06:00:00,62.33791670945894
2012-12-28 07:00:00,255.85020291358484
2012-12-28 08:00:00,462.5134737085677
2012-12-28 09:00:00,324.41574285864726
2012-12-28 10:00:00,151.44940483234328
2012-12-28 11:00:00,174.8464669706477
2012-12-28 12:00:00,245.0681377535903
2012-12-28 13:00:00,239.54676248430147
2012-12-28 14:00:00,221.19517489236986
2012-12-28 15:00:00,241.6412316200559
2012-12-28 16:00:00,322.7592535815494
2012-12-28 17:00:00,578.2387221163334
2012-12-28 18:00:00,527.5474320092167
2012-12-28 19:00:00,409.7937527744322
2012-12-28 20:00:00,203.70474098863687
2012-12-28 21:00:00,153.91792747459482
2012-12-28 22:00:00,121.6037029852978
2012-12-28 23:00:00,82.74576487674845
2012-12-29 00:00:00,55.37371088118133
2012-12-29 01:00:00,28.526530494763367
2012-12-29 02:00:00,17.6663951622203
2012-12-29 03:00:00,10.248824029487958
2012-12-29 04:00:00,7.408046243956077
2012-12-29 05:00:00,20.99416862663636
2012-12-29 06:00:00,78.69366852680383
2012-12-29 07:00:00,87.1283705957911
2012-12-29 08:00:00,165.17067157142807
2012-12-29 09:00:00,119.26561043283154
2012-12-29 10:00:00,164.39147703263197
2012-12-29 11:00:00,163.80091281108992
2012-12-29 12:00:00,199.4250814957887
2012-12-29 13:00:00,194.9278633739358
2012-12-29 14:00:00,296.77434770355285
2012-12-29 15:00:00,321.8061082514564
2012-12-29 16:00:00,496.5150041658689
2012-12-29 17:00:00,308.4905360144225
2012-12-29 18:00:00,286.0086884837546
2012-12-29 19:00:00,150.97181916371446
2012-12-29 20:00:00,246.95788119158826
2012-12-29 21:00:00,191.83674425460097
2012-12-29 22:00:00,148.9122105757943
2012-12-29 23:00:00,112.96809130250173
2012-12-30 00:00:00,53.339039516385306
2012-12-30 01:00:00,27.24048817653752
2012-12-30 02:00:00,16.72166507396749
2012-12-30 03:00:00,9.508114185685251
2012-12-30 04:00:00,7.38832775899056
2012-12-30 05:00:00,21.226045415434946
2012-12-30 06:00:00,56.40083771057114
2012-12-30 07:00:00,74.9336692190035
2012-12-30 08:00:00,125.5745168685765
2012-12-30 09:00:00,102.72951872813029
2012-12-30 10:00:00,253.50809270845343
2012-12-30 11:00:00,298.92211223566835
2012-12-30 12:00:00,354.81244929861185
2012-12-30 13:00:00,339.28650201694603
2012-12-30 14:00:00,328.33240223155644
2012-12-30 15:00:00,357.3405277340439
2012-12-30 16:00:00,453.35926773067604
2012-12-30 17:00:00,292.45119606654333
2012-12-30 18:00:00,229.1211195072678
2012-12-30 19:00:00,168.56912911106434
2012-12-30 20:00:00,208.1414450085651
2012-12-30 21:00:00,182.4491340910368
2012-12-30 22:00:00,126.28316264809702
2012-12-30 23:00:00,85.00656102230826
2012-12-31 00:00:00,37.41105443548707
2012-12-31 01:00:00,19.904418816637218
2012-12-31 02:00:00,11.641024551267432
2012-12-31 03:00:00,6.818722083890233
2012-12-31 04:00:00,4.797181756128667
2012-12-31 05:00:00,14.198445998670488
2012-12-31 06:00:00,48.84789513906083
2012-12-31 07:00:00,196.4444804188311
2012-12-31 08:00:00,365.6145482237304
2012-12-31 09:00:00,281.9493716969004
2012-12-31 10:00:00,116.68531278283976
2012-12-31 11:00:00,134.15273286261092
2012-12-31 12:00:00,165.92688758517934
2012-12-31 13:00:00,184.195753930263
2012-12-31 14:00:00,167.26822570059926
2012-12-31 15:00:00,180.60276798766242
2012-12-31 16:00:00,228.5350069153121
2012-12-31 17:00:00,527.226172438518
2012-12-31 18:00:00,477.4877020261858
2012-12-31 19:00:00,389.95494975656294
2012-12-31 20:00:00,190.97982850809404
2012-12-31 21:00:00,156.5363658014363
2012-12-31 22:00:00,124.66861809648296
2012-12-31 23:00:00,81.36733932572035
