datetime,count
2011-01-20 00:00:00,22.004377011987508
2011-01-20 01:00:00,14.571479876012923
2011-01-20 02:00:00,9.922482802574818
2011-01-20 03:00:00,5.135824468207715
2011-01-20 04:00:00,3.0047449648690407
2011-01-20 05:00:00,7.896176657868235
2011-01-20 06:00:00,30.540169673953184
2011-01-20 07:00:00,106.52441892917676
2011-01-20 08:00:00,174.07838802883978
2011-01-20 09:00:00,98.46092634963205
2011-01-20 10:00:00,55.7574458954951
2011-01-20 11:00:00,62.21222225810205
2011-01-20 12:00:00,82.41336011580348
2011-01-20 13:00:00,73.71761465728001
2011-01-20 14:00:00,74.66996996456318
2011-01-20 15:00:00,77.07624144787592
2011-01-20 16:00:00,96.15405771653211
2011-01-20 17:00:00,202.02915087290856
2011-01-20 18:00:00,170.1417836629208
2011-01-20 19:00:00,146.70746622390985
2011-01-20 20:00:00,80.34205847346813
2011-01-20 21:00:00,57.214768509715476
2011-01-20 22:00:00,44.64989912765472
2011-01-20 23:00:00,30.465132975186016
2011-01-21 00:00:00,19.058627954628445
2011-01-21 01:00:00,11.99737259568439
2011-01-21 02:00:00,5.471832999468734
2011-01-21 03:00:00,2.8233407209754278
2011-01-21 04:00:00,2.474081796811229
2011-01-21 05:00:00,6.784083517203975
2011-01-21 06:00:00,31.31339237047062
2011-01-21 07:00:00,94.43747868111237
2011-01-21 08:00:00,156.19574916029302
2011-01-21 09:00:00,91.71045910092869
2011-01-21 10:00:00,44.68471953831402
2011-01-21 11:00:00,52.847401944178166
2011-01-21 12:00:00,64.1671568775242
2011-01-21 13:00:00,64.61442404181416
2011-01-21 14:00:00,60.71882850595222
2011-01-21 15:00:00,64.6814290797508
2011-01-21 16:00:00,81.20389406288079
2011-01-21 17:00:00,170.3613653706204
2011-01-21 18:00:00,160.33606741291808
2011-01-21 19:00:00,130.32539848447874
2011-01-21 20:00:00,75.59195588628474
2011-01-21 21:00:00,58.651014875257424
2011-01-21 22:00:00,45.809690343559666
2011-01-21 23:00:00,31.889985247129847
2011-01-22 00:00:00,20.58922461457206
2011-01-22 01:00:00,12.100948323276455
2011-01-22 02:00:00,8.35334610325985
2011-01-22 03:00:00,4.400826536860168
2011-01-22 04:00:00,2.5358355608714107
2011-01-22 06:00:00,28.762339056076502
2011-01-22 07:00:00,40.1157800885004
2011-01-22 08:00:00,65.98188899502217
2011-01-22 09:00:00,39.74803965223446
2011-01-22 10:00:00,82.83469749430046
2011-01-22 11:00:00,97.73053374653007
2011-01-22 12:00:00,116.58621768141502
2011-01-22 13:00:00,123.41837724743812
2011-01-22 14:00:00,115.51219706400491
2011-01-22 15:00:00,123.93153542348644
2011-01-22 16:00:00,149.81957074734524
2011-01-22 17:00:00,121.83939376585685
2011-01-22 18:00:00,111.06379090899411
2011-01-22 19:00:00,53.08025229695956
2011-01-22 20:00:00,80.12001144724569
2011-01-22 21:00:00,62.406932682765834
2011-01-22 22:00:00,48.50251859096667
2011-01-22 23:00:00,32.8084214472305
2011-01-23 00:00:00,18.469926682090367
2011-01-23 01:00:00,11.626786185633936
2011-01-23 02:00:00,7.8166587533727
2011-01-23 03:00:00,4.138056114167795
2011-01-23 05:00:00,6.649997760238779
2011-01-23 06:00:00,25.615891679256045
2011-01-23 07:00:00,35.211007226520614
2011-01-23 08:00:00,58.01090797629371
2011-01-23 09:00:00,34.140095314534854
2011-01-23 10:00:00,75.89376474849074
2011-01-23 11:00:00,91.13979230203968
2011-01-23 12:00:00,106.90750542846355
2011-01-23 13:00:00,107.99667299840293
2011-01-23 14:00:00,102.37587269367425
2011-01-23 15:00:00,107.13580745318718
2011-01-23 16:00:00,134.39607263850002
2011-01-23 17:00:00,107.48302299487102
2011-01-23 18:00:00,100.75241870944957
2011-01-23 19:00:00,47.65245289064663
2011-01-23 20:00:00,73.03171595378821
2011-01-23 21:00:00,56.66250806620006
2011-01-23 22:00:00,44.75546045971241
2011-01-23 23:00:00,30.638040313480122
2011-01-24 00:00:00,18.803182377167825
2011-01-24 01:00:00,11.770608814253823
2011-01-24 03:00:00,4.219505779313251
2011-01-24 04:00:00,2.478521649424179
2011-01-24 05:00:00,7.170308265749903
2011-01-24 06:00:00,27.707722257617586
2011-01-24 07:00:00,95.71320644373415
2011-01-24 08:00:00,156.91025277340833
2011-01-24 09:00:00,94.90437072889613
2011-01-24 10:00:00,46.4668776335316
2011-01-24 11:00:00,52.92195910816629
2011-01-24 12:00:00,59.1325804644911
2011-01-24 13:00:00,57.79657197460664
2011-01-24 14:00:00,53.91946847105944
2011-01-24 15:00:00,61.164927035106736
2011-01-24 16:00:00,73.94808697441594
2011-01-24 17:00:00,155.39273260832812
2011-01-24 18:00:00,142.18610769601986
2011-01-24 19:00:00,118.00949927425668
2011-01-24 20:00:00,68.50176774213482
2011-01-24 21:00:00,52.173226772302094
2011-01-24 22:00:00,38.44224583145352
2011-01-24 23:00:00,26.12432718062644
2011-01-25 00:00:00,16.202613112308917
2011-01-25 01:00:00,10.314536423915614
2011-01-25 02:00:00,7.450918428653662
2011-01-25 04:00:00,2.315155591215655
2011-01-25 05:00:00,6.623006121548923
2011-01-25 06:00:00,25.69557170959473
2011-01-25 07:00:00,87.56659405416181
2011-01-25 08:00:00,136.3116790968587
2011-01-25 09:00:00,95.80881458139805
2011-01-25 10:00:00,46.982159583004766
2011-01-25 11:00:00,54.72493413532306
2011-01-25 12:00:00,71.63815469994819
2011-01-25 13:00:00,70.30586433225658
2011-01-25 14:00:00,74.18425344877397
2011-01-25 15:00:00,77.87868344501295
2011-01-25 16:00:00,96.75761276980928
2011-01-25 17:00:00,216.0262743798895
2011-01-25 18:00:00,184.5509187551554
2011-01-25 19:00:00,134.34991863974122
2011-01-25 20:00:00,77.66211955831812
2011-01-25 21:00:00,59.67571898789621
2011-01-25 22:00:00,47.51296752863208
2011-01-25 23:00:00,30.610523126176385
2011-01-26 00:00:00,18.829976610657916
2011-01-26 01:00:00,11.919862381353763
2011-01-26 02:00:00,5.362746064569275
2011-01-26 05:00:00,3.975434029976827
2011-01-26 06:00:00,15.313431847871513
2011-01-26 07:00:00,60.30407773330287
2011-01-26 08:00:00,99.503470954877
2011-01-26 09:00:00,59.27400079148608
2011-01-26 10:00:00,28.62769110722797
2011-01-26 11:00:00,28.853680123751754
2011-01-26 12:00:00,34.53387668253239
2011-01-26 13:00:00,33.99910732501445
2011-01-26 14:00:00,31.794578164922797
2011-01-26 15:00:00,32.84824582304404
2011-01-26 16:00:00,46.888053829671115
2011-01-26 17:00:00,87.14487766969096
2011-01-27 16:00:00,86.30697311663386
2011-01-27 17:00:00,183.10482909260142
2011-01-27 18:00:00,165.68064728322148
2011-01-27 19:00:00,135.75778227704578
2011-01-27 20:00:00,79.18730966932777
2011-01-27 21:00:00,60.84767794272989
2011-01-27 22:00:00,48.09706792819944
2011-01-27 23:00:00,27.922270704353906
2011-01-28 00:00:00,19.276250461251962
2011-01-28 01:00:00,12.134365578777654
2011-01-28 02:00:00,8.223038449977913
2011-01-28 03:00:00,4.377607314856322
2011-01-28 05:00:00,7.350528207021772
2011-01-28 06:00:00,24.441562405466982
2011-01-28 07:00:00,83.62728607338605
2011-01-28 08:00:00,137.98743872079794
2011-01-28 09:00:00,63.57272386176525
2011-01-28 10:00:00,31.00069157614888
2011-01-28 11:00:00,35.67793327686963
2011-01-28 12:00:00,42.70156675982546
2011-01-28 13:00:00,42.04031781777686
2011-01-28 14:00:00,40.78857931365063
2011-01-28 15:00:00,62.97027413080299
2011-01-28 16:00:00,84.33205816031874
2011-01-28 17:00:00,176.77521865104006
2011-01-28 18:00:00,163.45080346269123
2011-01-28 19:00:00,126.2548974226802
2011-01-28 20:00:00,74.71132393303286
2011-01-28 21:00:00,57.27212581833798
2011-01-28 22:00:00,47.90443683922335
2011-01-28 23:00:00,33.91616552936068
2011-01-29 00:00:00,18.495099621613033
2011-01-29 01:00:00,13.72802673067058
2011-01-29 02:00:00,9.393322430911134
2011-01-29 03:00:00,5.017212683103063
2011-01-29 04:00:00,2.5381099081507488
2011-01-29 06:00:00,28.48895453554612
2011-01-29 07:00:00,38.094090716441556
2011-01-29 08:00:00,62.599176224956636
2011-01-29 09:00:00,43.096193869767035
2011-01-29 10:00:00,87.96140856631108
2011-01-29 11:00:00,88.87125308542572
2011-01-29 12:00:00,106.6195818136794
2011-01-29 13:00:00,122.27904619489377
2011-01-29 14:00:00,114.07908926347552
2011-01-29 15:00:00,122.73862577758364
2011-01-29 16:00:00,156.82880805771626
2011-01-29 17:00:00,127.43994955442709
2011-01-29 18:00:00,115.3206406428846
2011-01-29 19:00:00,50.5988318351389
2011-01-29 20:00:00,84.40376239922102
2011-01-29 21:00:00,64.8560100484355
2011-01-29 22:00:00,43.82972794089538
2011-01-29 23:00:00,30.123125343723903
2011-01-30 00:00:00,16.986318608505027
2011-01-30 01:00:00,12.486905904799443
2011-01-30 02:00:00,8.46846940183273
2011-01-30 03:00:00,4.362701201970615
2011-01-30 04:00:00,2.5524245524738483
2011-01-30 05:00:00,7.509593157626564
2011-01-30 07:00:00,38.03326855585458
2011-01-30 08:00:00,58.82779116541353
2011-01-30 09:00:00,35.409096408963364
2011-01-30 10:00:00,77.9041156023232
2011-01-30 11:00:00,97.65299583102879
2011-01-30 12:00:00,142.05838871160142
2011-01-30 13:00:00,126.86948396976452
2011-01-30 14:00:00,129.44149071176443
2011-01-30 15:00:00,137.97921554860844
2011-01-30 16:00:00,171.42739088239196
2011-01-30 17:00:00,123.85268170765917
2011-01-30 18:00:00,114.16122942338771
2011-01-30 19:00:00,53.99523619187185
2011-01-30 20:00:00,78.82442224347348
2011-01-30 21:00:00,54.88679390271068
2011-01-30 22:00:00,43.35138967319311
2011-01-30 23:00:00,29.84221054808765
2011-01-31 00:00:00,18.328594991166405
2011-01-31 01:00:00,12.328607370064889
2011-01-31 02:00:00,8.442284300710108
2011-01-31 03:00:00,4.469255633428131
2011-01-31 04:00:00,2.2937288505382374
2011-01-31 05:00:00,6.546143182483989
2011-01-31 06:00:00,24.935552875659823
2011-01-31 07:00:00,82.12449835801803
2011-01-31 08:00:00,137.14870087420516
2011-01-31 09:00:00,81.5024191172004
2011-01-31 10:00:00,40.35597179637314
2011-01-31 11:00:00,47.23397566629862
2011-01-31 12:00:00,65.95774192868052
2011-01-31 13:00:00,65.14542786597374
2011-01-31 14:00:00,52.673280753862095
2011-01-31 15:00:00,54.8165975564256
2011-01-31 16:00:00,67.93900812793105
2011-01-31 17:00:00,142.76539874995183
2011-01-31 18:00:00,133.38592519064042
2011-01-31 19:00:00,153.5613012979644
2011-01-31 20:00:00,42.9362443221026
2011-01-31 21:00:00,33.1233271471218
2011-01-31 22:00:00,39.093615330184406
2011-01-31 23:00:00,26.50270917398856
2011-02-20 00:00:00,25.767275978860507
2011-02-20 01:00:00,12.708084733661654
2011-02-20 02:00:00,8.529164845105141
2011-02-20 03:00:00,4.501029826577481
2011-02-20 04:00:00,2.633354545478415
2011-02-20 06:00:00,30.355448592765068
2011-02-20 07:00:00,39.97768380658041
2011-02-20 08:00:00,76.96446757143836
2011-02-20 09:00:00,45.15202386419934
2011-02-20 10:00:00,103.50629989063737
2011-02-20 11:00:00,133.3335110085862
2011-02-20 12:00:00,171.19274364620773
2011-02-20 13:00:00,172.37687575407054
2011-02-20 14:00:00,157.8494019307154
2011-02-20 15:00:00,166.52063594511216
2011-02-20 16:00:00,205.89397459496263
2011-02-20 17:00:00,162.03214357427498
2011-02-20 18:00:00,141.47075892782175
2011-02-20 19:00:00,67.23538735693826
2011-02-20 20:00:00,103.53449433796284
2011-02-20 21:00:00,77.79078541896449
2011-02-20 22:00:00,59.45286142279899
2011-02-20 23:00:00,40.861842859082365
2011-02-21 00:00:00,26.16831920560697
2011-02-21 01:00:00,16.472910665965696
2011-02-21 02:00:00,11.21726648097461
2011-02-21 03:00:00,5.967105388962441
2011-02-21 04:00:00,3.763307407556058
2011-02-21 05:00:00,10.580722077213004
2011-02-21 06:00:00,46.517782237988875
2011-02-21 07:00:00,61.309175125738264
2011-02-21 08:00:00,81.40719681549254
2011-02-21 09:00:00,48.61116412918037
2011-02-21 10:00:00,107.90411695883294
2011-02-21 11:00:00,128.33622602634912
2011-02-21 12:00:00,148.74717724568123
2011-02-21 13:00:00,86.29961706038205
2011-02-21 14:00:00,133.58779854691164
2011-02-21 15:00:00,127.41258985273227
2011-02-21 16:00:00,106.29103292624585
2011-02-21 17:00:00,127.00765263874997
2011-02-21 18:00:00,107.20144348369655
2011-02-21 19:00:00,50.94855383879462
2011-02-21 20:00:00,53.18242495835852
2011-02-21 21:00:00,35.61643502330658
2011-02-21 22:00:00,28.519905766806843
2011-02-21 23:00:00,19.60105016766769
2011-02-22 06:00:00,26.985010906498193
2011-02-22 07:00:00,92.997850009355
2011-02-22 08:00:00,154.19344333545922
2011-02-22 09:00:00,93.18903609280603
2011-02-22 10:00:00,50.419687907260204
2011-02-22 11:00:00,68.30054752930961
2011-02-22 12:00:00,81.34880886399107
2011-02-22 13:00:00,80.0865241618477
2011-02-22 14:00:00,74.89365023849966
2011-02-22 15:00:00,79.70772494391163
2011-02-22 16:00:00,98.79271624630454
2011-02-22 17:00:00,206.25965246589422
2011-02-22 18:00:00,195.6741599799497
2011-02-22 19:00:00,136.8621392020803
2011-02-22 20:00:00,80.92155924354975
2011-02-22 21:00:00,61.88113113448104
2011-02-22 22:00:00,49.99228405636653
2011-02-22 23:00:00,34.35850299777642
2011-02-23 00:00:00,21.221286220290224
2011-02-23 01:00:00,13.498564421549219
2011-02-23 02:00:00,9.147950191441804
2011-02-23 03:00:00,4.838965816655133
2011-02-23 05:00:00,8.236372666204831
2011-02-23 06:00:00,31.726631745498914
2011-02-23 07:00:00,107.77001020465698
2011-02-23 08:00:00,176.96526320873494
2011-02-23 09:00:00,122.40199622298817
2011-02-23 10:00:00,61.580852905812804
2011-02-23 11:00:00,70.69722737914255
2011-02-23 12:00:00,92.92331241486858
2011-02-23 13:00:00,100.36627073945753
2011-02-23 14:00:00,93.4802959876576
2011-02-23 15:00:00,98.609701207004
2011-02-23 16:00:00,123.80224340859989
2011-02-23 17:00:00,257.220038823017
2011-02-23 18:00:00,239.57002757508823
2011-02-23 19:00:00,195.84133725937892
2011-02-23 20:00:00,90.9344757383985
2011-02-23 21:00:00,72.9650654314815
2011-02-23 22:00:00,57.67526103044641
2011-02-23 23:00:00,38.72814718370521
2011-02-24 00:00:00,24.282137557829227
2011-02-24 01:00:00,15.102679689832426
2011-02-24 02:00:00,10.268579498801417
2011-02-24 03:00:00,5.418892972110268
2011-02-24 05:00:00,9.06203447521828
2011-02-24 06:00:00,29.987114493731028
2011-02-24 07:00:00,102.60027799694929
2011-02-24 08:00:00,194.37756619416456
2011-02-24 09:00:00,106.38872580929463
2011-02-24 10:00:00,56.97391667898081
2011-02-24 11:00:00,66.83151705410307
2011-02-24 12:00:00,87.1919467494819
2011-02-24 13:00:00,92.02942840366951
2011-02-24 14:00:00,95.53982794666042
2011-02-24 15:00:00,65.4733174248795
2011-02-24 16:00:00,74.16785589781144
2011-02-24 17:00:00,146.42165891062226
2011-02-24 18:00:00,191.10711112463173
2011-02-24 19:00:00,104.04481875230378
2011-02-24 20:00:00,90.31380491469831
2011-02-24 21:00:00,70.74730190887821
2011-02-24 22:00:00,37.634715173220954
2011-02-24 23:00:00,38.52896588356522
2011-02-25 00:00:00,16.629913630206246
2011-02-25 01:00:00,15.344191548732582
2011-02-25 02:00:00,10.448662596881853
2011-02-25 03:00:00,5.5536230385736465
2011-02-25 05:00:00,9.399807344300822
2011-02-25 06:00:00,24.249882730910887
2011-02-25 07:00:00,81.91558720295815
2011-02-25 08:00:00,136.90202557168874
2011-02-25 09:00:00,79.61370446002344
2011-02-25 10:00:00,44.88296749489064
2011-02-25 11:00:00,95.99616466303887
2011-02-25 12:00:00,76.03360052484392
2011-02-25 13:00:00,74.85619319012055
2011-02-25 14:00:00,69.04758617644289
2011-02-25 15:00:00,100.96810243181629
2011-02-25 16:00:00,105.23259823882404
2011-02-25 17:00:00,211.88654874742227
2011-02-25 18:00:00,204.44714161943747
2011-02-25 19:00:00,168.20766598052725
2011-02-25 20:00:00,97.3992289700932
2011-02-25 21:00:00,77.78908390854969
2011-02-25 22:00:00,61.64325888998958
2011-02-25 23:00:00,43.01718328054743
2011-02-26 00:00:00,25.84125992657511
2011-02-26 01:00:00,16.059435796547003
2011-02-26 02:00:00,9.21518583209515
2011-02-26 03:00:00,5.878405393208412
2011-02-26 04:00:00,3.1825624330577877
2011-02-26 05:00:00,9.13396848390051
2011-02-26 06:00:00,38.23182310518398
2011-02-26 07:00:00,49.74414170881077
2011-02-26 08:00:00,77.43486605595349
2011-02-26 09:00:00,49.77432376360852
2011-02-26 10:00:00,120.72391147955747
2011-02-26 11:00:00,154.28081697949668
2011-02-26 12:00:00,169.23803990049103
2011-02-26 13:00:00,165.41174008570937
2011-02-26 14:00:00,156.43564203714737
2011-02-26 15:00:00,162.00106305007517
2011-02-26 16:00:00,211.63337851591763
2011-02-26 17:00:00,171.70282378812854
2011-02-26 18:00:00,159.92472104960157
2011-02-26 19:00:00,75.34182044127705
2011-02-26 20:00:00,115.8379123337679
2011-02-26 21:00:00,79.5823874422554
2011-02-26 22:00:00,61.70653215432783
2011-02-26 23:00:00,42.17173941445061
2011-02-27 00:00:00,23.15912560084114
2011-02-27 01:00:00,14.731513839558234
2011-02-27 02:00:00,10.087997176623187
2011-02-27 03:00:00,5.357413827610899
2011-02-27 04:00:00,2.8934737765428924
2011-02-27 06:00:00,32.553926390626266
2011-02-27 07:00:00,42.394732771064376
2011-02-27 08:00:00,83.27660390355784
2011-02-27 09:00:00,48.893564643330585
2011-02-27 10:00:00,108.26350177254523
2011-02-27 11:00:00,131.6758677705728
2011-02-27 12:00:00,189.23263094431178
2011-02-27 13:00:00,191.46038202640432
2011-02-27 14:00:00,176.60173562458525
2011-02-27 15:00:00,184.0652608827554
2011-02-27 16:00:00,226.65761568202967
2011-02-27 17:00:00,178.54053564906297
2011-02-27 18:00:00,166.68571333281793
2011-02-27 19:00:00,79.98811711374768
2011-02-27 20:00:00,124.16803639919267
2011-02-27 21:00:00,84.50754097035386
2011-02-27 22:00:00,63.22564471753505
2011-02-27 23:00:00,40.270243612777705
2011-02-28 00:00:00,24.49695641441301
2011-02-28 01:00:00,9.593699603687186
2011-02-28 03:00:00,3.5032677768588325
2011-02-28 05:00:00,8.967215042479594
2011-02-28 06:00:00,33.85474719462084
2011-02-28 07:00:00,117.0445909713023
2011-02-28 08:00:00,190.21785586505777
2011-02-28 09:00:00,143.1510385308353
2011-02-28 10:00:00,73.05265842409197
2011-02-28 11:00:00,90.71069621014948
2011-02-28 12:00:00,108.56819592067477
2011-02-28 13:00:00,59.051806578499125
2011-02-28 14:00:00,54.47770209290408
2011-02-28 15:00:00,57.01062612068064
2011-02-28 16:00:00,72.73823324840868
2011-02-28 17:00:00,149.3124271697543
2011-02-28 18:00:00,141.52832043123567
2011-02-28 19:00:00,110.4061127250485
2011-02-28 20:00:00,64.91495796323805
2011-02-28 21:00:00,71.20517888895557
2011-02-28 22:00:00,35.08203502272482
2011-02-28 23:00:00,34.31981934574458
2011-03-20 00:00:00,30.5572411017537
2011-03-20 01:00:00,17.75961059988569
2011-03-20 02:00:00,12.269834209113073
2011-03-20 03:00:00,6.490827114473416
2011-03-20 04:00:00,3.83130647490583
2011-03-20 05:00:00,11.030914485438405
2011-03-20 06:00:00,42.286140536878214
2011-03-20 07:00:00,51.48719618767523
2011-03-20 08:00:00,93.14760124266326
2011-03-20 09:00:00,60.730045749492746
2011-03-20 10:00:00,129.12211083189592
2011-03-20 11:00:00,160.8230679948327
2011-03-20 12:00:00,191.24583786411463
2011-03-20 13:00:00,208.4639603057079
2011-03-20 14:00:00,216.41567535686923
2011-03-20 15:00:00,222.14546991608213
2011-03-20 16:00:00,278.89859924568157
2011-03-20 17:00:00,212.69648112940945
2011-03-20 18:00:00,176.44141931849416
2011-03-20 19:00:00,79.1699940452861
2011-03-20 20:00:00,121.13422670433337
2011-03-20 21:00:00,86.14285011977256
2011-03-20 22:00:00,67.87530305297298
2011-03-20 23:00:00,30.402227940135923
2011-03-21 00:00:00,18.34623363919416
2011-03-21 01:00:00,17.009513991879743
2011-03-21 02:00:00,11.695114194221985
2011-03-21 03:00:00,6.191269226945538
2011-03-21 05:00:00,10.965830154402555
2011-03-21 06:00:00,27.080396771797798
2011-03-21 07:00:00,82.04310363286177
2011-03-21 08:00:00,201.79551975519544
2011-03-21 09:00:00,133.48217040288105
2011-03-21 10:00:00,69.04921873352136
2011-03-21 11:00:00,90.44218163039032
2011-03-21 12:00:00,107.03462623751817
2011-03-21 13:00:00,124.16651264000359
2011-03-21 14:00:00,117.38279650340606
2011-03-21 15:00:00,123.52885854871916
2011-03-21 16:00:00,151.151394367702
2011-03-21 17:00:00,318.8836253499593
2011-03-21 18:00:00,288.62718725191905
2011-03-21 19:00:00,252.76930139123397
2011-03-21 20:00:00,153.24874513014066
2011-03-21 21:00:00,95.81390602574054
2011-03-21 22:00:00,76.46709493979115
2011-03-21 23:00:00,53.70871859832987
2011-03-22 00:00:00,33.175778217252166
2011-03-22 01:00:00,20.653197443997275
2011-03-22 02:00:00,14.313700035841002
2011-03-22 03:00:00,7.6319232090384075
2011-03-22 04:00:00,4.243471169282497
2011-03-22 05:00:00,12.237575509515402
2011-03-22 06:00:00,49.324681121405725
2011-03-22 07:00:00,167.62099459251218
2011-03-22 08:00:00,279.90061620630365
2011-03-22 09:00:00,162.36389903616174
2011-03-22 10:00:00,81.62777790609611
2011-03-22 11:00:00,102.16269173040973
2011-03-22 12:00:00,124.45532990951554
2011-03-22 13:00:00,140.83249462120952
2011-03-22 14:00:00,131.06139003940987
2011-03-22 15:00:00,139.494256324197
2011-03-22 16:00:00,176.69107190737515
2011-03-22 17:00:00,370.9652406908617
2011-03-22 18:00:00,301.0562189716587
2011-03-22 19:00:00,221.61609277959337
2011-03-22 20:00:00,128.11749214670073
2011-03-22 21:00:00,100.04756849059457
2011-03-22 22:00:00,79.02338564158352
2011-03-22 23:00:00,54.31088584389286
2011-03-23 00:00:00,18.800825182418283
2011-03-23 01:00:00,11.78869159399637
2011-03-23 02:00:00,8.02753670880364
2011-03-23 03:00:00,6.304359808344163
2011-03-23 05:00:00,7.038841832347178
2011-03-23 06:00:00,40.02867419288034
2011-03-23 07:00:00,137.1859531617123
2011-03-23 08:00:00,229.8311735724369
2011-03-23 09:00:00,138.12700334182756
2011-03-23 10:00:00,66.92036543936742
2011-03-23 11:00:00,78.01433700731913
2011-03-23 12:00:00,93.29794607617272
2011-03-23 13:00:00,62.267109132944256
2011-03-23 14:00:00,86.93394452974245
2011-03-23 15:00:00,96.90841307881729
2011-03-23 16:00:00,133.65855149410282
2011-03-23 17:00:00,280.6178953478418
2011-03-23 18:00:00,156.92093488751766
2011-03-23 19:00:00,128.58012364445588
2011-03-23 20:00:00,66.4454488909232
2011-03-23 21:00:00,47.37066551023011
2011-03-23 22:00:00,63.80189424678996
2011-03-23 23:00:00,30.30461668729163
2011-03-24 00:00:00,27.33982713982043
2011-03-24 01:00:00,15.623658728359556
2011-03-24 02:00:00,10.587782669726339
2011-03-24 03:00:00,5.682542852604292
2011-03-24 04:00:00,3.3246058407393253
2011-03-24 05:00:00,9.734243616535192
2011-03-24 06:00:00,37.49645323966271
2011-03-24 07:00:00,85.58530744876062
2011-03-24 08:00:00,140.6595702569863
2011-03-24 09:00:00,127.53020276757067
2011-03-24 10:00:00,61.79280291803254
2011-03-24 11:00:00,73.9018399974978
2011-03-24 12:00:00,90.38539157911755
2011-03-24 13:00:00,97.63094425254046
2011-03-24 14:00:00,93.08180115613501
2011-03-24 15:00:00,88.2106298453834
2011-03-24 16:00:00,111.45750177965243
2011-03-24 17:00:00,231.2067449157972
2011-03-24 18:00:00,217.9415026300066
2011-03-24 19:00:00,190.03590063546523
2011-03-24 20:00:00,112.735166478943
2011-03-24 21:00:00,86.6286936059638
2011-03-24 22:00:00,69.14045377324251
2011-03-24 23:00:00,43.7936346959426
2011-03-25 00:00:00,27.840106078059733
2011-03-25 01:00:00,17.302827503827757
2011-03-25 02:00:00,10.121730297016134
2011-03-25 03:00:00,6.272465086647522
2011-03-25 04:00:00,3.640616132604297
2011-03-25 05:00:00,9.047758259270182
2011-03-25 06:00:00,34.657697761793436
2011-03-25 07:00:00,121.16950353909398
2011-03-25 08:00:00,236.86907188534113
2011-03-25 09:00:00,141.782820127466
2011-03-25 10:00:00,78.22438912377062
2011-03-25 11:00:00,87.37186271149473
2011-03-25 12:00:00,114.64173874900791
2011-03-25 13:00:00,114.32222098688459
2011-03-25 14:00:00,106.47019486736353
2011-03-25 15:00:00,105.12731693099622
2011-03-25 16:00:00,130.82509048114105
2011-03-25 17:00:00,249.93879507005764
2011-03-25 18:00:00,250.3346473788299
2011-03-25 19:00:00,192.74195438184168
2011-03-25 20:00:00,124.845761401458
2011-03-25 21:00:00,95.46864867128691
2011-03-25 22:00:00,68.56033109759926
2011-03-25 23:00:00,47.656202082086836
2011-03-26 00:00:00,30.789793089853934
2011-03-26 01:00:00,20.710077373396782
2011-03-26 02:00:00,12.976439177149185
2011-03-26 03:00:00,5.944462782943722
2011-03-26 04:00:00,4.0190943584450025
2011-03-26 05:00:00,9.964906603428991
2011-03-26 06:00:00,38.17208548893267
2011-03-26 07:00:00,50.468508882844375
2011-03-26 08:00:00,98.18447220013036
2011-03-26 09:00:00,58.674619759536526
2011-03-26 10:00:00,139.8499892796113
2011-03-26 11:00:00,164.20659356751986
2011-03-26 12:00:00,195.73326914008
2011-03-26 13:00:00,209.22375044000262
2011-03-26 14:00:00,197.69982250765275
2011-03-26 15:00:00,207.05692962401426
2011-03-26 16:00:00,260.99321363415027
2011-03-26 17:00:00,209.23360892043823
2011-03-26 18:00:00,184.72728711024988
2011-03-26 19:00:00,76.01940352093719
2011-03-26 20:00:00,117.1567100012021
2011-03-26 21:00:00,91.48542876606555
2011-03-26 22:00:00,72.1949026297721
2011-03-26 23:00:00,49.184365003496666
2011-03-27 00:00:00,28.318384958988357
2011-03-27 01:00:00,15.99963916228036
2011-03-27 02:00:00,7.256255113755225
2011-03-27 03:00:00,3.219089228996938
2011-03-27 04:00:00,1.8788794178879942
2011-03-27 06:00:00,20.52363366267674
2011-03-27 07:00:00,26.962928236928875
2011-03-27 08:00:00,72.40439143495603
2011-03-27 09:00:00,51.9686622872357
2011-03-27 10:00:00,106.49732988992417
2011-03-27 11:00:00,126.96326009011955
2011-03-27 12:00:00,164.74843933537142
2011-03-27 13:00:00,173.70885902627978
2011-03-27 14:00:00,179.08400506050188
2011-03-27 15:00:00,184.57322615044387
2011-03-27 16:00:00,239.29671972347802
2011-03-27 17:00:00,186.8063682355458
2011-03-27 18:00:00,161.1439425120273
2011-03-27 19:00:00,76.58341559290966
2011-03-27 20:00:00,118.22586546677468
2011-03-27 21:00:00,90.121516905609
2011-03-27 22:00:00,71.23658399061961
2011-03-27 23:00:00,48.37304975076872
2011-03-28 00:00:00,26.64489470472147
2011-03-28 01:00:00,17.223001610810762
2011-03-28 02:00:00,11.784738661456903
2011-03-28 03:00:00,6.238715467893493
2011-03-28 05:00:00,9.211680678828468
2011-03-28 06:00:00,35.883424112829886
2011-03-28 07:00:00,122.86594059468668
2011-03-28 08:00:00,204.36664176559606
2011-03-28 09:00:00,132.20183149126873
2011-03-28 10:00:00,69.32401499929324
2011-03-28 11:00:00,81.28026362550364
2011-03-28 12:00:00,102.25090808127948
2011-03-28 13:00:00,96.92414210193024
2011-03-28 14:00:00,105.74618633541138
2011-03-28 15:00:00,109.07240994990826
2011-03-28 16:00:00,136.6017281744051
2011-03-28 17:00:00,284.51052641854164
2011-03-28 18:00:00,266.46677934073676
2011-03-28 19:00:00,223.14323520475833
2011-03-28 20:00:00,130.77002530856026
2011-03-28 21:00:00,100.24153135134011
2011-03-28 22:00:00,72.51234233547105
2011-03-28 23:00:00,49.400431415382286
2011-03-29 00:00:00,30.83775710964814
2011-03-29 01:00:00,17.81901754106095
2011-03-29 02:00:00,12.133901059769025
2011-03-29 03:00:00,6.423558332698045
2011-03-29 04:00:00,3.7313523319826536
2011-03-29 05:00:00,10.820304109339757
2011-03-29 06:00:00,40.982349597947234
2011-03-29 07:00:00,121.32998749897617
2011-03-29 08:00:00,234.16163843260793
2011-03-29 09:00:00,151.82739977639528
2011-03-29 10:00:00,75.72201968191145
2011-03-29 11:00:00,88.1202989992301
2011-03-29 12:00:00,115.71972817257951
2011-03-29 13:00:00,112.38600617642038
2011-03-29 14:00:00,105.51623110497225
2011-03-29 15:00:00,118.09418296812946
2011-03-29 16:00:00,149.22011426571902
2011-03-29 17:00:00,346.12599679884676
2011-03-29 18:00:00,275.44932675067946
2011-03-29 19:00:00,222.65261544052404
2011-03-29 20:00:00,132.70470731319296
2011-03-29 21:00:00,98.35963541168051
2011-03-29 22:00:00,76.44923038070067
2011-03-29 23:00:00,47.89000883193218
2011-03-30 00:00:00,30.055768109780104
2011-03-30 01:00:00,21.077238447434297
2011-03-30 02:00:00,12.88365360911462
2011-03-30 03:00:00,6.953094491816679
2011-03-30 04:00:00,3.99035658624556
2011-03-30 05:00:00,10.480127021306693
2011-03-30 06:00:00,44.901197974051584
2011-03-30 07:00:00,155.72666908482722
2011-03-30 08:00:00,253.06479379543453
2011-03-30 09:00:00,151.35975590580372
2011-03-30 10:00:00,73.50994488928546
2011-03-30 11:00:00,85.62456319723083
2011-03-30 12:00:00,103.55660158233957
2011-03-30 13:00:00,100.56283124968279
2011-03-30 14:00:00,93.7434639719101
2011-03-30 15:00:00,56.76259751821988
2011-03-30 16:00:00,69.73480217817391
2011-03-30 17:00:00,147.83642105417636
2011-03-30 18:00:00,201.80370590055324
2011-03-30 19:00:00,165.35681153825823
2011-03-30 20:00:00,59.918554341746066
2011-03-30 21:00:00,68.85090980753593
2011-03-30 22:00:00,36.68603765448189
2011-03-30 23:00:00,25.072798129744406
2011-03-31 00:00:00,15.808557979750152
2011-03-31 01:00:00,9.999728734891674
2011-03-31 02:00:00,6.8093383271051255
2011-03-31 03:00:00,3.5873907818435655
2011-03-31 04:00:00,2.0887271509066743
2011-03-31 05:00:00,6.071852911844523
2011-03-31 06:00:00,23.20239169320753
2011-03-31 07:00:00,80.21675916171849
2011-03-31 08:00:00,194.00644862007135
2011-03-31 09:00:00,85.4884322031663
2011-03-31 10:00:00,41.78834052196611
2011-03-31 11:00:00,48.98646335910492
2011-03-31 12:00:00,58.63004225114959
2011-03-31 13:00:00,63.78722315700204
2011-03-31 14:00:00,59.93957637203893
2011-03-31 15:00:00,56.6223338803273
2011-03-31 16:00:00,105.19963812251066
2011-03-31 17:00:00,220.86803059956867
2011-03-31 18:00:00,226.78812000993452
2011-03-31 19:00:00,185.82889869266697
2011-03-31 20:00:00,65.63770521746123
2011-03-31 21:00:00,76.34075421410314
2011-03-31 22:00:00,39.899078252394766
2011-03-31 23:00:00,27.46761853707476
2011-04-20 00:00:00,38.77340227222608
2011-04-20 01:00:00,24.039237396819896
2011-04-20 02:00:00,16.36957410548376
2011-04-20 03:00:00,8.899241595002255
2011-04-20 04:00:00,5.066266156726638
2011-04-20 05:00:00,14.6560091015339
2011-04-20 06:00:00,56.49930907681563
2011-04-20 07:00:00,199.14400210093126
2011-04-20 08:00:00,415.8600380418435
2011-04-20 09:00:00,258.92243613899024
2011-04-20 10:00:00,128.630331829973
2011-04-20 11:00:00,150.55323148359673
2011-04-20 12:00:00,178.4158494288003
2011-04-20 13:00:00,175.6530165720328
2011-04-20 14:00:00,164.85261593028395
2011-04-20 15:00:00,165.79275494259596
2011-04-20 16:00:00,205.9833380992115
2011-04-20 17:00:00,427.9869039243652
2011-04-20 18:00:00,435.9372177750929
2011-04-20 19:00:00,366.0884103012173
2011-04-20 20:00:00,221.4065207015491
2011-04-20 21:00:00,163.68515359437907
2011-04-20 22:00:00,128.45704072703933
2011-04-20 23:00:00,87.55549842179549
2011-04-21 00:00:00,48.22087786651824
2011-04-21 01:00:00,30.612620245448092
2011-04-21 02:00:00,20.529570588040166
2011-04-21 03:00:00,8.652631248391984
2011-04-21 04:00:00,5.05837924528586
2011-04-21 05:00:00,14.447264043698114
2011-04-21 06:00:00,55.0738192432797
2011-04-21 07:00:00,197.89397518891198
2011-04-21 08:00:00,323.92781411181517
2011-04-21 09:00:00,200.2339606634913
2011-04-21 10:00:00,103.9086115568882
2011-04-21 11:00:00,123.48413149506598
2011-04-21 12:00:00,151.157072112725
2011-04-21 13:00:00,146.0733755688618
2011-04-21 14:00:00,155.00942358016826
2011-04-21 15:00:00,162.72771237534144
2011-04-21 16:00:00,205.12325427165413
2011-04-21 17:00:00,444.06236513584497
2011-04-21 18:00:00,408.92223216740786
2011-04-21 19:00:00,292.22368972235387
2011-04-21 20:00:00,175.88317054644904
2011-04-21 21:00:00,129.00609473220862
2011-04-21 22:00:00,105.9818926188077
2011-04-21 23:00:00,72.0847314825168
2011-04-22 00:00:00,36.457011622881836
2011-04-22 01:00:00,23.321456818298845
2011-04-22 02:00:00,15.766079493674873
2011-04-22 03:00:00,8.346395013995826
2011-04-22 04:00:00,4.914717697390824
2011-04-22 05:00:00,14.356201829323513
2011-04-22 06:00:00,54.768603390331684
2011-04-22 07:00:00,176.93319439215279
2011-04-22 08:00:00,293.36095921490454
2011-04-22 09:00:00,114.63164472970226
2011-04-22 10:00:00,83.72227441040611
2011-04-22 11:00:00,65.37241023687206
2011-04-22 12:00:00,77.12224274103937
2011-04-22 13:00:00,73.23280074498427
2011-04-22 14:00:00,68.42971585186625
2011-04-22 15:00:00,72.01494722603476
2011-04-22 16:00:00,90.34103429228601
2011-04-22 17:00:00,185.76121895084913
2011-04-22 18:00:00,172.72754833866196
2011-04-22 19:00:00,141.53197301627557
2011-04-22 20:00:00,84.42656571914603
2011-04-22 21:00:00,64.56401221003
2011-04-22 22:00:00,50.42526235682066
2011-04-22 23:00:00,35.12939148291805
2011-04-23 00:00:00,32.92169386743694
2011-04-23 01:00:00,20.724148073459737
2011-04-23 02:00:00,9.52042579274786
2011-04-23 03:00:00,5.076603267406038
2011-04-23 04:00:00,2.9891408970329323
2011-04-23 05:00:00,8.647518445709657
2011-04-23 06:00:00,48.745953411533144
2011-04-23 07:00:00,42.995196939388954
2011-04-23 08:00:00,104.23152540846547
2011-04-23 09:00:00,66.56211815663863
2011-04-23 10:00:00,164.54492556286115
2011-04-23 11:00:00,191.03352381241552
2011-04-23 12:00:00,271.2277769080394
2011-04-23 13:00:00,268.3185910232265
2011-04-23 14:00:00,257.55506470768194
2011-04-23 15:00:00,268.19860101103706
2011-04-23 16:00:00,338.89688558147833
2011-04-23 17:00:00,269.49237637038567
2011-04-23 18:00:00,256.12276583625305
2011-04-23 19:00:00,119.02036767974893
2011-04-23 20:00:00,171.40376487615808
2011-04-23 21:00:00,132.12340569918186
2011-04-23 22:00:00,105.78317743001622
2011-04-23 23:00:00,72.59469955991801
2011-04-24 00:00:00,43.15755846456815
2011-04-24 01:00:00,27.08270396682685
2011-04-24 02:00:00,18.442029680213512
2011-04-24 03:00:00,9.786976279686668
2011-04-24 04:00:00,5.725929279655413
2011-04-24 05:00:00,16.564986653455733
2011-04-24 06:00:00,59.81785358607756
2011-04-24 07:00:00,78.64843537047152
2011-04-24 08:00:00,134.90384421659377
2011-04-24 09:00:00,81.82875053401028
2011-04-24 10:00:00,185.59376406958492
2011-04-24 11:00:00,256.07652713790657
2011-04-24 12:00:00,299.4025853237682
2011-04-24 13:00:00,297.12532905731524
2011-04-24 14:00:00,279.867794137796
2011-04-24 15:00:00,293.8618947202173
2011-04-24 16:00:00,361.0824568670616
2011-04-24 17:00:00,287.545642145947
2011-04-24 18:00:00,271.72234005639245
2011-04-24 19:00:00,67.73641047765383
2011-04-24 20:00:00,104.39143996528757
2011-04-24 21:00:00,80.6160123574589
2011-04-24 22:00:00,62.809162585167925
2011-04-24 23:00:00,43.6915382242045
2011-04-25 00:00:00,26.738158198240072
2011-04-25 01:00:00,26.712302441557874
2011-04-25 02:00:00,18.189803907965146
2011-04-25 03:00:00,8.929309837728322
2011-04-25 04:00:00,5.291676086022066
2011-04-25 05:00:00,13.502779292441746
2011-04-25 06:00:00,59.20971250011342
2011-04-25 07:00:00,200.29925608132132
2011-04-25 08:00:00,365.1062267970903
2011-04-25 09:00:00,217.29846109552943
2011-04-25 10:00:00,121.93188441298788
2011-04-25 11:00:00,142.71314516645108
2011-04-25 12:00:00,168.8936054975387
2011-04-25 13:00:00,169.3626191065501
2011-04-25 14:00:00,162.75383956741868
2011-04-25 15:00:00,170.1156194104667
2011-04-25 16:00:00,207.90382598442932
2011-04-25 17:00:00,440.73441335159947
2011-04-25 18:00:00,404.5816565376029
2011-04-25 19:00:00,334.47231085257533
2011-04-25 20:00:00,196.1907626605567
2011-04-25 21:00:00,149.19681219384535
2011-04-25 22:00:00,101.16414209588369
2011-04-25 23:00:00,69.70344376600822
2011-04-26 00:00:00,50.67313434953689
2011-04-26 01:00:00,27.524188715425073
2011-04-26 02:00:00,18.487143153595795
2011-04-26 03:00:00,9.779603677852931
2011-04-26 04:00:00,5.795522246521749
2011-04-26 05:00:00,16.632795880375618
2011-04-26 06:00:00,64.11987525025314
2011-04-26 07:00:00,220.06993176857335
2011-04-26 08:00:00,363.1217471000805
2011-04-26 09:00:00,248.5064086726439
2011-04-26 10:00:00,122.15529924841296
2011-04-26 11:00:00,143.07800614619177
2011-04-26 12:00:00,171.37581255794797
2011-04-26 13:00:00,169.86267214018903
2011-04-26 14:00:00,161.3659162637712
2011-04-26 15:00:00,167.52691012449696
2011-04-26 16:00:00,208.6344997220645
2011-04-26 17:00:00,438.75767149072124
2011-04-26 18:00:00,398.2465564577958
2011-04-26 19:00:00,324.26804953619524
2011-04-26 20:00:00,192.5092882232173
2011-04-26 21:00:00,128.8783442334951
2011-04-26 22:00:00,96.64341295008363
2011-04-26 23:00:00,66.10009208803555
2011-04-27 00:00:00,43.68976630963277
2011-04-27 01:00:00,27.370316306333706
2011-04-27 02:00:00,18.48945374498352
2011-04-27 03:00:00,9.131144108624213
2011-04-27 04:00:00,5.694883921121782
2011-04-27 05:00:00,15.369612158026408
2011-04-27 06:00:00,63.157298627346705
2011-04-27 07:00:00,205.16630688171622
2011-04-27 08:00:00,336.08484815568477
2011-04-27 09:00:00,197.3261565512692
2011-04-27 10:00:00,98.82761493395188
2011-04-27 11:00:00,116.59970079476727
2011-04-27 12:00:00,169.64512295650275
2011-04-27 13:00:00,146.21407669053772
2011-04-27 14:00:00,158.3261043743131
2011-04-27 15:00:00,163.02788597856036
2011-04-27 16:00:00,203.53472766888615
2011-04-27 17:00:00,263.62821336913294
2011-04-27 18:00:00,245.13111630797604
2011-04-27 19:00:00,286.442901578636
2011-04-27 20:00:00,165.870302815622
2011-04-27 21:00:00,127.36347769125192
2011-04-27 22:00:00,93.69106703964843
2011-04-27 23:00:00,64.08184679112382
2011-04-28 00:00:00,43.55129868457215
2011-04-28 01:00:00,25.371671987494015
2011-04-28 02:00:00,17.110784205945368
2011-04-28 03:00:00,9.219628780536159
2011-04-28 04:00:00,5.325299393821205
2011-04-28 05:00:00,15.480449237604555
2011-04-28 06:00:00,59.38829959985008
2011-04-28 07:00:00,205.1627024698052
2011-04-28 08:00:00,388.5668824681045
2011-04-28 09:00:00,135.73648009217143
2011-04-28 10:00:00,99.62558892696134
2011-04-28 11:00:00,117.53802821791112
2011-04-28 12:00:00,142.49394158942957
2011-04-28 13:00:00,138.16482539825446
2011-04-28 14:00:00,138.5001117249237
2011-04-28 15:00:00,169.8589055239737
2011-04-28 16:00:00,182.8415042413164
2011-04-28 17:00:00,464.92157133551115
2011-04-28 18:00:00,432.3010133120905
2011-04-28 19:00:00,361.12454522920774
2011-04-28 20:00:00,190.54887107463574
2011-04-28 21:00:00,148.08882143665616
2011-04-28 22:00:00,117.24542164419293
2011-04-28 23:00:00,82.74526022620749
2011-04-29 00:00:00,49.74033425825736
2011-04-29 01:00:00,31.976559663120522
2011-04-29 02:00:00,18.272615338638794
2011-04-29 03:00:00,9.790504673741067
2011-04-29 04:00:00,5.797286479368583
2011-04-29 05:00:00,16.933697871323837
2011-04-29 06:00:00,72.83151994061508
2011-04-29 07:00:00,255.46819537684297
2011-04-29 08:00:00,422.7196194563792
2011-04-29 09:00:00,250.59763503505536
2011-04-29 10:00:00,122.59504771712729
2011-04-29 11:00:00,163.75104879749895
2011-04-29 12:00:00,172.98171177868457
2011-04-29 13:00:00,169.89287319763937
2011-04-29 14:00:00,179.56524790947742
2011-04-29 15:00:00,155.48305129042222
2011-04-29 16:00:00,191.16912464477602
2011-04-29 17:00:00,391.62136434531783
2011-04-29 18:00:00,387.53469373243706
2011-04-29 19:00:00,276.73518586219353
2011-04-29 20:00:00,167.61479228358374
2011-04-29 21:00:00,129.01267257720127
2011-04-29 22:00:00,101.57915544890507
2011-04-29 23:00:00,66.60726403937817
2011-04-30 00:00:00,41.90593848394125
2011-04-30 01:00:00,26.76457634359393
2011-04-30 02:00:00,18.05016596480204
2011-04-30 03:00:00,9.641053235083685
2011-04-30 04:00:00,5.613328737774853
2011-04-30 05:00:00,16.869330700287115
2011-04-30 06:00:00,65.72088616071252
2011-04-30 07:00:00,85.78277297425943
2011-04-30 08:00:00,143.61141039447548
2011-04-30 09:00:00,84.65136062011324
2011-04-30 10:00:00,187.72833439165177
2011-04-30 11:00:00,253.58137272261064
2011-04-30 12:00:00,300.810790537418
2011-04-30 13:00:00,306.4653986557844
2011-04-30 14:00:00,291.4771392035009
2011-04-30 15:00:00,309.723974543116
2011-04-30 16:00:00,379.55864634621616
2011-04-30 17:00:00,303.80577860648765
2011-04-30 18:00:00,283.6335330660823
2011-04-30 19:00:00,134.79966183573387
2011-04-30 20:00:00,173.57014611414053
2011-04-30 21:00:00,133.37162728886844
2011-04-30 22:00:00,104.6658595861051
2011-04-30 23:00:00,71.93434583423608
2011-05-20 00:00:00,44.18399095030206
2011-05-20 01:00:00,27.815307805476014
2011-05-20 02:00:00,18.743825664846998
2011-05-20 03:00:00,10.067711807711817
2011-05-20 04:00:00,5.889844171795628
2011-05-20 05:00:00,16.99815187931765
2011-05-20 06:00:00,66.1618435378159
2011-05-20 07:00:00,263.96367373235194
2011-05-20 08:00:00,460.94694356180975
2011-05-20 09:00:00,264.8138462077779
2011-05-20 10:00:00,130.80274437629228
2011-05-20 11:00:00,144.31325193691188
2011-05-20 12:00:00,195.06558185618098
2011-05-20 13:00:00,128.21046984197096
2011-05-20 14:00:00,194.5751839292122
2011-05-20 15:00:00,190.68463461816324
2011-05-20 16:00:00,239.78008690245585
2011-05-20 17:00:00,550.7390843105229
2011-05-20 18:00:00,495.7634328823975
2011-05-20 19:00:00,357.11032322145593
2011-05-20 20:00:00,209.4627765035668
2011-05-20 21:00:00,161.60763972040078
2011-05-20 22:00:00,127.65171137607358
2011-05-20 23:00:00,84.57283634408232
2011-05-21 00:00:00,54.51131861434077
2011-05-21 01:00:00,35.32263925018476
2011-05-21 02:00:00,23.649682465437582
2011-05-21 03:00:00,10.736528887261262
2011-05-21 04:00:00,6.186722408173165
2011-05-21 05:00:00,17.984574219056725
2011-05-21 06:00:00,79.62481300177383
2011-05-21 07:00:00,107.89032926277056
2011-05-21 08:00:00,175.16741257712007
2011-05-21 09:00:00,120.14058793659129
2011-05-21 10:00:00,272.1570598948149
2011-05-21 11:00:00,321.8701905575452
2011-05-21 12:00:00,396.5521187329315
2011-05-21 13:00:00,393.53490866085093
2011-05-21 14:00:00,370.9750466791375
2011-05-21 15:00:00,369.92577822000715
2011-05-21 16:00:00,437.100580096213
2011-05-21 17:00:00,352.665343939981
2011-05-21 18:00:00,326.8796452087692
2011-05-21 19:00:00,164.9304322399094
2011-05-21 20:00:00,254.43024077659064
2011-05-21 21:00:00,192.2262191805968
2011-05-21 22:00:00,129.40527705824806
2011-05-21 23:00:00,88.73441794055765
2011-05-22 00:00:00,48.57307812359108
2011-05-22 01:00:00,29.90794667120928
2011-05-22 02:00:00,20.4643385273654
2011-05-22 03:00:00,10.721773868308071
2011-05-22 04:00:00,6.379822755186903
2011-05-22 05:00:00,18.147182128000395
2011-05-22 06:00:00,70.63231945190768
2011-05-22 07:00:00,95.40424978486679
2011-05-22 08:00:00,160.32105054908462
2011-05-22 09:00:00,110.26259945840755
2011-05-22 10:00:00,244.74638548064436
2011-05-22 11:00:00,287.80003565899665
2011-05-22 12:00:00,323.91581020905136
2011-05-22 13:00:00,318.93680324380887
2011-05-22 14:00:00,195.65047368579525
2011-05-22 15:00:00,311.38602871079524
2011-05-22 16:00:00,413.0219782789714
2011-05-22 17:00:00,325.5295768886152
2011-05-22 18:00:00,304.4223805706573
2011-05-22 19:00:00,145.38153627659202
2011-05-22 20:00:00,223.88213355491962
2011-05-22 21:00:00,146.30991169334706
2011-05-22 22:00:00,115.0826493692256
2011-05-22 23:00:00,74.44292601820307
2011-05-23 00:00:00,45.10571323977418
2011-05-23 01:00:00,30.436390487477123
2011-05-23 02:00:00,12.908132854553681
2011-05-23 03:00:00,6.762709560928478
2011-05-23 04:00:00,6.056705571738368
2011-05-23 05:00:00,17.52191514419031
2011-05-23 06:00:00,66.5268025086709
2011-05-23 07:00:00,227.78249642414758
2011-05-23 08:00:00,399.3011496811745
2011-05-23 09:00:00,236.71464292469813
2011-05-23 10:00:00,133.3558142025146
2011-05-23 11:00:00,155.067983183075
2011-05-23 12:00:00,185.59499466569312
2011-05-23 13:00:00,171.46858410058928
2011-05-23 14:00:00,158.2335629760788
2011-05-23 15:00:00,167.6018142024282
2011-05-23 16:00:00,213.32337346307298
2011-05-23 17:00:00,290.4811684561645
2011-05-23 18:00:00,434.4028498649711
2011-05-23 19:00:00,359.40282448779305
2011-05-23 20:00:00,183.8426020127897
2011-05-23 21:00:00,139.2392507654183
2011-05-23 22:00:00,109.63026167979358
2011-05-23 23:00:00,71.71473663533952
2011-05-24 00:00:00,45.01163606402148
2011-05-24 01:00:00,28.47172190433977
2011-05-24 02:00:00,19.294610116441536
2011-05-24 03:00:00,10.279687668081689
2011-05-24 04:00:00,6.509129673015018
2011-05-24 05:00:00,16.983856762764344
2011-05-24 06:00:00,66.05720065962437
2011-05-24 07:00:00,156.5830896508238
2011-05-24 08:00:00,255.0718491872625
2011-05-24 09:00:00,266.52843392513415
2011-05-24 10:00:00,138.2888678026592
2011-05-24 11:00:00,166.53523371212668
2011-05-24 12:00:00,196.12265848751272
2011-05-24 13:00:00,196.05766776237257
2011-05-24 14:00:00,183.34216557200395
2011-05-24 15:00:00,116.00244759552567
2011-05-24 16:00:00,235.49813097302854
2011-05-24 17:00:00,507.2693653559471
2011-05-24 18:00:00,454.9310214663148
2011-05-24 19:00:00,372.20154231486885
2011-05-24 20:00:00,222.5703594154716
2011-05-24 21:00:00,148.16750930572172
2011-05-24 22:00:00,70.92589799054834
2011-05-24 23:00:00,57.7255354559838
2011-05-25 00:00:00,30.61028646683467
2011-05-25 01:00:00,19.44098855149346
2011-05-25 02:00:00,19.91196093192634
2011-05-25 03:00:00,10.889427648392575
2011-05-25 04:00:00,6.401723576661878
2011-05-25 05:00:00,19.031808230625757
2011-05-25 06:00:00,72.25952968740077
2011-05-25 07:00:00,255.51528764570085
2011-05-25 08:00:00,481.580484773369
2011-05-25 09:00:00,293.62577251114163
2011-05-25 10:00:00,144.33408095882783
2011-05-25 11:00:00,170.90047712230415
2011-05-25 12:00:00,200.31286573666392
2011-05-25 13:00:00,197.21094979779232
2011-05-25 14:00:00,184.42065042955835
2011-05-25 15:00:00,190.8209845168521
2011-05-25 16:00:00,238.4285786742708
2011-05-25 17:00:00,505.44370335989123
2011-05-25 18:00:00,466.03817745975624
2011-05-25 19:00:00,386.2263706191673
2011-05-25 20:00:00,225.99151627925167
2011-05-25 21:00:00,172.55984219785813
2011-05-25 22:00:00,133.78967280541696
2011-05-25 23:00:00,93.22204700706143
2011-05-26 00:00:00,58.44923481906999
2011-05-26 01:00:00,36.79368996164987
2011-05-26 02:00:00,21.49853118142174
2011-05-26 03:00:00,11.379528890562757
2011-05-26 04:00:00,6.754901846427991
2011-05-26 05:00:00,18.05486223126726
2011-05-26 06:00:00,67.27068715140555
2011-05-26 07:00:00,229.73508270084767
2011-05-26 08:00:00,447.8253908723934
2011-05-26 09:00:00,287.7401628085199
2011-05-26 10:00:00,137.19224893381832
2011-05-26 11:00:00,162.5750409545209
2011-05-26 12:00:00,192.21853628604583
2011-05-26 13:00:00,192.29274144405
2011-05-26 14:00:00,180.69363880608347
2011-05-26 15:00:00,180.5656456172543
2011-05-26 16:00:00,220.94732637712372
2011-05-26 17:00:00,506.5409243327687
2011-05-26 18:00:00,467.59777622522154
2011-05-26 19:00:00,386.2664495747741
2011-05-26 20:00:00,230.36440322591272
2011-05-26 21:00:00,176.7298657891022
2011-05-26 22:00:00,138.81233449870066
2011-05-26 23:00:00,94.48512548705841
2011-05-27 00:00:00,58.448464512928616
2011-05-27 01:00:00,37.35633783033425
2011-05-27 02:00:00,25.66507887884681
2011-05-27 03:00:00,13.808339239836624
2011-05-27 04:00:00,7.975727660741089
2011-05-27 05:00:00,22.740718230390023
2011-05-27 06:00:00,89.52514548552737
2011-05-27 07:00:00,301.9050195106315
2011-05-27 08:00:00,485.47813713412046
2011-05-27 09:00:00,293.14564174321566
2011-05-27 10:00:00,144.08553963457692
2011-05-27 11:00:00,157.2639913554327
2011-05-27 12:00:00,188.3684883129248
2011-05-27 13:00:00,200.57545087632008
2011-05-27 14:00:00,187.2542667607366
2011-05-27 15:00:00,197.05398316178477
2011-05-27 16:00:00,223.3143666709373
2011-05-27 17:00:00,498.58372138837785
2011-05-27 18:00:00,440.4006057429964
2011-05-27 19:00:00,209.72979093155513
2011-05-27 20:00:00,185.93349927773036
2011-05-27 21:00:00,153.13557759903293
2011-05-27 22:00:00,121.42750766730106
2011-05-27 23:00:00,82.13251047046828
2011-05-28 00:00:00,53.0642999830347
2011-05-28 01:00:00,33.08271061380209
2011-05-28 02:00:00,22.295205976774472
2011-05-28 03:00:00,11.916759244893287
2011-05-28 04:00:00,6.938429655225706
2011-05-28 05:00:00,20.16975950517193
2011-05-28 06:00:00,77.93904618923139
2011-05-28 07:00:00,102.06089217370364
2011-05-28 08:00:00,170.47225972904081
2011-05-28 09:00:00,116.83880344088455
2011-05-28 10:00:00,261.1976997921127
2011-05-28 11:00:00,305.71450139586545
2011-05-28 12:00:00,368.8225919330216
2011-05-28 13:00:00,359.9127182749589
2011-05-28 14:00:00,338.6090549303448
2011-05-28 15:00:00,356.92095686550635
2011-05-28 16:00:00,437.3973162403963
2011-05-28 17:00:00,350.9320866801666
2011-05-28 18:00:00,325.9270766464085
2011-05-28 19:00:00,156.54265124234234
2011-05-28 20:00:00,240.0899308100685
2011-05-28 21:00:00,179.81732630944444
2011-05-28 22:00:00,143.06133053681296
2011-05-28 23:00:00,85.38994044647013
2011-05-29 00:00:00,47.83933113396828
2011-05-29 01:00:00,30.165787948464715
2011-05-29 02:00:00,20.740882719188896
2011-05-29 03:00:00,10.980002998384002
2011-05-29 04:00:00,6.4744216687222025
2011-05-29 05:00:00,18.388728915728223
2011-05-29 06:00:00,66.14089177006318
2011-05-29 07:00:00,86.12583392623915
2011-05-29 08:00:00,142.79710746769405
2011-05-29 09:00:00,83.77859798293974
2011-05-29 10:00:00,216.53475244146452
2011-05-29 11:00:00,251.0027221878365
2011-05-29 12:00:00,304.98928079052985
2011-05-29 13:00:00,319.01455143140635
2011-05-29 14:00:00,296.04881190282094
2011-05-29 15:00:00,309.06736024559
2011-05-29 16:00:00,384.91682643902953
2011-05-29 17:00:00,308.3148625451412
2011-05-29 18:00:00,286.3384145997778
2011-05-29 19:00:00,136.74526337874622
2011-05-29 20:00:00,211.9556755351329
2011-05-29 21:00:00,163.4058329664128
2011-05-29 22:00:00,112.36122652636851
2011-05-29 23:00:00,76.85042564001414
2011-05-30 00:00:00,47.86081867457652
2011-05-30 01:00:00,30.42079121655194
2011-05-30 02:00:00,20.515935809713692
2011-05-30 03:00:00,10.860918493931845
2011-05-30 04:00:00,6.410817391275008
2011-05-30 05:00:00,17.55422765855167
2011-05-30 06:00:00,67.50903924145507
2011-05-30 07:00:00,90.05721349799703
2011-05-30 08:00:00,146.68015127313268
2011-05-30 09:00:00,108.52018077818279
2011-05-30 10:00:00,238.41750918720228
2011-05-30 11:00:00,291.6735062664498
2011-05-30 12:00:00,344.58978333966076
2011-05-30 13:00:00,343.92458843737796
2011-05-30 14:00:00,330.5315687754437
2011-05-30 15:00:00,331.9856360535433
2011-05-30 16:00:00,414.1239467984277
2011-05-30 17:00:00,331.7201416927702
2011-05-30 18:00:00,311.43991105776
2011-05-30 19:00:00,128.2299866111002
2011-05-30 20:00:00,229.46961369631867
2011-05-30 21:00:00,168.29989493857462
2011-05-30 22:00:00,132.23170203151486
2011-05-30 23:00:00,90.30867544850025
2011-05-31 00:00:00,55.956786789472204
2011-05-31 01:00:00,34.66682316190832
2011-05-31 02:00:00,19.06491222335169
2011-05-31 03:00:00,10.398497151664523
2011-05-31 04:00:00,7.478214294371494
2011-05-31 05:00:00,21.634308411402607
2011-05-31 06:00:00,83.46248890893659
2011-05-31 07:00:00,288.85639619884654
2011-05-31 08:00:00,476.56365501163987
2011-05-31 09:00:00,285.47116871668015
2011-05-31 10:00:00,138.08386785135224
2011-05-31 11:00:00,168.10589575531054
2011-05-31 12:00:00,196.87388905186853
2011-05-31 13:00:00,195.05232129214633
2011-05-31 14:00:00,189.8967118820168
2011-05-31 15:00:00,193.5147535965987
2011-05-31 16:00:00,239.46173120010815
2011-05-31 17:00:00,482.99456424110895
2011-05-31 18:00:00,451.2843237898401
2011-05-31 19:00:00,373.13615524753004
2011-05-31 20:00:00,219.3910937955002
2011-05-31 21:00:00,167.64108696300445
2011-05-31 22:00:00,131.03848301713833
2011-05-31 23:00:00,89.95480561879901
2011-06-20 00:00:00,55.651823738104255
2011-06-20 01:00:00,30.57195828839466
2011-06-20 02:00:00,20.818045451717968
2011-06-20 03:00:00,7.031726080903254
2011-06-20 04:00:00,4.03209809067033
2011-06-20 05:00:00,11.815128651589164
2011-06-20 06:00:00,46.12673682378007
2011-06-20 07:00:00,155.5752643711583
2011-06-20 08:00:00,259.8121854412786
2011-06-20 09:00:00,228.45820315222025
2011-06-20 10:00:00,111.6746317872923
2011-06-20 11:00:00,133.9020964075997
2011-06-20 12:00:00,186.9660715435073
2011-06-20 13:00:00,198.26204263554635
2011-06-20 14:00:00,187.34689312385495
2011-06-20 15:00:00,195.11430251014193
2011-06-20 16:00:00,241.02886389827714
2011-06-20 17:00:00,524.6987078484249
2011-06-20 18:00:00,460.4341046834984
2011-06-20 19:00:00,378.5249587298704
2011-06-20 20:00:00,220.42672467835033
2011-06-20 21:00:00,170.0676028023555
2011-06-20 22:00:00,124.80375615036489
2011-06-20 23:00:00,78.38517091214348
2011-06-21 00:00:00,49.96179385349244
2011-06-21 01:00:00,19.77798261547823
2011-06-21 02:00:00,13.360609013252462
2011-06-21 03:00:00,7.072964492973384
2011-06-21 04:00:00,6.212490518066277
2011-06-21 05:00:00,17.886131919594188
2011-06-21 06:00:00,68.89764994398394
2011-06-21 07:00:00,241.12506721799724
2011-06-21 08:00:00,391.54963291201767
2011-06-21 09:00:00,227.6809405058797
2011-06-21 10:00:00,113.27423154513765
2011-06-21 11:00:00,162.4672120206441
2011-06-21 12:00:00,195.51316414608795
2011-06-21 13:00:00,193.0100494651929
2011-06-21 14:00:00,180.63045387933659
2011-06-21 15:00:00,187.95264246018135
2011-06-21 16:00:00,232.74898783401613
2011-06-21 17:00:00,482.43967565137837
2011-06-21 18:00:00,417.8516863359901
2011-06-21 19:00:00,342.13240269891
2011-06-21 20:00:00,136.80592359227074
2011-06-21 21:00:00,167.77371339887765
2011-06-21 22:00:00,134.02412415178136
2011-06-21 23:00:00,93.22698725834518
2011-06-22 00:00:00,57.30831287704028
2011-06-22 01:00:00,36.425708320182736
2011-06-22 02:00:00,25.34916424758022
2011-06-22 03:00:00,13.131064137815917
2011-06-22 04:00:00,6.785596968793305
2011-06-22 05:00:00,19.349077767608577
2011-06-22 06:00:00,86.44541907968375
2011-06-22 07:00:00,295.958646105421
2011-06-22 08:00:00,482.0408859563504
2011-06-22 09:00:00,280.9872418889141
2011-06-22 10:00:00,137.1806654724069
2011-06-22 11:00:00,162.90330098954456
2011-06-22 12:00:00,182.14095691552563
2011-06-22 13:00:00,179.0215095869459
2011-06-22 14:00:00,169.7197113213888
2011-06-22 15:00:00,175.1946217949523
2011-06-22 16:00:00,213.671804066252
2011-06-22 17:00:00,454.07593153355504
2011-06-22 18:00:00,425.641623253704
2011-06-22 19:00:00,357.58313406858395
2011-06-22 20:00:00,218.63215797704612
2011-06-22 21:00:00,165.18613680902814
2011-06-22 22:00:00,123.33792331569259
2011-06-22 23:00:00,84.35803165731734
2011-06-23 00:00:00,56.423404995402336
2011-06-23 01:00:00,35.94853723885473
2011-06-23 02:00:00,24.479239278739417
2011-06-23 03:00:00,12.265813298291203
2011-06-23 04:00:00,7.1827280318058655
2011-06-23 05:00:00,22.146829535611246
2011-06-23 06:00:00,85.30992142812327
2011-06-23 07:00:00,276.93550703917145
2011-06-23 08:00:00,453.10173568439365
2011-06-23 09:00:00,272.5320637600742
2011-06-23 10:00:00,133.42146755756264
2011-06-23 11:00:00,102.75495677393431
2011-06-23 12:00:00,182.4413772771557
2011-06-23 13:00:00,182.09334233195585
2011-06-23 14:00:00,168.37526240098381
2011-06-23 15:00:00,181.96079115837622
2011-06-23 16:00:00,223.74431156127366
2011-06-23 17:00:00,460.22627766856846
2011-06-23 18:00:00,452.1210829621431
2011-06-23 19:00:00,374.0619894127841
2011-06-23 20:00:00,223.51529128353536
2011-06-23 21:00:00,172.58264029572047
2011-06-23 22:00:00,127.26166320812533
2011-06-23 23:00:00,92.4071634764212
2011-06-24 00:00:00,58.65831890175651
2011-06-24 01:00:00,36.07595337088148
2011-06-24 02:00:00,24.5660035874825
2011-06-24 03:00:00,13.355191744143324
2011-06-24 04:00:00,7.908436822463703
2011-06-24 05:00:00,19.72613610004381
2011-06-24 06:00:00,87.49477313365999
2011-06-24 07:00:00,278.5880255550168
2011-06-24 08:00:00,493.05209635005485
2011-06-24 09:00:00,302.93288351460257
2011-06-24 10:00:00,149.47789955290722
2011-06-24 11:00:00,176.5098917456456
2011-06-24 12:00:00,211.26394091528132
2011-06-24 13:00:00,212.5547639853263
2011-06-24 14:00:00,195.29519179949133
2011-06-24 15:00:00,203.69098538793332
2011-06-24 16:00:00,254.51361238479842
2011-06-24 17:00:00,547.9105790018059
2011-06-24 18:00:00,505.78690882478026
2011-06-24 19:00:00,418.15161078795245
2011-06-24 20:00:00,247.3514258760107
2011-06-24 21:00:00,189.612880829247
2011-06-24 22:00:00,153.17270247339155
2011-06-24 23:00:00,102.68150378697302
2011-06-25 00:00:00,66.65919249436897
2011-06-25 01:00:00,41.829697364994416
2011-06-25 02:00:00,26.572617629967038
2011-06-25 03:00:00,14.755836504700977
2011-06-25 04:00:00,8.63299081080235
2011-06-25 05:00:00,25.076984454187233
2011-06-25 06:00:00,95.73988911169026
2011-06-25 07:00:00,124.66837941066521
2011-06-25 08:00:00,209.52558716926399
2011-06-25 09:00:00,125.71859776259393
2011-06-25 10:00:00,280.4115781383534
2011-06-25 11:00:00,336.88894055663957
2011-06-25 12:00:00,388.55841879483563
2011-06-25 13:00:00,382.54145354395195
2011-06-25 14:00:00,352.87203190691844
2011-06-25 15:00:00,387.5552353115507
2011-06-25 16:00:00,459.1523287403308
2011-06-25 17:00:00,374.6518702897273
2011-06-25 18:00:00,348.5224308608756
2011-06-25 19:00:00,162.98868398632283
2011-06-25 20:00:00,255.8963487750338
2011-06-25 21:00:00,196.9543001821621
2011-06-25 22:00:00,156.43271194434013
2011-06-25 23:00:00,98.78063274139194
2011-06-26 00:00:00,61.81120174143128
2011-06-26 01:00:00,38.25755188038517
2011-06-26 02:00:00,25.80191472442849
2011-06-26 03:00:00,13.504006603495535
2011-06-26 04:00:00,7.91967382971739
2011-06-26 05:00:00,23.246079681130315
2011-06-26 06:00:00,89.54424956946269
2011-06-26 07:00:00,118.42258407752011
2011-06-26 08:00:00,188.59765234902042
2011-06-26 09:00:00,116.20322367643047
2011-06-26 10:00:00,256.65882655926305
2011-06-26 11:00:00,302.35108914203613
2011-06-26 12:00:00,361.4274179663789
2011-06-26 13:00:00,365.41272713328254
2011-06-26 14:00:00,335.9887194572216
2011-06-26 15:00:00,359.33595318662066
2011-06-26 16:00:00,428.81979513300377
2011-06-26 17:00:00,327.6055828505293
2011-06-26 18:00:00,298.0788158123129
2011-06-26 19:00:00,142.8074994618273
2011-06-26 20:00:00,222.05203351719427
2011-06-26 21:00:00,168.17842240788522
2011-06-26 22:00:00,145.27754822376434
2011-06-26 23:00:00,97.70032066831745
2011-06-27 00:00:00,35.16348851339897
2011-06-27 01:00:00,29.09740785694626
2011-06-27 02:00:00,13.29208492207329
2011-06-27 03:00:00,7.036688566977585
2011-06-27 04:00:00,6.091654665016793
2011-06-27 05:00:00,17.527294953391152
2011-06-27 06:00:00,68.05739222788627
2011-06-27 07:00:00,269.85656373643974
2011-06-27 08:00:00,474.23998838757456
2011-06-27 09:00:00,283.2747079480648
2011-06-27 10:00:00,135.4929277731133
2011-06-27 11:00:00,161.1710149213456
2011-06-27 12:00:00,193.97527920352437
2011-06-27 13:00:00,182.41072531020154
2011-06-27 14:00:00,175.17385548566034
2011-06-27 15:00:00,185.02250842094418
2011-06-27 16:00:00,241.11223059235587
2011-06-27 17:00:00,503.7829136923022
2011-06-27 18:00:00,485.3173957560092
2011-06-27 19:00:00,376.95475217468316
2011-06-27 20:00:00,225.06933057289035
2011-06-27 21:00:00,175.89328752619923
2011-06-27 22:00:00,138.26011453331637
2011-06-27 23:00:00,95.0228750162675
2011-06-28 00:00:00,54.018514141057885
2011-06-28 01:00:00,37.27998243670896
2011-06-28 02:00:00,23.79686433071233
2011-06-28 03:00:00,12.597807202372387
2011-06-28 04:00:00,7.862579688302794
2011-06-28 05:00:00,22.61951164571836
2011-06-28 06:00:00,83.83075772530594
2011-06-28 07:00:00,285.1922265350241
2011-06-28 08:00:00,473.5697899387383
2011-06-28 09:00:00,291.19077730546013
2011-06-28 10:00:00,144.0335162777974
2011-06-28 11:00:00,173.66827436498963
2011-06-28 12:00:00,199.17181304313792
2011-06-28 13:00:00,205.625872348152
2011-06-28 14:00:00,184.84166436139307
2011-06-28 15:00:00,202.02709220229423
2011-06-28 16:00:00,235.35104861567862
2011-06-28 17:00:00,305.3021337078394
2011-06-28 18:00:00,286.1911950864565
2011-06-28 19:00:00,344.87369606051595
2011-06-28 20:00:00,230.89907333093282
2011-06-28 21:00:00,167.15906629980228
2011-06-28 22:00:00,133.26746197725564
2011-06-28 23:00:00,91.81266439454765
2011-06-29 00:00:00,52.39388069219002
2011-06-29 01:00:00,35.09946766749078
2011-06-29 02:00:00,24.154606440842905
2011-06-29 03:00:00,12.220648874891923
2011-06-29 04:00:00,7.627186547473988
2011-06-29 05:00:00,19.023847593230325
2011-06-29 06:00:00,84.84855034279026
2011-06-29 07:00:00,304.36763531892376
2011-06-29 08:00:00,504.62301523655736
2011-06-29 09:00:00,297.7042196331569
2011-06-29 10:00:00,147.22670617776748
2011-06-29 11:00:00,176.94876693649695
2011-06-29 12:00:00,210.76439287038994
2011-06-29 13:00:00,205.3192419759693
2011-06-29 14:00:00,197.17670229257214
2011-06-29 15:00:00,207.00343137417022
2011-06-29 16:00:00,246.83878881407338
2011-06-29 17:00:00,523.2556831217755
2011-06-29 18:00:00,494.4595662656416
2011-06-29 19:00:00,396.8031551180601
2011-06-29 20:00:00,236.5373554861626
2011-06-29 21:00:00,184.62937596478125
2011-06-29 22:00:00,146.18249823547978
2011-06-29 23:00:00,99.26570142793275
2011-06-30 00:00:00,62.342467873352156
2011-06-30 01:00:00,39.15105793092873
2011-06-30 02:00:00,26.404519067591004
2011-06-30 03:00:00,13.885753583365153
2011-06-30 04:00:00,7.129961370149251
2011-06-30 05:00:00,20.23208083771975
2011-06-30 06:00:00,88.37466195605764
2011-06-30 07:00:00,307.829379097533
2011-06-30 08:00:00,521.0948589829674
2011-06-30 09:00:00,314.1739828076769
2011-06-30 10:00:00,153.69666719339185
2011-06-30 11:00:00,182.29463804112135
2011-06-30 12:00:00,217.2905925811824
2011-06-30 13:00:00,213.92406979368187
2011-06-30 14:00:00,201.1757384394114
2011-06-30 15:00:00,212.395179565004
2011-06-30 16:00:00,266.2170419225821
2011-06-30 17:00:00,539.932328248266
2011-06-30 18:00:00,510.2164242485092
2011-06-30 19:00:00,419.7859809960145
2011-06-30 20:00:00,246.81957037810344
2011-06-30 21:00:00,192.19270512503454
2011-06-30 22:00:00,149.2599164657797
2011-06-30 23:00:00,103.75704243470423
2011-07-20 00:00:00,54.26937966739206
2011-07-20 01:00:00,34.74512654161506
2011-07-20 02:00:00,23.65977399110915
2011-07-20 03:00:00,12.31519488397055
2011-07-20 04:00:00,7.405431017135113
2011-07-20 05:00:00,21.06448886766243
2011-07-20 06:00:00,74.97100704074337
2011-07-20 07:00:00,259.38775740790624
2011-07-20 08:00:00,465.98927955112043
2011-07-20 09:00:00,277.3585403390553
2011-07-20 10:00:00,136.44732726729242
2011-07-20 11:00:00,157.50327805160154
2011-07-20 12:00:00,192.3348487762994
2011-07-20 13:00:00,184.083637579005
2011-07-20 14:00:00,172.69317533740426
2011-07-20 15:00:00,184.54382245129318
2011-07-20 16:00:00,232.07777276553185
2011-07-20 17:00:00,466.9021872343847
2011-07-20 18:00:00,432.0470229064203
2011-07-20 19:00:00,349.2121599468082
2011-07-20 20:00:00,200.2847546910808
2011-07-20 21:00:00,160.08960478146435
2011-07-20 22:00:00,125.13578465406727
2011-07-20 23:00:00,85.2535624843277
2011-07-21 00:00:00,50.59364163463417
2011-07-21 01:00:00,31.141149710181562
2011-07-21 02:00:00,21.20563766212556
2011-07-21 03:00:00,11.574917484320384
2011-07-21 04:00:00,6.780205901442549
2011-07-21 05:00:00,19.61498558218948
2011-07-21 06:00:00,75.5572203298747
2011-07-21 07:00:00,255.92029010786533
2011-07-21 08:00:00,421.8913695092202
2011-07-21 09:00:00,246.07931103584917
2011-07-21 10:00:00,120.56538641488217
2011-07-21 11:00:00,140.98357742325646
2011-07-21 12:00:00,182.18064819560897
2011-07-21 13:00:00,180.22949740434973
2011-07-21 14:00:00,170.16995262312932
2011-07-21 15:00:00,178.36366388135562
2011-07-21 16:00:00,223.2024197154692
2011-07-21 17:00:00,472.7828781080679
2011-07-21 18:00:00,437.17437631141775
2011-07-21 19:00:00,341.0773122409979
2011-07-21 20:00:00,202.18085326828077
2011-07-21 21:00:00,153.8673633322227
2011-07-21 22:00:00,125.00301985998271
2011-07-21 23:00:00,86.96176493199091
2011-07-22 00:00:00,55.72770402500916
2011-07-22 01:00:00,36.28951777090313
2011-07-22 02:00:00,23.172677642541075
2011-07-22 03:00:00,12.496338627615904
2011-07-22 04:00:00,7.400625677166182
2011-07-22 05:00:00,21.37731776111533
2011-07-22 06:00:00,82.6701522952876
2011-07-22 07:00:00,267.88311175035085
2011-07-22 08:00:00,435.6013926277222
2011-07-22 09:00:00,276.7925652225427
2011-07-22 10:00:00,137.47870432774974
2011-07-22 11:00:00,163.00201061027423
2011-07-22 12:00:00,191.02446182371992
2011-07-22 13:00:00,185.2051744226406
2011-07-22 14:00:00,170.82993811069264
2011-07-22 15:00:00,178.20963203307764
2011-07-22 16:00:00,149.24540387690578
2011-07-22 17:00:00,502.3130483152118
2011-07-22 18:00:00,477.7069752086938
2011-07-22 19:00:00,369.92817369074504
2011-07-22 20:00:00,225.77840551447224
2011-07-22 21:00:00,170.4526142371401
2011-07-22 22:00:00,129.90187635975622
2011-07-22 23:00:00,90.54095457063157
2011-07-23 00:00:00,61.38830035974886
2011-07-23 01:00:00,38.5198105688543
2011-07-23 02:00:00,26.677514376071247
2011-07-23 03:00:00,13.512679853322293
2011-07-23 04:00:00,7.950845603456981
2011-07-23 05:00:00,23.206655511861005
2011-07-23 06:00:00,90.83093231243728
2011-07-23 07:00:00,120.00171520772433
2011-07-23 08:00:00,192.32736885965792
2011-07-23 09:00:00,116.24047854209836
2011-07-23 10:00:00,259.25428027958156
2011-07-23 11:00:00,305.3756546139346
2011-07-23 12:00:00,366.34665734184
2011-07-23 13:00:00,354.9003698348737
2011-07-23 14:00:00,337.82353036789743
2011-07-23 15:00:00,358.39657334472724
2011-07-23 16:00:00,435.70389934979653
2011-07-23 17:00:00,348.9948441100247
2011-07-23 18:00:00,318.3004732689987
2011-07-23 19:00:00,140.26160012459437
2011-07-23 20:00:00,227.2777080943439
2011-07-23 21:00:00,174.6406191021669
2011-07-23 22:00:00,139.84369846648968
2011-07-23 23:00:00,97.51343228138931
2011-07-24 00:00:00,54.89645235303695
2011-07-24 01:00:00,34.117358323327174
2011-07-24 02:00:00,23.267737362439
2011-07-24 03:00:00,12.317693005844378
2011-07-24 04:00:00,7.195562632760222
2011-07-24 05:00:00,20.866858843401758
2011-07-24 06:00:00,75.28132444247093
2011-07-24 07:00:00,106.27376980991228
2011-07-24 08:00:00,171.7094880266148
2011-07-24 09:00:00,100.57169708591333
2011-07-24 10:00:00,225.74778352717638
2011-07-24 11:00:00,266.59405001959817
2011-07-24 12:00:00,324.7173790369316
2011-07-24 13:00:00,320.24626646056527
2011-07-24 14:00:00,294.68981013461865
2011-07-24 15:00:00,313.3616659937654
2011-07-24 16:00:00,389.3251066132221
2011-07-24 17:00:00,323.0942225966478
2011-07-24 18:00:00,296.59130722701116
2011-07-24 19:00:00,139.83917034050978
2011-07-24 20:00:00,215.34538509652978
2011-07-24 21:00:00,160.76394992281803
2011-07-24 22:00:00,129.98323878058045
2011-07-24 23:00:00,82.41159084957845
2011-07-25 00:00:00,51.068669204632144
2011-07-25 01:00:00,31.17951341435899
2011-07-25 02:00:00,21.199503585104704
2011-07-25 03:00:00,12.147051949726436
2011-07-25 04:00:00,6.979175705042848
2011-07-25 05:00:00,20.190600819490832
2011-07-25 06:00:00,72.90621688553686
2011-07-25 07:00:00,255.84626098430255
2011-07-25 08:00:00,422.7960885300116
2011-07-25 09:00:00,270.14428595116
2011-07-25 10:00:00,134.29564933266542
2011-07-25 11:00:00,141.63792789177134
2011-07-25 12:00:00,169.52107025534752
2011-07-25 13:00:00,167.89813578806493
2011-07-25 14:00:00,156.321272654414
2011-07-25 15:00:00,168.45352737960752
2011-07-25 16:00:00,214.925055201425
2011-07-25 17:00:00,475.41749445512374
2011-07-25 18:00:00,430.29755502392686
2011-07-25 19:00:00,357.4363798799996
2011-07-25 20:00:00,208.3950423349893
2011-07-25 21:00:00,161.05770725219807
2011-07-25 22:00:00,127.30812001338786
2011-07-25 23:00:00,86.23628574513417
2011-07-26 00:00:00,54.69959069927204
2011-07-26 01:00:00,34.43329561880801
2011-07-26 02:00:00,23.076080630143352
2011-07-26 03:00:00,12.15746004331788
2011-07-26 04:00:00,7.095521665253878
2011-07-26 05:00:00,18.204250888212723
2011-07-26 06:00:00,79.25906961233754
2011-07-26 07:00:00,278.41975501625353
2011-07-26 08:00:00,474.601055538641
2011-07-26 09:00:00,291.6993871204805
2011-07-26 10:00:00,145.11958605998538
2011-07-26 11:00:00,175.83263316579573
2011-07-26 12:00:00,210.60465085574168
2011-07-26 13:00:00,195.67208125132092
2011-07-26 14:00:00,184.45567705373307
2011-07-26 15:00:00,191.7806362742897
2011-07-26 16:00:00,235.4269022545851
2011-07-26 17:00:00,488.3504848778155
2011-07-26 18:00:00,450.471055830707
2011-07-26 19:00:00,370.91570758937314
2011-07-26 20:00:00,218.97477138093603
2011-07-26 21:00:00,168.54158824012896
2011-07-26 22:00:00,133.77072386164144
2011-07-26 23:00:00,91.3472152368016
2011-07-27 00:00:00,53.309509437565325
2011-07-27 01:00:00,35.8850776193689
2011-07-27 02:00:00,23.94994913120248
2011-07-27 03:00:00,12.984582617368421
2011-07-27 04:00:00,7.688637815739018
2011-07-27 05:00:00,21.85381979248983
2011-07-27 06:00:00,84.9984888224415
2011-07-27 07:00:00,294.5597388710141
2011-07-27 08:00:00,488.96447253409275
2011-07-27 09:00:00,296.22499535454364
2011-07-27 10:00:00,150.98581045816186
2011-07-27 11:00:00,176.8508627899021
2011-07-27 12:00:00,201.84113047368427
2011-07-27 13:00:00,195.53394489413043
2011-07-27 14:00:00,188.68268506042696
2011-07-27 15:00:00,196.65755593733456
2011-07-27 16:00:00,249.49850086401685
2011-07-27 17:00:00,519.6510537418499
2011-07-27 18:00:00,490.2517329392649
2011-07-27 19:00:00,403.33768752364784
2011-07-27 20:00:00,224.19214515216348
2011-07-27 21:00:00,175.0729648604301
2011-07-27 22:00:00,141.93801849961483
2011-07-27 23:00:00,96.03036813333095
2011-07-28 00:00:00,59.65974612369493
2011-07-28 01:00:00,38.22506659307336
2011-07-28 02:00:00,25.408789075224565
2011-07-28 03:00:00,13.68055501519904
2011-07-28 04:00:00,7.769710914767785
2011-07-28 05:00:00,22.26219777325708
2011-07-28 06:00:00,84.93287155423823
2011-07-28 07:00:00,286.85435114449666
2011-07-28 08:00:00,471.9628153847216
2011-07-28 09:00:00,281.11315746315694
2011-07-28 10:00:00,136.19054367040778
2011-07-28 11:00:00,156.46059043180284
2011-07-28 12:00:00,190.30648817886106
2011-07-28 13:00:00,190.08536328266624
2011-07-28 14:00:00,167.3092730668077
2011-07-28 15:00:00,186.62012966575045
2011-07-28 16:00:00,235.62562068365222
2011-07-28 17:00:00,485.25922817128594
2011-07-28 18:00:00,443.99272125228055
2011-07-28 19:00:00,364.4184951368598
2011-07-28 20:00:00,213.07138315618954
2011-07-28 21:00:00,161.5107291797316
2011-07-28 22:00:00,128.09054767155584
2011-07-28 23:00:00,87.4705381660329
2011-07-29 00:00:00,55.122430543115165
2011-07-29 01:00:00,34.86778195361819
2011-07-29 02:00:00,24.264981312699618
2011-07-29 03:00:00,12.845623360218905
2011-07-29 04:00:00,7.327347654756246
2011-07-29 05:00:00,21.66361125717522
2011-07-29 06:00:00,78.22510855223794
2011-07-29 07:00:00,266.6650219986288
2011-07-29 08:00:00,441.3698777847803
2011-07-29 09:00:00,287.0209434596456
2011-07-29 10:00:00,139.60440471850555
2011-07-29 11:00:00,162.46805136992316
2011-07-29 12:00:00,200.00242672830282
2011-07-29 13:00:00,207.83140511804083
2011-07-29 14:00:00,187.27455337758417
2011-07-29 15:00:00,195.03896355521184
2011-07-29 16:00:00,237.10567579414044
2011-07-29 17:00:00,505.07733352017914
2011-07-29 18:00:00,459.56252021791266
2011-07-29 19:00:00,379.93530404515485
2011-07-29 20:00:00,223.77185714842915
2011-07-29 21:00:00,175.88486169037702
2011-07-29 22:00:00,137.25789868136079
2011-07-29 23:00:00,96.25991711092385
2011-07-30 00:00:00,61.10279474416025
2011-07-30 01:00:00,39.11948121559628
2011-07-30 02:00:00,26.574345118522157
2011-07-30 03:00:00,13.7559361483521
2011-07-30 04:00:00,8.038336711795045
2011-07-30 05:00:00,22.591113340419998
2011-07-30 06:00:00,86.81172852017674
2011-07-30 07:00:00,114.81942923732713
2011-07-30 08:00:00,190.97164240018293
2011-07-30 09:00:00,115.49853953828976
2011-07-30 10:00:00,259.2812228926343
2011-07-30 11:00:00,312.3846618938282
2011-07-30 12:00:00,380.8598263050994
2011-07-30 13:00:00,384.7180756082962
2011-07-30 14:00:00,358.59230513478366
2011-07-30 15:00:00,363.95952985145635
2011-07-30 16:00:00,451.8135437975828
2011-07-30 17:00:00,367.18723791775284
2011-07-30 18:00:00,340.0720419815691
2011-07-30 19:00:00,163.49508329275426
2011-07-30 20:00:00,243.57072644443272
2011-07-30 21:00:00,183.5858323514592
2011-07-30 22:00:00,146.65428975491474
2011-07-30 23:00:00,100.71444692304757
2011-07-31 00:00:00,56.69850509229529
2011-07-31 01:00:00,35.23825129364719
2011-07-31 02:00:00,23.669141041190862
2011-07-31 03:00:00,12.713204603994004
2011-07-31 04:00:00,7.459293398947917
2011-07-31 05:00:00,21.63158208083099
2011-07-31 06:00:00,82.09252914324053
2011-07-31 07:00:00,109.15317311810117
2011-07-31 08:00:00,178.0739696298741
2011-07-31 09:00:00,110.24503205688455
2011-07-31 10:00:00,244.68675767965135
2011-07-31 11:00:00,291.95843467113224
2011-07-31 12:00:00,347.444611026335
2011-07-31 13:00:00,346.21757655761894
2011-07-31 14:00:00,323.76331397606936
2011-07-31 15:00:00,336.3555690927171
2011-07-31 16:00:00,419.91158824546665
2011-07-31 17:00:00,343.7341200463126
2011-07-31 18:00:00,293.99081648683693
2011-07-31 19:00:00,135.20761827899995
2011-07-31 20:00:00,208.37416489729856
2011-07-31 21:00:00,159.99942339222227
2011-07-31 22:00:00,124.67210063171049
2011-07-31 23:00:00,87.56399010438591
2011-08-20 00:00:00,54.23022235896584
2011-08-20 01:00:00,34.22495130500503
2011-08-20 02:00:00,23.49264752926842
2011-08-20 03:00:00,12.43675805913015
2011-08-20 04:00:00,6.749204730089789
2011-08-20 05:00:00,20.996301530001617
2011-08-20 06:00:00,74.18552525782795
2011-08-20 07:00:00,105.76075715029305
2011-08-20 08:00:00,205.5032607580235
2011-08-20 09:00:00,122.60411997352809
2011-08-20 10:00:00,266.0577635713436
2011-08-20 11:00:00,321.0732144683583
2011-08-20 12:00:00,371.35880901662915
2011-08-20 13:00:00,366.76319822283347
2011-08-20 14:00:00,342.1103167641771
2011-08-20 15:00:00,364.69607626133825
2011-08-20 16:00:00,449.84322471695236
2011-08-20 17:00:00,356.2848119891982
2011-08-20 18:00:00,323.6832634706167
2011-08-20 19:00:00,155.0911456478417
2011-08-20 20:00:00,237.86375235334495
2011-08-20 21:00:00,180.80621350004316
2011-08-20 22:00:00,133.87201088140003
2011-08-20 23:00:00,99.10363115211317
2011-08-21 00:00:00,55.25524841561855
2011-08-21 01:00:00,34.479485974058946
2011-08-21 02:00:00,23.592769503821756
2011-08-21 03:00:00,12.410588153453574
2011-08-21 04:00:00,7.202250283828527
2011-08-21 05:00:00,17.82145333042863
2011-08-21 06:00:00,68.81423822951189
2011-08-21 07:00:00,104.2599429461568
2011-08-21 08:00:00,174.38633368105513
2011-08-21 09:00:00,104.29038670351358
2011-08-21 10:00:00,226.43047742021156
2011-08-21 11:00:00,265.381495992639
2011-08-21 12:00:00,319.40499627486264
2011-08-21 13:00:00,310.2033892664481
2011-08-21 14:00:00,182.1130337349267
2011-08-21 15:00:00,304.54096118762845
2011-08-21 16:00:00,387.26639530828066
2011-08-21 17:00:00,311.70145205771263
2011-08-21 18:00:00,284.2848042734624
2011-08-21 19:00:00,138.6311534847643
2011-08-21 20:00:00,209.91775943248206
2011-08-21 21:00:00,161.3012018433881
2011-08-21 22:00:00,120.68002882534664
2011-08-21 23:00:00,89.98314237145011
2011-08-22 00:00:00,54.742454114105
2011-08-22 01:00:00,34.87882574918694
2011-08-22 02:00:00,22.87918042118093
2011-08-22 03:00:00,8.086179503364523
2011-08-22 04:00:00,7.480842112989283
2011-08-22 05:00:00,21.160299774413776
2011-08-22 06:00:00,83.09743094783737
2011-08-22 07:00:00,284.9944874051719
2011-08-22 08:00:00,470.249140120087
2011-08-22 09:00:00,287.18113130692717
2011-08-22 10:00:00,141.16275963042358
2011-08-22 11:00:00,169.65042179202982
2011-08-22 12:00:00,198.92857892791062
2011-08-22 13:00:00,195.84103734684538
2011-08-22 14:00:00,186.2630677227584
2011-08-22 15:00:00,197.7703115329049
2011-08-22 16:00:00,242.17556709593075
2011-08-22 17:00:00,517.1080002965683
2011-08-22 18:00:00,486.0761485332306
2011-08-22 19:00:00,398.94083649791116
2011-08-22 20:00:00,236.66942035690508
2011-08-22 21:00:00,180.11448217285545
2011-08-22 22:00:00,139.98409710078693
2011-08-22 23:00:00,96.21043133163201
2011-08-23 00:00:00,60.81906908306285
2011-08-23 01:00:00,33.413128002843486
2011-08-23 02:00:00,22.681093460339735
2011-08-23 03:00:00,11.83428148857514
2011-08-23 04:00:00,7.019466870676065
2011-08-23 05:00:00,20.209465123370958
2011-08-23 06:00:00,77.10115147120204
2011-08-23 07:00:00,305.65685654722313
2011-08-23 08:00:00,486.00807403857624
2011-08-23 09:00:00,293.72600399384646
2011-08-23 10:00:00,155.13671909465117
2011-08-23 11:00:00,179.8263043395929
2011-08-23 12:00:00,213.16560548100063
2011-08-23 13:00:00,213.08185405675476
2011-08-23 14:00:00,200.71214380046794
2011-08-23 15:00:00,203.5587614889889
2011-08-23 16:00:00,257.83663623959325
2011-08-23 17:00:00,530.9760793519577
2011-08-23 18:00:00,496.1156887871527
2011-08-23 19:00:00,392.43553543507437
2011-08-23 20:00:00,227.97599338901918
2011-08-23 21:00:00,180.76996961641143
2011-08-23 22:00:00,139.81762855928966
2011-08-23 23:00:00,95.55782132681345
2011-08-24 00:00:00,59.5385405288355
2011-08-24 01:00:00,37.59278806612092
2011-08-24 02:00:00,22.03757010786935
2011-08-24 03:00:00,11.666455528319279
2011-08-24 04:00:00,6.8040890091187025
2011-08-24 05:00:00,19.684078884005867
2011-08-24 06:00:00,77.11655171768854
2011-08-24 07:00:00,302.3030806545167
2011-08-24 08:00:00,488.6143252795338
2011-08-24 09:00:00,285.4962912880323
2011-08-24 10:00:00,140.88687245343502
2011-08-24 11:00:00,165.41897825559784
2011-08-24 12:00:00,194.1185337526659
2011-08-24 13:00:00,191.56549237079687
2011-08-24 14:00:00,180.01025741384984
2011-08-24 15:00:00,187.4704557139587
2011-08-24 16:00:00,230.8619087894329
2011-08-24 17:00:00,489.40315289417293
2011-08-24 18:00:00,458.0357191439911
2011-08-24 19:00:00,375.311869275617
2011-08-24 20:00:00,221.83140538505296
2011-08-24 21:00:00,168.28513034551412
2011-08-24 22:00:00,131.746292240784
2011-08-24 23:00:00,90.91563516823393
2011-08-25 00:00:00,56.321129288371615
2011-08-25 01:00:00,35.36681662310169
2011-08-25 02:00:00,24.083115284826167
2011-08-25 03:00:00,12.770942455406166
2011-08-25 04:00:00,7.35864035557593
2011-08-25 05:00:00,20.932487985836094
2011-08-25 06:00:00,81.80862954016803
2011-08-25 07:00:00,264.68973872539203
2011-08-25 08:00:00,440.5913061312447
2011-08-25 09:00:00,263.93007478944304
2011-08-25 10:00:00,128.64456540242074
2011-08-25 11:00:00,104.45528827354414
2011-08-25 12:00:00,125.01857747800892
2011-08-25 13:00:00,192.44328178657602
2011-08-25 14:00:00,173.0853912414125
2011-08-25 15:00:00,181.35053685627992
2011-08-25 16:00:00,233.4139578206942
2011-08-25 17:00:00,490.0556893386879
2011-08-25 18:00:00,417.96545429313824
2011-08-25 19:00:00,346.40502476910757
2011-08-25 20:00:00,188.38150463779482
2011-08-25 21:00:00,146.51084063814366
2011-08-25 22:00:00,120.282944891893
2011-08-25 23:00:00,81.4775554369407
2011-08-26 00:00:00,50.80761830874754
2011-08-26 01:00:00,32.686039206551634
2011-08-26 02:00:00,21.606242101871615
2011-08-26 03:00:00,11.555872703606711
2011-08-26 04:00:00,6.8389723969254295
2011-08-26 05:00:00,18.546557184048535
2011-08-26 06:00:00,76.21210207119027
2011-08-26 07:00:00,264.7494449770446
2011-08-26 08:00:00,491.02422208958626
2011-08-26 09:00:00,299.1159753931033
2011-08-26 10:00:00,144.5013160326039
2011-08-26 11:00:00,161.7596125188185
2011-08-26 12:00:00,187.76781316309234
2011-08-26 13:00:00,187.2434894280216
2011-08-26 14:00:00,189.35740121591348
2011-08-26 15:00:00,180.01630483262647
2011-08-26 16:00:00,242.28497366608855
2011-08-26 17:00:00,486.3341125817573
2011-08-26 18:00:00,432.1757227381343
2011-08-26 19:00:00,379.7593720502539
2011-08-26 20:00:00,223.82437041689315
2011-08-26 21:00:00,169.92321434439398
2011-08-26 22:00:00,135.61982360969762
2011-08-26 23:00:00,93.06702248086717
2011-08-27 00:00:00,59.984072978055885
2011-08-27 01:00:00,37.39681345847692
2011-08-27 02:00:00,25.342932812525948
2011-08-27 03:00:00,12.515781960791609
2011-08-27 04:00:00,7.322433440021996
2011-08-27 05:00:00,20.929433114456057
2011-08-27 06:00:00,80.6204920509462
2011-08-27 07:00:00,104.98054869853236
2011-08-27 08:00:00,176.17525741051972
2011-08-27 09:00:00,102.19520805123258
2011-08-27 10:00:00,226.83488070721742
2011-08-27 11:00:00,155.07430321281805
2011-08-27 12:00:00,213.54509702389268
2011-08-27 13:00:00,213.8204714264276
2011-08-27 14:00:00,168.6949784320925
2011-08-27 15:00:00,176.53839964518286
2011-08-27 16:00:00,220.39419371692438
2011-08-27 17:00:00,167.8035574502938
2011-08-28 07:00:00,57.262701541787116
2011-08-28 08:00:00,93.57665480623979
2011-08-28 09:00:00,103.13813440669422
2011-08-28 10:00:00,225.9720322229598
2011-08-28 11:00:00,276.2275981780439
2011-08-28 12:00:00,332.04919354004454
2011-08-28 13:00:00,331.9280632788811
2011-08-28 14:00:00,309.13802891554326
2011-08-28 15:00:00,326.6520075531353
2011-08-28 16:00:00,409.0852533122818
2011-08-28 17:00:00,331.95435350441716
2011-08-28 18:00:00,312.1706178201096
2011-08-28 19:00:00,150.3497184765309
2011-08-28 20:00:00,234.3410600297164
2011-08-28 21:00:00,173.8346119489433
2011-08-28 22:00:00,135.9866841133761
2011-08-28 23:00:00,80.64359546894107
2011-08-29 00:00:00,49.25369417726613
2011-08-29 01:00:00,31.348310409327897
2011-08-29 02:00:00,21.0397485301975
2011-08-29 03:00:00,11.300718464518312
2011-08-29 04:00:00,6.703440518856319
2011-08-29 05:00:00,19.16088007666082
2011-08-29 06:00:00,73.80799907297039
2011-08-29 07:00:00,292.13281076494854
2011-08-29 08:00:00,480.57375607776777
2011-08-29 09:00:00,289.04668706152887
2011-08-29 10:00:00,144.0399924171707
2011-08-29 11:00:00,170.22590407727824
2011-08-29 12:00:00,191.58740377326336
2011-08-29 13:00:00,196.04553004008432
2011-08-29 14:00:00,195.1071230230747
2011-08-29 15:00:00,198.82443704559512
2011-08-29 16:00:00,246.02617643808665
2011-08-29 17:00:00,475.72828508443337
2011-08-29 18:00:00,471.53114053880313
2011-08-29 19:00:00,386.3699409906677
2011-08-29 20:00:00,227.18119460183527
2011-08-29 21:00:00,173.7266239783288
2011-08-29 22:00:00,137.32667540525603
2011-08-29 23:00:00,94.89541018828155
2011-08-30 00:00:00,50.791786945913536
2011-08-30 01:00:00,32.51695309577188
2011-08-30 02:00:00,21.96615828122329
2011-08-30 03:00:00,11.46143626990198
2011-08-30 04:00:00,6.590477534656941
2011-08-30 05:00:00,19.29767874544194
2011-08-30 06:00:00,75.81582501558994
2011-08-30 07:00:00,262.1127734318906
2011-08-30 08:00:00,498.8371759606629
2011-08-30 09:00:00,297.85568402571744
2011-08-30 10:00:00,148.89748892612727
2011-08-30 11:00:00,175.25543397495812
2011-08-30 12:00:00,216.4464300698856
2011-08-30 13:00:00,208.76539714685083
2011-08-30 14:00:00,195.22417131402764
2011-08-30 15:00:00,201.364905757969
2011-08-30 16:00:00,251.39418490592374
2011-08-30 17:00:00,523.3744720847156
2011-08-30 18:00:00,487.45221645738167
2011-08-30 19:00:00,401.05808151634847
2011-08-30 20:00:00,239.2523702911939
2011-08-30 21:00:00,175.47695450648817
2011-08-30 22:00:00,142.09340819573006
2011-08-30 23:00:00,97.65740620997937
2011-08-31 00:00:00,51.78087371357776
2011-08-31 01:00:00,32.59596843753926
2011-08-31 02:00:00,22.343018502859554
2011-08-31 03:00:00,11.686639573691048
2011-08-31 04:00:00,6.920134128444561
2011-08-31 05:00:00,19.340266710638804
2011-08-31 06:00:00,76.68680699301348
2011-08-31 07:00:00,259.4073549276018
2011-08-31 08:00:00,499.3501000890769
2011-08-31 09:00:00,293.17965975934567
2011-08-31 10:00:00,150.2465147805934
2011-08-31 11:00:00,175.5650810003205
2011-08-31 12:00:00,207.0187276830845
2011-08-31 13:00:00,208.624710702853
2011-08-31 14:00:00,193.69341204945758
2011-08-31 15:00:00,202.69912775614128
2011-08-31 16:00:00,249.60934806429384
2011-08-31 17:00:00,526.8295802640862
2011-08-31 18:00:00,475.8899032937514
2011-08-31 19:00:00,376.13178115621645
2011-08-31 20:00:00,231.15171335236806
2011-08-31 21:00:00,177.19245826471177
2011-08-31 22:00:00,139.96139457898852
2011-08-31 23:00:00,81.07065537547089
2011-09-20 00:00:00,49.653786022018096
2011-09-20 01:00:00,30.27050157007535
2011-09-20 02:00:00,20.612767804650147
2011-09-20 03:00:00,10.938130085888757
2011-09-20 04:00:00,6.777776079717091
2011-09-20 05:00:00,18.380599357245803
2011-09-20 06:00:00,70.80234597223463
2011-09-20 07:00:00,245.18414235542645
2011-09-20 08:00:00,263.6591520845682
2011-09-20 09:00:00,157.82045172456463
2011-09-20 10:00:00,78.7090799775609
2011-09-20 11:00:00,92.12373294182407
2011-09-20 12:00:00,162.00209674000865
2011-09-20 13:00:00,160.2670577972308
2011-09-20 14:00:00,150.70742866339845
2011-09-20 15:00:00,161.71166444521253
2011-09-20 16:00:00,198.47466781615185
2011-09-20 17:00:00,448.84069168553174
2011-09-20 18:00:00,417.34842561505906
2011-09-20 19:00:00,345.03553706607005
2011-09-20 20:00:00,200.77479803773008
2011-09-20 21:00:00,154.275733081868
2011-09-20 22:00:00,121.94730620115538
2011-09-20 23:00:00,83.81147140544722
2011-09-21 00:00:00,51.391412029329594
2011-09-21 01:00:00,32.821465333157505
2011-09-21 02:00:00,22.34985245799696
2011-09-21 03:00:00,10.931503773007272
2011-09-21 04:00:00,6.258392861111525
2011-09-21 05:00:00,18.01799592138115
2011-09-21 06:00:00,69.07168385369867
2011-09-21 07:00:00,238.04022600461604
2011-09-21 08:00:00,398.5035477464151
2011-09-21 09:00:00,237.00113467613465
2011-09-21 10:00:00,120.49657599823895
2011-09-21 11:00:00,137.6854167393015
2011-09-21 12:00:00,168.13091332044942
2011-09-21 13:00:00,188.7684642693487
2011-09-21 14:00:00,176.52856690941636
2011-09-21 15:00:00,187.43138462974204
2011-09-21 16:00:00,232.86748738784783
2011-09-21 17:00:00,324.82819127528086
2011-09-21 18:00:00,259.58827519471663
2011-09-21 19:00:00,214.4567389828563
2011-09-21 20:00:00,126.0931107200082
2011-09-21 21:00:00,139.88651153590558
2011-09-21 22:00:00,114.16481066670171
2011-09-21 23:00:00,83.08299160516061
2011-09-22 00:00:00,52.09215461051831
2011-09-22 01:00:00,30.813525234751353
2011-09-22 02:00:00,20.932006981220205
2011-09-22 03:00:00,11.107934336188077
2011-09-22 04:00:00,6.498763727881982
2011-09-22 05:00:00,18.755500086628025
2011-09-22 06:00:00,69.98697403380143
2011-09-22 07:00:00,242.36055979357425
2011-09-22 08:00:00,396.0569416359139
2011-09-22 09:00:00,238.9316780580544
2011-09-22 10:00:00,116.68791426287206
2011-09-22 11:00:00,137.2378851371001
2011-09-22 12:00:00,191.42836612475242
2011-09-22 13:00:00,187.5573350466197
2011-09-22 14:00:00,175.39312983177678
2011-09-22 15:00:00,185.61189813826553
2011-09-22 16:00:00,234.53152188705462
2011-09-22 17:00:00,495.22336683307935
2011-09-22 18:00:00,397.0198526126797
2011-09-22 19:00:00,321.4248755412127
2011-09-22 20:00:00,186.8889810865241
2011-09-22 21:00:00,145.21770418866586
2011-09-22 22:00:00,113.61535675026488
2011-09-22 23:00:00,79.72910877908396
2011-09-23 00:00:00,49.357376778358
2011-09-23 01:00:00,30.978428883219433
2011-09-23 02:00:00,20.74108905558203
2011-09-23 03:00:00,11.167380273808842
2011-09-23 04:00:00,4.382993845419018
2011-09-23 05:00:00,19.234387977233105
2011-09-23 06:00:00,73.02457449076107
2011-09-23 07:00:00,167.60996192241097
2011-09-23 08:00:00,276.56128084161674
2011-09-23 09:00:00,163.70656127339936
2011-09-23 10:00:00,80.40966973932582
2011-09-23 11:00:00,94.11415993069366
2011-09-23 12:00:00,113.3575351737985
2011-09-23 13:00:00,109.93482066385032
2011-09-23 14:00:00,103.30354972356128
2011-09-23 15:00:00,109.74622175695052
2011-09-23 16:00:00,138.6757895736907
2011-09-23 17:00:00,426.49371552306116
2011-09-23 18:00:00,423.05014783258304
2011-09-23 19:00:00,345.16787586878337
2011-09-23 20:00:00,209.38301802082788
2011-09-23 21:00:00,152.50514363569144
2011-09-23 22:00:00,123.84089303766334
2011-09-23 23:00:00,78.3843964753389
2011-09-24 00:00:00,54.41658065101958
2011-09-24 01:00:00,32.57811906802987
2011-09-24 02:00:00,22.184145257949673
2011-09-24 03:00:00,12.711239384771709
2011-09-24 04:00:00,7.341882441109826
2011-09-24 05:00:00,19.91039510465362
2011-09-24 06:00:00,76.695142266286
2011-09-24 07:00:00,102.30574461804447
2011-09-24 08:00:00,167.71859030836458
2011-09-24 09:00:00,100.39178630261931
2011-09-24 10:00:00,221.76792204995587
2011-09-24 11:00:00,260.227001848519
2011-09-24 12:00:00,311.45584039050397
2011-09-24 13:00:00,334.55002299244666
2011-09-24 14:00:00,332.8374609492373
2011-09-24 15:00:00,348.3126364760018
2011-09-24 16:00:00,377.637084726314
2011-09-24 17:00:00,371.56125133328334
2011-09-24 18:00:00,299.3189449076904
2011-09-24 19:00:00,142.38909250928978
2011-09-24 20:00:00,221.19751276935497
2011-09-24 21:00:00,167.52180522530915
2011-09-24 22:00:00,124.94238357371141
2011-09-24 23:00:00,85.09373630560273
2011-09-25 00:00:00,48.60430589308966
2011-09-25 01:00:00,30.083248698085136
2011-09-25 02:00:00,13.88854539254667
2011-09-25 03:00:00,7.352448404342469
2011-09-25 04:00:00,4.209112018024901
2011-09-25 05:00:00,19.62813669909608
2011-09-25 06:00:00,70.70452103662286
2011-09-25 07:00:00,91.93073313307455
2011-09-25 08:00:00,155.16317389104654
2011-09-25 09:00:00,93.16986651670592
2011-09-25 10:00:00,205.8145238376194
2011-09-25 11:00:00,272.72943694037104
2011-09-25 12:00:00,333.59158175498965
2011-09-25 13:00:00,328.9255420639683
2011-09-25 14:00:00,308.6151457691732
2011-09-25 15:00:00,322.96411219072735
2011-09-25 16:00:00,431.1027076417529
2011-09-25 17:00:00,343.3850382765425
2011-09-25 18:00:00,319.2919175093175
2011-09-25 19:00:00,128.13613498976557
2011-09-25 20:00:00,198.9096986848129
2011-09-25 21:00:00,150.0602479053605
2011-09-25 22:00:00,119.85555452852248
2011-09-25 23:00:00,76.23451430325542
2011-09-26 00:00:00,47.35491818946267
2011-09-26 01:00:00,29.616449487654744
2011-09-26 02:00:00,20.16738953181665
2011-09-26 03:00:00,10.746115945897266
2011-09-26 04:00:00,6.196574138931321
2011-09-26 05:00:00,18.378581569289018
2011-09-26 06:00:00,69.0533479825479
2011-09-26 07:00:00,241.45286677275405
2011-09-26 08:00:00,398.4042077908525
2011-09-26 09:00:00,230.89840541909777
2011-09-26 10:00:00,112.86744817943773
2011-09-26 11:00:00,162.90734995985903
2011-09-26 12:00:00,184.5474333373232
2011-09-26 13:00:00,182.40469368401588
2011-09-26 14:00:00,185.36903346464703
2011-09-26 15:00:00,197.11421010316087
2011-09-26 16:00:00,243.93166341866404
2011-09-26 17:00:00,508.46471500536836
2011-09-26 18:00:00,466.0656509811871
2011-09-26 19:00:00,383.7361750217203
2011-09-26 20:00:00,192.66532313101973
2011-09-26 21:00:00,148.04439728489888
2011-09-26 22:00:00,116.56300881648907
2011-09-26 23:00:00,80.1109723919716
2011-09-27 00:00:00,50.32755464023963
2011-09-27 01:00:00,31.528179570872332
2011-09-27 02:00:00,21.677612928465596
2011-09-27 03:00:00,10.941038537083946
2011-09-27 04:00:00,4.232342324650485
2011-09-27 05:00:00,12.244072655558572
2011-09-27 06:00:00,70.13657523230088
2011-09-27 07:00:00,241.71013775846495
2011-09-27 08:00:00,400.3983100804585
2011-09-27 09:00:00,157.70667340358702
2011-09-27 10:00:00,76.84780297911453
2011-09-27 11:00:00,135.91197492594682
2011-09-27 12:00:00,161.88530372389118
2011-09-27 13:00:00,183.92771150619126
2011-09-27 14:00:00,175.51452227326251
2011-09-27 15:00:00,182.35402853986798
2011-09-27 16:00:00,224.5773778028744
2011-09-27 17:00:00,404.8889241101398
2011-09-27 18:00:00,376.18025207223076
2011-09-27 19:00:00,312.74203753448603
2011-09-27 20:00:00,205.0193526680134
2011-09-27 21:00:00,157.13623374233103
2011-09-27 22:00:00,121.44543263059784
2011-09-27 23:00:00,83.46654568532873
2011-09-28 00:00:00,52.47044591921938
2011-09-28 01:00:00,33.0300529216063
2011-09-28 02:00:00,21.58714864602721
2011-09-28 03:00:00,10.931503773007272
2011-09-28 04:00:00,6.9662431747624485
2011-09-28 05:00:00,18.772399136653735
2011-09-28 06:00:00,47.237779709631226
2011-09-28 07:00:00,162.794522019384
2011-09-28 08:00:00,263.5208549704108
2011-09-28 09:00:00,156.97879899257546
2011-09-28 10:00:00,118.6049799875735
2011-09-28 11:00:00,158.92954669866316
2011-09-28 12:00:00,193.7553162486009
2011-09-28 13:00:00,196.07562340281723
2011-09-28 14:00:00,188.8836611858867
2011-09-28 15:00:00,199.28788037187985
2011-09-28 16:00:00,245.21755836456623
2011-09-28 17:00:00,512.3523454005667
2011-09-28 18:00:00,292.493095331992
2011-09-28 19:00:00,239.6671826477167
2011-09-28 20:00:00,123.04280722581258
2011-09-28 21:00:00,94.4758657015555
2011-09-28 22:00:00,121.94932054568588
2011-09-28 23:00:00,82.68328183353735
2011-09-29 00:00:00,51.34309363299815
2011-09-29 01:00:00,29.49163825462708
2011-09-29 02:00:00,20.082399035050166
2011-09-29 03:00:00,10.921839902313495
2011-09-29 04:00:00,6.430497196900971
2011-09-29 05:00:00,18.874695390479033
2011-09-29 06:00:00,72.8811371905467
2011-09-29 07:00:00,266.0090912920984
2011-09-29 08:00:00,452.1675644799806
2011-09-29 09:00:00,259.18011286879084
2011-09-29 10:00:00,151.4999267958078
2011-09-29 11:00:00,179.03628142015938
2011-09-29 12:00:00,214.44928462713526
2011-09-29 13:00:00,210.11272854466847
2011-09-29 14:00:00,198.05054179749962
2011-09-29 15:00:00,207.2471898864634
2011-09-29 16:00:00,261.2393392796272
2011-09-29 17:00:00,548.0835486079128
2011-09-29 18:00:00,523.3223732776889
2011-09-29 19:00:00,428.83660380060246
2011-09-29 20:00:00,250.67206486804855
2011-09-29 21:00:00,171.79518118457162
2011-09-29 22:00:00,132.46659642262253
2011-09-29 23:00:00,86.85736543051235
2011-09-30 00:00:00,53.77324275602683
2011-09-30 01:00:00,34.42554726194848
2011-09-30 02:00:00,23.050345297349004
2011-09-30 03:00:00,12.20260795576091
2011-09-30 04:00:00,7.036550597042557
2011-09-30 05:00:00,20.35658511196116
2011-09-30 06:00:00,78.03536325402861
2011-09-30 07:00:00,268.93155731784856
2011-09-30 08:00:00,462.5254391839848
2011-09-30 09:00:00,274.40543808499206
2011-09-30 10:00:00,159.7413228851852
2011-09-30 11:00:00,186.39367419576678
2011-09-30 12:00:00,205.6198955297183
2011-09-30 13:00:00,202.9066013565924
2011-09-30 14:00:00,191.59209988970622
2011-09-30 15:00:00,212.86195437076034
2011-09-30 16:00:00,265.1087159006937
2011-09-30 17:00:00,559.2990312258063
2011-09-30 18:00:00,453.36375577524643
2011-09-30 19:00:00,376.32925016797566
2011-09-30 20:00:00,221.26852265715732
2011-09-30 21:00:00,169.13630280480047
2011-09-30 22:00:00,130.817381402866
2011-09-30 23:00:00,89.9076622709186
2011-10-20 00:00:00,53.64455012820288
2011-10-20 01:00:00,33.931038788133826
2011-10-20 02:00:00,22.77280533083293
2011-10-20 03:00:00,12.148060808459096
2011-10-20 04:00:00,7.107295970315495
2011-10-20 05:00:00,18.295556453719975
2011-10-20 06:00:00,70.36542782785355
2011-10-20 07:00:00,245.24616406585244
2011-10-20 08:00:00,407.8861147044713
2011-10-20 09:00:00,240.6406902254896
2011-10-20 10:00:00,122.0575542505804
2011-10-20 11:00:00,141.9330714985701
2011-10-20 12:00:00,172.7611583501061
2011-10-20 13:00:00,193.93548713131054
2011-10-20 14:00:00,149.10121495954354
2011-10-20 15:00:00,157.55030906570303
2011-10-20 16:00:00,195.74280306248866
2011-10-20 17:00:00,417.9619384311924
2011-10-20 18:00:00,393.0707857763183
2011-10-20 19:00:00,340.28320112900235
2011-10-20 20:00:00,188.45771977069646
2011-10-20 21:00:00,155.85884289153833
2011-10-20 22:00:00,122.60398663753186
2011-10-20 23:00:00,84.20428209731267
2011-10-21 00:00:00,52.59442453659216
2011-10-21 01:00:00,33.26814930687613
2011-10-21 02:00:00,20.704437991835025
2011-10-21 03:00:00,10.18282555187436
2011-10-21 04:00:00,5.928765862850076
2011-10-21 05:00:00,16.933790514060874
2011-10-21 06:00:00,66.06894762418578
2011-10-21 07:00:00,227.69196213110928
2011-10-21 08:00:00,446.78069718899815
2011-10-21 09:00:00,253.32063527997707
2011-10-21 10:00:00,132.61307271077843
2011-10-21 11:00:00,177.53822251663425
2011-10-21 12:00:00,209.93889678507813
2011-10-21 13:00:00,178.66059573049876
2011-10-21 14:00:00,194.83407066010804
2011-10-21 15:00:00,203.7414084841389
2011-10-21 16:00:00,254.35910954645635
2011-10-21 17:00:00,433.4495382470538
2011-10-21 18:00:00,401.75717209745125
2011-10-21 19:00:00,322.1147533804079
2011-10-21 20:00:00,194.49241615052895
2011-10-21 21:00:00,160.08266108260761
2011-10-21 22:00:00,127.76174117494992
2011-10-21 23:00:00,85.64999211338143
2011-10-22 00:00:00,55.60529090155661
2011-10-22 01:00:00,35.00343229457832
2011-10-22 02:00:00,23.60649218369094
2011-10-22 03:00:00,12.740850403271553
2011-10-22 04:00:00,6.7960995648638125
2011-10-22 05:00:00,19.948128597533017
2011-10-22 06:00:00,70.46877568321278
2011-10-22 07:00:00,90.37548784331639
2011-10-22 08:00:00,180.22264360090335
2011-10-22 09:00:00,106.40572555766467
2011-10-22 10:00:00,221.5677165197231
2011-10-22 11:00:00,259.3302469170252
2011-10-22 12:00:00,336.1867246480807
2011-10-22 13:00:00,391.59460203878854
2011-10-22 14:00:00,288.9501230810753
2011-10-22 15:00:00,320.2551495624095
2011-10-22 16:00:00,463.64483881895376
2011-10-22 17:00:00,321.5675537013681
2011-10-22 18:00:00,303.1243883886774
2011-10-22 19:00:00,141.66355531485613
2011-10-22 20:00:00,219.2135812740129
2011-10-22 21:00:00,165.50133981751685
2011-10-22 22:00:00,130.82059090082674
2011-10-22 23:00:00,80.99134958568781
2011-10-23 00:00:00,41.81432206764102
2011-10-23 01:00:00,26.322041800475347
2011-10-23 02:00:00,17.809861860586174
2011-10-23 03:00:00,9.527481230708867
2011-10-23 04:00:00,5.574110142017211
2011-10-23 05:00:00,16.191073505885146
2011-10-23 06:00:00,61.572346973840595
2011-10-23 07:00:00,80.82125116754978
2011-10-23 08:00:00,132.396190790504
2011-10-23 09:00:00,96.77896770252497
2011-10-23 10:00:00,212.4010428153012
2011-10-23 11:00:00,243.04862948299282
2011-10-23 12:00:00,336.75968961798947
2011-10-23 13:00:00,336.6305083661935
2011-10-23 14:00:00,314.7980239990775
2011-10-23 15:00:00,335.043615449981
2011-10-23 16:00:00,411.27945904823775
2011-10-23 17:00:00,327.61455919662575
2011-10-23 18:00:00,306.1005923049301
2011-10-23 19:00:00,125.66702950553497
2011-10-23 20:00:00,193.97651345594753
2011-10-23 21:00:00,149.05191840092084
2011-10-23 22:00:00,116.60150209956363
2011-10-23 23:00:00,79.36692079737264
2011-10-24 00:00:00,49.779307667862554
2011-10-24 01:00:00,30.418093533116387
2011-10-24 02:00:00,20.56438314927352
2011-10-24 03:00:00,11.044995358210773
2011-10-24 04:00:00,6.55632234484155
2011-10-24 05:00:00,17.127034288078864
2011-10-24 06:00:00,70.97762177793255
2011-10-24 07:00:00,206.05582078383165
2011-10-24 08:00:00,372.3010889094858
2011-10-24 09:00:00,224.0921321232367
2011-10-24 10:00:00,107.52986621941724
2011-10-24 11:00:00,148.90275218331516
2011-10-24 12:00:00,180.94977096459638
2011-10-24 13:00:00,178.6497884765287
2011-10-24 14:00:00,168.68789822622455
2011-10-24 15:00:00,190.28956879741304
2011-10-24 16:00:00,233.96999164803537
2011-10-24 17:00:00,485.1327755209439
2011-10-24 18:00:00,469.034470161033
2011-10-24 19:00:00,201.75762170317498
2011-10-24 20:00:00,185.47596178076205
2011-10-24 21:00:00,141.3888770974126
2011-10-24 22:00:00,113.46793794349202
2011-10-24 23:00:00,78.87205157197538
2011-10-25 00:00:00,49.391284587329984
2011-10-25 01:00:00,31.091726308124684
2011-10-25 02:00:00,21.003937756565914
2011-10-25 03:00:00,11.273076687372898
2011-10-25 04:00:00,5.898005002579868
2011-10-25 05:00:00,17.06279791070528
2011-10-25 06:00:00,66.84363574018126
2011-10-25 07:00:00,252.05122424973305
2011-10-25 08:00:00,429.809005959205
2011-10-25 09:00:00,255.1625203235972
2011-10-25 10:00:00,143.2519639744808
2011-10-25 11:00:00,167.38466549384876
2011-10-25 12:00:00,204.8132993272943
2011-10-25 13:00:00,200.8236542268826
2011-10-25 14:00:00,191.47159774442025
2011-10-25 15:00:00,206.75879761058093
2011-10-25 16:00:00,253.18633016045794
2011-10-25 17:00:00,539.3232643181007
2011-10-25 18:00:00,491.30500868906125
2011-10-25 19:00:00,328.19726859450714
2011-10-25 20:00:00,196.58189695843828
2011-10-25 21:00:00,149.13002575976063
2011-10-25 22:00:00,117.68368188106334
2011-10-25 23:00:00,81.01602656475568
2011-10-26 00:00:00,49.714155937144945
2011-10-26 01:00:00,31.369394412122656
2011-10-26 02:00:00,21.67270484285392
2011-10-26 03:00:00,11.362985997430245
2011-10-26 04:00:00,6.579307305425697
2011-10-26 05:00:00,19.125804058719734
2011-10-26 06:00:00,73.67288572278387
2011-10-26 07:00:00,256.36212307422454
2011-10-26 08:00:00,396.8200939900662
2011-10-26 09:00:00,235.60177316142523
2011-10-26 10:00:00,130.78537896787623
2011-10-26 11:00:00,162.50431223282214
2011-10-26 12:00:00,126.76121190937799
2011-10-26 13:00:00,125.61703096961357
2011-10-26 14:00:00,170.33370339892355
2011-10-26 15:00:00,178.2533166260661
2011-10-26 16:00:00,218.27643242330498
2011-10-26 17:00:00,457.17055381262725
2011-10-26 18:00:00,449.1191744531803
2011-10-26 19:00:00,374.91613867677876
2011-10-26 20:00:00,217.27656917247612
2011-10-26 21:00:00,160.0524647937744
2011-10-26 22:00:00,106.67373943999722
2011-10-26 23:00:00,73.31431370890536
2011-10-27 00:00:00,49.23938861235328
2011-10-27 01:00:00,30.99610806047755
2011-10-27 02:00:00,13.27312894705581
2011-10-27 03:00:00,7.026653475156894
2011-10-27 04:00:00,4.153863983137854
2011-10-27 05:00:00,11.844045473627084
2011-10-27 06:00:00,53.67927942255242
2011-10-27 07:00:00,231.95831905811727
2011-10-27 08:00:00,255.0893977478266
2011-10-27 09:00:00,263.9441518940712
2011-10-27 10:00:00,84.9013521297895
2011-10-27 11:00:00,100.33608847895168
2011-10-27 12:00:00,120.08846329059648
2011-10-27 13:00:00,175.38801312273102
2011-10-27 14:00:00,170.60080740996688
2011-10-27 15:00:00,175.538986505635
2011-10-27 16:00:00,223.13936851847058
2011-10-27 17:00:00,445.50282835390936
2011-10-27 18:00:00,366.8056574230179
2011-10-27 19:00:00,303.00554489482136
2011-10-27 20:00:00,189.90967307494904
2011-10-27 21:00:00,147.57624814803899
2011-10-27 22:00:00,100.0902907286057
2011-10-27 23:00:00,70.75551736749658
2011-10-28 00:00:00,44.90959646871139
2011-10-28 01:00:00,28.385743735702448
2011-10-28 02:00:00,19.236033450165262
2011-10-28 03:00:00,9.31150031877046
2011-10-28 04:00:00,5.513717671930775
2011-10-28 05:00:00,15.1705162112166
2011-10-28 06:00:00,61.99343095272957
2011-10-28 07:00:00,213.64659859814734
2011-10-28 08:00:00,352.7779313330893
2011-10-28 09:00:00,232.05683916526232
2011-10-28 10:00:00,112.97322706642383
2011-10-28 11:00:00,133.38869166198992
2011-10-28 12:00:00,165.41907002122096
2011-10-28 13:00:00,160.51695789572818
2011-10-28 14:00:00,140.46755112244801
2011-10-28 15:00:00,147.23811018919497
2011-10-28 16:00:00,183.51602970496774
2011-10-28 17:00:00,383.45299258441094
2011-10-28 18:00:00,352.2741609953653
2011-10-28 19:00:00,292.1538677770336
2011-10-28 20:00:00,111.50886004749427
2011-10-28 21:00:00,84.66117910820661
2011-10-28 22:00:00,60.11975640217491
2011-10-28 23:00:00,40.596960318958004
2011-10-29 00:00:00,26.08341152986958
2011-10-29 01:00:00,16.353244121904307
2011-10-29 02:00:00,11.135779272016011
2011-10-29 03:00:00,5.866472006035544
2011-10-29 04:00:00,3.4322146971335235
2011-10-29 05:00:00,9.859302882343506
2011-10-29 06:00:00,38.53071686108297
2011-10-29 07:00:00,50.660135948644836
2011-10-29 08:00:00,82.91561053584007
2011-10-29 09:00:00,49.39264849119361
2011-10-29 10:00:00,108.9446671311045
2011-10-29 11:00:00,126.28646307085123
2011-10-29 12:00:00,120.62577738768456
2011-10-29 13:00:00,118.18459131219046
2011-10-29 14:00:00,112.40455439572685
2011-10-29 15:00:00,137.93453726948047
2011-10-29 16:00:00,146.86094436826872
2011-10-29 17:00:00,117.6342751628828
2011-10-29 18:00:00,109.38063425852333
2011-10-29 19:00:00,96.22409542813187
2011-10-29 20:00:00,148.29501312907254
2011-10-29 21:00:00,113.95016748353834
2011-10-29 22:00:00,92.05099898496411
2011-10-29 23:00:00,63.313248596240385
2011-10-30 00:00:00,35.61554516074966
2011-10-30 01:00:00,22.312061125795125
2011-10-30 02:00:00,15.120109522376275
2011-10-30 03:00:00,8.140158946661925
2011-10-30 04:00:00,4.1012305871047365
2011-10-30 05:00:00,13.911415034004477
2011-10-30 06:00:00,53.75778105937888
2011-10-30 07:00:00,72.4582900138567
2011-10-30 08:00:00,128.07726722926623
2011-10-30 09:00:00,76.22711152967449
2011-10-30 10:00:00,187.5827333789742
2011-10-30 11:00:00,218.1211928688442
2011-10-30 12:00:00,282.37372292067147
2011-10-30 13:00:00,307.86422169361964
2011-10-30 14:00:00,293.030665372019
2011-10-30 15:00:00,310.3708831729799
2011-10-30 16:00:00,390.2881942247253
2011-10-30 17:00:00,313.13090695394845
2011-10-30 18:00:00,244.83327151536537
2011-10-30 19:00:00,146.45622828564396
2011-10-30 20:00:00,175.20847525369481
2011-10-30 21:00:00,132.2784712212914
2011-10-30 22:00:00,102.73561325960584
2011-10-30 23:00:00,69.15571361777457
2011-10-31 00:00:00,42.237382266175295
2011-10-31 01:00:00,26.975183655615915
2011-10-31 02:00:00,15.35463107700814
2011-10-31 03:00:00,8.057339842234452
2011-10-31 04:00:00,4.755673748024706
2011-10-31 05:00:00,13.616041695660613
2011-10-31 06:00:00,52.996250323320425
2011-10-31 07:00:00,180.0207437740703
2011-10-31 08:00:00,331.7542928598246
2011-10-31 09:00:00,197.60707425991518
2011-10-31 10:00:00,100.29813330043372
2011-10-31 11:00:00,149.64846017435536
2011-10-31 12:00:00,178.37622596417683
2011-10-31 13:00:00,163.9531943905301
2011-10-31 14:00:00,152.95490361528212
2011-10-31 15:00:00,172.4125841874124
2011-10-31 16:00:00,211.48702614659246
2011-10-31 17:00:00,446.17351956441854
2011-10-31 18:00:00,407.6253292611932
2011-10-31 19:00:00,334.00588184480307
2011-10-31 20:00:00,196.38385270773642
2011-10-31 21:00:00,116.11517633174273
2011-10-31 22:00:00,91.78328101162914
2011-10-31 23:00:00,63.08045722072212
2011-11-20 00:00:00,44.31246579079942
2011-11-20 01:00:00,30.374413540919253
2011-11-20 02:00:00,20.58368596371803
2011-11-20 03:00:00,10.116814282434268
2011-11-20 04:00:00,5.848086715664104
2011-11-20 05:00:00,17.013194247328503
2011-11-20 06:00:00,65.85295803491655
2011-11-20 07:00:00,92.81146497204693
2011-11-20 08:00:00,140.8129891120666
2011-11-20 09:00:00,90.64023629614117
2011-11-20 10:00:00,189.5155210426359
2011-11-20 11:00:00,256.99675753372793
2011-11-20 12:00:00,306.10987863336675
2011-11-20 13:00:00,303.1835177490611
2011-11-20 14:00:00,295.11671682119606
2011-11-20 15:00:00,288.8195802500103
2011-11-20 16:00:00,366.70468794399306
2011-11-20 17:00:00,290.9029720867292
2011-11-20 18:00:00,273.2381403137506
2011-11-20 19:00:00,128.15439029995562
2011-11-20 20:00:00,198.60561481903838
2011-11-20 21:00:00,131.50310182414412
2011-11-20 22:00:00,68.18659315340452
2011-11-20 23:00:00,46.863017153365206
2011-11-21 00:00:00,42.667920372216265
2011-11-21 01:00:00,17.46156996709107
2011-11-21 02:00:00,11.767442070233413
2011-11-21 03:00:00,6.290036417061979
2011-11-21 04:00:00,3.6800236008855545
2011-11-21 05:00:00,16.218569584180017
2011-11-21 06:00:00,62.72882287608252
2011-11-21 07:00:00,211.84994599461044
2011-11-21 08:00:00,358.97177450427137
2011-11-21 09:00:00,209.39927648992057
2011-11-21 10:00:00,121.68851709577723
2011-11-21 11:00:00,140.03989116677138
2011-11-21 12:00:00,169.91862212030358
2011-11-21 13:00:00,167.28737184924526
2011-11-21 14:00:00,134.57718214407052
2011-11-21 15:00:00,92.08839841255599
2011-11-21 16:00:00,114.41197000312914
2011-11-21 17:00:00,238.29427525699333
2011-11-21 18:00:00,228.63230405593066
2011-11-21 19:00:00,185.40123881778197
2011-11-21 20:00:00,110.32685283788679
2011-11-21 21:00:00,85.59837472257782
2011-11-21 22:00:00,67.98945490096196
2011-11-21 23:00:00,46.50197145138216
2011-11-22 00:00:00,26.507382845889317
2011-11-22 01:00:00,18.17032805996672
2011-11-22 02:00:00,11.199668229242363
2011-11-22 03:00:00,5.92898539579593
2011-11-22 04:00:00,3.485417907841492
2011-11-22 05:00:00,10.083236852094766
2011-11-22 06:00:00,58.460389426368074
2011-11-22 07:00:00,132.56912515967733
2011-11-22 08:00:00,218.74288755691626
2011-11-22 09:00:00,147.8400282517273
2011-11-22 10:00:00,72.26696389375888
2011-11-22 11:00:00,82.76515930647948
2011-11-22 12:00:00,98.34683875394967
2011-11-22 13:00:00,96.43342620081471
2011-11-22 14:00:00,90.61655968867188
2011-11-22 15:00:00,97.2183413288624
2011-11-22 16:00:00,120.78548594189887
2011-11-22 17:00:00,246.35600130428358
2011-11-22 18:00:00,232.41653320110262
2011-11-22 19:00:00,189.20532655821998
2011-11-22 20:00:00,160.3239006763795
2011-11-22 21:00:00,122.6005086220252
2011-11-22 22:00:00,113.01014652641292
2011-11-22 23:00:00,67.29834891526343
2011-11-23 00:00:00,41.697441514713624
2011-11-23 01:00:00,26.05885112129976
2011-11-23 02:00:00,13.475553641436722
2011-11-23 03:00:00,7.133814958172903
2011-11-23 04:00:00,4.217213375028837
2011-11-23 05:00:00,16.236816126859512
2011-11-23 06:00:00,63.87129943025254
2011-11-23 07:00:00,216.07462014241938
2011-11-23 08:00:00,359.38040171427815
2011-11-23 09:00:00,240.1993996057209
2011-11-23 10:00:00,117.41394765599544
2011-11-23 11:00:00,140.31282519539445
2011-11-23 12:00:00,163.28224198293483
2011-11-23 13:00:00,150.4570288201538
2011-11-23 14:00:00,152.16898462421202
2011-11-23 15:00:00,149.63656302200607
2011-11-23 16:00:00,182.66198697992067
2011-11-23 17:00:00,232.8771108883995
2011-11-23 18:00:00,356.58199743578245
2011-11-23 19:00:00,291.117388435103
2011-11-23 20:00:00,159.27957491214073
2011-11-23 21:00:00,122.88187716688283
2011-11-23 22:00:00,96.8265182780753
2011-11-23 23:00:00,67.51851558150301
2011-11-24 00:00:00,44.93338312000124
2011-11-24 01:00:00,25.306942001192564
2011-11-24 02:00:00,17.442686497909047
2011-11-24 03:00:00,9.369142570788036
2011-11-24 04:00:00,6.013722655050648
2011-11-24 05:00:00,17.35566647758696
2011-11-24 06:00:00,67.01568864652734
2011-11-24 07:00:00,79.10352512105189
2011-11-24 08:00:00,143.99432046802062
2011-11-24 09:00:00,87.16236905201758
2011-11-24 10:00:00,192.83679598222272
2011-11-24 11:00:00,262.4169151771964
2011-11-24 12:00:00,319.14264800846826
2011-11-24 13:00:00,315.1932186093596
2011-11-24 14:00:00,336.0881048809298
2011-11-24 15:00:00,354.27363226309626
2011-11-24 16:00:00,434.87803724181384
2011-11-24 17:00:00,314.4703556310869
2011-11-24 18:00:00,284.80556189114264
2011-11-24 19:00:00,134.27820837276738
2011-11-24 20:00:00,166.2308103415697
2011-11-24 21:00:00,129.2788145022294
2011-11-24 22:00:00,102.18848332459241
2011-11-24 23:00:00,70.06508567956959
2011-11-25 00:00:00,42.54413697601232
2011-11-25 01:00:00,27.280544111031862
2011-11-25 02:00:00,16.933698593338157
2011-11-25 03:00:00,9.094942335285904
2011-11-25 04:00:00,5.74010627548667
2011-11-25 05:00:00,16.889219096320662
2011-11-25 06:00:00,58.68460590424914
2011-11-25 07:00:00,221.89196087453163
2011-11-25 08:00:00,332.10210893583127
2011-11-25 09:00:00,218.07121274456907
2011-11-25 10:00:00,105.05896921272543
2011-11-25 11:00:00,146.94111529796132
2011-11-25 12:00:00,180.1329328858178
2011-11-25 13:00:00,200.8992292856518
2011-11-25 14:00:00,190.74999465444185
2011-11-25 15:00:00,202.04097865984238
2011-11-25 16:00:00,251.43781079994818
2011-11-25 17:00:00,539.4764430779652
2011-11-25 18:00:00,431.210782424177
2011-11-25 19:00:00,341.94429005190244
2011-11-25 20:00:00,203.31716313118162
2011-11-25 21:00:00,130.31868063004694
2011-11-25 22:00:00,102.35417200211627
2011-11-25 23:00:00,69.3365415457746
2011-11-26 00:00:00,44.79706049767062
2011-11-26 01:00:00,28.382970912767323
2011-11-26 02:00:00,19.127354469943185
2011-11-26 03:00:00,10.256983743140482
2011-11-26 04:00:00,6.000909970293496
2011-11-26 05:00:00,17.387838002581145
2011-11-26 06:00:00,62.93730116676406
2011-11-26 07:00:00,79.63263643076934
2011-11-26 08:00:00,144.72085345962498
2011-11-26 09:00:00,85.85992717798754
2011-11-26 10:00:00,188.59898919243585
2011-11-26 11:00:00,267.83512527545565
2011-11-26 12:00:00,332.0740201855185
2011-11-26 13:00:00,329.8024420644276
2011-11-26 14:00:00,281.54012646387093
2011-11-26 15:00:00,343.3152282030971
2011-11-26 16:00:00,368.430834119922
2011-11-26 17:00:00,295.1097332635533
2011-11-26 18:00:00,265.538799063048
2011-11-26 19:00:00,125.50121441334606
2011-11-26 20:00:00,201.66208473586036
2011-11-26 21:00:00,134.20856489724497
2011-11-26 22:00:00,107.62860874453186
2011-11-26 23:00:00,72.36660967689104
2011-11-27 00:00:00,40.73972218119191
2011-11-27 01:00:00,25.64558307219217
2011-11-27 02:00:00,17.534600759112795
2011-11-27 03:00:00,9.149517738384272
2011-11-27 04:00:00,5.28452685952858
2011-11-27 05:00:00,15.068184610665307
2011-11-27 06:00:00,63.08340764176279
2011-11-27 07:00:00,81.16169736399931
2011-11-27 08:00:00,146.5287466145648
2011-11-27 09:00:00,88.54709246303692
2011-11-27 10:00:00,195.6027023953917
2011-11-27 11:00:00,263.12954873237067
2011-11-27 12:00:00,326.91939298793477
2011-11-27 13:00:00,323.42846984681614
2011-11-27 14:00:00,339.1331847755941
2011-11-27 15:00:00,365.3380633607732
2011-11-27 16:00:00,397.35145308987273
2011-11-27 17:00:00,319.5738916496752
2011-11-27 18:00:00,291.1309674903492
2011-11-27 19:00:00,118.73900755676537
2011-11-27 20:00:00,210.1706432957397
2011-11-27 21:00:00,139.26073323965866
2011-11-27 22:00:00,109.28921339912222
2011-11-27 23:00:00,75.11186650253009
2011-11-28 00:00:00,45.291345805307074
2011-11-28 01:00:00,28.44215705548769
2011-11-28 03:00:00,10.147339565369741
2011-11-28 04:00:00,6.1554737682286405
2011-11-28 05:00:00,17.99691609533026
2011-11-28 06:00:00,68.87493228875759
2011-11-28 07:00:00,237.37550944215437
2011-11-28 08:00:00,361.89443124882496
2011-11-28 09:00:00,210.0767262383474
2011-11-28 10:00:00,106.12110178920224
2011-11-28 11:00:00,145.1891017245145
2011-11-28 12:00:00,190.58633909043164
2011-11-28 13:00:00,179.8875636339498
2011-11-28 14:00:00,203.6563790922022
2011-11-28 15:00:00,181.9987784761828
2011-11-28 16:00:00,225.94732676739102
2011-11-28 17:00:00,477.0250043995878
2011-11-28 18:00:00,434.7594137728956
2011-11-28 19:00:00,350.01574619079753
2011-11-28 20:00:00,191.98715157088688
2011-11-28 21:00:00,146.8158932452095
2011-11-28 22:00:00,115.16868526706098
2011-11-28 23:00:00,78.77188591838515
2011-11-29 00:00:00,53.950648974974975
2011-11-29 01:00:00,33.472940974440085
2011-11-29 02:00:00,21.50673162640772
2011-11-29 03:00:00,11.385435274889376
2011-11-29 04:00:00,6.36688642258313
2011-11-29 05:00:00,19.635082127950763
2011-11-29 06:00:00,76.23975792688687
2011-11-29 07:00:00,269.15384510458523
2011-11-29 08:00:00,445.3775896177247
2011-11-29 09:00:00,164.1692543359571
2011-11-29 10:00:00,80.24899423964578
2011-11-29 11:00:00,91.95710298458091
2011-11-29 12:00:00,96.99522654258124
2011-11-29 13:00:00,98.77315039486143
2011-11-29 14:00:00,90.7607261229792
2011-11-29 15:00:00,94.51645038129072
2011-11-29 16:00:00,119.43138610599085
2011-11-29 17:00:00,369.29369764180666
2011-11-29 18:00:00,347.5408592547886
2011-11-29 19:00:00,283.39838736721657
2011-11-29 20:00:00,152.29158290384004
2011-11-29 21:00:00,117.02113922820523
2011-11-29 22:00:00,99.14945529364064
2011-11-29 23:00:00,64.02054792266586
2011-11-30 00:00:00,40.82881128789094
2011-11-30 01:00:00,26.03701553023645
2011-11-30 02:00:00,17.95972759412261
2011-11-30 03:00:00,9.507689017072739
2011-11-30 04:00:00,5.045759970438091
2011-11-30 05:00:00,14.516664993965527
2011-11-30 06:00:00,55.92065116506185
2011-11-30 07:00:00,195.5219103151278
2011-11-30 08:00:00,317.9777225958769
2011-11-30 09:00:00,188.6390848391287
2011-11-30 10:00:00,102.6377712273353
2011-11-30 11:00:00,129.5028800796568
2011-11-30 12:00:00,137.1721032475781
2011-11-30 13:00:00,145.4713675752797
2011-11-30 14:00:00,136.69653129846694
2011-11-30 15:00:00,143.03666206608088
2011-11-30 16:00:00,179.00393104895917
2011-11-30 17:00:00,350.0620345719102
2011-11-30 18:00:00,347.23558656566826
2011-11-30 19:00:00,263.5295440845302
2011-11-30 20:00:00,154.9462149701916
2011-11-30 21:00:00,116.41000554195459
2011-11-30 22:00:00,93.06628497696144
2011-11-30 23:00:00,64.99916301325926
2011-12-20 00:00:00,41.84633469723421
2011-12-20 01:00:00,26.94088068953744
2011-12-20 02:00:00,16.937861054593036
2011-12-20 03:00:00,8.966723725484526
2011-12-20 04:00:00,5.258363148774097
2011-12-20 05:00:00,15.261304839837306
2011-12-20 06:00:00,58.786776440559436
2011-12-20 07:00:00,200.1716361083027
2011-12-20 08:00:00,389.6435320210207
2011-12-20 09:00:00,194.86694035885304
2011-12-20 10:00:00,110.48970733275361
2011-12-20 11:00:00,129.22186013746762
2011-12-20 12:00:00,157.15341675934633
2011-12-20 13:00:00,154.71984023144228
2011-12-20 14:00:00,144.6899833000781
2011-12-20 15:00:00,155.48981862514287
2011-12-20 16:00:00,206.08252134150158
2011-12-20 17:00:00,416.6554893976474
2011-12-20 18:00:00,348.98879819996796
2011-12-20 19:00:00,295.0796455144952
2011-12-20 20:00:00,161.03672134182855
2011-12-20 21:00:00,122.45672357407814
2011-12-20 22:00:00,91.68858594800825
2011-12-20 23:00:00,68.54794783088232
2011-12-21 00:00:00,38.20967757103302
2011-12-21 01:00:00,24.264320103986176
2011-12-21 02:00:00,16.5361848448963
2011-12-21 03:00:00,8.75408060674352
2011-12-21 04:00:00,5.121627459816541
2011-12-21 05:00:00,15.285309779391653
2011-12-21 06:00:00,54.91782610405105
2011-12-21 07:00:00,186.8468293164583
2011-12-21 08:00:00,206.49256007813142
2011-12-21 09:00:00,211.49824373558218
2011-12-21 10:00:00,99.77091273348385
2011-12-21 11:00:00,116.77520462241245
2011-12-21 12:00:00,93.24058688609946
2011-12-21 13:00:00,92.17360670036754
2011-12-21 14:00:00,128.68261498955292
2011-12-21 15:00:00,134.01563233751193
2011-12-21 16:00:00,110.46273162076596
2011-12-21 17:00:00,231.91796495834762
2011-12-21 18:00:00,323.01321057894324
2011-12-21 19:00:00,302.97828732115187
2011-12-21 20:00:00,177.28367568377166
2011-12-21 21:00:00,149.226449586098
2011-12-21 22:00:00,118.52824305422911
2011-12-21 23:00:00,82.25247385227287
2011-12-22 00:00:00,49.76221398906464
2011-12-22 01:00:00,28.703936334902853
2011-12-22 02:00:00,19.908344474879524
2011-12-22 03:00:00,10.909839310407694
2011-12-22 04:00:00,5.699815101633172
2011-12-22 05:00:00,16.851742870342278
2011-12-22 06:00:00,59.53048088672292
2011-12-22 07:00:00,203.04084405672464
2011-12-22 08:00:00,317.32814517422145
2011-12-22 09:00:00,200.72583939195425
2011-12-22 10:00:00,108.66114981289772
2011-12-22 11:00:00,129.54603448408025
2011-12-22 12:00:00,162.1613251897121
2011-12-22 13:00:00,157.24332083158095
2011-12-22 14:00:00,147.75840006045092
2011-12-22 15:00:00,155.49074128083492
2011-12-22 16:00:00,192.11255760636743
2011-12-22 17:00:00,390.57732489978815
2011-12-22 18:00:00,372.03523973561306
2011-12-22 19:00:00,309.2960310080443
2011-12-22 20:00:00,119.868584806328
2011-12-22 21:00:00,92.10724640354066
2011-12-22 22:00:00,58.060798974427215
2011-12-22 23:00:00,48.342254034912465
2011-12-23 00:00:00,29.42554796242023
2011-12-23 01:00:00,18.523330408556667
2011-12-23 02:00:00,11.445042960323336
2011-12-23 03:00:00,6.058884172018416
2011-12-23 04:00:00,3.4601658082555984
2011-12-23 05:00:00,15.1492443754079
2011-12-23 06:00:00,63.42022781144415
2011-12-23 07:00:00,219.62032402192628
2011-12-23 08:00:00,400.34866370643255
2011-12-23 09:00:00,242.53285117567918
2011-12-23 10:00:00,118.55077876142478
2011-12-23 11:00:00,138.08157154614727
2011-12-23 12:00:00,164.86129189353687
2011-12-23 13:00:00,165.4697769835502
2011-12-23 14:00:00,155.11913631524595
2011-12-23 15:00:00,149.79677137695134
2011-12-23 16:00:00,189.73471483749438
2011-12-23 17:00:00,374.56538751216567
2011-12-23 18:00:00,350.5442445034055
2011-12-23 19:00:00,287.9354981996467
2011-12-23 20:00:00,163.81687129015995
2011-12-23 21:00:00,128.02405361111946
2011-12-23 22:00:00,100.0630154253281
2011-12-23 23:00:00,69.15852469411738
2011-12-24 00:00:00,41.450713360961956
2011-12-24 01:00:00,26.836585181387083
2011-12-24 02:00:00,18.084780489595694
2011-12-24 03:00:00,9.4821436493271
2011-12-24 04:00:00,5.556455223187492
2011-12-24 05:00:00,16.074701959672876
2011-12-24 06:00:00,60.83985449296751
2011-12-24 07:00:00,77.5872130007348
2011-12-24 08:00:00,131.46861755831273
2011-12-24 09:00:00,80.21377126437835
2011-12-24 10:00:00,177.05077883350404
2011-12-24 11:00:00,211.5915554843903
2011-12-24 12:00:00,276.5082345881092
2011-12-24 13:00:00,272.67771781484726
2011-12-24 14:00:00,256.22979153188277
2011-12-24 15:00:00,271.3999299879615
2011-12-24 16:00:00,335.0230298209666
2011-12-24 17:00:00,249.36707086779472
2011-12-24 18:00:00,253.7735063808581
2011-12-24 19:00:00,117.73963156917472
2011-12-24 20:00:00,166.0679746960463
2011-12-24 21:00:00,127.50518630460122
2011-12-24 22:00:00,95.21897576009852
2011-12-24 23:00:00,65.34230097218027
2011-12-25 00:00:00,35.594189687772754
2011-12-25 01:00:00,22.139109111943185
2011-12-25 02:00:00,14.846495962311575
2011-12-25 03:00:00,7.999778571752169
2011-12-25 05:00:00,13.37876824075591
2011-12-25 06:00:00,51.53521706521128
2011-12-25 07:00:00,66.67775447013416
2011-12-25 08:00:00,109.84954098485055
2011-12-25 09:00:00,63.82403751448335
2011-12-25 10:00:00,153.47834240627947
2011-12-25 11:00:00,200.2559090057303
2011-12-25 12:00:00,214.80310648664414
2011-12-25 13:00:00,232.57410248159854
2011-12-25 14:00:00,222.4252401819641
2011-12-25 15:00:00,234.07874392050985
2011-12-25 16:00:00,295.5147384422609
2011-12-25 17:00:00,235.20792695834072
2011-12-25 18:00:00,212.8179613503114
2011-12-25 19:00:00,104.94739742418703
2011-12-25 20:00:00,166.08097322303888
2011-12-25 21:00:00,125.59428729030434
2011-12-25 22:00:00,90.48843412733096
2011-12-25 23:00:00,61.89332877018046
2011-12-26 00:00:00,35.125180259471264
2011-12-26 01:00:00,24.77341766686045
2011-12-26 02:00:00,18.47616939546634
2011-12-26 04:00:00,5.676859359311869
2011-12-26 05:00:00,16.343228916770496
2011-12-26 06:00:00,63.56732235705803
2011-12-26 07:00:00,84.45471202471916
2011-12-26 08:00:00,140.13812928799607
2011-12-26 09:00:00,81.75570125970788
2011-12-26 10:00:00,162.35853213510967
2011-12-26 11:00:00,186.39918352432713
2011-12-26 12:00:00,247.13761579647183
2011-12-26 13:00:00,266.7845499722622
2011-12-26 14:00:00,249.48199012726613
2011-12-26 15:00:00,264.2569000638373
2011-12-26 16:00:00,304.77349515856855
2011-12-26 17:00:00,245.70792537513896
2011-12-26 18:00:00,230.8730437273174
2011-12-26 19:00:00,106.00630752422502
2011-12-26 20:00:00,166.94897964169724
2011-12-26 21:00:00,126.35701168670509
2011-12-26 22:00:00,99.87894328555682
2011-12-26 23:00:00,62.56596215820411
2011-12-27 00:00:00,37.99670310301955
2011-12-27 01:00:00,23.93794638584837
2011-12-27 02:00:00,16.300599758130417
2011-12-27 03:00:00,8.114309603220363
2011-12-27 04:00:00,4.701831746833719
2011-12-27 05:00:00,13.559023724839626
2011-12-27 06:00:00,52.481427640041254
2011-12-27 07:00:00,178.83586353401213
2011-12-27 08:00:00,325.8569979629439
2011-12-27 09:00:00,130.10798799687936
2011-12-27 10:00:00,95.03352350516845
2011-12-27 11:00:00,74.43863917373248
2011-12-27 12:00:00,86.48932153858173
2011-12-27 13:00:00,83.66363891448331
2011-12-27 14:00:00,87.86247911371474
2011-12-27 15:00:00,91.94761809603848
2011-12-27 16:00:00,113.23048903538164
2011-12-27 17:00:00,247.90821581308222
2011-12-27 18:00:00,327.0084808306674
2011-12-27 19:00:00,256.6645675794295
2011-12-27 20:00:00,150.55242528393748
2011-12-27 21:00:00,117.36783095906561
2011-12-27 22:00:00,92.77344229202556
2011-12-27 23:00:00,62.90164341526812
2011-12-28 00:00:00,39.189690532772374
2011-12-28 01:00:00,25.331836010352497
2011-12-28 02:00:00,17.698723248942095
2011-12-28 03:00:00,9.369516089166352
2011-12-28 05:00:00,14.534763664520115
2011-12-28 06:00:00,61.67790720898796
2011-12-28 07:00:00,212.55921605468498
2011-12-28 08:00:00,318.37416172617
2011-12-28 09:00:00,206.4179189498289
2011-12-28 10:00:00,102.20522137661347
2011-12-28 11:00:00,119.7088229574811
2011-12-28 12:00:00,129.23136056688017
2011-12-28 13:00:00,131.2800610609837
2011-12-28 14:00:00,124.85956587710919
2011-12-28 15:00:00,130.97876216824966
2011-12-28 16:00:00,163.3932216494946
2011-12-28 17:00:00,350.59205933428063
2011-12-28 18:00:00,326.013145719166
2011-12-28 19:00:00,246.58238740678945
2011-12-28 20:00:00,145.68275104222764
2011-12-28 21:00:00,112.76061095052013
2011-12-28 22:00:00,89.20135357721914
2011-12-28 23:00:00,60.330669029218555
2011-12-29 00:00:00,35.40124083418847
2011-12-29 01:00:00,23.754769454911685
2011-12-29 02:00:00,16.267121292626378
2011-12-29 03:00:00,7.321451214689777
2011-12-29 04:00:00,4.962176185489295
2011-12-29 05:00:00,14.435989187762909
2011-12-29 06:00:00,55.561699372831384
2011-12-29 07:00:00,188.75101934474642
2011-12-29 08:00:00,292.62896067103367
2011-12-29 09:00:00,172.6603349990019
2011-12-29 10:00:00,83.65122268252301
2011-12-29 11:00:00,99.24814505526182
2011-12-29 12:00:00,129.72567010343573
2011-12-29 13:00:00,128.4290964736363
2011-12-29 14:00:00,131.87287582216987
2011-12-29 15:00:00,136.5683868164787
2011-12-29 16:00:00,179.56137163276222
2011-12-29 17:00:00,368.91148407052424
2011-12-29 18:00:00,348.8651578572246
2011-12-29 19:00:00,286.0739805585867
2011-12-29 20:00:00,152.58018195962367
2011-12-29 21:00:00,110.43364467713289
2011-12-29 22:00:00,92.22883486455288
2011-12-29 23:00:00,68.32594985437841
2011-12-30 00:00:00,39.33716294139874
2011-12-30 01:00:00,25.2444897386804
2011-12-30 02:00:00,15.690998999325446
2011-12-30 03:00:00,8.306648197804918
2011-12-30 04:00:00,4.871587098290959
2011-12-30 05:00:00,13.924774287291905
2011-12-30 06:00:00,54.2879648630482
2011-12-30 07:00:00,184.85297894525928
2011-12-30 08:00:00,285.920533643495
2011-12-30 09:00:00,215.6197556140019
2011-12-30 10:00:00,95.66902027808824
2011-12-30 11:00:00,121.67208262808646
2011-12-30 12:00:00,149.65295440369175
2011-12-30 13:00:00,138.883336384996
2011-12-30 14:00:00,155.9498150103357
2011-12-30 15:00:00,177.20392264407408
2011-12-30 16:00:00,211.82080329553773
2011-12-30 17:00:00,403.2017637083349
2011-12-30 18:00:00,345.79775015758497
2011-12-30 19:00:00,264.9658006963958
2011-12-30 20:00:00,155.4198922801744
2011-12-30 21:00:00,118.94331455062168
2011-12-30 22:00:00,92.74979145303962
2011-12-30 23:00:00,63.58890199299927
2011-12-31 00:00:00,43.6192587781096
2011-12-31 01:00:00,30.263369260562996
2011-12-31 02:00:00,20.607911042050798
2011-12-31 03:00:00,10.909609204954668
2011-12-31 04:00:00,6.148511489997875
2011-12-31 05:00:00,15.415961863627935
2011-12-31 06:00:00,71.82327247467862
2011-12-31 07:00:00,58.03909573093996
2011-12-31 08:00:00,138.33070349395774
2011-12-31 09:00:00,90.71701380656658
2011-12-31 10:00:00,213.5230284455894
2011-12-31 11:00:00,251.9206928770591
2011-12-31 12:00:00,358.35881132727246
2011-12-31 13:00:00,340.82827304504497
2011-12-31 14:00:00,282.72082264410903
2011-12-31 15:00:00,290.89978138246767
2011-12-31 16:00:00,365.5278650891137
2011-12-31 17:00:00,301.17578827715647
2011-12-31 18:00:00,282.76293454818784
2011-12-31 19:00:00,132.4513509060988
2011-12-31 20:00:00,204.12636496285398
2011-12-31 21:00:00,156.73356955169092
2011-12-31 22:00:00,113.22823237692937
2011-12-31 23:00:00,73.11003615332223
2012-01-20 00:00:00,34.77895016252801
2012-01-20 01:00:00,23.694494536700187
2012-01-20 02:00:00,16.13482066040099
2012-01-20 03:00:00,7.840200555646694
2012-01-20 04:00:00,4.517803713949858
2012-01-20 05:00:00,13.069906135657996
2012-01-20 06:00:00,49.305394999772076
2012-01-20 07:00:00,167.89248936003736
2012-01-20 08:00:00,279.03315975524777
2012-01-20 09:00:00,146.96906518418706
2012-01-20 10:00:00,79.53626006828542
2012-01-20 11:00:00,82.4514029458874
2012-01-20 12:00:00,98.68374523474455
2012-01-20 13:00:00,120.15709241801068
2012-01-20 14:00:00,105.08005083091192
2012-01-20 15:00:00,111.38718278914102
2012-01-20 16:00:00,138.95424751137358
2012-01-20 17:00:00,295.2383206935382
2012-01-20 18:00:00,275.42915786685614
2012-01-20 19:00:00,223.5214498441663
2012-01-20 20:00:00,132.69499044128716
2012-01-20 21:00:00,101.22936155439069
2012-01-20 22:00:00,68.1907726953685
2012-01-20 23:00:00,29.822162304753856
2012-01-21 00:00:00,19.267548959814313
2012-01-21 01:00:00,13.100501730124208
2012-01-21 02:00:00,9.250564531781688
2012-01-21 03:00:00,4.133436080500425
2012-01-21 04:00:00,2.4494041243064064
2012-01-21 05:00:00,7.097819580304382
2012-01-21 06:00:00,26.73336757905411
2012-01-21 07:00:00,35.148996599330594
2012-01-21 08:00:00,85.55761962890934
2012-01-21 09:00:00,50.966487549981004
2012-01-21 10:00:00,75.52789162416526
2012-01-21 11:00:00,156.362071957281
2012-01-21 12:00:00,188.04100829289195
2012-01-21 13:00:00,158.27099065490725
2012-01-21 14:00:00,100.73937985919589
2012-01-21 15:00:00,105.42322638696457
2012-01-21 16:00:00,192.75374285782456
2012-01-21 17:00:00,152.17141118301677
2012-01-21 18:00:00,143.20792186346887
2012-01-21 19:00:00,67.79418608035202
2012-01-21 20:00:00,105.57616107813874
2012-01-21 21:00:00,87.73340998105878
2012-01-21 22:00:00,65.05816076176687
2012-01-21 23:00:00,44.573363000670994
2012-01-22 00:00:00,26.682973633612484
2012-01-22 01:00:00,15.845552479628726
2012-01-22 02:00:00,10.816114848126738
2012-01-22 03:00:00,5.795273422810591
2012-01-22 04:00:00,2.2331339067860982
2012-01-22 05:00:00,6.59133913891746
2012-01-22 06:00:00,37.84770282188771
2012-01-22 07:00:00,49.76210998652178
2012-01-22 08:00:00,82.10891952606381
2012-01-22 09:00:00,48.912104414759916
2012-01-22 10:00:00,107.44247745721613
2012-01-22 11:00:00,83.2182111276755
2012-01-22 12:00:00,149.18831368670445
2012-01-22 13:00:00,147.81983159314504
2012-01-22 14:00:00,138.792569434404
2012-01-22 15:00:00,145.13609593697606
2012-01-22 16:00:00,180.31920351487486
2012-01-22 17:00:00,145.3577640722731
2012-01-22 18:00:00,89.3704615213162
2012-01-22 19:00:00,42.4742020484937
2012-01-22 20:00:00,65.09191646474437
2012-01-22 21:00:00,50.29865352977389
2012-01-22 22:00:00,58.179643341781826
2012-01-22 23:00:00,40.051769590520365
2012-01-23 00:00:00,28.81698109666473
2012-01-23 01:00:00,17.981257841931
2012-01-23 02:00:00,12.244378966540712
2012-01-23 03:00:00,6.539354979698735
2012-01-23 04:00:00,3.8657934704140566
2012-01-23 05:00:00,11.023280462508337
2012-01-23 06:00:00,42.46184261384383
2012-01-23 07:00:00,98.16829730433467
2012-01-23 08:00:00,160.43978524959329
2012-01-23 09:00:00,142.91933633325078
2012-01-23 10:00:00,69.13470209575296
2012-01-23 11:00:00,80.4020403520193
2012-01-23 12:00:00,96.45659357692776
2012-01-23 13:00:00,63.0425664348466
2012-01-23 14:00:00,58.72161053790412
2012-01-23 15:00:00,90.00355301291043
2012-01-23 16:00:00,113.89872233858856
2012-01-23 17:00:00,238.7427939363612
2012-01-23 18:00:00,223.4320498402587
2012-01-23 19:00:00,197.5377170568751
2012-01-23 20:00:00,114.20452355210578
2012-01-23 21:00:00,86.42643555961187
2012-01-23 22:00:00,68.3158056715863
2012-01-23 23:00:00,47.2123442498749
2012-01-24 00:00:00,29.139229594827032
2012-01-24 01:00:00,20.303998037342247
2012-01-24 02:00:00,13.892892543342702
2012-01-24 03:00:00,7.401906879651156
2012-01-24 04:00:00,4.306448855935239
2012-01-24 05:00:00,12.458461210098962
2012-01-24 06:00:00,47.98806858113662
2012-01-24 07:00:00,166.31233504967693
2012-01-24 08:00:00,274.4201590021886
2012-01-24 09:00:00,167.05387501678052
2012-01-24 10:00:00,85.86260955943428
2012-01-24 11:00:00,101.2236624902477
2012-01-24 12:00:00,120.56596315449602
2012-01-24 13:00:00,118.69895635281615
2012-01-24 14:00:00,111.6187864357923
2012-01-24 15:00:00,132.43189418473676
2012-01-24 16:00:00,176.37346257905
2012-01-24 17:00:00,375.0769968179021
2012-01-24 18:00:00,354.41279508940244
2012-01-24 19:00:00,295.788350604021
2012-01-24 20:00:00,143.24330494839216
2012-01-24 21:00:00,110.50160171119549
2012-01-24 22:00:00,85.96267633995666
2012-01-24 23:00:00,59.795513550698914
2012-01-25 00:00:00,35.99884665455756
2012-01-25 01:00:00,21.32572537751065
2012-01-25 02:00:00,14.651718457053416
2012-01-25 03:00:00,7.694694074727224
2012-01-25 04:00:00,4.509054808436646
2012-01-25 05:00:00,13.044595745679272
2012-01-25 06:00:00,46.45723328591649
2012-01-25 07:00:00,159.3355506217484
2012-01-25 08:00:00,264.81173946969466
2012-01-25 09:00:00,157.74777607546503
2012-01-25 10:00:00,77.74418586510512
2012-01-25 11:00:00,92.3100158531
2012-01-25 12:00:00,132.0294482499838
2012-01-25 13:00:00,131.24262956366434
2012-01-25 14:00:00,123.71715241221985
2012-01-25 15:00:00,131.24389594724093
2012-01-25 16:00:00,158.04293545242663
2012-01-25 17:00:00,330.4662330466808
2012-01-25 18:00:00,300.47643539771843
2012-01-25 19:00:00,241.40115633642537
2012-01-25 20:00:00,145.69396740401186
2012-01-25 21:00:00,113.95355597740323
2012-01-25 22:00:00,89.13743784347105
2012-01-25 23:00:00,58.266114526247335
2012-01-26 00:00:00,32.505312978038674
2012-01-26 01:00:00,22.44997861812097
2012-01-26 02:00:00,13.855949857442107
2012-01-26 03:00:00,8.008978782732411
2012-01-26 04:00:00,5.051006776821801
2012-01-26 05:00:00,13.46808589015553
2012-01-26 06:00:00,52.00744049311861
2012-01-26 07:00:00,177.37200925083863
2012-01-26 08:00:00,292.66894104164834
2012-01-26 09:00:00,175.4600969255248
2012-01-26 10:00:00,84.60748588117352
2012-01-26 11:00:00,97.68106583545057
2012-01-26 12:00:00,117.56498814512442
2012-01-26 13:00:00,128.96496716367116
2012-01-26 14:00:00,130.3776119019225
2012-01-26 15:00:00,135.8892382482298
2012-01-26 16:00:00,169.9236412007458
2012-01-26 17:00:00,360.5078672256502
2012-01-26 18:00:00,335.21334762107944
2012-01-26 19:00:00,267.9151665771887
2012-01-26 20:00:00,154.5189112100931
2012-01-26 21:00:00,121.04235971828139
2012-01-26 22:00:00,91.94241521978768
2012-01-26 23:00:00,65.91964389056993
2012-01-27 00:00:00,39.73897375901327
2012-01-27 01:00:00,24.83580057104354
2012-01-27 02:00:00,17.92633298366137
2012-01-27 03:00:00,8.683620592165111
2012-01-27 04:00:00,5.015718571023605
2012-01-27 05:00:00,14.591325187993306
2012-01-27 06:00:00,55.40000628545922
2012-01-27 07:00:00,191.84989793637936
2012-01-27 08:00:00,247.41638283941614
2012-01-27 09:00:00,147.3854000419808
2012-01-27 10:00:00,62.43092292506082
2012-01-27 11:00:00,111.04491723983237
2012-01-27 12:00:00,153.37785995089783
2012-01-27 13:00:00,164.58763214089757
2012-01-27 14:00:00,153.9107011346231
2012-01-27 15:00:00,147.52601112925657
2012-01-27 16:00:00,178.20812820426377
2012-01-27 17:00:00,374.76305229353886
2012-01-27 18:00:00,354.98959845774584
2012-01-27 19:00:00,254.0226657614145
2012-01-27 20:00:00,150.2141090071736
2012-01-27 21:00:00,103.76947119478643
2012-01-27 22:00:00,91.67569813252781
2012-01-27 23:00:00,57.88978149293685
2012-01-28 00:00:00,37.94824947558126
2012-01-28 01:00:00,26.379535681680338
2012-01-28 02:00:00,18.09507411331807
2012-01-28 03:00:00,8.716640272340593
2012-01-28 04:00:00,5.079548227940594
2012-01-28 05:00:00,13.17805621880244
2012-01-28 06:00:00,51.70618199467973
2012-01-28 07:00:00,67.44362808147991
2012-01-28 08:00:00,109.69436737138658
2012-01-28 09:00:00,65.49845692497126
2012-01-28 10:00:00,157.88001928892922
2012-01-28 11:00:00,206.17365588644017
2012-01-28 12:00:00,219.71896338487153
2012-01-28 13:00:00,236.75308333423024
2012-01-28 14:00:00,234.67716058398506
2012-01-28 15:00:00,273.29771269117725
2012-01-28 16:00:00,338.99210487815475
2012-01-28 17:00:00,270.2188863388839
2012-01-28 18:00:00,259.8957040494127
2012-01-28 19:00:00,109.7953407882524
2012-01-28 20:00:00,188.82545253938537
2012-01-28 21:00:00,127.01344519649948
2012-01-28 22:00:00,101.86787920842501
2012-01-28 23:00:00,70.80435280221597
2012-01-29 00:00:00,36.59526017818563
2012-01-29 01:00:00,22.907328101707208
2012-01-29 02:00:00,15.81362752819338
2012-01-29 03:00:00,8.51455068436213
2012-01-29 04:00:00,4.699193828395834
2012-01-29 05:00:00,12.801550602677038
2012-01-29 06:00:00,50.67324134715161
2012-01-29 07:00:00,67.05738110723789
2012-01-29 08:00:00,95.28368498147843
2012-01-29 09:00:00,56.35184050502044
2012-01-29 10:00:00,145.12227034747065
2012-01-29 11:00:00,183.8484162888389
2012-01-29 12:00:00,238.51600174005122
2012-01-29 13:00:00,234.82249665862514
2012-01-29 14:00:00,219.59641920956847
2012-01-29 15:00:00,227.3969950734211
2012-01-29 16:00:00,279.1221191829441
2012-01-29 17:00:00,223.5742682525451
2012-01-29 18:00:00,210.59830611318242
2012-01-29 19:00:00,100.33621778474249
2012-01-29 20:00:00,140.03960270846562
2012-01-29 21:00:00,108.12256118624765
2012-01-29 22:00:00,85.46037148501539
2012-01-29 23:00:00,58.55178286136236
2012-01-30 00:00:00,33.46554322926516
2012-01-30 01:00:00,21.249938378750294
2012-01-30 02:00:00,13.737481345578573
2012-01-30 03:00:00,7.437999109200606
2012-01-30 04:00:00,4.3800552997532956
2012-01-30 05:00:00,12.671403022668434
2012-01-30 06:00:00,48.689950441614485
2012-01-30 07:00:00,166.98912721624032
2012-01-30 08:00:00,239.58301122318397
2012-01-30 09:00:00,142.71907764212094
2012-01-30 10:00:00,80.814628299673
2012-01-30 11:00:00,107.27455203835035
2012-01-30 12:00:00,122.43969084985427
2012-01-30 13:00:00,123.57339665734295
2012-01-30 14:00:00,128.11110033693961
2012-01-30 15:00:00,133.31619554209712
2012-01-30 16:00:00,164.5693613627832
2012-01-30 17:00:00,347.4424833932081
2012-01-30 18:00:00,324.38408618809996
2012-01-30 19:00:00,255.56578453889693
2012-01-30 20:00:00,151.59958575524735
2012-01-30 21:00:00,115.65115779336061
2012-01-30 22:00:00,82.72433195086582
2012-01-30 23:00:00,55.72821796751337
2012-01-31 00:00:00,35.20480914825164
2012-01-31 01:00:00,22.537341558184842
2012-01-31 02:00:00,15.470197137189484
2012-01-31 03:00:00,8.1308251187681
2012-01-31 04:00:00,4.734254252890967
2012-01-31 05:00:00,13.696092753336329
2012-01-31 06:00:00,52.84565036468932
2012-01-31 07:00:00,178.50741338708713
2012-01-31 08:00:00,297.63438802931495
2012-01-31 09:00:00,177.42552089211216
2012-01-31 10:00:00,86.65354299761525
2012-01-31 11:00:00,129.7886307456987
2012-01-31 12:00:00,152.74276930401516
2012-01-31 13:00:00,152.92120704260108
2012-01-31 14:00:00,163.5698869413865
2012-01-31 15:00:00,170.5495499499492
2012-01-31 16:00:00,211.89324963067483
2012-01-31 17:00:00,447.03052798202765
2012-01-31 18:00:00,421.7261915885996
2012-01-31 19:00:00,342.66812407423174
2012-01-31 20:00:00,171.98427111618162
2012-01-31 21:00:00,134.37016197852242
2012-01-31 22:00:00,106.13080394094825
2012-01-31 23:00:00,72.94321738118424
2012-02-20 00:00:00,33.41631141418711
2012-02-20 01:00:00,21.03550894449683
2012-02-20 02:00:00,14.324178293570144
2012-02-20 03:00:00,7.626090297899503
2012-02-20 05:00:00,13.274735293034679
2012-02-20 06:00:00,47.77177351044513
2012-02-20 07:00:00,59.30779871520016
2012-02-20 08:00:00,103.31568753862403
2012-02-20 09:00:00,61.54492990213795
2012-02-20 10:00:00,134.74443405069712
2012-02-20 11:00:00,203.40865449608967
2012-02-20 12:00:00,247.57817548110353
2012-02-20 13:00:00,242.1634030940419
2012-02-20 14:00:00,252.68603491859707
2012-02-20 15:00:00,264.4282129323094
2012-02-20 16:00:00,333.54181716644877
2012-02-20 17:00:00,282.32456037546456
2012-02-20 18:00:00,244.68562425574848
2012-02-20 19:00:00,116.28928021728552
2012-02-20 20:00:00,179.36134508982371
2012-02-20 21:00:00,137.94497143036082
2012-02-20 22:00:00,108.33880276452598
2012-02-20 23:00:00,76.33619619757594
2012-02-21 00:00:00,44.148729326602535
2012-02-21 01:00:00,28.400244248068297
2012-02-21 02:00:00,16.243814385497892
2012-02-21 04:00:00,5.003171170363127
2012-02-21 05:00:00,14.358796548692988
2012-02-21 06:00:00,54.51714692122632
2012-02-21 07:00:00,192.14485560914903
2012-02-21 08:00:00,312.5159333695434
2012-02-21 09:00:00,183.05351144855712
2012-02-21 10:00:00,89.26125052392194
2012-02-21 11:00:00,104.65605568576007
2012-02-21 12:00:00,126.35112982173729
2012-02-21 13:00:00,144.88401525234133
2012-02-21 14:00:00,117.26033304287891
2012-02-21 15:00:00,142.4746098217197
2012-02-21 16:00:00,176.85562294482506
2012-02-21 17:00:00,399.01270468934837
2012-02-21 18:00:00,371.0165481590934
2012-02-21 19:00:00,288.4222295819468
2012-02-21 20:00:00,168.64196414770953
2012-02-21 21:00:00,128.44745501950638
2012-02-21 22:00:00,92.46517208031787
2012-02-21 23:00:00,68.83822491854849
2012-02-22 00:00:00,42.6515346035015
2012-02-22 01:00:00,26.7622707081844
2012-02-22 02:00:00,18.033639839031544
2012-02-22 03:00:00,8.928004620559866
2012-02-22 04:00:00,5.603577577074036
2012-02-22 05:00:00,16.407856562223333
2012-02-22 06:00:00,61.94782294950361
2012-02-22 07:00:00,215.21099166154454
2012-02-22 08:00:00,357.40158215811425
2012-02-22 09:00:00,214.612449701358
2012-02-22 10:00:00,104.22948461887975
2012-02-22 11:00:00,121.98926709434608
2012-02-22 12:00:00,169.08152670940063
2012-02-22 13:00:00,168.6087124248051
2012-02-22 14:00:00,157.03336104466752
2012-02-22 15:00:00,194.093775179923
2012-02-22 16:00:00,239.58181447295712
2012-02-22 17:00:00,505.4510343879719
2012-02-22 18:00:00,382.39983762748824
2012-02-22 19:00:00,314.622276446829
2012-02-22 20:00:00,187.09276069111885
2012-02-22 21:00:00,145.36614055035005
2012-02-22 22:00:00,112.544461887258
2012-02-22 23:00:00,77.78070019448718
2012-02-23 00:00:00,48.497078583441436
2012-02-23 01:00:00,29.587503677052304
2012-02-23 02:00:00,20.148325228637145
2012-02-23 03:00:00,7.104120467179761
2012-02-23 04:00:00,6.488870490210512
2012-02-23 05:00:00,18.772158686669716
2012-02-23 06:00:00,60.515009465330685
2012-02-23 07:00:00,210.56436229586754
2012-02-23 08:00:00,345.51871579175514
2012-02-23 09:00:00,206.81147005941938
2012-02-23 10:00:00,122.45419080090443
2012-02-23 11:00:00,146.0827741483432
2012-02-23 12:00:00,203.73511692387245
2012-02-23 13:00:00,203.16728718458376
2012-02-23 14:00:00,192.38045305490414
2012-02-23 15:00:00,207.23907421406622
2012-02-23 16:00:00,262.7045704322174
2012-02-23 17:00:00,539.263263459595
2012-02-23 18:00:00,497.8304104011514
2012-02-23 19:00:00,405.4707758326317
2012-02-23 20:00:00,205.42834495446408
2012-02-23 21:00:00,153.59888929455906
2012-02-23 22:00:00,119.9587128505008
2012-02-23 23:00:00,85.90011251469997
2012-02-24 00:00:00,49.37127016137445
2012-02-24 01:00:00,32.286579783358455
2012-02-24 02:00:00,13.19700038261771
2012-02-24 03:00:00,11.245189152325363
2012-02-24 04:00:00,6.526671872209281
2012-02-24 05:00:00,17.529452958550007
2012-02-24 06:00:00,67.85014219765768
2012-02-24 07:00:00,237.7965360834591
2012-02-24 08:00:00,352.5792304380546
2012-02-24 09:00:00,132.38834443870036
2012-02-24 10:00:00,65.39148514320884
2012-02-24 11:00:00,114.73255388859657
2012-02-24 12:00:00,162.38988974306528
2012-02-24 13:00:00,161.9377188491407
2012-02-24 14:00:00,152.40117868437682
2012-02-24 15:00:00,101.72415592227352
2012-02-24 16:00:00,126.3835757446066
2012-02-24 17:00:00,263.64902288453305
2012-02-24 18:00:00,371.66797108722375
2012-02-24 19:00:00,302.5588454334575
2012-02-24 20:00:00,192.03933678957972
2012-02-24 21:00:00,148.48980268298374
2012-02-24 22:00:00,121.61062071668859
2012-02-24 23:00:00,75.10388624778693
2012-02-25 00:00:00,47.16050039401357
2012-02-25 01:00:00,30.146815918227205
2012-02-25 02:00:00,20.72842088208942
2012-02-25 03:00:00,10.098810987182672
2012-02-25 04:00:00,5.922467560242084
2012-02-25 05:00:00,16.138998852935526
2012-02-25 06:00:00,62.16766701791929
2012-02-25 07:00:00,85.18996775453422
2012-02-25 08:00:00,143.54620835133397
2012-02-25 09:00:00,40.11820428008483
2012-02-25 10:00:00,181.75091718532502
2012-02-25 11:00:00,213.02284378993582
2012-02-25 12:00:00,258.2387964261878
2012-02-25 13:00:00,258.77748378759463
2012-02-25 14:00:00,242.97867986250634
2012-02-25 15:00:00,258.80790286512376
2012-02-25 16:00:00,316.66987071768796
2012-02-25 17:00:00,258.6140917286216
2012-02-25 18:00:00,235.6703172328443
2012-02-25 19:00:00,114.48164231532705
2012-02-25 20:00:00,174.73403820489796
2012-02-25 21:00:00,126.3537348600353
2012-02-25 22:00:00,84.15969178320255
2012-02-25 23:00:00,57.84257222711055
2012-02-26 00:00:00,37.905867935010896
2012-02-26 01:00:00,23.804492596717797
2012-02-26 02:00:00,16.20972409286827
2012-02-26 03:00:00,8.797649588569373
2012-02-26 04:00:00,5.147117754427678
2012-02-26 05:00:00,14.771953305431758
2012-02-26 06:00:00,48.52865289898154
2012-02-26 07:00:00,63.30050448162622
2012-02-26 08:00:00,104.78057303329943
2012-02-26 09:00:00,73.00729841682823
2012-02-26 10:00:00,177.67529721104748
2012-02-26 11:00:00,203.97737873232867
2012-02-26 12:00:00,270.00874476031356
2012-02-26 13:00:00,271.4274761581248
2012-02-26 14:00:00,257.0955672068321
2012-02-26 15:00:00,270.34764206929606
2012-02-26 16:00:00,321.3576241800342
2012-02-26 17:00:00,257.59888661658067
2012-02-26 18:00:00,236.86142316126777
2012-02-26 19:00:00,114.85589154596575
2012-02-26 20:00:00,174.33601167618875
2012-02-26 21:00:00,134.18597777899168
2012-02-26 22:00:00,97.21464903311939
2012-02-26 23:00:00,65.75725307400378
2012-02-27 00:00:00,39.36470292134188
2012-02-27 01:00:00,24.502019671039086
2012-02-27 02:00:00,16.41986873495208
2012-02-27 03:00:00,8.030115222830322
2012-02-27 04:00:00,4.683259676959339
2012-02-27 05:00:00,13.548566574012503
2012-02-27 06:00:00,52.43779588925098
2012-02-27 07:00:00,186.01329884964179
2012-02-27 08:00:00,316.9690213719879
2012-02-27 09:00:00,198.3905917845088
2012-02-27 10:00:00,106.98497327981586
2012-02-27 11:00:00,124.80697092242026
2012-02-27 12:00:00,175.21884611135192
2012-02-27 13:00:00,170.44226818409845
2012-02-27 14:00:00,160.9159436457022
2012-02-27 15:00:00,191.82829824601978
2012-02-27 16:00:00,239.58762123879575
2012-02-27 17:00:00,505.445059248811
2012-02-27 18:00:00,463.03457379260885
2012-02-27 19:00:00,380.9574186812472
2012-02-27 20:00:00,195.02900069964429
2012-02-27 21:00:00,151.20315528390904
2012-02-27 22:00:00,118.28454781526573
2012-02-27 23:00:00,81.62877228187307
2012-02-28 00:00:00,51.035997109020244
2012-02-28 01:00:00,28.77828881190101
2012-02-28 02:00:00,22.071772976417968
2012-02-28 03:00:00,11.824489520013252
2012-02-28 04:00:00,5.397390608922734
2012-02-28 05:00:00,15.614531551754144
2012-02-28 06:00:00,60.24784512293857
2012-02-28 07:00:00,209.48274911179024
2012-02-28 08:00:00,345.3959053602177
2012-02-28 09:00:00,203.9247593389922
2012-02-28 10:00:00,100.97062896963749
2012-02-28 11:00:00,129.75354786515084
2012-02-28 12:00:00,157.8063472049669
2012-02-28 13:00:00,156.234537734651
2012-02-28 14:00:00,174.03402351096048
2012-02-28 15:00:00,182.7066606820727
2012-02-28 16:00:00,225.90713961244234
2012-02-28 17:00:00,476.58408633864303
2012-02-28 18:00:00,435.72456828143993
2012-02-28 19:00:00,368.41420026361465
2012-02-28 20:00:00,210.77647174560514
2012-02-28 21:00:00,133.91740188249275
2012-02-28 22:00:00,105.85505631246221
2012-02-28 23:00:00,71.02658753243058
2012-02-29 00:00:00,44.50369654512026
2012-02-29 01:00:00,28.28606496186506
2012-02-29 02:00:00,17.29065941260385
2012-02-29 03:00:00,9.796661550507409
2012-02-29 05:00:00,15.125303276926402
2012-02-29 06:00:00,59.15732965215328
2012-02-29 07:00:00,184.93614549516028
2012-02-29 08:00:00,309.82329116689476
2012-02-29 09:00:00,130.9129370148463
2012-02-29 10:00:00,63.99268590756168
2012-02-29 11:00:00,67.82980357166208
2012-02-29 12:00:00,84.80763546018564
2012-02-29 13:00:00,122.86240304155159
2012-02-29 14:00:00,115.45134003145436
2012-02-29 15:00:00,146.23556724548385
2012-02-29 16:00:00,123.06584482110256
2012-02-29 17:00:00,384.2399247202593
2012-02-29 18:00:00,246.13396655494824
2012-02-29 19:00:00,295.5955319288472
2012-02-29 20:00:00,114.7295521944283
2012-02-29 21:00:00,88.15840406236471
2012-02-29 22:00:00,67.69788843172242
2012-02-29 23:00:00,46.527142068601904
2012-03-20 00:00:00,59.323433334643255
2012-03-20 01:00:00,39.61785141917284
2012-03-20 02:00:00,26.5895077255991
2012-03-20 03:00:00,13.387829642846652
2012-03-20 04:00:00,7.568966555862846
2012-03-20 05:00:00,22.05706591402849
2012-03-20 06:00:00,82.73615352088508
2012-03-20 07:00:00,189.44008525219039
2012-03-20 08:00:00,481.95440782054123
2012-03-20 09:00:00,287.9175839959799
2012-03-20 10:00:00,149.4150004596857
2012-03-20 11:00:00,177.27299395493532
2012-03-20 12:00:00,208.92999035861425
2012-03-20 13:00:00,207.69155249998087
2012-03-20 14:00:00,185.30749988714274
2012-03-20 15:00:00,226.61297398290728
2012-03-20 16:00:00,296.7349405101811
2012-03-20 17:00:00,537.0236625394422
2012-03-20 18:00:00,499.32814394380597
2012-03-20 19:00:00,418.1820480603303
2012-03-20 20:00:00,250.6606110101765
2012-03-20 21:00:00,193.87018446080253
2012-03-20 22:00:00,152.39077218426078
2012-03-20 23:00:00,101.94946069042193
2012-03-21 00:00:00,62.41119720897227
2012-03-21 01:00:00,39.19107082559318
2012-03-21 02:00:00,26.284600875780306
2012-03-21 03:00:00,12.9183808328726
2012-03-21 04:00:00,7.631350405382988
2012-03-21 05:00:00,22.077327790646535
2012-03-21 06:00:00,72.27961868753759
2012-03-21 07:00:00,167.91508860068203
2012-03-21 08:00:00,281.10693579255724
2012-03-21 09:00:00,286.6823190431944
2012-03-21 10:00:00,141.25684074628174
2012-03-21 11:00:00,165.33171873977088
2012-03-21 12:00:00,208.75923002186943
2012-03-21 13:00:00,202.57925303803341
2012-03-21 14:00:00,191.88780195131497
2012-03-21 15:00:00,200.80956637101906
2012-03-21 16:00:00,268.27759720126863
2012-03-21 17:00:00,553.7465745898389
2012-03-21 18:00:00,522.4141423662503
2012-03-21 19:00:00,497.2915923859739
2012-03-21 20:00:00,246.71529101984794
2012-03-21 21:00:00,187.613829599896
2012-03-21 22:00:00,145.04791270817748
2012-03-21 23:00:00,105.16909150194084
2012-03-22 00:00:00,63.26245046423501
2012-03-22 01:00:00,39.82360069897544
2012-03-22 02:00:00,27.117972672265847
2012-03-22 03:00:00,14.355966681017838
2012-03-22 04:00:00,6.638992869274624
2012-03-22 05:00:00,19.206459406103626
2012-03-22 06:00:00,73.98357133749069
2012-03-22 07:00:00,254.96795588633788
2012-03-22 08:00:00,487.8636591275746
2012-03-22 09:00:00,290.61931849974104
2012-03-22 10:00:00,140.02299123893965
2012-03-22 11:00:00,168.01561645539633
2012-03-22 12:00:00,200.19994236109645
2012-03-22 13:00:00,217.28488782297143
2012-03-22 14:00:00,203.66345945044858
2012-03-22 15:00:00,243.1189069213216
2012-03-22 16:00:00,304.9770874050216
2012-03-22 17:00:00,640.8040636951421
2012-03-22 18:00:00,595.842961801407
2012-03-22 19:00:00,506.22908554714155
2012-03-22 20:00:00,241.60170186706162
2012-03-22 21:00:00,189.55192303039178
2012-03-22 22:00:00,147.9270375469114
2012-03-22 23:00:00,103.39899357311596
2012-03-23 00:00:00,65.89403526719741
2012-03-23 01:00:00,41.14984356765855
2012-03-23 02:00:00,27.61770374351854
2012-03-23 03:00:00,14.40401251916285
2012-03-23 04:00:00,7.818113746035952
2012-03-23 05:00:00,23.00337827204469
2012-03-23 06:00:00,89.89851165195816
2012-03-23 07:00:00,299.5273253518742
2012-03-23 08:00:00,493.0404094075474
2012-03-23 09:00:00,297.4852793924146
2012-03-23 10:00:00,147.00567867918235
2012-03-23 11:00:00,175.27540518140978
2012-03-23 12:00:00,242.12520492863393
2012-03-23 13:00:00,252.96948214420425
2012-03-23 14:00:00,237.12452833923948
2012-03-23 15:00:00,246.95572039388153
2012-03-23 16:00:00,305.34034087541727
2012-03-23 17:00:00,641.066081170516
2012-03-23 18:00:00,633.8705157992995
2012-03-23 19:00:00,512.7884990143524
2012-03-23 20:00:00,306.6353750228307
2012-03-23 21:00:00,233.36310531099554
2012-03-23 22:00:00,175.45782149983143
2012-03-23 23:00:00,104.30429586912427
2012-03-24 00:00:00,71.24301473609556
2012-03-24 01:00:00,43.850917024793254
2012-03-24 02:00:00,29.622466546252518
2012-03-24 03:00:00,15.681819134750013
2012-03-24 04:00:00,8.952330430685192
2012-03-24 05:00:00,23.986422430373814
2012-03-24 06:00:00,92.39606100668387
2012-03-24 07:00:00,121.10256990146242
2012-03-24 08:00:00,195.0635574857209
2012-03-24 09:00:00,119.98631857892147
2012-03-24 10:00:00,259.36357756769775
2012-03-24 11:00:00,300.43421349316446
2012-03-24 12:00:00,239.08237581494652
2012-03-24 13:00:00,234.24769365289782
2012-03-24 14:00:00,219.57539463331133
2012-03-24 15:00:00,225.22601005197816
2012-03-24 16:00:00,285.28361085360484
2012-03-24 17:00:00,234.64989613546618
2012-03-24 18:00:00,188.917511902819
2012-03-24 19:00:00,91.09630486999642
2012-03-24 20:00:00,137.60356618231907
2012-03-24 21:00:00,105.73483950643661
2012-03-24 22:00:00,82.77455125762083
2012-03-24 23:00:00,85.62043515059192
2012-03-25 00:00:00,48.201135256191925
2012-03-25 01:00:00,30.174976362586364
2012-03-25 02:00:00,13.68475688127821
2012-03-25 03:00:00,7.349963979906707
2012-03-25 04:00:00,6.379095369204853
2012-03-25 05:00:00,18.485721172258717
2012-03-25 06:00:00,71.20727678929421
2012-03-25 07:00:00,93.8439834819656
2012-03-25 08:00:00,154.84528469176684
2012-03-25 09:00:00,93.3628503480861
2012-03-25 10:00:00,207.22537132115372
2012-03-25 11:00:00,241.3911474673697
2012-03-25 12:00:00,290.30858570307527
2012-03-25 13:00:00,291.60558795983917
2012-03-25 14:00:00,272.903562053458
2012-03-25 15:00:00,284.2181542204272
2012-03-25 16:00:00,395.917365974573
2012-03-25 17:00:00,361.58518850478134
2012-03-25 18:00:00,336.2150801913562
2012-03-25 19:00:00,155.60195573906887
2012-03-25 20:00:00,208.29380245646607
2012-03-25 21:00:00,161.60717446783187
2012-03-25 22:00:00,127.34323261295461
2012-03-25 23:00:00,87.16467472269514
2012-03-26 00:00:00,49.6632725997674
2012-03-26 01:00:00,32.87094725789669
2012-03-26 02:00:00,22.259583927971402
2012-03-26 03:00:00,12.013418732604343
2012-03-26 04:00:00,7.091097662014384
2012-03-26 05:00:00,20.762803564411506
2012-03-26 06:00:00,78.96211036832462
2012-03-26 07:00:00,277.6241760994288
2012-03-26 08:00:00,466.98423664654865
2012-03-26 09:00:00,284.48516874970005
2012-03-26 10:00:00,154.88529475235626
2012-03-26 11:00:00,160.52248765979581
2012-03-26 12:00:00,193.05671107297522
2012-03-26 13:00:00,186.87388927726863
2012-03-26 14:00:00,180.7715718745791
2012-03-26 15:00:00,186.00119455890325
2012-03-26 16:00:00,232.2002929762557
2012-03-26 17:00:00,506.32373211771124
2012-03-26 18:00:00,470.4341722319458
2012-03-26 19:00:00,394.59057440491534
2012-03-26 20:00:00,225.74700392610995
2012-03-26 21:00:00,159.6840447724921
2012-03-26 22:00:00,121.1985091138007
2012-03-26 23:00:00,75.49541667052759
2012-03-27 00:00:00,47.3139197120939
2012-03-27 01:00:00,30.19575697595132
2012-03-27 02:00:00,21.16886928971397
2012-03-27 03:00:00,11.152479566139613
2012-03-27 04:00:00,5.960331802899131
2012-03-27 05:00:00,17.243729732110673
2012-03-27 06:00:00,67.11968227091052
2012-03-27 07:00:00,231.3130858510265
2012-03-27 08:00:00,376.8025536441096
2012-03-27 09:00:00,226.81526533312024
2012-03-27 10:00:00,120.00880851828522
2012-03-27 11:00:00,153.8527166548795
2012-03-27 12:00:00,183.39296828491257
2012-03-27 13:00:00,185.6973003500794
2012-03-27 14:00:00,201.105193727804
2012-03-27 15:00:00,216.28490447464162
2012-03-27 16:00:00,268.7155214929695
2012-03-27 17:00:00,567.3181650623582
2012-03-27 18:00:00,520.7833092938969
2012-03-27 19:00:00,432.95955161211583
2012-03-27 20:00:00,250.90058287198994
2012-03-27 21:00:00,155.8662586323885
2012-03-27 22:00:00,123.80213989125286
2012-03-27 23:00:00,84.26816511252376
2012-03-28 00:00:00,51.29811183041156
2012-03-28 01:00:00,31.752343419172497
2012-03-28 02:00:00,21.64101493592639
2012-03-28 03:00:00,11.594974149103956
2012-03-28 04:00:00,6.7453050473443925
2012-03-28 05:00:00,19.514018183869663
2012-03-28 06:00:00,73.90985763903973
2012-03-28 07:00:00,255.94526294292612
2012-03-28 08:00:00,447.32380667281234
2012-03-28 09:00:00,289.4562831832211
2012-03-28 10:00:00,141.13885259631655
2012-03-28 11:00:00,188.50549502243035
2012-03-28 12:00:00,215.87326248099066
2012-03-28 13:00:00,224.72489779331727
2012-03-28 14:00:00,238.91472571824926
2012-03-28 15:00:00,234.94527083677053
2012-03-28 16:00:00,201.57952588371614
2012-03-28 17:00:00,635.5610599205127
2012-03-28 18:00:00,590.9678258982472
2012-03-28 19:00:00,489.3112306642162
2012-03-28 20:00:00,282.8735357872334
2012-03-28 21:00:00,192.00087890370008
2012-03-28 22:00:00,153.87009472553942
2012-03-28 23:00:00,105.1619253654266
2012-03-29 00:00:00,65.30145467053079
2012-03-29 01:00:00,42.142676934110206
2012-03-29 02:00:00,34.08682242702267
2012-03-29 03:00:00,16.02917477205817
2012-03-29 04:00:00,9.158708750584337
2012-03-29 05:00:00,26.159596270171736
2012-03-29 06:00:00,85.1737996838865
2012-03-29 07:00:00,294.22236029708273
2012-03-29 08:00:00,485.4598216874531
2012-03-29 09:00:00,287.32089410858475
2012-03-29 10:00:00,140.67781934397937
2012-03-29 11:00:00,189.25464122518764
2012-03-29 12:00:00,225.41563344802105
2012-03-29 13:00:00,199.2355382796601
2012-03-29 14:00:00,213.12045358571575
2012-03-29 15:00:00,223.73400780962956
2012-03-29 16:00:00,281.338661308779
2012-03-29 17:00:00,582.1852450165312
2012-03-29 18:00:00,550.1564308145512
2012-03-29 19:00:00,395.34653906659344
2012-03-29 20:00:00,233.39657917696252
2012-03-29 21:00:00,177.91485208387795
2012-03-29 22:00:00,141.20608325641481
2012-03-29 23:00:00,96.11717550772543
2012-03-30 00:00:00,60.61616614197879
2012-03-30 01:00:00,34.70546878988089
2012-03-30 02:00:00,21.991414436003858
2012-03-30 03:00:00,11.727485675649556
2012-03-30 04:00:00,7.016834659055843
2012-03-30 05:00:00,19.993512358252957
2012-03-30 06:00:00,77.20001400433127
2012-03-30 07:00:00,265.84055162993246
2012-03-30 08:00:00,429.24320378020263
2012-03-30 09:00:00,260.2458442266048
2012-03-30 10:00:00,119.43543252287544
2012-03-30 11:00:00,142.96829176433974
2012-03-30 12:00:00,183.9095830555674
2012-03-30 13:00:00,134.19193321951892
2012-03-30 14:00:00,124.889074707059
2012-03-30 15:00:00,130.1686768141997
2012-03-30 16:00:00,152.13601057107869
2012-03-30 17:00:00,480.75564536867233
2012-03-30 18:00:00,486.5348306062535
2012-03-30 19:00:00,390.747816571957
2012-03-30 20:00:00,231.9765519625987
2012-03-30 21:00:00,162.1273187951215
2012-03-30 22:00:00,117.91187114269661
2012-03-30 23:00:00,82.5481948453065
2012-03-31 00:00:00,54.22827422742271
2012-03-31 01:00:00,35.52355035117159
2012-03-31 02:00:00,23.80327525776429
2012-03-31 03:00:00,13.33558802053695
2012-03-31 04:00:00,7.658463562969245
2012-03-31 05:00:00,22.68031826963317
2012-03-31 06:00:00,69.8703142079674
2012-03-31 07:00:00,91.86539739999726
2012-03-31 08:00:00,150.85131096489184
2012-03-31 09:00:00,107.89855742675086
2012-03-31 10:00:00,240.66451030596258
2012-03-31 11:00:00,299.7345108163704
2012-03-31 12:00:00,369.5563114920085
2012-03-31 13:00:00,417.3458866395215
2012-03-31 14:00:00,354.9848234003515
2012-03-31 15:00:00,371.7583159882594
2012-03-31 16:00:00,458.2101467338484
2012-03-31 17:00:00,332.76898344197014
2012-03-31 18:00:00,286.8284728716971
2012-03-31 19:00:00,146.71869348287407
2012-03-31 20:00:00,216.97126748223027
2012-03-31 21:00:00,166.72113071797358
2012-03-31 22:00:00,121.90443963541165
2012-03-31 23:00:00,77.40056396476682
2012-04-20 00:00:00,67.33395851674821
2012-04-20 01:00:00,40.459706735643366
2012-04-20 02:00:00,27.26600506641791
2012-04-20 03:00:00,14.644920611359899
2012-04-20 04:00:00,8.479654837615056
2012-04-20 05:00:00,24.949842658011374
2012-04-20 06:00:00,97.5054052661279
2012-04-20 07:00:00,331.2120286041537
2012-04-20 08:00:00,544.2908589831254
2012-04-20 09:00:00,322.90714098862594
2012-04-20 10:00:00,181.4136861624843
2012-04-20 11:00:00,219.88013283956946
2012-04-20 12:00:00,269.3372038583385
2012-04-20 13:00:00,306.3505964875261
2012-04-20 14:00:00,285.7931211211402
2012-04-20 15:00:00,298.3690688323702
2012-04-20 16:00:00,373.3849366689623
2012-04-20 17:00:00,767.0817308407597
2012-04-20 18:00:00,708.1279644989003
2012-04-20 19:00:00,585.2810231146501
2012-04-20 20:00:00,303.96937196419003
2012-04-20 21:00:00,228.9499235045679
2012-04-20 22:00:00,178.22899058931375
2012-04-20 23:00:00,122.14826804662565
2012-04-21 00:00:00,76.8510704801615
2012-04-21 01:00:00,48.37761296997181
2012-04-21 02:00:00,33.424001779384696
2012-04-21 03:00:00,17.30117285895813
2012-04-21 04:00:00,10.0734577554064
2012-04-21 05:00:00,29.142290294318695
2012-04-21 06:00:00,112.79921541821466
2012-04-21 07:00:00,146.88230282550276
2012-04-21 08:00:00,243.13156439161102
2012-04-21 09:00:00,150.23518885133123
2012-04-21 10:00:00,377.7890794578948
2012-04-21 11:00:00,441.55520045123274
2012-04-21 12:00:00,540.5060970922582
2012-04-21 13:00:00,535.9931366621158
2012-04-21 14:00:00,507.6753480991015
2012-04-21 15:00:00,539.4391558699359
2012-04-21 16:00:00,660.0509218973539
2012-04-21 17:00:00,498.96118420395266
2012-04-21 18:00:00,443.3820641325628
2012-04-21 19:00:00,118.69617980062637
2012-04-21 20:00:00,183.90537458398356
2012-04-21 21:00:00,139.27896365213482
2012-04-21 22:00:00,155.40306038359444
2012-04-21 23:00:00,100.77016811396913
2012-04-22 00:00:00,57.55845598692958
2012-04-22 01:00:00,35.453382475193386
2012-04-22 02:00:00,26.573607875568218
2012-04-22 03:00:00,13.177862589509628
2012-04-22 04:00:00,7.803147865611518
2012-04-22 05:00:00,22.357285835395377
2012-04-22 06:00:00,85.70180134352194
2012-04-22 07:00:00,74.27020941320363
2012-04-22 08:00:00,124.24523532855068
2012-04-22 09:00:00,74.01261590706271
2012-04-22 10:00:00,147.62515626840062
2012-04-22 11:00:00,171.54619603017207
2012-04-22 12:00:00,204.32606211872962
2012-04-22 13:00:00,202.61842902693954
2012-04-22 14:00:00,189.02790386217458
2012-04-22 15:00:00,195.91472584694992
2012-04-22 16:00:00,241.06699629804118
2012-04-22 17:00:00,179.54347310922668
2012-04-22 18:00:00,166.94606175345325
2012-04-22 19:00:00,79.53114411619373
2012-04-22 20:00:00,122.37609089061407
2012-04-22 21:00:00,95.86328753222051
2012-04-22 22:00:00,69.0113326598587
2012-04-22 23:00:00,52.41347771477827
2012-04-23 00:00:00,32.1148260357724
2012-04-23 01:00:00,20.28358204732845
2012-04-23 02:00:00,20.688721588438284
2012-04-23 03:00:00,11.192585940070858
2012-04-23 04:00:00,4.055653502722444
2012-04-23 05:00:00,11.732915805009947
2012-04-23 06:00:00,67.48250912619683
2012-04-23 07:00:00,156.51129747867782
2012-04-23 08:00:00,387.44007168992664
2012-04-23 09:00:00,228.57813225642286
2012-04-23 10:00:00,123.17661846669814
2012-04-23 11:00:00,132.46202787831479
2012-04-23 12:00:00,114.92150328009865
2012-04-23 13:00:00,113.95921494017377
2012-04-23 14:00:00,106.64705753645869
2012-04-23 15:00:00,167.30336493432256
2012-04-23 16:00:00,125.09203291601443
2012-04-23 17:00:00,263.26746979995903
2012-04-23 18:00:00,270.951788763704
2012-04-23 19:00:00,331.4728427696654
2012-04-23 20:00:00,196.7865817128307
2012-04-23 21:00:00,148.56866726394676
2012-04-23 22:00:00,126.89272796603194
2012-04-23 23:00:00,87.63193629353813
2012-04-24 00:00:00,51.647586924283004
2012-04-24 01:00:00,32.12307648832691
2012-04-24 02:00:00,23.20414680173239
2012-04-24 03:00:00,12.274561598574959
2012-04-24 04:00:00,6.840944254497201
2012-04-24 05:00:00,19.790700293036167
2012-04-24 06:00:00,75.86608843893177
2012-04-24 07:00:00,283.1869392534687
2012-04-24 08:00:00,473.28966990395196
2012-04-24 09:00:00,332.55532138792773
2012-04-24 10:00:00,163.47545469336475
2012-04-24 11:00:00,194.40528558299357
2012-04-24 12:00:00,232.85016300763436
2012-04-24 13:00:00,262.0276618579157
2012-04-24 14:00:00,248.60453609489718
2012-04-24 15:00:00,260.16125934802244
2012-04-24 16:00:00,335.15479071713065
2012-04-24 17:00:00,680.7710449345374
2012-04-24 18:00:00,683.3336892649323
2012-04-24 19:00:00,537.3968336270615
2012-04-24 20:00:00,271.1513635972058
2012-04-24 21:00:00,198.02324570571022
2012-04-24 22:00:00,166.4546363638005
2012-04-24 23:00:00,114.31534199123261
2012-04-25 00:00:00,71.5715172964574
2012-04-25 01:00:00,44.91225885637874
2012-04-25 02:00:00,24.763932284566575
2012-04-25 03:00:00,12.829858157419329
2012-04-25 04:00:00,7.548047472362161
2012-04-25 05:00:00,22.065921123612423
2012-04-25 06:00:00,84.99826100470254
2012-04-25 07:00:00,289.42292811165305
2012-04-25 08:00:00,465.0501080144346
2012-04-25 09:00:00,346.5484291104967
2012-04-25 10:00:00,199.9010033865626
2012-04-25 11:00:00,230.04547078805902
2012-04-25 12:00:00,274.77590573790854
2012-04-25 13:00:00,273.35855856858655
2012-04-25 14:00:00,253.77897391380617
2012-04-25 15:00:00,274.9142939692361
2012-04-25 16:00:00,327.7943028585031
2012-04-25 17:00:00,691.546618553176
2012-04-25 18:00:00,644.5776289340834
2012-04-25 19:00:00,535.8774680795477
2012-04-25 20:00:00,324.12078730561507
2012-04-25 21:00:00,228.09305788375906
2012-04-25 22:00:00,185.454638328303
2012-04-25 23:00:00,117.76032059182687
2012-04-26 00:00:00,63.67402044892596
2012-04-26 01:00:00,40.95828133688589
2012-04-26 02:00:00,27.358534107371547
2012-04-26 03:00:00,14.518282965971462
2012-04-26 04:00:00,8.412610203069907
2012-04-26 05:00:00,23.930529759381706
2012-04-26 06:00:00,90.41667998905719
2012-04-26 07:00:00,197.14187134468702
2012-04-26 08:00:00,334.0494945771443
2012-04-26 09:00:00,197.08716777266903
2012-04-26 10:00:00,141.55040225000863
2012-04-26 11:00:00,164.0823742652581
2012-04-26 12:00:00,231.96308809123587
2012-04-26 13:00:00,228.74505186770966
2012-04-26 14:00:00,218.33841748285622
2012-04-26 15:00:00,217.62872790201934
2012-04-26 16:00:00,274.9965802245858
2012-04-26 17:00:00,638.8801919074346
2012-04-26 18:00:00,554.1902764369069
2012-04-26 19:00:00,451.9083913574328
2012-04-26 20:00:00,284.8237324382733
2012-04-26 21:00:00,212.01088322555216
2012-04-26 22:00:00,169.2110092039005
2012-04-26 23:00:00,115.37163895694233
2012-04-27 00:00:00,72.01733762099086
2012-04-27 01:00:00,46.72108796575198
2012-04-27 02:00:00,27.969369398029272
2012-04-27 03:00:00,15.180365259070763
2012-04-27 04:00:00,9.336115120620569
2012-04-27 05:00:00,26.556252103420142
2012-04-27 06:00:00,104.7127967878493
2012-04-27 07:00:00,322.7263405665485
2012-04-27 08:00:00,610.0338255371955
2012-04-27 09:00:00,339.0655670132599
2012-04-27 10:00:00,169.50434283499084
2012-04-27 11:00:00,201.2879649241651
2012-04-27 12:00:00,239.94046126216531
2012-04-27 13:00:00,236.78853613449493
2012-04-27 14:00:00,224.66556555901929
2012-04-27 15:00:00,262.082067483805
2012-04-27 16:00:00,338.44439135351695
2012-04-27 17:00:00,712.5567651609238
2012-04-27 18:00:00,655.9185287878393
2012-04-27 19:00:00,534.4622635658172
2012-04-27 20:00:00,278.06702796757804
2012-04-27 21:00:00,212.98779970770244
2012-04-27 22:00:00,168.23531670587883
2012-04-27 23:00:00,115.5347010422373
2012-04-28 00:00:00,68.71598883729764
2012-04-28 01:00:00,39.10364114930657
2012-04-28 02:00:00,27.56288119366591
2012-04-28 03:00:00,14.359941317014751
2012-04-28 04:00:00,8.4487213957146
2012-04-28 05:00:00,24.738536196659076
2012-04-28 06:00:00,93.69785716427593
2012-04-28 07:00:00,123.78936651585894
2012-04-28 08:00:00,223.23561167293016
2012-04-28 09:00:00,128.31937211034148
2012-04-28 10:00:00,274.0412417008154
2012-04-28 11:00:00,323.8608759980764
2012-04-28 12:00:00,391.39086260009077
2012-04-28 13:00:00,427.7613952305123
2012-04-28 14:00:00,418.8989013774586
2012-04-28 15:00:00,426.8920480538823
2012-04-28 16:00:00,501.1678910085802
2012-04-28 17:00:00,404.05159969275013
2012-04-28 18:00:00,254.90979928819434
2012-04-28 19:00:00,95.6856889758823
2012-04-28 20:00:00,242.98437408192245
2012-04-28 21:00:00,112.22309737558575
2012-04-28 22:00:00,133.5151659330052
2012-04-28 23:00:00,97.59340294103794
2012-04-29 00:00:00,33.83054280781672
2012-04-29 01:00:00,31.745441312020272
2012-04-29 02:00:00,21.32379963886389
2012-04-29 03:00:00,11.171320621384742
2012-04-29 04:00:00,6.5992993437483785
2012-04-29 05:00:00,20.730012074741403
2012-04-29 06:00:00,78.77169430729515
2012-04-29 07:00:00,97.08604066814173
2012-04-29 08:00:00,186.7665532025968
2012-04-29 09:00:00,123.21068049088552
2012-04-29 10:00:00,275.68775548568505
2012-04-29 11:00:00,337.49521836169146
2012-04-29 12:00:00,402.27124895493415
2012-04-29 13:00:00,451.5897807927958
2012-04-29 14:00:00,446.92474664894723
2012-04-29 15:00:00,452.5234071799359
2012-04-29 16:00:00,642.6192056289186
2012-04-29 17:00:00,506.6211806442906
2012-04-29 18:00:00,474.00341755501216
2012-04-29 19:00:00,199.9695678369869
2012-04-29 20:00:00,312.6689089568409
2012-04-29 21:00:00,227.5761000589364
2012-04-29 22:00:00,185.9273374587941
2012-04-29 23:00:00,108.09094638293638
2012-04-30 00:00:00,63.42259860320822
2012-04-30 01:00:00,39.70314860221737
2012-04-30 02:00:00,27.231584689931346
2012-04-30 03:00:00,14.23227281304548
2012-04-30 04:00:00,7.757510343158529
2012-04-30 05:00:00,22.44230569787952
2012-04-30 06:00:00,99.02147647547584
2012-04-30 07:00:00,338.79988740417565
2012-04-30 08:00:00,568.5297467436069
2012-04-30 09:00:00,317.4728170325276
2012-04-30 10:00:00,156.05752578696487
2012-04-30 11:00:00,182.357745985722
2012-04-30 12:00:00,215.64404317883873
2012-04-30 13:00:00,210.086305363915
2012-04-30 14:00:00,221.87203507111428
2012-04-30 15:00:00,232.36323088463217
2012-04-30 16:00:00,302.4586465970996
2012-04-30 17:00:00,638.0857372214637
2012-04-30 18:00:00,550.8293430858025
2012-04-30 19:00:00,446.6719220466613
2012-04-30 20:00:00,265.05225949714037
2012-04-30 21:00:00,203.66665556920404
2012-04-30 22:00:00,163.3318489909865
2012-04-30 23:00:00,111.17477638913337
2012-05-20 00:00:00,84.75298623073587
2012-05-20 01:00:00,54.614271338069585
2012-05-20 02:00:00,37.189713930101384
2012-05-20 03:00:00,19.29628915222205
2012-05-20 04:00:00,10.831618365307472
2012-05-20 05:00:00,31.08679338092343
2012-05-20 06:00:00,121.78080433010065
2012-05-20 07:00:00,156.04440575679837
2012-05-20 08:00:00,268.569739824804
2012-05-20 09:00:00,187.6563065030785
2012-05-20 10:00:00,409.56617705166497
2012-05-20 11:00:00,474.7646346947328
2012-05-20 12:00:00,565.9210801501816
2012-05-20 13:00:00,559.8623031155851
2012-05-20 14:00:00,512.7087367796178
2012-05-20 15:00:00,502.5689555103643
2012-05-20 16:00:00,665.0270174517983
2012-05-20 17:00:00,531.4040043543129
2012-05-20 18:00:00,487.03309975828853
2012-05-20 19:00:00,224.5257628329715
2012-05-20 20:00:00,346.0261257742747
2012-05-20 21:00:00,263.1375643611096
2012-05-20 22:00:00,181.2155890910219
2012-05-20 23:00:00,77.42982770794707
2012-05-21 00:00:00,46.99372276469641
2012-05-21 01:00:00,29.298035240015317
2012-05-21 02:00:00,20.081374059195145
2012-05-21 03:00:00,15.961392624206189
2012-05-21 04:00:00,6.26455658542301
2012-05-21 05:00:00,18.12322352566592
2012-05-21 06:00:00,69.81093038679964
2012-05-21 07:00:00,240.58787508445062
2012-05-21 08:00:00,399.8655088532847
2012-05-21 09:00:00,239.3505203113786
2012-05-21 10:00:00,115.40368324509993
2012-05-21 11:00:00,206.922833006457
2012-05-21 12:00:00,244.09689161514
2012-05-21 13:00:00,161.21540600017
2012-05-21 14:00:00,152.961587402536
2012-05-21 15:00:00,277.9121148037549
2012-05-21 16:00:00,341.96224128100977
2012-05-21 17:00:00,721.9775844474441
2012-05-21 18:00:00,729.5618876905104
2012-05-21 19:00:00,602.6001657577475
2012-05-21 20:00:00,353.17850684295985
2012-05-21 21:00:00,273.3532973052761
2012-05-21 22:00:00,172.67339082591502
2012-05-21 23:00:00,124.17597941137528
2012-05-22 00:00:00,77.56637557756285
2012-05-22 01:00:00,46.6645509052003
2012-05-22 02:00:00,31.929947496889895
2012-05-22 03:00:00,16.90337503956558
2012-05-22 04:00:00,9.716597123177213
2012-05-22 05:00:00,18.766660543897558
2012-05-22 06:00:00,73.34411376137622
2012-05-22 07:00:00,252.7642072958002
2012-05-22 08:00:00,618.714928067464
2012-05-22 09:00:00,371.8063862957409
2012-05-22 10:00:00,183.64226262429744
2012-05-22 11:00:00,218.08040380686217
2012-05-22 12:00:00,255.24801275880128
2012-05-22 13:00:00,296.9151208870249
2012-05-22 14:00:00,274.32649974358515
2012-05-22 15:00:00,312.17195005007414
2012-05-22 16:00:00,388.4795832101424
2012-05-22 17:00:00,836.812433717461
2012-05-22 18:00:00,754.7427479132779
2012-05-22 19:00:00,600.3400633370999
2012-05-22 20:00:00,349.3233542197623
2012-05-22 21:00:00,235.5616236917442
2012-05-22 22:00:00,189.82271438158452
2012-05-22 23:00:00,130.1464191471479
2012-05-23 00:00:00,79.28944618516647
2012-05-23 01:00:00,49.54519152323419
2012-05-23 02:00:00,31.62609325042498
2012-05-23 03:00:00,18.17816762860861
2012-05-23 04:00:00,6.566000236156777
2012-05-23 05:00:00,18.663338334380313
2012-05-23 06:00:00,117.11540123017218
2012-05-23 07:00:00,413.78015159699464
2012-05-23 08:00:00,682.7492077438512
2012-05-23 09:00:00,380.6856522334799
2012-05-23 10:00:00,195.6544021683373
2012-05-23 11:00:00,269.9211221713435
2012-05-23 12:00:00,300.14973460992115
2012-05-23 13:00:00,288.4626896205952
2012-05-23 14:00:00,295.7239303699441
2012-05-23 15:00:00,298.13758789224045
2012-05-23 16:00:00,244.91087666412415
2012-05-23 17:00:00,509.3217159767951
2012-05-23 18:00:00,473.58588521961246
2012-05-23 19:00:00,484.52492081187035
2012-05-23 20:00:00,288.34395969502924
2012-05-23 21:00:00,224.80014920516118
2012-05-23 22:00:00,173.03373960264764
2012-05-23 23:00:00,128.1745038593868
2012-05-24 00:00:00,80.94750544850731
2012-05-24 01:00:00,50.55051148243235
2012-05-24 02:00:00,34.92525327337602
2012-05-24 03:00:00,17.041099132212093
2012-05-24 04:00:00,9.874137691292823
2012-05-24 05:00:00,28.565661761105957
2012-05-24 06:00:00,110.03535998070518
2012-05-24 07:00:00,411.7404504055361
2012-05-24 08:00:00,686.0488222013737
2012-05-24 09:00:00,406.70506986011816
2012-05-24 10:00:00,233.759084019445
2012-05-24 11:00:00,272.49604322663356
2012-05-24 12:00:00,330.5944268463139
2012-05-24 13:00:00,324.1433860688317
2012-05-24 14:00:00,297.2078422582344
2012-05-24 15:00:00,309.53009081619973
2012-05-24 16:00:00,378.1158589650288
2012-05-24 17:00:00,803.5012997771859
2012-05-24 18:00:00,752.844855197121
2012-05-24 19:00:00,611.9953361130534
2012-05-24 20:00:00,334.37365681221837
2012-05-24 21:00:00,150.41949895845562
2012-05-24 22:00:00,178.95856408047106
2012-05-24 23:00:00,122.40222731705259
2012-05-25 00:00:00,81.36207679637853
2012-05-25 01:00:00,51.58912593763055
2012-05-25 02:00:00,33.41177293730232
2012-05-25 03:00:00,17.253190235487583
2012-05-25 04:00:00,10.266239245101884
2012-05-25 05:00:00,29.272456911376512
2012-05-25 06:00:00,112.48638100373255
2012-05-25 07:00:00,383.93206702758795
2012-05-25 08:00:00,635.5207154893916
2012-05-25 09:00:00,376.7569763428489
2012-05-25 10:00:00,227.1090059731798
2012-05-25 11:00:00,267.1052942563847
2012-05-25 12:00:00,327.44302001385637
2012-05-25 13:00:00,321.206924538264
2012-05-25 14:00:00,304.7521696720873
2012-05-25 15:00:00,310.30190071669847
2012-05-25 16:00:00,393.0106934377988
2012-05-25 17:00:00,797.7600359730022
2012-05-25 18:00:00,752.6206826933427
2012-05-25 19:00:00,615.7364049357542
2012-05-25 20:00:00,370.75111109724
2012-05-25 21:00:00,286.2676878986625
2012-05-25 22:00:00,224.31255846455986
2012-05-25 23:00:00,150.37171771078914
2012-05-26 00:00:00,84.78150449430184
2012-05-26 01:00:00,53.628676806890994
2012-05-26 02:00:00,35.99489194505913
2012-05-26 03:00:00,19.27181468828928
2012-05-26 04:00:00,11.220846859060476
2012-05-26 05:00:00,32.095180124969154
2012-05-26 06:00:00,123.84054565122673
2012-05-26 07:00:00,153.37122276738089
2012-05-26 08:00:00,275.640338410107
2012-05-26 09:00:00,161.32455946746094
2012-05-26 10:00:00,406.0511589372383
2012-05-26 11:00:00,479.44049557851514
2012-05-26 12:00:00,572.6102577105578
2012-05-26 13:00:00,561.9027452542283
2012-05-26 14:00:00,525.460020674264
2012-05-26 15:00:00,544.6040176639289
2012-05-26 16:00:00,698.1506586768829
2012-05-26 17:00:00,530.1601971324804
2012-05-26 18:00:00,499.7634966463661
2012-05-26 19:00:00,228.53753630404574
2012-05-26 20:00:00,364.89560191824967
2012-05-26 21:00:00,278.03482589970946
2012-05-26 22:00:00,226.4955980814387
2012-05-26 23:00:00,155.66501576303202
2012-05-27 00:00:00,85.04279044402772
2012-05-27 01:00:00,56.11099880970371
2012-05-27 02:00:00,38.456093502966574
2012-05-27 03:00:00,20.555888624553237
2012-05-27 04:00:00,10.220299223278994
2012-05-27 05:00:00,29.567099410303726
2012-05-27 06:00:00,114.4434971305192
2012-05-27 07:00:00,149.27585752916036
2012-05-27 08:00:00,247.08564387101367
2012-05-27 09:00:00,167.45299105672262
2012-05-27 10:00:00,373.15287209811976
2012-05-27 11:00:00,441.99278734913463
2012-05-27 12:00:00,519.9214558744303
2012-05-27 13:00:00,524.7647677593972
2012-05-27 14:00:00,488.36977077397484
2012-05-27 15:00:00,516.0089776878639
2012-05-27 16:00:00,641.0970838267891
2012-05-27 17:00:00,515.9891938667417
2012-05-27 18:00:00,469.50239370935014
2012-05-27 19:00:00,226.94131375678532
2012-05-27 20:00:00,356.868933794841
2012-05-27 21:00:00,164.01474606485218
2012-05-27 22:00:00,117.79475363383662
2012-05-27 23:00:00,79.21697539602279
2012-05-28 00:00:00,78.00197020897686
2012-05-28 01:00:00,45.841284734764514
2012-05-28 02:00:00,33.618804957189525
2012-05-28 03:00:00,18.234242220764038
2012-05-28 04:00:00,10.649103843808046
2012-05-28 05:00:00,30.807621685219292
2012-05-28 06:00:00,118.88258865542183
2012-05-28 07:00:00,155.93584751871867
2012-05-28 08:00:00,305.71181750269193
2012-05-28 09:00:00,184.1537251682307
2012-05-28 10:00:00,406.800102602135
2012-05-28 11:00:00,456.60407535007556
2012-05-28 12:00:00,542.7298486448526
2012-05-28 13:00:00,509.86759745689943
2012-05-28 14:00:00,479.112372115246
2012-05-28 15:00:00,508.68108760501474
2012-05-28 16:00:00,628.9421295383014
2012-05-28 17:00:00,506.22046584057614
2012-05-28 18:00:00,469.21989219849456
2012-05-28 19:00:00,226.07084919905236
2012-05-28 20:00:00,343.98182848057326
2012-05-28 21:00:00,263.47789515670434
2012-05-28 22:00:00,212.00698884309037
2012-05-28 23:00:00,145.5325136220218
2012-05-29 00:00:00,88.10660335390682
2012-05-29 01:00:00,55.462951010609814
2012-05-29 02:00:00,38.076340278171145
2012-05-29 03:00:00,19.86639987266224
2012-05-29 04:00:00,11.859860117410525
2012-05-29 05:00:00,34.31031278272793
2012-05-29 06:00:00,132.16384236679718
2012-05-29 07:00:00,455.47334524618196
2012-05-29 08:00:00,750.2304769523624
2012-05-29 09:00:00,445.0940537584892
2012-05-29 10:00:00,213.31616304498408
2012-05-29 11:00:00,253.50080085070164
2012-05-29 12:00:00,303.3557175622881
2012-05-29 13:00:00,296.7289776311617
2012-05-29 14:00:00,277.4888347186213
2012-05-29 15:00:00,293.909357892355
2012-05-29 16:00:00,359.0396898139466
2012-05-29 17:00:00,771.6059882820931
2012-05-29 18:00:00,706.6253732991196
2012-05-29 19:00:00,592.251642042764
2012-05-29 20:00:00,213.87566441851166
2012-05-29 21:00:00,139.32884777205925
2012-05-29 22:00:00,173.02739349982687
2012-05-29 23:00:00,80.10278830955193
2012-05-30 00:00:00,48.99073172210902
2012-05-30 01:00:00,30.396120172226354
2012-05-30 02:00:00,20.96845949570347
2012-05-30 03:00:00,11.135713060754071
2012-05-30 04:00:00,9.7116576412365
2012-05-30 05:00:00,28.547738635758098
2012-05-30 06:00:00,111.09844468193886
2012-05-30 07:00:00,253.15710083515867
2012-05-30 08:00:00,630.7051859645843
2012-05-30 09:00:00,432.7298646536564
2012-05-30 10:00:00,208.48140509637992
2012-05-30 11:00:00,248.96498966279242
2012-05-30 12:00:00,334.0939363138561
2012-05-30 13:00:00,331.3044160426764
2012-05-30 14:00:00,311.29891285790603
2012-05-30 15:00:00,317.49630222128536
2012-05-30 16:00:00,392.55794112527724
2012-05-30 17:00:00,833.1848712686651
2012-05-30 18:00:00,765.4288975614116
2012-05-30 19:00:00,623.4267572081159
2012-05-30 20:00:00,307.9338471534299
2012-05-30 21:00:00,284.6469507075293
2012-05-30 22:00:00,219.48352964448992
2012-05-30 23:00:00,152.30533775221696
2012-05-31 00:00:00,94.50481859725161
2012-05-31 01:00:00,59.922523862413854
2012-05-31 02:00:00,41.199194527876095
2012-05-31 03:00:00,21.60140572204566
2012-05-31 04:00:00,12.822620057522467
2012-05-31 05:00:00,35.60337782171086
2012-05-31 06:00:00,119.07339228439693
2012-05-31 07:00:00,476.7100881179417
2012-05-31 08:00:00,799.4878314007775
2012-05-31 09:00:00,487.85718440645513
2012-05-31 10:00:00,236.91456537743542
2012-05-31 11:00:00,282.2402567095735
2012-05-31 12:00:00,342.73653000865306
2012-05-31 13:00:00,339.4758450185843
2012-05-31 14:00:00,317.69348354094313
2012-05-31 15:00:00,325.31931108356787
2012-05-31 16:00:00,405.15723401563946
2012-05-31 17:00:00,871.4147633450671
2012-05-31 18:00:00,811.6132792599424
2012-05-31 19:00:00,667.4444327733468
2012-05-31 20:00:00,384.6510552030202
2012-05-31 21:00:00,295.5665955196641
2012-05-31 22:00:00,231.2190703164265
2012-05-31 23:00:00,155.87522824666868
2012-06-20 00:00:00,90.07870443701823
2012-06-20 01:00:00,57.16605781434001
2012-06-20 02:00:00,39.05611331778852
2012-06-20 03:00:00,20.77617970882464
2012-06-20 04:00:00,12.243476922250284
2012-06-20 05:00:00,35.42010770715882
2012-06-20 06:00:00,110.27357725198331
2012-06-20 07:00:00,384.0290709241153
2012-06-20 08:00:00,720.7731274919122
2012-06-20 09:00:00,438.4044392183764
2012-06-20 10:00:00,229.19141673628224
2012-06-20 11:00:00,266.5133776055682
2012-06-20 12:00:00,320.7698442529254
2012-06-20 13:00:00,322.48017475906477
2012-06-20 14:00:00,301.06837287349794
2012-06-20 15:00:00,326.9281396468537
2012-06-20 16:00:00,399.36897254946723
2012-06-20 17:00:00,848.6849340102624
2012-06-20 18:00:00,789.138167759002
2012-06-20 19:00:00,625.6578792567257
2012-06-20 20:00:00,369.3674680535683
2012-06-20 21:00:00,287.7488384916354
2012-06-20 22:00:00,225.81354810623222
2012-06-20 23:00:00,151.02768747438134
2012-06-21 00:00:00,93.57077885261774
2012-06-21 01:00:00,57.7091011496034
2012-06-21 02:00:00,39.4871167525626
2012-06-21 03:00:00,21.518034059257086
2012-06-21 04:00:00,12.211513144813035
2012-06-21 05:00:00,35.24255465124355
2012-06-21 06:00:00,127.56452387250192
2012-06-21 07:00:00,439.62281500330835
2012-06-21 08:00:00,798.7233601432613
2012-06-21 09:00:00,470.35594848016063
2012-06-21 10:00:00,234.75562330150635
2012-06-21 11:00:00,278.76108395461415
2012-06-21 12:00:00,332.53066493513177
2012-06-21 13:00:00,337.82259601695574
2012-06-21 14:00:00,310.1408016997122
2012-06-21 15:00:00,323.7436682693738
2012-06-21 16:00:00,403.8622829617066
2012-06-21 17:00:00,869.4037033278024
2012-06-21 18:00:00,775.9099022244974
2012-06-21 19:00:00,633.1968966441226
2012-06-21 20:00:00,371.1243559382515
2012-06-21 21:00:00,280.873405349005
2012-06-21 22:00:00,216.37780069254777
2012-06-21 23:00:00,152.5933399071543
2012-06-22 00:00:00,88.3536415431616
2012-06-22 01:00:00,57.824695303198475
2012-06-22 02:00:00,40.37477405346217
2012-06-22 03:00:00,21.37397651624287
2012-06-22 04:00:00,12.045776186632645
2012-06-22 05:00:00,34.62614812850682
2012-06-22 06:00:00,135.32856530206234
2012-06-22 07:00:00,495.90961848563
2012-06-22 08:00:00,824.8317516930954
2012-06-22 09:00:00,478.8534570728046
2012-06-22 10:00:00,230.49566238877634
2012-06-22 11:00:00,280.4017456499596
2012-06-22 12:00:00,333.1486618893989
2012-06-22 13:00:00,329.8092148617182
2012-06-22 14:00:00,309.91511534761173
2012-06-22 15:00:00,319.1215750522158
2012-06-22 16:00:00,410.7808611384226
2012-06-22 17:00:00,819.0903758883809
2012-06-22 18:00:00,721.6874291501732
2012-06-22 19:00:00,569.9076701400498
2012-06-22 20:00:00,335.08590726494145
2012-06-22 21:00:00,179.6383517258084
2012-06-22 22:00:00,229.10546580783117
2012-06-22 23:00:00,149.64843662795053
2012-06-23 00:00:00,88.64555975398555
2012-06-23 01:00:00,63.17726293079896
2012-06-23 02:00:00,34.51920007688395
2012-06-23 03:00:00,18.585465526682206
2012-06-23 04:00:00,10.743055267761363
2012-06-23 05:00:00,30.92989891572196
2012-06-23 06:00:00,129.26371576251196
2012-06-23 07:00:00,167.91628596949622
2012-06-23 08:00:00,321.82850474348606
2012-06-23 09:00:00,193.55026282492477
2012-06-23 10:00:00,431.1736008242974
2012-06-23 11:00:00,510.75872174508106
2012-06-23 12:00:00,614.1869288529972
2012-06-23 13:00:00,617.9197869360503
2012-06-23 14:00:00,583.5121449104804
2012-06-23 15:00:00,600.3231147448239
2012-06-23 16:00:00,759.8040466537203
2012-06-23 17:00:00,613.0244896957964
2012-06-23 18:00:00,565.8948258345332
2012-06-23 19:00:00,273.9813374154248
2012-06-23 20:00:00,419.9024098569948
2012-06-23 21:00:00,325.53424154906713
2012-06-23 22:00:00,257.1285882197665
2012-06-23 23:00:00,178.22486450136898
2012-06-24 00:00:00,98.65741783722501
2012-06-24 01:00:00,57.196943533288874
2012-06-24 02:00:00,39.80368517068973
2012-06-24 03:00:00,20.161880195325985
2012-06-24 04:00:00,11.968115997474516
2012-06-24 05:00:00,35.93996639855912
2012-06-24 06:00:00,139.1060862955259
2012-06-24 07:00:00,182.9023676601544
2012-06-24 08:00:00,311.3716992532594
2012-06-24 09:00:00,187.86977818730185
2012-06-24 10:00:00,420.8644726852555
2012-06-24 11:00:00,482.00330069824423
2012-06-24 12:00:00,575.9020068401406
2012-06-24 13:00:00,561.5325096503635
2012-06-24 14:00:00,525.9234307009694
2012-06-24 15:00:00,557.491958018857
2012-06-24 16:00:00,688.770838815773
2012-06-24 17:00:00,549.0493083098224
2012-06-24 18:00:00,508.0739615248474
2012-06-24 19:00:00,238.39337616341948
2012-06-24 20:00:00,364.4824915962464
2012-06-24 21:00:00,275.3912643036752
2012-06-24 22:00:00,222.83484271715125
2012-06-24 23:00:00,152.04701619241726
2012-06-25 00:00:00,90.53974605013016
2012-06-25 01:00:00,57.32094663715911
2012-06-25 02:00:00,38.56582534665836
2012-06-25 03:00:00,20.449557025696095
2012-06-25 04:00:00,11.803032286172938
2012-06-25 05:00:00,34.83821858049432
2012-06-25 06:00:00,116.26289985675648
2012-06-25 07:00:00,458.03467944703453
2012-06-25 08:00:00,768.6325601075421
2012-06-25 09:00:00,458.569456598297
2012-06-25 10:00:00,226.02340385402772
2012-06-25 11:00:00,263.0170566694421
2012-06-25 12:00:00,298.71296027454457
2012-06-25 13:00:00,313.10609688037584
2012-06-25 14:00:00,297.1678979651922
2012-06-25 15:00:00,305.5229924290092
2012-06-25 16:00:00,389.139480899591
2012-06-25 17:00:00,824.2630386519072
2012-06-25 18:00:00,765.8401474319533
2012-06-25 19:00:00,628.5654159955541
2012-06-25 20:00:00,370.914179030772
2012-06-25 21:00:00,292.9376483587095
2012-06-25 22:00:00,229.8790528009739
2012-06-25 23:00:00,157.99545231890144
2012-06-26 00:00:00,99.25637552597934
2012-06-26 01:00:00,61.66872534977958
2012-06-26 02:00:00,37.24643291015628
2012-06-26 03:00:00,19.702617696130737
2012-06-26 04:00:00,11.499373090720347
2012-06-26 05:00:00,32.147959974473764
2012-06-26 06:00:00,124.4390765704392
2012-06-26 07:00:00,424.7283223122601
2012-06-26 08:00:00,715.3370917202808
2012-06-26 09:00:00,421.3241065497951
2012-06-26 10:00:00,237.3737733689559
2012-06-26 11:00:00,278.49087853425436
2012-06-26 12:00:00,333.30713864476365
2012-06-26 13:00:00,329.18111343241407
2012-06-26 14:00:00,309.3249010111372
2012-06-26 15:00:00,323.9573904824843
2012-06-26 16:00:00,404.1159306209333
2012-06-26 17:00:00,851.1805802048362
2012-06-26 18:00:00,799.1423217183088
2012-06-26 19:00:00,669.2001489420229
2012-06-26 20:00:00,389.3819744265799
2012-06-26 21:00:00,300.66276401498544
2012-06-26 22:00:00,236.33333344881314
2012-06-26 23:00:00,162.8281862999182
2012-06-27 00:00:00,99.91684593672879
2012-06-27 01:00:00,62.984772293290064
2012-06-27 02:00:00,37.766189477196335
2012-06-27 03:00:00,20.201790393526093
2012-06-27 04:00:00,13.187761600434113
2012-06-27 05:00:00,37.69452711209832
2012-06-27 06:00:00,127.63964297014914
2012-06-27 07:00:00,494.39436373893443
2012-06-27 08:00:00,818.5790040004619
2012-06-27 09:00:00,487.6218520535706
2012-06-27 10:00:00,243.7759075403004
2012-06-27 11:00:00,283.13283107727915
2012-06-27 12:00:00,339.9497090158712
2012-06-27 13:00:00,331.9745378622722
2012-06-27 14:00:00,313.97378543373054
2012-06-27 15:00:00,320.20515239794327
2012-06-27 16:00:00,400.7126350959235
2012-06-27 17:00:00,849.4689663133089
2012-06-27 18:00:00,791.7963421482397
2012-06-27 19:00:00,648.3090536517426
2012-06-27 20:00:00,389.26355309541333
2012-06-27 21:00:00,300.33967571212094
2012-06-27 22:00:00,238.8402562620715
2012-06-27 23:00:00,160.50489139759338
2012-06-28 00:00:00,100.8029046441074
2012-06-28 01:00:00,63.919026587934056
2012-06-28 02:00:00,43.31431643021191
2012-06-28 03:00:00,22.930139026179248
2012-06-28 04:00:00,13.08614085595566
2012-06-28 05:00:00,38.161976289961736
2012-06-28 06:00:00,147.00050829414067
2012-06-28 07:00:00,502.5681831841243
2012-06-28 08:00:00,843.9902948809889
2012-06-28 09:00:00,491.5395675303459
2012-06-28 10:00:00,239.58387987115356
2012-06-28 11:00:00,289.77165940104834
2012-06-28 12:00:00,344.56815920908457
2012-06-28 13:00:00,339.7594874399726
2012-06-28 14:00:00,315.94210782632973
2012-06-28 15:00:00,330.6317390984962
2012-06-28 16:00:00,420.1390395790096
2012-06-28 17:00:00,884.2134866083428
2012-06-28 18:00:00,815.6066920511274
2012-06-28 19:00:00,652.383903460677
2012-06-28 20:00:00,386.3825368695101
2012-06-28 21:00:00,284.55901827315034
2012-06-28 22:00:00,227.655326965619
2012-06-28 23:00:00,160.03466009823217
2012-06-29 00:00:00,100.51862244828098
2012-06-29 01:00:00,62.517721839923794
2012-06-29 02:00:00,42.01143982627439
2012-06-29 03:00:00,22.240409991429768
2012-06-29 04:00:00,12.908711009171132
2012-06-29 05:00:00,38.072008695435166
2012-06-29 06:00:00,136.15238197487068
2012-06-29 07:00:00,505.4102907939995
2012-06-29 08:00:00,780.1062232238554
2012-06-29 09:00:00,488.9786912231108
2012-06-29 10:00:00,234.3608778763929
2012-06-29 11:00:00,254.86095027210507
2012-06-29 12:00:00,305.5049391180411
2012-06-29 13:00:00,325.53666501418644
2012-06-29 14:00:00,303.4225147211059
2012-06-29 15:00:00,329.2464456921218
2012-06-29 16:00:00,409.06058871176697
2012-06-29 17:00:00,832.9279150837913
2012-06-29 18:00:00,818.1415236674477
2012-06-29 19:00:00,622.5757867571832
2012-06-29 20:00:00,365.44367459249173
2012-06-29 21:00:00,263.0722002501793
2012-06-29 22:00:00,136.18109611824232
2012-06-29 23:00:00,93.59401530731303
2012-06-30 00:00:00,53.504849237793074
2012-06-30 01:00:00,33.357369160338195
2012-06-30 02:00:00,35.10933755592882
2012-06-30 03:00:00,18.586510364803313
2012-06-30 04:00:00,10.831521916511711
2012-06-30 05:00:00,32.6792948982553
2012-06-30 06:00:00,125.88113687396412
2012-06-30 07:00:00,165.50835351433818
2012-06-30 08:00:00,273.09356623505187
2012-06-30 09:00:00,162.68124223030242
2012-06-30 10:00:00,442.6175083649177
2012-06-30 11:00:00,518.0542975170073
2012-06-30 12:00:00,620.0395633616679
2012-06-30 13:00:00,610.4380302936374
2012-06-30 14:00:00,573.6163941033074
2012-06-30 15:00:00,600.286512179746
2012-06-30 16:00:00,755.4301081197226
2012-06-30 17:00:00,606.112808801607
2012-06-30 18:00:00,569.5028516159774
2012-06-30 19:00:00,256.27644777661584
2012-06-30 20:00:00,391.4919500307272
2012-06-30 21:00:00,300.823151993859
2012-06-30 22:00:00,234.01980469024932
2012-06-30 23:00:00,162.78970807770995
2012-07-20 00:00:00,49.57511583255623
2012-07-20 01:00:00,49.26825370146843
2012-07-20 02:00:00,31.677641126040417
2012-07-20 03:00:00,16.729418574089213
2012-07-20 04:00:00,9.6935403763704
2012-07-20 05:00:00,28.179220941593062
2012-07-20 06:00:00,108.02282064002314
2012-07-20 07:00:00,370.48566077590175
2012-07-20 08:00:00,709.5524410780749
2012-07-20 09:00:00,425.37532476839567
2012-07-20 10:00:00,206.92769404394403
2012-07-20 11:00:00,162.33001213341845
2012-07-20 12:00:00,194.16511600866738
2012-07-20 13:00:00,193.01419732017095
2012-07-20 14:00:00,177.74863647328723
2012-07-20 15:00:00,271.32027633883007
2012-07-20 16:00:00,339.011498220546
2012-07-20 17:00:00,607.3172671402824
2012-07-20 18:00:00,675.287349823278
2012-07-20 19:00:00,481.70590820467066
2012-07-20 20:00:00,186.8147744525195
2012-07-20 21:00:00,144.94242023560392
2012-07-20 22:00:00,174.53959489039505
2012-07-20 23:00:00,118.23005773100112
2012-07-21 00:00:00,51.24333128169816
2012-07-21 01:00:00,48.31825104540338
2012-07-21 02:00:00,21.909961998545114
2012-07-21 03:00:00,11.655161490121046
2012-07-21 04:00:00,6.7860068128060025
2012-07-21 05:00:00,19.726991157467822
2012-07-21 06:00:00,75.9886674953095
2012-07-21 07:00:00,148.9312995420049
2012-07-21 08:00:00,248.71670037664026
2012-07-21 09:00:00,149.59835795565346
2012-07-21 10:00:00,216.93328751358084
2012-07-21 11:00:00,381.52518156911407
2012-07-21 12:00:00,307.810804684061
2012-07-21 13:00:00,305.9862482708681
2012-07-21 14:00:00,419.0801128053263
2012-07-21 15:00:00,294.209162710869
2012-07-21 16:00:00,369.0783799944034
2012-07-21 17:00:00,297.05754650913786
2012-07-21 18:00:00,409.7609941535578
2012-07-21 19:00:00,195.68442594361102
2012-07-21 20:00:00,202.31173937378696
2012-07-21 21:00:00,231.73273815651223
2012-07-21 22:00:00,184.95149820837474
2012-07-21 23:00:00,129.28068173071003
2012-07-22 00:00:00,71.55977131833889
2012-07-22 01:00:00,44.61363302392276
2012-07-22 02:00:00,30.674687888376827
2012-07-22 03:00:00,16.238853936398055
2012-07-22 04:00:00,10.30789542409956
2012-07-22 05:00:00,29.82051328019582
2012-07-22 06:00:00,106.39961543794533
2012-07-22 07:00:00,141.93733152279546
2012-07-22 08:00:00,236.0807718812739
2012-07-22 09:00:00,164.29215009627512
2012-07-22 10:00:00,358.5832017868848
2012-07-22 11:00:00,419.6977417123517
2012-07-22 12:00:00,494.6483484790665
2012-07-22 13:00:00,494.07556027887205
2012-07-22 14:00:00,488.9131417829255
2012-07-22 15:00:00,511.6450081565439
2012-07-22 16:00:00,627.7809624427456
2012-07-22 17:00:00,493.22373765388835
2012-07-22 18:00:00,463.06973161964873
2012-07-22 19:00:00,220.7104171297152
2012-07-22 20:00:00,338.25061500774854
2012-07-22 21:00:00,259.29579026357874
2012-07-22 22:00:00,204.45945019673928
2012-07-22 23:00:00,140.6458891516547
2012-07-23 00:00:00,74.54696880871627
2012-07-23 01:00:00,46.14100035028517
2012-07-23 02:00:00,29.59655217260524
2012-07-23 03:00:00,15.668100340608007
2012-07-23 04:00:00,9.100644682395842
2012-07-23 05:00:00,26.327963608869805
2012-07-23 06:00:00,117.71410871015756
2012-07-23 07:00:00,431.3359708699949
2012-07-23 08:00:00,717.9719328518771
2012-07-23 09:00:00,398.821255923558
2012-07-23 10:00:00,203.41792483304542
2012-07-23 11:00:00,237.49274830169963
2012-07-23 12:00:00,284.2460735570174
2012-07-23 13:00:00,282.56119768995455
2012-07-23 14:00:00,258.5700637545309
2012-07-23 15:00:00,288.8742528811998
2012-07-23 16:00:00,363.54042419315834
2012-07-23 17:00:00,763.2579252921718
2012-07-23 18:00:00,726.4407336765822
2012-07-23 19:00:00,575.0434935223486
2012-07-23 20:00:00,337.60541612110717
2012-07-23 21:00:00,258.1685921773256
2012-07-23 22:00:00,205.73093385256186
2012-07-23 23:00:00,141.90701670095956
2012-07-24 00:00:00,88.22877780984375
2012-07-24 01:00:00,55.055094207901384
2012-07-24 02:00:00,37.43293397584529
2012-07-24 03:00:00,19.816597627873993
2012-07-24 04:00:00,11.734635741561073
2012-07-24 05:00:00,33.86628147798909
2012-07-24 06:00:00,129.82581957254249
2012-07-24 07:00:00,447.68865671449043
2012-07-24 08:00:00,730.0843248238158
2012-07-24 09:00:00,454.45123344395415
2012-07-24 10:00:00,210.99601680212433
2012-07-24 11:00:00,231.11509116749824
2012-07-24 12:00:00,280.43711379123636
2012-07-24 13:00:00,273.6503792048434
2012-07-24 14:00:00,260.26699921895226
2012-07-24 15:00:00,292.20608022281993
2012-07-24 16:00:00,359.28400126080163
2012-07-24 17:00:00,759.2033306374165
2012-07-24 18:00:00,694.7545886767801
2012-07-24 19:00:00,584.6080211781568
2012-07-24 20:00:00,341.8137151075504
2012-07-24 21:00:00,260.1249667610925
2012-07-24 22:00:00,204.6266575594497
2012-07-24 23:00:00,142.22431063931407
2012-07-25 00:00:00,89.65939526788985
2012-07-25 01:00:00,57.63701172889087
2012-07-25 02:00:00,38.93455715133891
2012-07-25 03:00:00,20.497228301476127
2012-07-25 04:00:00,12.040584515204044
2012-07-25 05:00:00,35.17131035523458
2012-07-25 06:00:00,134.82862579041281
2012-07-25 07:00:00,469.4763400681399
2012-07-25 08:00:00,796.0725061777255
2012-07-25 09:00:00,474.5723246828802
2012-07-25 10:00:00,241.41763275632292
2012-07-25 11:00:00,284.13910140054213
2012-07-25 12:00:00,340.0753264875385
2012-07-25 13:00:00,326.2818301315871
2012-07-25 14:00:00,308.3178488118605
2012-07-25 15:00:00,324.7528494946025
2012-07-25 16:00:00,398.93376253083716
2012-07-25 17:00:00,855.9902787380512
2012-07-25 18:00:00,786.3545023157595
2012-07-25 19:00:00,640.2653907078447
2012-07-25 20:00:00,369.87796980393045
2012-07-25 21:00:00,284.5649779749899
2012-07-25 22:00:00,218.00414716615614
2012-07-25 23:00:00,146.84395980350266
2012-07-26 00:00:00,92.22816116061855
2012-07-26 01:00:00,57.77721662316573
2012-07-26 02:00:00,38.77903128591055
2012-07-26 03:00:00,20.628450097806603
2012-07-26 04:00:00,11.982241626419246
2012-07-26 05:00:00,34.664359779180025
2012-07-26 06:00:00,131.50684189147006
2012-07-26 07:00:00,450.23307532262504
2012-07-26 08:00:00,696.3960326455873
2012-07-26 09:00:00,425.3054829993477
2012-07-26 10:00:00,215.8723170883813
2012-07-26 11:00:00,247.97379914133316
2012-07-26 12:00:00,301.33093721997466
2012-07-26 13:00:00,295.4600096641401
2012-07-26 14:00:00,280.29285747383386
2012-07-26 15:00:00,293.5437467464126
2012-07-26 16:00:00,364.4005159893635
2012-07-26 17:00:00,751.7118588888102
2012-07-26 18:00:00,711.4012658098561
2012-07-26 19:00:00,581.0870516071332
2012-07-26 20:00:00,345.8534671533353
2012-07-26 21:00:00,256.5432772054565
2012-07-26 22:00:00,202.78472157782656
2012-07-26 23:00:00,146.71752856783394
2012-07-27 00:00:00,94.17885907666242
2012-07-27 01:00:00,58.29125604503202
2012-07-27 02:00:00,38.81247371862539
2012-07-27 03:00:00,20.69533764074498
2012-07-27 04:00:00,12.285219945539689
2012-07-27 05:00:00,35.11564329238631
2012-07-27 06:00:00,136.90396482334307
2012-07-27 07:00:00,465.3566096766322
2012-07-27 08:00:00,772.4104260313834
2012-07-27 09:00:00,458.9189162599637
2012-07-27 10:00:00,235.99718820188184
2012-07-27 11:00:00,261.92245496125435
2012-07-27 12:00:00,309.21806365638224
2012-07-27 13:00:00,310.87635574146793
2012-07-27 14:00:00,289.06722722022715
2012-07-27 15:00:00,311.8938807877739
2012-07-27 16:00:00,383.5015352273608
2012-07-27 17:00:00,805.7422609475575
2012-07-27 18:00:00,760.8317290828627
2012-07-27 19:00:00,609.058850686044
2012-07-27 20:00:00,360.16741660856906
2012-07-27 21:00:00,276.7533214952985
2012-07-27 22:00:00,217.70731141724917
2012-07-27 23:00:00,150.96623256273466
2012-07-28 00:00:00,97.54350487924357
2012-07-28 01:00:00,61.18305592343121
2012-07-28 02:00:00,42.27125822272977
2012-07-28 03:00:00,22.377955090678416
2012-07-28 04:00:00,12.466044249994876
2012-07-28 05:00:00,36.5333748463123
2012-07-28 06:00:00,144.6198824267596
2012-07-28 07:00:00,187.70301460428672
2012-07-28 08:00:00,307.337915150799
2012-07-28 09:00:00,185.72904200373074
2012-07-28 10:00:00,405.96202934083936
2012-07-28 11:00:00,494.2480806767031
2012-07-28 12:00:00,586.3157152437379
2012-07-28 13:00:00,567.0694476211175
2012-07-28 14:00:00,540.2257082833121
2012-07-28 15:00:00,572.1754433380447
2012-07-28 16:00:00,705.7863281341425
2012-07-28 17:00:00,560.839839815214
2012-07-28 18:00:00,519.8178137572677
2012-07-28 19:00:00,243.711200518941
2012-07-28 20:00:00,365.177100019645
2012-07-28 21:00:00,290.24070487432897
2012-07-28 22:00:00,229.42086485219772
2012-07-28 23:00:00,155.78898532074075
2012-07-29 00:00:00,74.76980231927446
2012-07-29 01:00:00,55.076190014676804
2012-07-29 02:00:00,37.987483812433005
2012-07-29 03:00:00,20.060689359602218
2012-07-29 04:00:00,11.841309513320022
2012-07-29 05:00:00,29.20516538556117
2012-07-29 06:00:00,131.32436457833032
2012-07-29 07:00:00,171.13594152534895
2012-07-29 08:00:00,284.17609015431833
2012-07-29 09:00:00,168.31932405251086
2012-07-29 10:00:00,384.1533919367717
2012-07-29 11:00:00,439.2045967417393
2012-07-29 12:00:00,516.8523222687801
2012-07-29 13:00:00,518.7158199866001
2012-07-29 14:00:00,495.33880608841594
2012-07-29 15:00:00,527.1955089051839
2012-07-29 16:00:00,654.9953934525171
2012-07-29 17:00:00,522.5168992476663
2012-07-29 18:00:00,479.2802689077799
2012-07-29 19:00:00,225.98413020269646
2012-07-29 20:00:00,342.46500540084753
2012-07-29 21:00:00,262.63669846142267
2012-07-29 22:00:00,210.3032678377527
2012-07-29 23:00:00,147.0015117456867
2012-07-30 00:00:00,87.28605537068218
2012-07-30 01:00:00,55.748950726138865
2012-07-30 02:00:00,38.27145647318113
2012-07-30 03:00:00,19.98768329268363
2012-07-30 04:00:00,11.693914210827199
2012-07-30 05:00:00,33.26292894274553
2012-07-30 06:00:00,126.89736355927639
2012-07-30 07:00:00,439.72861193774713
2012-07-30 08:00:00,681.1805305097444
2012-07-30 09:00:00,413.19415064912187
2012-07-30 10:00:00,196.6742985725211
2012-07-30 11:00:00,237.88679685175373
2012-07-30 12:00:00,285.1931165352634
2012-07-30 13:00:00,300.6946935499381
2012-07-30 14:00:00,279.8400494548144
2012-07-30 15:00:00,291.44222865592525
2012-07-30 16:00:00,360.3442321617762
2012-07-30 17:00:00,749.3612208108071
2012-07-30 18:00:00,679.0723458025718
2012-07-30 19:00:00,578.7211883027586
2012-07-30 20:00:00,333.4508280612453
2012-07-30 21:00:00,257.46705733256977
2012-07-30 22:00:00,188.79705214610172
2012-07-30 23:00:00,139.0914932218483
2012-07-31 00:00:00,87.88291299036884
2012-07-31 01:00:00,55.238086056909246
2012-07-31 02:00:00,37.61450200052032
2012-07-31 03:00:00,20.057286083060553
2012-07-31 04:00:00,11.734635741561073
2012-07-31 05:00:00,33.54066320810013
2012-07-31 06:00:00,111.39504928460448
2012-07-31 07:00:00,437.413788321084
2012-07-31 08:00:00,733.4012929365915
2012-07-31 09:00:00,446.8033971871118
2012-07-31 10:00:00,224.280078403844
2012-07-31 11:00:00,263.2201474473357
2012-07-31 12:00:00,322.9553189687303
2012-07-31 13:00:00,294.7823942651318
2012-07-31 14:00:00,277.0011133843782
2012-07-31 15:00:00,295.58442922778426
2012-07-31 16:00:00,365.45399573700826
2012-07-31 17:00:00,778.4383599905867
2012-07-31 18:00:00,714.5842749205948
2012-07-31 19:00:00,359.1707883413845
2012-07-31 20:00:00,216.2774924270295
2012-07-31 21:00:00,259.65454517224686
2012-07-31 22:00:00,205.73210594077523
2012-07-31 23:00:00,132.6670893880025
2012-08-20 00:00:00,72.86600886700597
2012-08-20 01:00:00,48.461436938570905
2012-08-20 02:00:00,32.999927166121644
2012-08-20 03:00:00,17.498935980805875
2012-08-20 04:00:00,9.69741692300363
2012-08-20 05:00:00,28.464168012501098
2012-08-20 06:00:00,108.14547065160667
2012-08-20 07:00:00,370.6847992865805
2012-08-20 08:00:00,622.0397890812193
2012-08-20 09:00:00,436.76362138975145
2012-08-20 10:00:00,210.4247959756557
2012-08-20 11:00:00,263.5700150122494
2012-08-20 12:00:00,298.5722206254523
2012-08-20 13:00:00,311.79178599194904
2012-08-20 14:00:00,293.19632218805475
2012-08-20 15:00:00,302.4163453950817
2012-08-20 16:00:00,375.7264805799943
2012-08-20 17:00:00,780.6810640600409
2012-08-20 18:00:00,574.6455990708583
2012-08-20 19:00:00,475.4325425115041
2012-08-20 20:00:00,273.3196275685666
2012-08-20 21:00:00,235.84654582934877
2012-08-20 22:00:00,174.75574186610575
2012-08-20 23:00:00,120.10544815306511
2012-08-21 00:00:00,74.36682116929228
2012-08-21 01:00:00,46.476359523019966
2012-08-21 02:00:00,30.646662299300143
2012-08-21 03:00:00,18.19406761086541
2012-08-21 04:00:00,10.644548578840512
2012-08-21 05:00:00,30.71867369654038
2012-08-21 06:00:00,118.04381312507634
2012-08-21 07:00:00,406.7548587475093
2012-08-21 08:00:00,667.9283540921476
2012-08-21 09:00:00,474.3797504896747
2012-08-21 10:00:00,231.49321664925367
2012-08-21 11:00:00,277.98814389332716
2012-08-21 12:00:00,340.0006497902271
2012-08-21 13:00:00,335.9454879181255
2012-08-21 14:00:00,312.11979250752654
2012-08-21 15:00:00,331.40240496670924
2012-08-21 16:00:00,411.73918397571134
2012-08-21 17:00:00,798.3106306755969
2012-08-21 18:00:00,750.4096657083637
2012-08-21 19:00:00,333.45385919447585
2012-08-21 20:00:00,363.96389425487564
2012-08-21 21:00:00,279.6705420714727
2012-08-21 22:00:00,190.2909250789627
2012-08-21 23:00:00,129.74089857486848
2012-08-22 00:00:00,79.03826063857079
2012-08-22 01:00:00,51.00923902642196
2012-08-22 02:00:00,34.734858869433566
2012-08-22 03:00:00,18.388265325948495
2012-08-22 04:00:00,10.593555067989302
2012-08-22 05:00:00,31.29227832591524
2012-08-22 06:00:00,121.33852550731312
2012-08-22 07:00:00,413.1631745164071
2012-08-22 08:00:00,780.5829832743851
2012-08-22 09:00:00,477.07282262010375
2012-08-22 10:00:00,231.13306567422813
2012-08-22 11:00:00,271.3804833594334
2012-08-22 12:00:00,332.3363920028307
2012-08-22 13:00:00,322.7282760649637
2012-08-22 14:00:00,305.4593628782002
2012-08-22 15:00:00,315.8345240485374
2012-08-22 16:00:00,239.14422467646074
2012-08-22 17:00:00,502.0864603359159
2012-08-22 18:00:00,471.64571704498996
2012-08-22 19:00:00,578.9375389984966
2012-08-22 20:00:00,354.1780872071075
2012-08-22 21:00:00,280.83092005608256
2012-08-22 22:00:00,221.98289721078814
2012-08-22 23:00:00,130.27920511689717
2012-08-23 00:00:00,82.33940510296073
2012-08-23 01:00:00,51.41973208503141
2012-08-23 02:00:00,35.01438506370387
2012-08-23 03:00:00,18.269405296433426
2012-08-23 04:00:00,10.844740652872199
2012-08-23 05:00:00,31.37359464310874
2012-08-23 06:00:00,111.37182758765698
2012-08-23 07:00:00,384.7978138929893
2012-08-23 08:00:00,738.7531473659544
2012-08-23 09:00:00,447.1806544852677
2012-08-23 10:00:00,232.68575341821438
2012-08-23 11:00:00,278.9788766396058
2012-08-23 12:00:00,347.03045846122336
2012-08-23 13:00:00,332.6628084923005
2012-08-23 14:00:00,302.48441726501665
2012-08-23 15:00:00,321.1717608205279
2012-08-23 16:00:00,396.8058732391401
2012-08-23 17:00:00,831.069391356067
2012-08-23 18:00:00,770.3044046102013
2012-08-23 19:00:00,645.8302178123054
2012-08-23 20:00:00,371.3082400569282
2012-08-23 21:00:00,283.94131439215477
2012-08-23 22:00:00,212.26575280389343
2012-08-23 23:00:00,146.1364159598681
2012-08-24 00:00:00,91.78906127459068
2012-08-24 01:00:00,57.459057303124226
2012-08-24 02:00:00,41.973462358167986
2012-08-24 03:00:00,22.096478801958423
2012-08-24 04:00:00,12.118471826738686
2012-08-24 05:00:00,32.193069503792124
2012-08-24 06:00:00,115.32017105787995
2012-08-24 07:00:00,400.6157489697431
2012-08-24 08:00:00,762.9961321838692
2012-08-24 09:00:00,466.64635305054566
2012-08-24 10:00:00,230.76766903237308
2012-08-24 11:00:00,265.56884763964723
2012-08-24 12:00:00,320.92600563650484
2012-08-24 13:00:00,315.67502048199657
2012-08-24 14:00:00,316.1963623725213
2012-08-24 15:00:00,306.24288950801105
2012-08-24 16:00:00,380.4806348253833
2012-08-24 17:00:00,784.8242102425687
2012-08-24 18:00:00,717.2748808578802
2012-08-24 19:00:00,598.7009073620059
2012-08-24 20:00:00,344.20243224883006
2012-08-24 21:00:00,269.63741699496904
2012-08-24 22:00:00,218.87448863409767
2012-08-24 23:00:00,146.02264196559568
2012-08-25 00:00:00,97.18824507763033
2012-08-25 01:00:00,60.255871751274306
2012-08-25 02:00:00,40.11972472789407
2012-08-25 03:00:00,22.931541188202942
2012-08-25 04:00:00,12.546159936610655
2012-08-25 05:00:00,35.74646626345392
2012-08-25 06:00:00,118.52715375628307
2012-08-25 07:00:00,155.0896077617055
2012-08-25 08:00:00,292.53723207587626
2012-08-25 09:00:00,174.81009888828174
2012-08-25 10:00:00,387.38856790115915
2012-08-25 11:00:00,454.1042370603603
2012-08-25 12:00:00,366.94089644240717
2012-08-25 13:00:00,545.0471653411759
2012-08-25 14:00:00,342.0047472471611
2012-08-25 15:00:00,519.1442715590883
2012-08-25 16:00:00,643.9550990179546
2012-08-25 17:00:00,513.3123373814913
2012-08-25 18:00:00,472.69034465949125
2012-08-25 19:00:00,197.47774868741044
2012-08-25 20:00:00,204.01364580155894
2012-08-25 21:00:00,245.10583987055196
2012-08-25 22:00:00,193.74399530821935
2012-08-25 23:00:00,126.94961051142894
2012-08-26 00:00:00,75.14688209758111
2012-08-26 01:00:00,47.76407245368936
2012-08-26 02:00:00,30.341981270593017
2012-08-26 03:00:00,15.985445312167931
2012-08-26 04:00:00,9.443175281906742
2012-08-26 05:00:00,29.143104930769525
2012-08-26 06:00:00,111.09419521137548
2012-08-26 07:00:00,147.5988796087754
2012-08-26 08:00:00,278.8247786580403
2012-08-26 09:00:00,166.90095642518273
2012-08-26 10:00:00,363.16246345242934
2012-08-26 11:00:00,427.1191987639188
2012-08-26 12:00:00,318.00894190597785
2012-08-26 13:00:00,314.6650479674446
2012-08-26 14:00:00,421.39019065174426
2012-08-26 15:00:00,269.3911358372548
2012-08-26 16:00:00,334.6954782994513
2012-08-26 17:00:00,430.4511020455841
2012-08-26 18:00:00,383.4393394822213
2012-08-26 19:00:00,180.04655581780474
2012-08-26 20:00:00,296.0057763702124
2012-08-26 21:00:00,231.87982115752396
2012-08-26 22:00:00,183.15482810695005
2012-08-26 23:00:00,126.8850435202977
2012-08-27 00:00:00,78.6278998834129
2012-08-27 01:00:00,48.396401056206166
2012-08-27 02:00:00,32.718104207606885
2012-08-27 03:00:00,17.446366196162344
2012-08-27 04:00:00,10.439039754912747
2012-08-27 05:00:00,29.96021009728694
2012-08-27 06:00:00,115.40718120667434
2012-08-27 07:00:00,458.3157530183485
2012-08-27 08:00:00,745.3478779938977
2012-08-27 09:00:00,442.9327784598795
2012-08-27 10:00:00,214.89966093379746
2012-08-27 11:00:00,251.8198086685167
2012-08-27 12:00:00,312.7488853923254
2012-08-27 13:00:00,303.4624608344795
2012-08-27 14:00:00,291.8571223170433
2012-08-27 15:00:00,289.85833340970044
2012-08-27 16:00:00,362.7446304896695
2012-08-27 17:00:00,788.3970233312596
2012-08-27 18:00:00,722.022649808021
2012-08-27 19:00:00,571.5766478908481
2012-08-27 20:00:00,337.69729839835856
2012-08-27 21:00:00,259.1758944695406
2012-08-27 22:00:00,201.62109133615058
2012-08-27 23:00:00,139.2392370674927
2012-08-28 00:00:00,86.21546462984507
2012-08-28 01:00:00,54.58455020581958
2012-08-28 02:00:00,37.34766576580749
2012-08-28 03:00:00,17.450316082734798
2012-08-28 04:00:00,11.889113272884943
2012-08-28 05:00:00,32.47607581420114
2012-08-28 06:00:00,107.1656476327667
2012-08-28 07:00:00,430.08532694111784
2012-08-28 08:00:00,703.3965298964292
2012-08-28 09:00:00,415.92503074844757
2012-08-28 10:00:00,219.9393313672938
2012-08-28 11:00:00,258.63051720267214
2012-08-28 12:00:00,311.2722140117046
2012-08-28 13:00:00,310.1617417882939
2012-08-28 14:00:00,293.5581684868463
2012-08-28 15:00:00,312.9461190586762
2012-08-28 16:00:00,389.44556257414695
2012-08-28 17:00:00,809.1583601044841
2012-08-28 18:00:00,759.7288841674765
2012-08-28 19:00:00,629.1237182942263
2012-08-28 20:00:00,373.9449476938157
2012-08-28 21:00:00,288.03369840867964
2012-08-28 22:00:00,228.6172088915597
2012-08-28 23:00:00,156.62414367560476
2012-08-29 00:00:00,94.66392681670416
2012-08-29 01:00:00,58.54570937144793
2012-08-29 02:00:00,34.39964896843038
2012-08-29 03:00:00,18.298843952431355
2012-08-29 04:00:00,10.515459185964101
2012-08-29 05:00:00,30.568547321049945
2012-08-29 06:00:00,117.75050536860805
2012-08-29 07:00:00,482.27127757152664
2012-08-29 08:00:00,790.6182164233824
2012-08-29 09:00:00,476.2463337043253
2012-08-29 10:00:00,234.6624918010671
2012-08-29 11:00:00,285.2553672239723
2012-08-29 12:00:00,339.8781393457483
2012-08-29 13:00:00,334.35624056831097
2012-08-29 14:00:00,309.90463336550187
2012-08-29 15:00:00,318.8802354254622
2012-08-29 16:00:00,404.55861362883627
2012-08-29 17:00:00,837.7968601413653
2012-08-29 18:00:00,776.5648979228332
2012-08-29 19:00:00,622.9563666256674
2012-08-29 20:00:00,376.75813691574314
2012-08-29 21:00:00,287.8787425026062
2012-08-29 22:00:00,231.43482800602106
2012-08-29 23:00:00,157.91504870711293
2012-08-30 00:00:00,96.58126703190678
2012-08-30 01:00:00,61.386001735698514
2012-08-30 02:00:00,35.722870673059774
2012-08-30 03:00:00,18.911308279960185
2012-08-30 04:00:00,11.064174541994571
2012-08-30 05:00:00,32.00841202682027
2012-08-30 06:00:00,118.32522989908296
2012-08-30 07:00:00,487.728618742764
2012-08-30 08:00:00,817.1065104287937
2012-08-30 09:00:00,491.0225853981907
2012-08-30 10:00:00,241.35959313102822
2012-08-30 11:00:00,284.40366575135454
2012-08-30 12:00:00,333.8952672075522
2012-08-30 13:00:00,327.93699507406393
2012-08-30 14:00:00,306.67329948927687
2012-08-30 15:00:00,317.0401802368441
2012-08-30 16:00:00,396.75033368072616
2012-08-30 17:00:00,843.0423617261429
2012-08-30 18:00:00,790.9298140095849
2012-08-30 19:00:00,637.8193069954573
2012-08-30 20:00:00,364.3284100486466
2012-08-30 21:00:00,278.2784476679028
2012-08-30 22:00:00,224.45680378639983
2012-08-30 23:00:00,149.61356026832516
2012-08-31 00:00:00,91.81630524147718
2012-08-31 01:00:00,57.79820178889512
2012-08-31 02:00:00,34.23776010175039
2012-08-31 03:00:00,18.212727401889463
2012-08-31 04:00:00,10.647140856044922
2012-08-31 05:00:00,30.653259515018053
2012-08-31 06:00:00,110.6858189327974
2012-08-31 07:00:00,386.08717085714096
2012-08-31 08:00:00,753.7618061451467
2012-08-31 09:00:00,475.6993960452253
2012-08-31 10:00:00,232.6976177477345
2012-08-31 11:00:00,283.45325510614515
2012-08-31 12:00:00,343.3722504671188
2012-08-31 13:00:00,331.837280339846
2012-08-31 14:00:00,317.38445593756956
2012-08-31 15:00:00,325.2535369485488
2012-08-31 16:00:00,407.04013125299724
2012-08-31 17:00:00,860.1720422542984
2012-08-31 18:00:00,783.9252357939731
2012-08-31 19:00:00,637.2864097477914
2012-08-31 20:00:00,374.70226492210384
2012-08-31 21:00:00,281.3138520378291
2012-08-31 22:00:00,222.36463096162456
2012-08-31 23:00:00,154.81994752094076
2012-09-20 00:00:00,90.64723203903425
2012-09-20 01:00:00,48.22956882699726
2012-09-20 02:00:00,32.92132326588707
2012-09-20 03:00:00,17.54193075327381
2012-09-20 04:00:00,10.09090948205884
2012-09-20 05:00:00,29.192777753202368
2012-09-20 06:00:00,114.36889522003729
2012-09-20 07:00:00,381.3566329964948
2012-09-20 08:00:00,742.6576162964626
2012-09-20 09:00:00,452.99041240959275
2012-09-20 10:00:00,224.2789722793646
2012-09-20 11:00:00,307.7037347659064
2012-09-20 12:00:00,360.3611322908341
2012-09-20 13:00:00,353.92777008944284
2012-09-20 14:00:00,327.01094897364527
2012-09-20 15:00:00,342.21522261552565
2012-09-20 16:00:00,427.22857020112696
2012-09-20 17:00:00,881.9553152624086
2012-09-20 18:00:00,805.5355237945323
2012-09-20 19:00:00,581.6287801508337
2012-09-20 20:00:00,345.04802132962976
2012-09-20 21:00:00,262.58631854812904
2012-09-20 22:00:00,206.9105382273878
2012-09-20 23:00:00,143.9266716572358
2012-09-21 00:00:00,91.94291837554199
2012-09-21 01:00:00,56.61073262288331
2012-09-21 02:00:00,38.54920884298125
2012-09-21 03:00:00,19.954119502825556
2012-09-21 04:00:00,11.844789003986204
2012-09-21 05:00:00,33.856730883240836
2012-09-21 06:00:00,130.0957479951772
2012-09-21 07:00:00,453.0478966030498
2012-09-21 08:00:00,747.8435408436733
2012-09-21 09:00:00,447.2419966747915
2012-09-21 10:00:00,248.1485683676765
2012-09-21 11:00:00,292.06896521813024
2012-09-21 12:00:00,351.5270830854308
2012-09-21 13:00:00,347.18618348253005
2012-09-21 14:00:00,319.2298257279569
2012-09-21 15:00:00,338.1298943993254
2012-09-21 16:00:00,422.1351932842124
2012-09-21 17:00:00,870.7458129555611
2012-09-21 18:00:00,809.0662322787651
2012-09-21 19:00:00,659.2499133941503
2012-09-21 20:00:00,387.6284780721743
2012-09-21 21:00:00,254.88797894444437
2012-09-21 22:00:00,203.43225543401653
2012-09-21 23:00:00,136.80598398712993
2012-09-22 00:00:00,89.03096770021943
2012-09-22 01:00:00,55.247184318965424
2012-09-22 02:00:00,37.593667293947426
2012-09-22 03:00:00,20.045453516886248
2012-09-22 04:00:00,11.727713027622176
2012-09-22 05:00:00,33.68292381055815
2012-09-22 06:00:00,130.37646757829017
2012-09-22 07:00:00,174.04755924826986
2012-09-22 08:00:00,285.0766596095377
2012-09-22 09:00:00,197.96809591483287
2012-09-22 10:00:00,434.4828030228399
2012-09-22 11:00:00,516.731251230099
2012-09-22 12:00:00,620.4073908766339
2012-09-22 13:00:00,604.1978746477032
2012-09-22 14:00:00,576.479285562102
2012-09-22 15:00:00,595.5677859622542
2012-09-22 16:00:00,741.7493249792359
2012-09-22 17:00:00,594.1344349365534
2012-09-22 18:00:00,557.1395908176654
2012-09-22 19:00:00,267.16357172061936
2012-09-22 20:00:00,411.72384227872556
2012-09-22 21:00:00,316.6500681015371
2012-09-22 22:00:00,252.72607128824612
2012-09-22 23:00:00,176.6443232488103
2012-09-23 00:00:00,101.37467074122041
2012-09-23 01:00:00,54.22741556558848
2012-09-23 02:00:00,37.44811584112502
2012-09-23 03:00:00,17.00029067953244
2012-09-23 04:00:00,10.10795918323677
2012-09-23 05:00:00,28.82253902591042
2012-09-23 06:00:00,110.67225327296548
2012-09-23 07:00:00,146.6810116446732
2012-09-23 08:00:00,238.14519607289387
2012-09-23 09:00:00,164.51011473866902
2012-09-23 10:00:00,376.341088955632
2012-09-23 11:00:00,437.6509316552165
2012-09-23 12:00:00,540.4986140938707
2012-09-23 13:00:00,599.9650497227952
2012-09-23 14:00:00,561.0628387174901
2012-09-23 15:00:00,591.3907191892805
2012-09-23 16:00:00,722.431247897588
2012-09-23 17:00:00,514.466299520621
2012-09-23 18:00:00,486.1519527630113
2012-09-23 19:00:00,226.53649404050643
2012-09-23 20:00:00,349.1249484703332
2012-09-23 21:00:00,250.27623529116056
2012-09-23 22:00:00,214.6403611742829
2012-09-23 23:00:00,132.95104374162185
2012-09-24 00:00:00,74.28126829480426
2012-09-24 01:00:00,46.76142727272048
2012-09-24 02:00:00,30.137951406718294
2012-09-24 03:00:00,16.93792328914882
2012-09-24 04:00:00,9.95007896273142
2012-09-24 05:00:00,29.440359573134405
2012-09-24 06:00:00,114.50198704353784
2012-09-24 07:00:00,378.7568704349381
2012-09-24 08:00:00,725.2434400359364
2012-09-24 09:00:00,433.3907729009318
2012-09-24 10:00:00,215.02775732922697
2012-09-24 11:00:00,259.25878423415355
2012-09-24 12:00:00,306.5660388755067
2012-09-24 13:00:00,342.7723593597085
2012-09-24 14:00:00,341.86649928575457
2012-09-24 15:00:00,353.75463294710676
2012-09-24 16:00:00,374.40292686848017
2012-09-24 17:00:00,819.0087271701335
2012-09-24 18:00:00,735.1194365799952
2012-09-24 19:00:00,594.8798372538703
2012-09-24 20:00:00,340.6309012498308
2012-09-24 21:00:00,262.17431311310276
2012-09-24 22:00:00,204.2525162084382
2012-09-24 23:00:00,121.55375462524123
2012-09-25 00:00:00,75.26599746259902
2012-09-25 01:00:00,47.230479437865554
2012-09-25 02:00:00,31.906431971468407
2012-09-25 03:00:00,17.26108117155043
2012-09-25 04:00:00,10.025910171709912
2012-09-25 05:00:00,28.79636355704978
2012-09-25 06:00:00,108.09860036638982
2012-09-25 07:00:00,374.34482119906573
2012-09-25 08:00:00,627.61977261214
2012-09-25 09:00:00,438.26922277554803
2012-09-25 10:00:00,213.87845314862523
2012-09-25 11:00:00,285.66975618303223
2012-09-25 12:00:00,344.74118139587205
2012-09-25 13:00:00,337.7807221976392
2012-09-25 14:00:00,319.6896640534055
2012-09-25 15:00:00,336.9784095626915
2012-09-25 16:00:00,417.67032214783785
2012-09-25 17:00:00,879.0213834606183
2012-09-25 18:00:00,821.3171611146332
2012-09-25 19:00:00,655.3904027466613
2012-09-25 20:00:00,377.5974556736295
2012-09-25 21:00:00,290.1465963519487
2012-09-25 22:00:00,229.90016487182533
2012-09-25 23:00:00,156.8634919826577
2012-09-26 00:00:00,84.82428546682212
2012-09-26 01:00:00,53.13898764377103
2012-09-26 02:00:00,34.16693094485403
2012-09-26 03:00:00,18.087610315302292
2012-09-26 04:00:00,11.14576806991892
2012-09-26 05:00:00,32.400337344542294
2012-09-26 06:00:00,125.91977736317705
2012-09-26 07:00:00,433.9684841497976
2012-09-26 08:00:00,701.190937007168
2012-09-26 09:00:00,490.28522752063964
2012-09-26 10:00:00,201.37895871600892
2012-09-26 11:00:00,278.31075327788676
2012-09-26 12:00:00,333.35111890371996
2012-09-26 13:00:00,329.23466868038395
2012-09-26 14:00:00,309.9683543953933
2012-09-26 15:00:00,323.5990053022096
2012-09-26 16:00:00,405.93582650909883
2012-09-26 17:00:00,844.0969568723535
2012-09-26 18:00:00,794.4049999694504
2012-09-26 19:00:00,655.9715907142513
2012-09-26 20:00:00,373.23435904181696
2012-09-26 21:00:00,289.568937349767
2012-09-26 22:00:00,143.13606436134552
2012-09-26 23:00:00,124.4890179009876
2012-09-27 00:00:00,85.50613176114315
2012-09-27 01:00:00,53.82595874143122
2012-09-27 02:00:00,36.65291065069849
2012-09-27 03:00:00,19.687066447545085
2012-09-27 04:00:00,10.977412322044042
2012-09-27 05:00:00,33.19080167001496
2012-09-27 06:00:00,125.01081824949736
2012-09-27 07:00:00,442.34574203717693
2012-09-27 08:00:00,835.2114200067781
2012-09-27 09:00:00,510.07925912416476
2012-09-27 10:00:00,229.03181815612336
2012-09-27 11:00:00,272.18716223907427
2012-09-27 12:00:00,326.9558592054786
2012-09-27 13:00:00,328.9654218192798
2012-09-27 14:00:00,305.6429412677861
2012-09-27 15:00:00,324.5254169352315
2012-09-27 16:00:00,375.1964384504779
2012-09-27 17:00:00,780.3090746595193
2012-09-27 18:00:00,734.3723080437522
2012-09-27 19:00:00,657.5990133649258
2012-09-27 20:00:00,355.2351182614811
2012-09-27 21:00:00,153.01208908289408
2012-09-27 22:00:00,120.94845836816307
2012-09-27 23:00:00,84.95139929812048
2012-09-28 00:00:00,53.222598453236884
2012-09-28 01:00:00,34.40574627269371
2012-09-28 02:00:00,22.323810989436275
2012-09-28 03:00:00,18.236196859445712
2012-09-28 04:00:00,7.163783095819744
2012-09-28 05:00:00,33.51834841430919
2012-09-28 06:00:00,117.5784455174147
2012-09-28 07:00:00,411.12637649428524
2012-09-28 08:00:00,726.4754697902049
2012-09-28 09:00:00,402.4960351761424
2012-09-28 10:00:00,197.37283955280657
2012-09-28 11:00:00,275.8056840411001
2012-09-28 12:00:00,325.8196756670392
2012-09-28 13:00:00,323.09924140818873
2012-09-28 14:00:00,301.4251324072692
2012-09-28 15:00:00,315.1882584095987
2012-09-28 16:00:00,400.84916834703654
2012-09-28 17:00:00,823.5208280911404
2012-09-28 18:00:00,782.539297826237
2012-09-28 19:00:00,428.0818357613609
2012-09-28 20:00:00,253.8815719381313
2012-09-28 21:00:00,194.144539385948
2012-09-28 22:00:00,201.57281722214398
2012-09-28 23:00:00,138.76975687709384
2012-09-29 00:00:00,94.65126730506921
2012-09-29 01:00:00,59.582805394806
2012-09-29 02:00:00,38.401387605039744
2012-09-29 03:00:00,20.028805464295104
2012-09-29 04:00:00,12.380246245445534
2012-09-29 05:00:00,35.962919219194
2012-09-29 06:00:00,137.19776880340672
2012-09-29 07:00:00,155.55161102412572
2012-09-29 08:00:00,292.66379170430554
2012-09-29 09:00:00,179.02749710547914
2012-09-29 10:00:00,401.70596585722114
2012-09-29 11:00:00,470.5225819893352
2012-09-29 12:00:00,647.9723262697772
2012-09-29 13:00:00,637.9382444377777
2012-09-29 14:00:00,606.1102569342763
2012-09-29 15:00:00,629.7268528822383
2012-09-29 16:00:00,785.0744499693925
2012-09-29 17:00:00,623.6331791723848
2012-09-29 18:00:00,519.3195332795515
2012-09-29 19:00:00,240.64334301308946
2012-09-29 20:00:00,369.08138530657254
2012-09-29 21:00:00,286.3560947308286
2012-09-29 22:00:00,224.01555990833714
2012-09-29 23:00:00,155.82551945128435
2012-09-30 00:00:00,89.00527279892326
2012-09-30 01:00:00,56.028661837112494
2012-09-30 02:00:00,33.05952391912189
2012-09-30 03:00:00,17.153754023539136
2012-09-30 04:00:00,10.035906863619596
2012-09-30 05:00:00,29.223122518262553
2012-09-30 06:00:00,110.94743901981346
2012-09-30 07:00:00,146.23335425258523
2012-09-30 08:00:00,241.06086120686052
2012-09-30 09:00:00,165.0503514932721
2012-09-30 10:00:00,377.83731199620814
2012-09-30 11:00:00,498.23744567275776
2012-09-30 12:00:00,591.1932877285338
2012-09-30 13:00:00,586.2735930288732
2012-09-30 14:00:00,550.9095562565859
2012-09-30 15:00:00,583.5052313159016
2012-09-30 16:00:00,728.4600134811784
2012-09-30 17:00:00,579.2724811688313
2012-09-30 18:00:00,437.0202855835306
2012-09-30 19:00:00,133.7184024034415
2012-09-30 20:00:00,206.07907148191896
2012-09-30 21:00:00,259.8326584363964
2012-09-30 22:00:00,177.96638560675294
2012-09-30 23:00:00,120.5513056087762
2012-10-20 00:00:00,84.64843153808077
2012-10-20 01:00:00,54.584365420317944
2012-10-20 02:00:00,37.051598530227686
2012-10-20 03:00:00,19.59992291039811
2012-10-20 04:00:00,11.81276489513432
2012-10-20 05:00:00,33.6328316626003
2012-10-20 06:00:00,132.49416242075054
2012-10-20 07:00:00,170.3376590539309
2012-10-20 08:00:00,281.6883893001253
2012-10-20 09:00:00,194.73348250359732
2012-10-20 10:00:00,435.70540812330114
2012-10-20 11:00:00,508.9491762237632
2012-10-20 12:00:00,627.5208873021421
2012-10-20 13:00:00,616.2982712244967
2012-10-20 14:00:00,599.0288882162763
2012-10-20 15:00:00,622.3695643594526
2012-10-20 16:00:00,743.3326891536328
2012-10-20 17:00:00,608.4628706143031
2012-10-20 18:00:00,556.0547845096029
2012-10-20 19:00:00,265.362673994482
2012-10-20 20:00:00,408.9386227411727
2012-10-20 21:00:00,270.77020774061776
2012-10-20 22:00:00,216.99026996313944
2012-10-20 23:00:00,149.74911532971078
2012-10-21 00:00:00,82.55037145836748
2012-10-21 01:00:00,51.18024429125456
2012-10-21 02:00:00,34.993547373015616
2012-10-21 03:00:00,16.97182376437772
2012-10-21 04:00:00,9.070078919547994
2012-10-21 05:00:00,28.725729592829925
2012-10-21 06:00:00,124.03210675280744
2012-10-21 07:00:00,163.07725113831287
2012-10-21 08:00:00,264.79057753937735
2012-10-21 09:00:00,156.82393569400742
2012-10-21 10:00:00,392.4407867981338
2012-10-21 11:00:00,459.6578752701899
2012-10-21 12:00:00,563.8172171059945
2012-10-21 13:00:00,562.2721843558016
2012-10-21 14:00:00,536.0600064775265
2012-10-21 15:00:00,548.9141971345402
2012-10-21 16:00:00,693.0739153611755
2012-10-21 17:00:00,542.9872622634228
2012-10-21 18:00:00,509.7908851776628
2012-10-21 19:00:00,242.6877602890982
2012-10-21 20:00:00,324.0833964725257
2012-10-21 21:00:00,247.27089207228417
2012-10-21 22:00:00,200.71876766802052
2012-10-21 23:00:00,137.38920974072568
2012-10-22 00:00:00,82.98111810812166
2012-10-22 01:00:00,51.11689252979822
2012-10-22 02:00:00,31.811585529189863
2012-10-22 03:00:00,18.830667449204782
2012-10-22 04:00:00,9.972071881254719
2012-10-22 05:00:00,27.757372848147746
2012-10-22 06:00:00,99.64762548561627
2012-10-22 07:00:00,377.4604769707846
2012-10-22 08:00:00,684.2094874486266
2012-10-22 09:00:00,403.9659250955743
2012-10-22 10:00:00,232.50671213377754
2012-10-22 11:00:00,277.9527583571319
2012-10-22 12:00:00,341.8848527878945
2012-10-22 13:00:00,375.0420076110524
2012-10-22 14:00:00,353.8436635459706
2012-10-22 15:00:00,368.80509977635796
2012-10-22 16:00:00,453.81780108875574
2012-10-22 17:00:00,962.0463759351171
2012-10-22 18:00:00,742.1108909318758
2012-10-22 19:00:00,618.1238071667118
2012-10-22 20:00:00,358.8189386688755
2012-10-22 21:00:00,237.19127243985884
2012-10-22 22:00:00,180.26691412950663
2012-10-22 23:00:00,124.49207285588807
2012-10-23 00:00:00,76.34608202837758
2012-10-23 01:00:00,49.34936723622466
2012-10-23 02:00:00,33.01827643175106
2012-10-23 03:00:00,17.948573652173973
2012-10-23 04:00:00,10.594693952770633
2012-10-23 05:00:00,30.599485606097527
2012-10-23 06:00:00,117.407620261633
2012-10-23 07:00:00,379.867857170947
2012-10-23 08:00:00,633.3499450760437
2012-10-23 09:00:00,428.45413914633224
2012-10-23 10:00:00,235.87427680961835
2012-10-23 11:00:00,314.5345133991291
2012-10-23 12:00:00,353.2335600109787
2012-10-23 13:00:00,354.54586286858665
2012-10-23 14:00:00,347.1798408628474
2012-10-23 15:00:00,359.8285858992863
2012-10-23 16:00:00,453.59128400646284
2012-10-23 17:00:00,973.233569116671
2012-10-23 18:00:00,870.0558439140602
2012-10-23 19:00:00,706.0868872120005
2012-10-23 20:00:00,359.3390586768396
2012-10-23 21:00:00,280.61860972361234
2012-10-23 22:00:00,218.09541486030554
2012-10-23 23:00:00,148.69807946591854
2012-10-24 00:00:00,92.35439507712682
2012-10-24 01:00:00,59.700341634382916
2012-10-24 02:00:00,40.65308521958395
2012-10-24 03:00:00,20.582427110071027
2012-10-24 04:00:00,12.041872654840253
2012-10-24 05:00:00,34.922798547483836
2012-10-24 06:00:00,115.71884152940699
2012-10-24 07:00:00,450.3779406087504
2012-10-24 08:00:00,700.5023560430673
2012-10-24 09:00:00,424.3807958749025
2012-10-24 10:00:00,215.18640753811292
2012-10-24 11:00:00,272.3465882615226
2012-10-24 12:00:00,366.44225722069973
2012-10-24 13:00:00,370.75621793125015
2012-10-24 14:00:00,348.4554078720297
2012-10-24 15:00:00,370.14898571360914
2012-10-24 16:00:00,458.5704524786491
2012-10-24 17:00:00,967.1837427346911
2012-10-24 18:00:00,905.8410447986927
2012-10-24 19:00:00,671.0665951749716
2012-10-24 20:00:00,388.60501519944944
2012-10-24 21:00:00,297.88567041459135
2012-10-24 22:00:00,232.96582376491818
2012-10-24 23:00:00,140.8587820484779
2012-10-25 00:00:00,100.87373073372228
2012-10-25 01:00:00,60.173962731101454
2012-10-25 02:00:00,40.42383875859548
2012-10-25 03:00:00,18.87855557864679
2012-10-25 04:00:00,11.098406476761403
2012-10-25 05:00:00,31.798736893333544
2012-10-25 06:00:00,121.89992223479862
2012-10-25 07:00:00,420.1010228761459
2012-10-25 08:00:00,704.9643043513454
2012-10-25 09:00:00,417.9253535937433
2012-10-25 10:00:00,208.86922170372452
2012-10-25 11:00:00,245.64931642913407
2012-10-25 12:00:00,296.3685469540125
2012-10-25 13:00:00,296.75552769952105
2012-10-25 14:00:00,289.8656304762059
2012-10-25 15:00:00,354.4659832408301
2012-10-25 16:00:00,378.6873380181197
2012-10-25 17:00:00,795.0590710554732
2012-10-25 18:00:00,733.5137311752362
2012-10-25 19:00:00,594.793070992371
2012-10-25 20:00:00,322.98418960537464
2012-10-25 21:00:00,248.18165981100032
2012-10-25 22:00:00,202.50950605846998
2012-10-25 23:00:00,138.17677069343856
2012-10-26 00:00:00,89.98691479549299
2012-10-26 01:00:00,53.69627411750718
2012-10-26 02:00:00,36.476539965169735
2012-10-26 03:00:00,19.124627768628276
2012-10-26 04:00:00,11.18897839061745
2012-10-26 05:00:00,32.6837149008418
2012-10-26 06:00:00,126.20210606347227
2012-10-26 07:00:00,433.8800714300955
2012-10-26 08:00:00,721.4378490417043
2012-10-26 09:00:00,429.75895438359106
2012-10-26 10:00:00,211.08974081857815
2012-10-26 11:00:00,249.6420833403678
2012-10-26 12:00:00,299.72868403077644
2012-10-26 13:00:00,301.56002684500663
2012-10-26 14:00:00,324.4403903956196
2012-10-26 15:00:00,343.1657498030373
2012-10-26 16:00:00,362.2667325489996
2012-10-26 17:00:00,754.540936468587
2012-10-26 18:00:00,705.0083553660457
2012-10-26 19:00:00,570.3130880050892
2012-10-26 20:00:00,335.32427888239124
2012-10-26 21:00:00,262.6804610724117
2012-10-26 22:00:00,202.11445339578344
2012-10-26 23:00:00,147.4686945819707
2012-10-27 00:00:00,94.97904929820298
2012-10-27 01:00:00,56.0466519299651
2012-10-27 02:00:00,37.79814618098744
2012-10-27 03:00:00,21.449284097508613
2012-10-27 04:00:00,11.763527907276078
2012-10-27 05:00:00,34.36063485024351
2012-10-27 06:00:00,132.35768372991205
2012-10-27 07:00:00,162.02692144918237
2012-10-27 08:00:00,307.0465196888915
2012-10-27 09:00:00,182.90694260621032
2012-10-27 10:00:00,409.4272090904289
2012-10-27 11:00:00,487.7280765211616
2012-10-27 12:00:00,677.4874925327789
2012-10-27 13:00:00,683.2478885637233
2012-10-27 14:00:00,637.414326259968
2012-10-27 15:00:00,534.8972157642622
2012-10-27 16:00:00,658.1955575284485
2012-10-27 17:00:00,527.2086303022405
2012-10-27 18:00:00,490.21778974859467
2012-10-27 19:00:00,228.81010122111923
2012-10-27 20:00:00,352.6289004191585
2012-10-27 21:00:00,270.9607114524172
2012-10-27 22:00:00,213.15056914687435
2012-10-27 23:00:00,144.7283833556996
2012-10-28 00:00:00,55.45656618527296
2012-10-28 01:00:00,51.87489895747934
2012-10-28 02:00:00,35.58022435342097
2012-10-28 03:00:00,18.971858420200263
2012-10-28 04:00:00,11.046199925023311
2012-10-28 05:00:00,32.26664995527254
2012-10-28 06:00:00,124.88846938169694
2012-10-28 07:00:00,164.99966134957887
2012-10-28 08:00:00,261.3027147780436
2012-10-28 09:00:00,160.6167422866324
2012-10-28 10:00:00,313.418680638433
2012-10-28 11:00:00,421.3222591659985
2012-10-28 12:00:00,425.5089940870436
2012-10-28 13:00:00,424.00795308750054
2012-10-28 14:00:00,453.2115216104452
2012-10-28 15:00:00,466.3526062525248
2012-10-28 16:00:00,338.4286600575668
2012-10-28 17:00:00,263.1543815166866
2012-10-28 18:00:00,237.9397426897713
2012-10-28 19:00:00,115.56788391080809
2012-10-28 20:00:00,175.11983729265074
2012-10-28 21:00:00,136.9552594963677
2012-10-28 22:00:00,109.30730216574759
2012-10-28 23:00:00,74.34882998283298
2012-10-29 00:00:00,45.882741228148895
2012-10-30 13:00:00,129.85761410136348
2012-10-30 14:00:00,122.02459979738146
2012-10-30 15:00:00,127.49390878196296
2012-10-30 16:00:00,158.40029274691724
2012-10-30 17:00:00,334.1711956681147
2012-10-30 18:00:00,341.4774541264299
2012-10-30 19:00:00,561.7698453113437
2012-10-30 20:00:00,227.4952956048425
2012-10-30 21:00:00,188.58222995014955
2012-10-30 22:00:00,161.21042018431828
2012-10-30 23:00:00,110.7960720284455
2012-10-31 00:00:00,64.39979925944762
2012-10-31 01:00:00,40.637430336425474
2012-10-31 02:00:00,27.584677617878576
2012-10-31 03:00:00,14.614061985403797
2012-10-31 04:00:00,7.699857016759465
2012-10-31 05:00:00,24.716427044759598
2012-10-31 06:00:00,101.0752629172144
2012-10-31 07:00:00,323.408237985881
2012-10-31 08:00:00,572.8838643371982
2012-10-31 09:00:00,345.3981597445645
2012-10-31 10:00:00,166.80229659501404
2012-10-31 11:00:00,186.26563377791513
2012-10-31 12:00:00,284.87546667453375
2012-10-31 13:00:00,283.39009238948535
2012-10-31 14:00:00,249.62724120437528
2012-10-31 15:00:00,278.68628696269195
2012-10-31 16:00:00,321.45013811811305
2012-10-31 17:00:00,677.643303764642
2012-10-31 18:00:00,630.0974292074798
2012-10-31 19:00:00,523.8055657071772
2012-10-31 20:00:00,307.9794717840574
2012-10-31 21:00:00,236.65200636746766
2012-10-31 22:00:00,169.43171453799448
2012-10-31 23:00:00,116.81876252038182
2012-11-20 00:00:00,66.86979420229201
2012-11-20 01:00:00,42.53380589405097
2012-11-20 02:00:00,26.677016960489915
2012-11-20 03:00:00,14.201234061170263
2012-11-20 04:00:00,8.321991542502817
2012-11-20 05:00:00,24.30906464261831
2012-11-20 06:00:00,92.07195431942164
2012-11-20 07:00:00,338.5057033644362
2012-11-20 08:00:00,561.2331677017947
2012-11-20 09:00:00,316.4079730626392
2012-11-20 10:00:00,181.88090665254325
2012-11-20 11:00:00,211.51118116726644
2012-11-20 12:00:00,256.8471597086722
2012-11-20 13:00:00,257.359195268827
2012-11-20 14:00:00,237.7798981877597
2012-11-20 15:00:00,249.62819113387857
2012-11-20 16:00:00,308.1843612299388
2012-11-20 17:00:00,628.1043013739561
2012-11-20 18:00:00,598.2859716717678
2012-11-20 19:00:00,491.44132143919137
2012-11-20 20:00:00,260.91562643086263
2012-11-20 21:00:00,200.91973341086478
2012-11-20 22:00:00,158.8170722812719
2012-11-20 23:00:00,106.05161509314838
2012-11-21 00:00:00,66.2895717131596
2012-11-21 01:00:00,41.36345431907358
2012-11-21 02:00:00,25.84003165335716
2012-11-21 03:00:00,13.679438280112612
2012-11-21 04:00:00,8.003237561728678
2012-11-21 05:00:00,23.153189101638617
2012-11-21 06:00:00,96.83562447814644
2012-11-21 07:00:00,308.1032775112574
2012-11-21 08:00:00,523.6935940267657
2012-11-21 09:00:00,334.1040580687588
2012-11-21 10:00:00,169.30718947112996
2012-11-21 11:00:00,233.02091263313778
2012-11-21 12:00:00,282.70062827486976
2012-11-21 13:00:00,281.0091152974262
2012-11-21 14:00:00,265.5448038705313
2012-11-21 15:00:00,280.5923877410756
2012-11-21 16:00:00,350.01949791603204
2012-11-21 17:00:00,724.9576142814683
2012-11-21 18:00:00,681.1629525152646
2012-11-21 19:00:00,498.7528962891011
2012-11-21 20:00:00,266.6025378093444
2012-11-21 21:00:00,212.21493607194716
2012-11-21 22:00:00,168.83505886615814
2012-11-21 23:00:00,113.1887001668121
2012-11-22 00:00:00,71.37897417573164
2012-11-22 01:00:00,45.407950326132735
2012-11-22 02:00:00,25.80753582009469
2012-11-22 03:00:00,13.629331407042523
2012-11-22 04:00:00,7.904451819294804
2012-11-22 05:00:00,23.068380509083298
2012-11-22 06:00:00,97.51180198706983
2012-11-22 07:00:00,117.21724934824222
2012-11-22 08:00:00,192.6318468198178
2012-11-22 09:00:00,138.80556886839912
2012-11-22 10:00:00,304.8633236211214
2012-11-22 11:00:00,434.6773771583377
2012-11-22 12:00:00,533.3530290641537
2012-11-22 13:00:00,528.0364380842996
2012-11-22 14:00:00,496.55598668815713
2012-11-22 15:00:00,519.6432047883961
2012-11-22 16:00:00,642.0317010024617
2012-11-22 17:00:00,513.863839379544
2012-11-22 18:00:00,472.5114575008856
2012-11-22 19:00:00,175.9465664558332
2012-11-22 20:00:00,275.5608616981278
2012-11-22 21:00:00,214.64385666665052
2012-11-22 22:00:00,172.14339803798117
2012-11-22 23:00:00,116.24623176440262
2012-11-23 00:00:00,72.13210528388296
2012-11-23 01:00:00,43.23790863885116
2012-11-23 02:00:00,27.578149735409113
2012-11-23 03:00:00,16.238811175950772
2012-11-23 04:00:00,7.891008552075635
2012-11-23 05:00:00,22.700093735850018
2012-11-23 06:00:00,87.4411034727346
2012-11-23 07:00:00,301.34635311381913
2012-11-23 08:00:00,486.97747269016435
2012-11-23 09:00:00,321.65591641237273
2012-11-23 10:00:00,173.04050350472158
2012-11-23 11:00:00,241.03159235615152
2012-11-23 12:00:00,291.70671567163527
2012-11-23 13:00:00,284.65064489121806
2012-11-23 14:00:00,307.44424238925956
2012-11-23 15:00:00,278.1170165601795
2012-11-23 16:00:00,331.8238537364439
2012-11-23 17:00:00,701.7208693790277
2012-11-23 18:00:00,656.7611548196816
2012-11-23 19:00:00,520.2637482290407
2012-11-23 20:00:00,335.09184932459544
2012-11-23 21:00:00,247.14169352092154
2012-11-23 22:00:00,194.23498181891293
2012-11-23 23:00:00,134.04202297267256
2012-11-24 00:00:00,87.58510097791272
2012-11-24 01:00:00,43.01432319166188
2012-11-24 02:00:00,29.0563536858136
2012-11-24 03:00:00,16.014413521637344
2012-11-24 04:00:00,9.347583978742664
2012-11-24 05:00:00,27.45804493605341
2012-11-24 06:00:00,97.55661917575529
2012-11-24 07:00:00,130.35995258667097
2012-11-24 08:00:00,209.81037417386923
2012-11-24 09:00:00,126.19339667389575
2012-11-24 10:00:00,282.37568548635045
2012-11-24 11:00:00,330.20895149558953
2012-11-24 12:00:00,380.2190143630246
2012-11-24 13:00:00,449.1809438872027
2012-11-24 14:00:00,384.06935088252754
2012-11-24 15:00:00,400.66078845973715
2012-11-24 16:00:00,500.6350205788632
2012-11-24 17:00:00,403.6111874248531
2012-11-24 18:00:00,378.0125363518023
2012-11-24 19:00:00,181.5482078446472
2012-11-24 20:00:00,255.99925925956222
2012-11-24 21:00:00,198.7732026922524
2012-11-24 22:00:00,155.6096621671203
2012-11-24 23:00:00,107.98506194600509
2012-11-25 00:00:00,60.01748738935483
2012-11-25 01:00:00,38.26819978242575
2012-11-25 02:00:00,22.100281212058633
2012-11-25 03:00:00,14.063330291479248
2012-11-25 04:00:00,8.227835889679298
2012-11-25 05:00:00,21.835232203941256
2012-11-25 06:00:00,84.5836989964773
2012-11-25 07:00:00,110.14480063349723
2012-11-25 08:00:00,179.85406246631626
2012-11-25 09:00:00,107.3943084580104
2012-11-25 10:00:00,251.86049338330636
2012-11-25 11:00:00,304.9333719479641
2012-11-25 12:00:00,364.96320116099383
2012-11-25 13:00:00,362.7998724567227
2012-11-25 14:00:00,332.4985293228518
2012-11-25 15:00:00,371.1926920940602
2012-11-25 16:00:00,466.763439781594
2012-11-25 17:00:00,377.2210391522438
2012-11-25 18:00:00,349.639910930272
2012-11-25 19:00:00,184.6701171740178
2012-11-25 20:00:00,230.57187426404832
2012-11-25 21:00:00,215.03510751099108
2012-11-25 22:00:00,140.0455596372622
2012-11-25 23:00:00,93.58700037651472
2012-11-26 00:00:00,57.75994654701557
2012-11-26 01:00:00,36.507011709512874
2012-11-26 02:00:00,24.859533756577903
2012-11-26 03:00:00,13.160373108571722
2012-11-26 04:00:00,7.668504171419812
2012-11-26 05:00:00,21.867138784696
2012-11-26 06:00:00,85.4562335868377
2012-11-26 07:00:00,296.14839414235286
2012-11-26 08:00:00,488.65340856715466
2012-11-26 09:00:00,345.7066999921074
2012-11-26 10:00:00,172.25945195496442
2012-11-26 11:00:00,231.22587697844384
2012-11-26 12:00:00,285.79284323888834
2012-11-26 13:00:00,281.3672394595307
2012-11-26 14:00:00,268.904474174103
2012-11-26 15:00:00,277.3561131731949
2012-11-26 16:00:00,352.4215116778868
2012-11-26 17:00:00,739.3612167038586
2012-11-26 18:00:00,550.4512891624022
2012-11-26 19:00:00,457.9950671234202
2012-11-26 20:00:00,271.8907269093071
2012-11-26 21:00:00,208.92134681272452
2012-11-26 22:00:00,161.0892629237749
2012-11-26 23:00:00,101.23247538429409
2012-11-27 00:00:00,63.75010321112298
2012-11-27 01:00:00,39.459524052691954
2012-11-27 02:00:00,26.848626700972655
2012-11-27 03:00:00,9.5425813572486
2012-11-27 04:00:00,5.011867451564581
2012-11-27 05:00:00,21.509044964813498
2012-11-27 06:00:00,90.613754254349
2012-11-27 07:00:00,210.50770397441042
2012-11-27 08:00:00,344.26390157695073
2012-11-27 09:00:00,305.9439334077376
2012-11-27 10:00:00,99.76331006263051
2012-11-27 11:00:00,105.32808437043509
2012-11-27 12:00:00,124.75155814620864
2012-11-27 13:00:00,125.01414218629903
2012-11-27 14:00:00,115.97104754165827
2012-11-27 15:00:00,187.26265715259976
2012-11-27 16:00:00,232.65785790806254
2012-11-27 17:00:00,481.4365099324668
2012-11-27 18:00:00,478.7660761937444
2012-11-27 19:00:00,400.5479011875292
2012-11-27 20:00:00,235.14475967088242
2012-11-27 21:00:00,165.45748777642015
2012-11-27 22:00:00,132.26080320432493
2012-11-27 23:00:00,91.42798120901327
2012-11-28 00:00:00,57.472095274135654
2012-11-28 01:00:00,36.20590057459406
2012-11-28 02:00:00,24.654491435323088
2012-11-28 03:00:00,13.209874430353771
2012-11-28 04:00:00,7.766003491755245
2012-11-28 05:00:00,22.593503038885345
2012-11-28 06:00:00,87.16791155139622
2012-11-28 07:00:00,308.47342224342805
2012-11-28 08:00:00,492.84601843608164
2012-11-28 09:00:00,325.2631908121895
2012-11-28 10:00:00,174.56829007598122
2012-11-28 11:00:00,204.31399514485724
2012-11-28 12:00:00,238.51134230250963
2012-11-28 13:00:00,240.3540589204747
2012-11-28 14:00:00,223.1402290732667
2012-11-28 15:00:00,236.90669025498678
2012-11-28 16:00:00,300.0754222735903
2012-11-28 17:00:00,639.2191943661219
2012-11-28 18:00:00,582.0949229562568
2012-11-28 19:00:00,480.81215503082893
2012-11-28 20:00:00,282.92645586714804
2012-11-28 21:00:00,216.5437632515683
2012-11-28 22:00:00,156.39570843372059
2012-11-28 23:00:00,107.2311794787875
2012-11-29 00:00:00,61.26809262321778
2012-11-29 01:00:00,37.83249697809818
2012-11-29 02:00:00,26.032988591692096
2012-11-29 04:00:00,7.833857117173048
2012-11-29 05:00:00,23.140320814939418
2012-11-29 06:00:00,88.77738874252117
2012-11-29 07:00:00,310.91028084214474
2012-11-29 08:00:00,502.4308387712801
2012-11-29 09:00:00,306.06451503980395
2012-11-29 10:00:00,171.79275157550097
2012-11-29 11:00:00,207.92078833709783
2012-11-29 12:00:00,249.46030633012344
2012-11-29 13:00:00,268.8644264991187
2012-11-29 14:00:00,226.91922204458248
2012-11-29 15:00:00,236.14516543271523
2012-11-29 16:00:00,297.17434262327464
2012-11-29 17:00:00,631.0204959522304
2012-11-29 18:00:00,577.8892213784511
2012-11-29 19:00:00,433.6947216112941
2012-11-29 20:00:00,277.5360271245939
2012-11-29 21:00:00,192.5286698547939
2012-11-29 22:00:00,150.84037529233976
2012-11-29 23:00:00,115.95195243408992
2012-11-30 00:00:00,64.85744787808686
2012-11-30 01:00:00,37.959263793523775
2012-11-30 02:00:00,25.70293834732498
2012-11-30 03:00:00,13.606862540127398
2012-11-30 04:00:00,7.9932252563017885
2012-11-30 05:00:00,22.94006967080872
2012-11-30 06:00:00,87.09832640817562
2012-11-30 07:00:00,303.30392748725137
2012-11-30 08:00:00,464.25287091041594
2012-11-30 09:00:00,298.59373114937193
2012-11-30 10:00:00,164.98086303926874
2012-11-30 11:00:00,195.10218777248673
2012-11-30 12:00:00,257.49355146104966
2012-11-30 13:00:00,274.0418361156053
2012-11-30 14:00:00,260.0115913667981
2012-11-30 15:00:00,272.31133464859033
2012-11-30 16:00:00,356.31825364505323
2012-11-30 17:00:00,623.020320783861
2012-11-30 18:00:00,543.5201087372941
2012-11-30 19:00:00,471.3123252952387
2012-11-30 20:00:00,277.1152704224779
2012-11-30 21:00:00,207.04455302802256
2012-11-30 22:00:00,165.37914028961205
2012-11-30 23:00:00,105.43796069447131
2012-12-20 00:00:00,67.94342731025831
2012-12-20 01:00:00,43.011727165836696
2012-12-20 02:00:00,29.28893473713749
2012-12-20 03:00:00,14.30370316563953
2012-12-20 04:00:00,8.368467484040679
2012-12-20 05:00:00,24.151484681382936
2012-12-20 06:00:00,95.37812234458055
2012-12-20 07:00:00,324.7668260558029
2012-12-20 08:00:00,535.874648252933
2012-12-20 09:00:00,319.2193600873057
2012-12-20 10:00:00,157.55018935886042
2012-12-20 11:00:00,182.47093595504737
2012-12-20 12:00:00,220.84828165398048
2012-12-20 13:00:00,214.30872421612528
2012-12-20 14:00:00,203.33013921915278
2012-12-20 15:00:00,211.6038008862977
2012-12-20 16:00:00,261.84697849815916
2012-12-20 17:00:00,540.1312052396439
2012-12-20 18:00:00,496.22473370955805
2012-12-20 19:00:00,271.2392852766952
2012-12-20 20:00:00,159.22532140782533
2012-12-20 21:00:00,122.34903695817472
2012-12-20 22:00:00,93.73038664479608
2012-12-20 23:00:00,74.65659237018367
2012-12-21 00:00:00,46.03336790412079
2012-12-21 01:00:00,28.444829705709413
2012-12-21 02:00:00,19.014816671920116
2012-12-21 03:00:00,10.066241967524586
2012-12-21 04:00:00,7.961763786061334
2012-12-21 05:00:00,23.127924951356604
2012-12-21 06:00:00,83.84154890614401
2012-12-21 07:00:00,331.90118133787803
2012-12-21 08:00:00,541.9630062553207
2012-12-21 09:00:00,294.9449920458138
2012-12-21 10:00:00,156.53865051557457
2012-12-21 11:00:00,172.99927246977498
2012-12-21 12:00:00,210.58174317736174
2012-12-21 13:00:00,205.32745732514135
2012-12-21 14:00:00,192.0107543205689
2012-12-21 15:00:00,202.25003786263375
2012-12-21 16:00:00,255.5568191555459
2012-12-21 17:00:00,521.326080907168
2012-12-21 18:00:00,487.09924565269966
2012-12-21 19:00:00,433.6724051647495
2012-12-21 20:00:00,258.2789748738669
2012-12-21 21:00:00,195.62018607583155
2012-12-21 22:00:00,156.51052391376763
2012-12-21 23:00:00,107.3907860314486
2012-12-22 00:00:00,66.64945796378959
2012-12-22 01:00:00,42.877561842428825
2012-12-22 02:00:00,28.847202168346723
2012-12-22 03:00:00,15.308761765922814
2012-12-22 04:00:00,9.219067814174723
2012-12-22 05:00:00,25.93089202803909
2012-12-22 06:00:00,100.85266301337484
2012-12-22 07:00:00,132.60094893798546
2012-12-22 08:00:00,212.89721453475158
2012-12-22 09:00:00,129.71096168500853
2012-12-22 10:00:00,289.3164266485234
2012-12-22 11:00:00,339.9555619397886
2012-12-22 12:00:00,392.38676495535094
2012-12-22 13:00:00,396.366513031103
2012-12-22 14:00:00,371.56065422311787
2012-12-22 15:00:00,385.7252547112772
2012-12-22 16:00:00,482.73708368233713
2012-12-22 17:00:00,395.8179009799317
2012-12-22 18:00:00,360.17482373418096
2012-12-22 19:00:00,158.38990746081524
2012-12-22 20:00:00,249.85234502550662
2012-12-22 21:00:00,188.4799955524117
2012-12-22 22:00:00,148.98407721858192
2012-12-22 23:00:00,103.466989968255
2012-12-23 00:00:00,58.20132609901857
2012-12-23 01:00:00,37.02184856569858
2012-12-23 02:00:00,25.19149200336432
2012-12-23 03:00:00,13.400794921314805
2012-12-23 04:00:00,7.916075714183596
2012-12-23 05:00:00,22.899386772830297
2012-12-23 06:00:00,73.9823793309366
2012-12-23 07:00:00,97.27193522565874
2012-12-23 08:00:00,159.4872895394153
2012-12-23 09:00:00,110.84136332949784
2012-12-23 10:00:00,238.4430665874609
2012-12-23 11:00:00,287.26134743577086
2012-12-23 12:00:00,377.2355559409627
2012-12-23 13:00:00,403.2356796575158
2012-12-23 14:00:00,381.64512266154566
2012-12-23 15:00:00,403.9048716685484
2012-12-23 16:00:00,496.9924225060422
2012-12-23 17:00:00,385.52279842330825
2012-12-23 18:00:00,365.1737799029924
2012-12-23 19:00:00,178.06807383307677
2012-12-23 20:00:00,261.7605814467383
2012-12-23 21:00:00,168.5374556715565
2012-12-23 22:00:00,135.2704498051457
2012-12-23 23:00:00,93.79012520403599
2012-12-24 00:00:00,56.28378570936645
2012-12-24 01:00:00,35.43054357629861
2012-12-24 02:00:00,23.876826072153612
2012-12-24 03:00:00,12.640138098924272
2012-12-24 05:00:00,18.160720530553476
2012-12-24 06:00:00,82.41046268711764
2012-12-24 07:00:00,288.1413352462163
2012-12-24 08:00:00,473.52414309523516
2012-12-24 09:00:00,263.5650838870987
2012-12-24 10:00:00,153.25949581295197
2012-12-24 11:00:00,164.54835953441088
2012-12-24 12:00:00,216.23711649396918
2012-12-24 13:00:00,114.6946118998322
2012-12-24 14:00:00,106.2307108107661
2012-12-24 15:00:00,109.93019043262292
2012-12-24 16:00:00,136.57887276819696
2012-12-24 17:00:00,284.230131040293
2012-12-24 18:00:00,265.7699834249529
2012-12-24 19:00:00,324.37618401559644
2012-12-24 20:00:00,127.94482752521421
2012-12-24 21:00:00,98.62480863165109
2012-12-24 22:00:00,116.95380932744274
2012-12-24 23:00:00,53.922216721203526
2012-12-25 00:00:00,34.62350290604408
2012-12-25 01:00:00,35.45299236274346
2012-12-25 02:00:00,24.141796853333314
2012-12-25 04:00:00,6.951934461678526
2012-12-25 05:00:00,19.84073912898338
2012-12-25 06:00:00,76.42682639733187
2012-12-25 07:00:00,100.00083808077622
2012-12-25 08:00:00,169.1473852258813
2012-12-25 09:00:00,101.58109692775928
2012-12-25 10:00:00,282.9043408076166
2012-12-25 11:00:00,331.10206427094664
2012-12-25 12:00:00,393.7363743245445
2012-12-25 13:00:00,462.3814775622135
2012-12-25 14:00:00,402.8728125368364
2012-12-25 15:00:00,395.17906465158495
2012-12-25 16:00:00,460.2436595212129
2012-12-25 17:00:00,365.4421117326171
2012-12-25 18:00:00,332.51848732509376
2012-12-25 19:00:00,158.79668937806315
2012-12-25 20:00:00,242.37525874422087
2012-12-25 21:00:00,174.8760586257634
2012-12-25 22:00:00,148.648694958131
2012-12-25 23:00:00,94.4728344438735
2012-12-26 00:00:00,56.904522864294506
2012-12-26 01:00:00,35.997242116704726
2012-12-26 02:00:00,24.512404977555203
2012-12-26 03:00:00,11.711831189256522
2012-12-26 04:00:00,6.355610102298383
2012-12-26 05:00:00,20.11203054546509
2012-12-26 06:00:00,78.22395442753633
2012-12-26 07:00:00,148.65444823861324
2012-12-26 08:00:00,245.28413547821225
2012-12-26 09:00:00,146.11522493589888
2012-12-26 10:00:00,71.77028842491278
2012-12-26 11:00:00,82.13078568510751
2012-12-26 12:00:00,99.40814325908872
2012-12-26 13:00:00,97.86877282027542
2012-12-26 14:00:00,105.77534814571953
2012-12-26 15:00:00,119.71895727198681
2012-12-26 16:00:00,148.74057953364155
2012-12-26 17:00:00,307.80465299765575
2012-12-26 18:00:00,286.6526801366492
2012-12-26 19:00:00,240.4057150998772
2012-12-26 20:00:00,149.45719571241608
2012-12-26 21:00:00,159.83976882892753
2012-12-26 22:00:00,66.03829444753188
2012-12-26 23:00:00,58.96433262078131
2012-12-27 00:00:00,36.97001121462967
2012-12-27 01:00:00,17.913556247392183
2012-12-27 02:00:00,18.448000237028573
2012-12-27 03:00:00,11.627258104344856
2012-12-27 04:00:00,6.715785890777212
2012-12-27 05:00:00,21.730974843136423
2012-12-27 06:00:00,70.25209852492097
2012-12-27 07:00:00,290.33810406954444
2012-12-27 08:00:00,516.4921508757363
2012-12-27 09:00:00,305.94602836809577
2012-12-27 10:00:00,149.66025059783342
2012-12-27 11:00:00,165.5269036177705
2012-12-27 12:00:00,212.68406254647783
2012-12-27 13:00:00,209.39057422693986
2012-12-27 14:00:00,182.5548544518465
2012-12-27 15:00:00,193.36305283231948
2012-12-27 16:00:00,247.0818062613488
2012-12-27 17:00:00,518.7515177797065
2012-12-27 18:00:00,438.5093295082882
2012-12-27 19:00:00,383.0095568727461
2012-12-27 20:00:00,227.7358535553965
2012-12-27 21:00:00,162.33489032415216
2012-12-27 22:00:00,128.2187760216472
2012-12-27 23:00:00,88.18967018804679
2012-12-28 00:00:00,55.97389059215336
2012-12-28 01:00:00,37.55893210490779
2012-12-28 02:00:00,25.3299342104693
2012-12-28 03:00:00,12.701994665890755
2012-12-28 04:00:00,7.473062725562534
2012-12-28 05:00:00,21.67159859219822
2012-12-28 06:00:00,86.52130204056697
2012-12-28 07:00:00,302.75998998539814
2012-12-28 08:00:00,473.20112517804847
2012-12-28 09:00:00,277.3960000378693
2012-12-28 10:00:00,148.55573335266413
2012-12-28 11:00:00,174.98098825037687
2012-12-28 12:00:00,230.88264659399803
2012-12-28 13:00:00,227.30734673073172
2012-12-28 14:00:00,213.59616228719025
2012-12-28 15:00:00,227.51121560487408
2012-12-28 16:00:00,296.25772110436486
2012-12-28 17:00:00,520.0048133259456
2012-12-28 18:00:00,483.51941830151094
2012-12-28 19:00:00,364.8933226645311
2012-12-28 20:00:00,215.9167161445769
2012-12-28 21:00:00,163.80209809009455
2012-12-28 22:00:00,129.88801266904713
2012-12-28 23:00:00,90.34991408259903
2012-12-29 00:00:00,58.75591503641138
2012-12-29 01:00:00,36.018147706050435
2012-12-29 02:00:00,25.18620898493592
2012-12-29 03:00:00,13.173786102219525
2012-12-29 04:00:00,7.596450911549355
2012-12-29 05:00:00,21.976364327541866
2012-12-29 06:00:00,93.04728384007875
2012-12-29 07:00:00,121.74988006311531
2012-12-29 08:00:00,199.93955393066773
2012-12-29 09:00:00,119.10355653131009
2012-12-29 10:00:00,172.70640390960887
2012-12-29 11:00:00,181.70684723566256
2012-12-29 12:00:00,216.96733020696345
2012-12-29 13:00:00,213.6075139649645
2012-12-29 14:00:00,304.2764615807208
2012-12-29 15:00:00,323.07451678246184
2012-12-29 16:00:00,471.76188431810556
2012-12-29 17:00:00,374.255748164762
2012-12-29 18:00:00,350.5049054263011
2012-12-29 19:00:00,158.0396845877053
2012-12-29 20:00:00,234.88589734766538
2012-12-29 21:00:00,182.2389612414462
2012-12-29 22:00:00,143.36010462367784
2012-12-29 23:00:00,106.18894268218001
2012-12-30 00:00:00,57.976518011719925
2012-12-30 01:00:00,35.65492230309201
2012-12-30 02:00:00,24.71269710072099
2012-12-30 03:00:00,12.853204321392191
2012-12-30 04:00:00,7.697010351164366
2012-12-30 05:00:00,22.61046897709552
2012-12-30 06:00:00,67.69049338947409
2012-12-30 07:00:00,109.46031077963264
2012-12-30 08:00:00,155.52581733952937
2012-12-30 09:00:00,108.10722629313196
2012-12-30 10:00:00,258.7023910387888
2012-12-30 11:00:00,309.6855329981962
2012-12-30 12:00:00,365.3020108406828
2012-12-30 13:00:00,352.45978110091
2012-12-30 14:00:00,340.3841786731221
2012-12-30 15:00:00,363.75532722196255
2012-12-30 16:00:00,447.2519355730056
2012-12-30 17:00:00,362.31692179414176
2012-12-30 18:00:00,290.58584630410166
2012-12-30 19:00:00,168.73309569741318
2012-12-30 20:00:00,194.5808118078123
2012-12-30 21:00:00,175.3194238902646
2012-12-30 22:00:00,118.4800230019258
2012-12-30 23:00:00,81.8195092102807
2012-12-31 00:00:00,49.93578958340121
2012-12-31 01:00:00,31.434491240292413
2012-12-31 02:00:00,21.389006049383713
2012-12-31 03:00:00,11.386931449630957
2012-12-31 04:00:00,6.529866499724882
2012-12-31 05:00:00,18.92139506377066
2012-12-31 06:00:00,72.94053459034114
2012-12-31 07:00:00,251.5739753355351
2012-12-31 08:00:00,413.4770827445001
2012-12-31 09:00:00,267.4370471778883
2012-12-31 10:00:00,128.54272526301867
2012-12-31 11:00:00,151.6495300545034
2012-12-31 12:00:00,183.25976451112544
2012-12-31 13:00:00,201.50582077442215
2012-12-31 14:00:00,186.32504256603033
2012-12-31 15:00:00,197.03299772512653
2012-12-31 16:00:00,242.65809755532746
2012-12-31 17:00:00,513.9599763501637
2012-12-31 18:00:00,476.38802682922346
2012-12-31 19:00:00,378.9322135821374
2012-12-31 20:00:00,222.79897469862115
2012-12-31 21:00:00,182.6309034097062
2012-12-31 22:00:00,145.8737858536912
2012-12-31 23:00:00,98.1068103350062
