datetime,count
2011-01-20 00:00:00,13.388121031524422
2011-01-20 01:00:00,4.439170098751646
2011-01-20 02:00:00,3.3764260908617594
2011-01-20 03:00:00,4.228132652654685
2011-01-20 04:00:00,2.471638607136153
2011-01-20 05:00:00,7.095209554406189
2011-01-20 06:00:00,40.014465480437245
2011-01-20 07:00:00,98.9934948445876
2011-01-20 08:00:00,219.69615939881703
2011-01-20 09:00:00,123.56898638120151
2011-01-20 10:00:00,70.09235521697101
2011-01-20 11:00:00,61.47497836824031
2011-01-20 12:00:00,74.36398116379033
2011-01-20 13:00:00,69.38455849859018
2011-01-20 14:00:00,69.93750920596939
2011-01-20 15:00:00,71.5481111260694
2011-01-20 16:00:00,79.55233561903073
2011-01-20 17:00:00,220.27200610034518
2011-01-20 18:00:00,167.7442138711817
2011-01-20 19:00:00,106.78382414509782
2011-01-20 20:00:00,70.02588621410486
2011-01-20 21:00:00,58.36306710001712
2011-01-20 22:00:00,44.71388324047124
2011-01-20 23:00:00,22.200255521406202
2011-01-21 00:00:00,15.79230422624434
2011-01-21 01:00:00,6.987832011770137
2011-01-21 02:00:00,5.930041612478051
2011-01-21 03:00:00,2.109959885270216
2011-01-21 04:00:00,2.2116973887587426
2011-01-21 05:00:00,2.9964328461725094
2011-01-21 06:00:00,39.002768574702515
2011-01-21 07:00:00,93.44029892339222
2011-01-21 08:00:00,199.2602974146123
2011-01-21 09:00:00,127.57064401528325
2011-01-21 10:00:00,47.45859289546136
2011-01-21 11:00:00,60.03304778721938
2011-01-21 12:00:00,61.59270666443698
2011-01-21 13:00:00,60.99893126830916
2011-01-21 14:00:00,56.16485316802943
2011-01-21 15:00:00,49.85666063450058
2011-01-21 16:00:00,70.58003932947815
2011-01-21 17:00:00,137.54747104308905
2011-01-21 18:00:00,135.5644632596605
2011-01-21 19:00:00,105.00624864073774
2011-01-21 20:00:00,46.16164376930958
2011-01-21 21:00:00,42.725308361122735
2011-01-21 22:00:00,33.10503572132461
2011-01-21 23:00:00,17.125458075593254
2011-01-22 00:00:00,28.2464849319115
2011-01-22 01:00:00,16.453157273629373
2011-01-22 02:00:00,13.646590663420698
2011-01-22 03:00:00,6.287984521937701
2011-01-22 04:00:00,2.1784273290876848
2011-01-22 06:00:00,2.8508214609592373
2011-01-22 07:00:00,11.636161568569596
2011-01-22 08:00:00,21.6907232445403
2011-01-22 09:00:00,28.22353668796034
2011-01-22 10:00:00,57.0535553510801
2011-01-22 11:00:00,64.22620027361158
2011-01-22 12:00:00,65.40008014477287
2011-01-22 13:00:00,71.0496069602333
2011-01-22 14:00:00,65.75817007051945
2011-01-22 15:00:00,66.29360504166293
2011-01-22 16:00:00,65.88292850372095
2011-01-22 17:00:00,69.95908524483488
2011-01-22 18:00:00,61.70236261860387
2011-01-22 19:00:00,30.89072019028163
2011-01-22 20:00:00,28.149312881066763
2011-01-22 21:00:00,28.976303068272372
2011-01-22 22:00:00,23.603819279311345
2011-01-22 23:00:00,16.66252490814548
2011-01-23 00:00:00,29.554072204213103
2011-01-23 01:00:00,23.401001071954983
2011-01-23 02:00:00,15.84604616837925
2011-01-23 03:00:00,9.19193326301188
2011-01-23 05:00:00,1.927010694324251
2011-01-23 06:00:00,2.2363289443018513
2011-01-23 07:00:00,7.812461841429455
2011-01-23 08:00:00,17.405523295668225
2011-01-23 09:00:00,17.529947644398455
2011-01-23 10:00:00,50.39066075114752
2011-01-23 11:00:00,54.91121429381769
2011-01-23 12:00:00,59.183998569016104
2011-01-23 13:00:00,57.61812531579621
2011-01-23 14:00:00,58.18899404760022
2011-01-23 15:00:00,58.35605687381298
2011-01-23 16:00:00,59.353291574776364
2011-01-23 17:00:00,56.53750147698291
2011-01-23 18:00:00,55.573886908191305
2011-01-23 19:00:00,27.26138900679781
2011-01-23 20:00:00,27.66439776004809
2011-01-23 21:00:00,25.48573746596809
2011-01-23 22:00:00,20.582541778657877
2011-01-23 23:00:00,13.805374637178963
2011-01-24 00:00:00,8.383530883734363
2011-01-24 01:00:00,3.5869491304376036
2011-01-24 03:00:00,1.2257081144444597
2011-01-24 04:00:00,2.5150386276617174
2011-01-24 05:00:00,5.471435150477932
2011-01-24 06:00:00,28.203312020608358
2011-01-24 07:00:00,76.63361207795161
2011-01-24 08:00:00,173.83400609443913
2011-01-24 09:00:00,103.91492042083084
2011-01-24 10:00:00,37.6080226300183
2011-01-24 11:00:00,32.98144672690477
2011-01-24 12:00:00,36.78798815197555
2011-01-24 13:00:00,37.560801210804144
2011-01-24 14:00:00,35.60091593808663
2011-01-24 15:00:00,51.94241167419751
2011-01-24 16:00:00,54.72209660416557
2011-01-24 17:00:00,126.56415606429937
2011-01-24 18:00:00,120.5003417623892
2011-01-24 19:00:00,92.03162035227824
2011-01-24 20:00:00,51.42870411174416
2011-01-24 21:00:00,39.33736300184274
2011-01-24 22:00:00,27.630741509547434
2011-01-24 23:00:00,18.836775579195272
2011-01-25 00:00:00,8.891375726919778
2011-01-25 01:00:00,3.19542434241243
2011-01-25 02:00:00,1.8352441662346153
2011-01-25 04:00:00,2.103959093130181
2011-01-25 05:00:00,4.5683653936255455
2011-01-25 06:00:00,33.462062430683005
2011-01-25 07:00:00,83.60963566052753
2011-01-25 08:00:00,198.05698062327502
2011-01-25 09:00:00,118.28309386184203
2011-01-25 10:00:00,55.40822749756096
2011-01-25 11:00:00,58.469496202071525
2011-01-25 12:00:00,70.4207619202684
2011-01-25 13:00:00,67.76279251154276
2011-01-25 14:00:00,69.94548437685499
2011-01-25 15:00:00,68.69719714234412
2011-01-25 16:00:00,87.56232434127665
2011-01-25 17:00:00,227.52116584196438
2011-01-25 18:00:00,202.8303025216158
2011-01-25 19:00:00,109.92577656614856
2011-01-25 20:00:00,68.37340851238724
2011-01-25 21:00:00,55.44380383979779
2011-01-25 22:00:00,38.857029845545355
2011-01-25 23:00:00,18.668443820499466
2011-01-26 00:00:00,8.618913137242126
2011-01-26 01:00:00,5.247160837747781
2011-01-26 02:00:00,3.1173503589515636
2011-01-26 05:00:00,2.713318157777866
2011-01-26 06:00:00,24.052895048418335
2011-01-26 07:00:00,58.60600351306497
2011-01-26 08:00:00,131.28232586040292
2011-01-26 09:00:00,60.293931415112894
2011-01-26 10:00:00,23.72701972030728
2011-01-26 11:00:00,19.232759244662823
2011-01-26 12:00:00,13.789341461836504
2011-01-26 13:00:00,19.091502535967155
2011-01-26 14:00:00,18.533904806458928
2011-01-26 15:00:00,18.60794672936094
2011-01-26 16:00:00,29.936893260770596
2011-01-26 17:00:00,88.32897075013284
2011-01-27 16:00:00,67.08810841320039
2011-01-27 17:00:00,162.9887674157948
2011-01-27 18:00:00,140.98029985578594
2011-01-27 19:00:00,101.18142500874558
2011-01-27 20:00:00,62.82753288537446
2011-01-27 21:00:00,47.25998642570509
2011-01-27 22:00:00,39.11792453678159
2011-01-27 23:00:00,19.48345596976813
2011-01-28 00:00:00,13.65499303299234
2011-01-28 01:00:00,6.444656204345157
2011-01-28 02:00:00,2.7610914479878366
2011-01-28 03:00:00,3.5300353811445415
2011-01-28 05:00:00,5.965520876259576
2011-01-28 06:00:00,31.54190882281373
2011-01-28 07:00:00,85.49782015544731
2011-01-28 08:00:00,203.14463830715093
2011-01-28 09:00:00,71.77180701380705
2011-01-28 10:00:00,31.962213825664612
2011-01-28 11:00:00,30.08213243239566
2011-01-28 12:00:00,22.935807152853744
2011-01-28 13:00:00,29.699118855939727
2011-01-28 14:00:00,34.08651193817411
2011-01-28 15:00:00,41.34159192080018
2011-01-28 16:00:00,55.61354252287668
2011-01-28 17:00:00,151.99270248119382
2011-01-28 18:00:00,145.26377866826866
2011-01-28 19:00:00,103.01022003783054
2011-01-28 20:00:00,65.62275605522348
2011-01-28 21:00:00,45.657371310377364
2011-01-28 22:00:00,41.40540434342089
2011-01-28 23:00:00,23.700744463364988
2011-01-29 00:00:00,26.148532045843154
2011-01-29 01:00:00,23.80018702304767
2011-01-29 02:00:00,17.762559678415187
2011-01-29 03:00:00,10.680617291130334
2011-01-29 04:00:00,2.8441591936733066
2011-01-29 06:00:00,3.434726625322164
2011-01-29 07:00:00,11.416547197992498
2011-01-29 08:00:00,31.359018224119787
2011-01-29 09:00:00,34.438266619719215
2011-01-29 10:00:00,70.19083477145408
2011-01-29 11:00:00,72.68868681943444
2011-01-29 12:00:00,82.49277433131199
2011-01-29 13:00:00,85.56887426952105
2011-01-29 14:00:00,81.54566586381883
2011-01-29 15:00:00,79.65998487213167
2011-01-29 16:00:00,84.32768041928789
2011-01-29 17:00:00,82.83854959549205
2011-01-29 18:00:00,73.2732259306187
2011-01-29 19:00:00,33.03961216808144
2011-01-29 20:00:00,28.37751192276498
2011-01-29 21:00:00,25.643335472918938
2011-01-29 22:00:00,24.693018877271786
2011-01-29 23:00:00,18.818463081320807
2011-01-30 00:00:00,30.98449731098716
2011-01-30 01:00:00,27.191207710270202
2011-01-30 02:00:00,20.15214846200151
2011-01-30 03:00:00,10.028995699443719
2011-01-30 04:00:00,3.4440630737193576
2011-01-30 05:00:00,2.885631387319941
2011-01-30 07:00:00,7.675918508312742
2011-01-30 08:00:00,15.989982117241784
2011-01-30 09:00:00,23.7128452362932
2011-01-30 10:00:00,62.77353735399665
2011-01-30 11:00:00,69.13321909856832
2011-01-30 12:00:00,84.1081417701235
2011-01-30 13:00:00,85.62500227994096
2011-01-30 14:00:00,79.48516293194757
2011-01-30 15:00:00,82.72551002694925
2011-01-30 16:00:00,82.04580613846923
2011-01-30 17:00:00,80.99901181193967
2011-01-30 18:00:00,78.29930087450572
2011-01-30 19:00:00,33.63374382374966
2011-01-30 20:00:00,30.758300159475816
2011-01-30 21:00:00,23.503889676012985
2011-01-30 22:00:00,20.244046344436423
2011-01-30 23:00:00,12.726248286644186
2011-01-31 00:00:00,11.86671259752204
2011-01-31 01:00:00,3.4920528050759136
2011-01-31 02:00:00,2.8334678169410927
2011-01-31 03:00:00,2.3902152649223667
2011-01-31 04:00:00,1.783905273403954
2011-01-31 05:00:00,2.5895895440068224
2011-01-31 06:00:00,33.39909728143846
2011-01-31 07:00:00,78.14701602138467
2011-01-31 08:00:00,173.29378017461022
2011-01-31 09:00:00,97.25804653383435
2011-01-31 10:00:00,39.13823075267387
2011-01-31 11:00:00,37.55142918586218
2011-01-31 12:00:00,41.138556926824165
2011-01-31 13:00:00,46.54897257009166
2011-01-31 14:00:00,43.971307653259366
2011-01-31 15:00:00,39.83305785561022
2011-01-31 16:00:00,52.76024119412708
2011-01-31 17:00:00,128.54821940386367
2011-01-31 18:00:00,124.9734034516932
2011-01-31 19:00:00,161.91824930277733
2011-01-31 20:00:00,54.81096482306134
2011-01-31 21:00:00,35.08135434390293
2011-01-31 22:00:00,32.5435064766832
2011-01-31 23:00:00,18.05939315307744
2011-02-20 00:00:00,38.83231938663784
2011-02-20 01:00:00,24.215391479140134
2011-02-20 02:00:00,18.61864619810189
2011-02-20 03:00:00,8.908820646696329
2011-02-20 04:00:00,1.83159004992423
2011-02-20 06:00:00,3.6431525007165666
2011-02-20 07:00:00,10.196300784968
2011-02-20 08:00:00,24.2944822144398
2011-02-20 09:00:00,27.457510452481714
2011-02-20 10:00:00,100.69385858862834
2011-02-20 11:00:00,124.87966135120206
2011-02-20 12:00:00,132.10570133843245
2011-02-20 13:00:00,165.7959042117652
2011-02-20 14:00:00,147.86009789281962
2011-02-20 15:00:00,164.23527486487615
2011-02-20 16:00:00,154.7776372113711
2011-02-20 17:00:00,135.87712183799252
2011-02-20 18:00:00,110.11321773609357
2011-02-20 19:00:00,66.72525844587936
2011-02-20 20:00:00,50.21261926376169
2011-02-20 21:00:00,47.88008052517576
2011-02-20 22:00:00,55.5226180928919
2011-02-20 23:00:00,36.42045299960608
2011-02-21 00:00:00,53.01192980082998
2011-02-21 01:00:00,31.19693552578763
2011-02-21 02:00:00,15.695953048375678
2011-02-21 03:00:00,7.782914307280466
2011-02-21 04:00:00,5.517687825256542
2011-02-21 05:00:00,4.060871129986555
2011-02-21 06:00:00,19.60192511404209
2011-02-21 07:00:00,45.39090889467639
2011-02-21 08:00:00,64.8061069193082
2011-02-21 09:00:00,63.08286012863259
2011-02-21 10:00:00,109.4674882844898
2011-02-21 11:00:00,136.33354326052762
2011-02-21 12:00:00,127.45861044250918
2011-02-21 13:00:00,107.44286835484151
2011-02-21 14:00:00,126.5443095635448
2011-02-21 15:00:00,122.41445412232994
2011-02-21 16:00:00,103.90566550767839
2011-02-21 17:00:00,111.31019767044913
2011-02-21 18:00:00,81.95283128435446
2011-02-21 19:00:00,21.028425988698196
2011-02-21 20:00:00,21.342264090345857
2011-02-21 21:00:00,20.082899831392776
2011-02-21 22:00:00,20.05929608565609
2011-02-21 23:00:00,14.491506797650173
2011-02-22 06:00:00,30.470184239486784
2011-02-22 07:00:00,90.24905802892141
2011-02-22 08:00:00,204.65369179766742
2011-02-22 09:00:00,121.9902619221661
2011-02-22 10:00:00,44.862698977513176
2011-02-22 11:00:00,47.54769262362871
2011-02-22 12:00:00,48.118519483790024
2011-02-22 13:00:00,66.7344678409242
2011-02-22 14:00:00,57.49873072631578
2011-02-22 15:00:00,68.12463207013278
2011-02-22 16:00:00,71.60329294865977
2011-02-22 17:00:00,158.1408364558589
2011-02-22 18:00:00,158.16459035253004
2011-02-22 19:00:00,102.73240941252318
2011-02-22 20:00:00,64.7157151357707
2011-02-22 21:00:00,50.24733173501302
2011-02-22 22:00:00,40.35444173387834
2011-02-22 23:00:00,21.005599079133106
2011-02-23 00:00:00,11.830387031981203
2011-02-23 01:00:00,5.6895051864962305
2011-02-23 02:00:00,2.403530004102113
2011-02-23 03:00:00,1.3234311692305294
2011-02-23 05:00:00,5.534281760935835
2011-02-23 06:00:00,32.1122009495807
2011-02-23 07:00:00,78.87029176591462
2011-02-23 08:00:00,196.76014034699799
2011-02-23 09:00:00,121.32174056100942
2011-02-23 10:00:00,60.72294070651528
2011-02-23 11:00:00,62.89433607488982
2011-02-23 12:00:00,79.48008283076192
2011-02-23 13:00:00,78.2123240578215
2011-02-23 14:00:00,76.95035315085967
2011-02-23 15:00:00,75.42802653493777
2011-02-23 16:00:00,101.01537163954961
2011-02-23 17:00:00,221.49886477290937
2011-02-23 18:00:00,200.42457178889367
2011-02-23 19:00:00,140.99620170259402
2011-02-23 20:00:00,71.7174570317848
2011-02-23 21:00:00,65.15373063886574
2011-02-23 22:00:00,45.99071307185249
2011-02-23 23:00:00,33.525811539472684
2011-02-24 00:00:00,13.219028901049784
2011-02-24 01:00:00,5.592538841143108
2011-02-24 02:00:00,2.4771465038482123
2011-02-24 03:00:00,2.0673980049943954
2011-02-24 05:00:00,4.847632476471969
2011-02-24 06:00:00,34.95570120727949
2011-02-24 07:00:00,100.042808333613
2011-02-24 08:00:00,238.07080199675036
2011-02-24 09:00:00,125.12096220452857
2011-02-24 10:00:00,58.218211060155085
2011-02-24 11:00:00,63.029320122714225
2011-02-24 12:00:00,82.19575902907505
2011-02-24 13:00:00,80.72569163553204
2011-02-24 14:00:00,79.35963705470772
2011-02-24 15:00:00,65.04180725174544
2011-02-24 16:00:00,84.78107386872172
2011-02-24 17:00:00,113.58328810355414
2011-02-24 18:00:00,178.2338521385271
2011-02-24 19:00:00,59.34684017199319
2011-02-24 20:00:00,62.57715612765766
2011-02-24 21:00:00,62.8422295456867
2011-02-24 22:00:00,32.772290388359785
2011-02-24 23:00:00,46.99375239669959
2011-02-25 00:00:00,11.8983933480867
2011-02-25 01:00:00,10.544284322598852
2011-02-25 02:00:00,8.445784624415596
2011-02-25 03:00:00,2.0888537028119165
2011-02-25 05:00:00,9.435858597609188
2011-02-25 06:00:00,42.35695283669653
2011-02-25 07:00:00,74.877395886316
2011-02-25 08:00:00,141.37948008431792
2011-02-25 09:00:00,53.17197707175062
2011-02-25 10:00:00,47.7342499590711
2011-02-25 11:00:00,118.00941127167366
2011-02-25 12:00:00,135.3563068889193
2011-02-25 13:00:00,131.54541183187806
2011-02-25 14:00:00,123.97453107689357
2011-02-25 15:00:00,114.32708540310257
2011-02-25 16:00:00,100.05353000180982
2011-02-25 17:00:00,197.4094213317231
2011-02-25 18:00:00,173.74356750286958
2011-02-25 19:00:00,115.51353731311437
2011-02-25 20:00:00,68.999387239657
2011-02-25 21:00:00,72.86545030418677
2011-02-25 22:00:00,52.375919229899836
2011-02-25 23:00:00,32.976649075437734
2011-02-26 00:00:00,38.30479514144741
2011-02-26 01:00:00,27.27989361025369
2011-02-26 02:00:00,17.206538712897867
2011-02-26 03:00:00,11.102142248264931
2011-02-26 04:00:00,3.7865958889765077
2011-02-26 05:00:00,2.0282022817014553
2011-02-26 06:00:00,4.946185337756943
2011-02-26 07:00:00,10.20414908699463
2011-02-26 08:00:00,26.349391957620075
2011-02-26 09:00:00,51.28011727876432
2011-02-26 10:00:00,111.91258766904697
2011-02-26 11:00:00,132.4101131731339
2011-02-26 12:00:00,135.46848388659882
2011-02-26 13:00:00,140.313186288772
2011-02-26 14:00:00,136.33551744143892
2011-02-26 15:00:00,158.07566971109077
2011-02-26 16:00:00,140.07506899966393
2011-02-26 17:00:00,131.75861591481663
2011-02-26 18:00:00,101.00237966020525
2011-02-26 19:00:00,66.59531809895961
2011-02-26 20:00:00,50.84590624331558
2011-02-26 21:00:00,49.16551247128086
2011-02-26 22:00:00,46.016765300407094
2011-02-26 23:00:00,45.10004753631015
2011-02-27 00:00:00,39.57442347628761
2011-02-27 01:00:00,36.843779027905796
2011-02-27 02:00:00,26.51879460045938
2011-02-27 03:00:00,11.464402657545838
2011-02-27 04:00:00,5.907190569412223
2011-02-27 06:00:00,4.58406317531452
2011-02-27 07:00:00,10.106374077592298
2011-02-27 08:00:00,36.34541499559937
2011-02-27 09:00:00,50.69951149320163
2011-02-27 10:00:00,101.53607393450346
2011-02-27 11:00:00,148.03727493796262
2011-02-27 12:00:00,147.89186401514556
2011-02-27 13:00:00,159.56639543022078
2011-02-27 14:00:00,151.8243590099301
2011-02-27 15:00:00,162.79285981513405
2011-02-27 16:00:00,171.37001228241337
2011-02-27 17:00:00,128.94940139010038
2011-02-27 18:00:00,104.48094246253652
2011-02-27 19:00:00,68.29883686578619
2011-02-27 20:00:00,60.13854167470427
2011-02-27 21:00:00,61.26589365175768
2011-02-27 22:00:00,55.47685111764691
2011-02-27 23:00:00,48.98961074769184
2011-02-28 00:00:00,20.887455247060256
2011-02-28 01:00:00,5.377926487870197
2011-02-28 03:00:00,1.719687425317447
2011-02-28 05:00:00,9.869683752970694
2011-02-28 06:00:00,57.5290492373635
2011-02-28 07:00:00,143.9285409665858
2011-02-28 08:00:00,244.8174307011148
2011-02-28 09:00:00,166.7058641553928
2011-02-28 10:00:00,110.73746663161155
2011-02-28 11:00:00,96.42397118050194
2011-02-28 12:00:00,124.51267960979276
2011-02-28 13:00:00,65.63073953255922
2011-02-28 14:00:00,46.42018941540043
2011-02-28 15:00:00,48.41345296754094
2011-02-28 16:00:00,56.563220831697336
2011-02-28 17:00:00,75.41027716219385
2011-02-28 18:00:00,157.49510197251462
2011-02-28 19:00:00,101.75245852751489
2011-02-28 20:00:00,77.41395107513736
2011-02-28 21:00:00,78.02322654039183
2011-02-28 22:00:00,33.249162281129905
2011-02-28 23:00:00,36.61672358239449
2011-03-20 00:00:00,49.497398247668905
2011-03-20 01:00:00,32.67886816981921
2011-03-20 02:00:00,23.945241314094236
2011-03-20 03:00:00,9.589073383294345
2011-03-20 04:00:00,3.165827678281011
2011-03-20 05:00:00,3.579461837838192
2011-03-20 06:00:00,5.5304106202518195
2011-03-20 07:00:00,14.230967551539353
2011-03-20 08:00:00,45.80434140454221
2011-03-20 09:00:00,61.56587474064945
2011-03-20 10:00:00,139.8261828626409
2011-03-20 11:00:00,175.53727050857447
2011-03-20 12:00:00,208.5776740526735
2011-03-20 13:00:00,216.64599366283164
2011-03-20 14:00:00,216.05269793471922
2011-03-20 15:00:00,219.3771804480923
2011-03-20 16:00:00,217.49932613082606
2011-03-20 17:00:00,211.6167984232764
2011-03-20 18:00:00,178.43600537464047
2011-03-20 19:00:00,86.16078326233347
2011-03-20 20:00:00,70.62812544626976
2011-03-20 21:00:00,63.10694861032162
2011-03-20 22:00:00,55.275151963748115
2011-03-20 23:00:00,35.56830563028597
2011-03-21 00:00:00,12.426480559456259
2011-03-21 01:00:00,6.836629832454205
2011-03-21 02:00:00,5.2383637677674
2011-03-21 03:00:00,2.5106611553954683
2011-03-21 05:00:00,7.9036893091824485
2011-03-21 06:00:00,36.597328783620384
2011-03-21 07:00:00,54.053055086295146
2011-03-21 08:00:00,242.07597093116587
2011-03-21 09:00:00,150.85777738264895
2011-03-21 10:00:00,76.96161979236633
2011-03-21 11:00:00,87.3982996114482
2011-03-21 12:00:00,92.56683526355673
2011-03-21 13:00:00,119.29179622585671
2011-03-21 14:00:00,131.07014995698046
2011-03-21 15:00:00,147.04263961244794
2011-03-21 16:00:00,180.60622651341652
2011-03-21 17:00:00,302.7172400502976
2011-03-21 18:00:00,299.8823975124456
2011-03-21 19:00:00,249.33722396307817
2011-03-21 20:00:00,218.2272786442764
2011-03-21 21:00:00,64.4695332200546
2011-03-21 22:00:00,84.07871588975233
2011-03-21 23:00:00,49.67830234312986
2011-03-22 00:00:00,28.459923343660584
2011-03-22 01:00:00,5.884794373605961
2011-03-22 02:00:00,5.7146661996097725
2011-03-22 03:00:00,4.015453694636036
2011-03-22 04:00:00,2.859132838304729
2011-03-22 05:00:00,9.035767187242408
2011-03-22 06:00:00,58.37699097232062
2011-03-22 07:00:00,162.86406301242957
2011-03-22 08:00:00,266.14291497298757
2011-03-22 09:00:00,174.61836188932332
2011-03-22 10:00:00,88.10078464740535
2011-03-22 11:00:00,87.59000865743559
2011-03-22 12:00:00,111.9167483568682
2011-03-22 13:00:00,118.41061044660333
2011-03-22 14:00:00,118.27741788873577
2011-03-22 15:00:00,120.89722693810273
2011-03-22 16:00:00,206.35679317472494
2011-03-22 17:00:00,323.78215569736733
2011-03-22 18:00:00,313.7976959930785
2011-03-22 19:00:00,191.74753446122583
2011-03-22 20:00:00,107.77409001777885
2011-03-22 21:00:00,91.75258640160405
2011-03-22 22:00:00,77.47207269134339
2011-03-22 23:00:00,42.3444457281069
2011-03-23 00:00:00,17.30302022623532
2011-03-23 01:00:00,7.885984402627226
2011-03-23 02:00:00,4.434478360535366
2011-03-23 03:00:00,3.226795935197213
2011-03-23 05:00:00,5.658906093633338
2011-03-23 06:00:00,45.53419310951524
2011-03-23 07:00:00,117.57323970591482
2011-03-23 08:00:00,259.9697891116292
2011-03-23 09:00:00,150.39093305117146
2011-03-23 10:00:00,68.47891129691972
2011-03-23 11:00:00,55.93948436586711
2011-03-23 12:00:00,55.89388076615752
2011-03-23 13:00:00,33.863043924300726
2011-03-23 14:00:00,66.56875207297772
2011-03-23 15:00:00,80.84798211400326
2011-03-23 16:00:00,121.16394549531692
2011-03-23 17:00:00,240.1512456010327
2011-03-23 18:00:00,65.82853100363674
2011-03-23 19:00:00,61.32942186291841
2011-03-23 20:00:00,35.44428276900858
2011-03-23 21:00:00,21.24891078910464
2011-03-23 22:00:00,39.3075816878806
2011-03-23 23:00:00,26.685809328835482
2011-03-24 00:00:00,10.260888733202483
2011-03-24 01:00:00,5.67341701026103
2011-03-24 02:00:00,4.751329254178834
2011-03-24 03:00:00,2.688627194271033
2011-03-24 04:00:00,1.8855658606755394
2011-03-24 05:00:00,6.070717116989455
2011-03-24 06:00:00,35.18704339118549
2011-03-24 07:00:00,59.61614956126575
2011-03-24 08:00:00,115.8485328343197
2011-03-24 09:00:00,140.63843284931724
2011-03-24 10:00:00,46.77068004044709
2011-03-24 11:00:00,56.061289536405425
2011-03-24 12:00:00,70.00165405093122
2011-03-24 13:00:00,79.55184248154801
2011-03-24 14:00:00,67.82809722497484
2011-03-24 15:00:00,65.4359509994359
2011-03-24 16:00:00,78.58643972258267
2011-03-24 17:00:00,195.81908762252067
2011-03-24 18:00:00,172.80448773902395
2011-03-24 19:00:00,117.84854736755327
2011-03-24 20:00:00,69.54479423592917
2011-03-24 21:00:00,56.68380511474836
2011-03-24 22:00:00,44.13883188104185
2011-03-24 23:00:00,30.20289015040723
2011-03-25 00:00:00,15.358200172331724
2011-03-25 01:00:00,4.937609766484429
2011-03-25 02:00:00,2.128155101028215
2011-03-25 03:00:00,3.8945365961116227
2011-03-25 04:00:00,1.4550949559657247
2011-03-25 05:00:00,5.820425094989646
2011-03-25 06:00:00,33.554288255091976
2011-03-25 07:00:00,103.03399889600784
2011-03-25 08:00:00,242.72564297121838
2011-03-25 09:00:00,138.7089696049535
2011-03-25 10:00:00,72.19854693766597
2011-03-25 11:00:00,72.58507717105428
2011-03-25 12:00:00,91.4219905221445
2011-03-25 13:00:00,83.10806608765034
2011-03-25 14:00:00,91.11614038428053
2011-03-25 15:00:00,88.98798183492664
2011-03-25 16:00:00,115.17771571753414
2011-03-25 17:00:00,212.6231586251143
2011-03-25 18:00:00,193.10800756281043
2011-03-25 19:00:00,133.8641210309731
2011-03-25 20:00:00,83.65806803961772
2011-03-25 21:00:00,71.989866513685
2011-03-25 22:00:00,52.30870071542619
2011-03-25 23:00:00,31.751317142823844
2011-03-26 00:00:00,34.434953914567274
2011-03-26 01:00:00,27.157989502710038
2011-03-26 02:00:00,20.804723680566084
2011-03-26 03:00:00,8.468794259118324
2011-03-26 04:00:00,1.8261200534244306
2011-03-26 05:00:00,2.6516240835148923
2011-03-26 06:00:00,4.455383738910757
2011-03-26 07:00:00,16.365056462649427
2011-03-26 08:00:00,34.03422507649656
2011-03-26 09:00:00,49.64194077432031
2011-03-26 10:00:00,130.5903798767566
2011-03-26 11:00:00,141.01161215601908
2011-03-26 12:00:00,156.26090158472695
2011-03-26 13:00:00,170.84238443927916
2011-03-26 14:00:00,181.6615566520298
2011-03-26 15:00:00,188.6647099289378
2011-03-26 16:00:00,184.02672831514107
2011-03-26 17:00:00,165.3610361237239
2011-03-26 18:00:00,165.32579188421326
2011-03-26 19:00:00,54.59326673620887
2011-03-26 20:00:00,51.69731515085311
2011-03-26 21:00:00,48.37894532582069
2011-03-26 22:00:00,47.00758589344298
2011-03-26 23:00:00,39.91856242564989
2011-03-27 00:00:00,36.29296002994169
2011-03-27 01:00:00,26.26620660457041
2011-03-27 02:00:00,22.402656121543597
2011-03-27 03:00:00,8.940593964026428
2011-03-27 04:00:00,2.4664287461639542
2011-03-27 06:00:00,4.161532204784313
2011-03-27 07:00:00,10.80942480840416
2011-03-27 08:00:00,26.32038758757976
2011-03-27 09:00:00,38.87698709309089
2011-03-27 10:00:00,109.11748138107419
2011-03-27 11:00:00,133.31785186368356
2011-03-27 12:00:00,148.01405618130764
2011-03-27 13:00:00,151.80559169090603
2011-03-27 14:00:00,172.93117585209055
2011-03-27 15:00:00,164.54119901675182
2011-03-27 16:00:00,186.42044229938566
2011-03-27 17:00:00,167.54812924463113
2011-03-27 18:00:00,143.5216820144634
2011-03-27 19:00:00,56.67113360168209
2011-03-27 20:00:00,46.353741928840115
2011-03-27 21:00:00,43.97818973433913
2011-03-27 22:00:00,42.747146387206044
2011-03-27 23:00:00,33.51461067689704
2011-03-28 00:00:00,10.233402012145117
2011-03-28 01:00:00,3.5820894105529746
2011-03-28 02:00:00,2.7651768448485465
2011-03-28 03:00:00,1.5766757151635344
2011-03-28 05:00:00,5.994073079390182
2011-03-28 06:00:00,38.22959077010951
2011-03-28 07:00:00,107.850966976413
2011-03-28 08:00:00,220.6226924680378
2011-03-28 09:00:00,129.31494826579703
2011-03-28 10:00:00,70.26490686341532
2011-03-28 11:00:00,59.539959888076076
2011-03-28 12:00:00,74.4210514502713
2011-03-28 13:00:00,73.75635714382685
2011-03-28 14:00:00,80.33841403524193
2011-03-28 15:00:00,82.6348316297615
2011-03-28 16:00:00,108.64607927739661
2011-03-28 17:00:00,225.86698217362178
2011-03-28 18:00:00,210.68562699080445
2011-03-28 19:00:00,137.18143709557887
2011-03-28 20:00:00,84.01569669263291
2011-03-28 21:00:00,75.91004104835584
2011-03-28 22:00:00,52.230876990997345
2011-03-28 23:00:00,26.404449387834365
2011-03-29 00:00:00,11.01306915554336
2011-03-29 01:00:00,2.7529206259730645
2011-03-29 02:00:00,2.8217210767386214
2011-03-29 03:00:00,2.0181421852965054
2011-03-29 04:00:00,1.5785510730670929
2011-03-29 05:00:00,5.438823393027331
2011-03-29 06:00:00,44.93396241033044
2011-03-29 07:00:00,112.44743817887635
2011-03-29 08:00:00,249.61222611643424
2011-03-29 09:00:00,141.42079031403196
2011-03-29 10:00:00,69.68413063837762
2011-03-29 11:00:00,76.79957041287476
2011-03-29 12:00:00,86.4620865112085
2011-03-29 13:00:00,82.49776225353833
2011-03-29 14:00:00,86.96131617834453
2011-03-29 15:00:00,92.49865432357942
2011-03-29 16:00:00,107.95320125805122
2011-03-29 17:00:00,264.0431760895206
2011-03-29 18:00:00,235.29184645373064
2011-03-29 19:00:00,158.01722438786274
2011-03-29 20:00:00,90.54593283082471
2011-03-29 21:00:00,74.04224633107142
2011-03-29 22:00:00,61.47917012813586
2011-03-29 23:00:00,32.8884882951195
2011-03-30 00:00:00,18.029762105625696
2011-03-30 01:00:00,9.355498973603646
2011-03-30 02:00:00,4.720121556084675
2011-03-30 03:00:00,2.7624658651658014
2011-03-30 04:00:00,2.6804093920099183
2011-03-30 05:00:00,6.369758169865337
2011-03-30 06:00:00,45.949668540906075
2011-03-30 07:00:00,139.59807142333383
2011-03-30 08:00:00,258.0772235950197
2011-03-30 09:00:00,159.43741734937376
2011-03-30 10:00:00,82.20091169800986
2011-03-30 11:00:00,77.60836490598207
2011-03-30 12:00:00,88.52713143756526
2011-03-30 13:00:00,94.35759282167578
2011-03-30 14:00:00,86.35483271000523
2011-03-30 15:00:00,27.09005742945476
2011-03-30 16:00:00,25.453062758404243
2011-03-30 17:00:00,84.32909139035135
2011-03-30 18:00:00,155.29484938578622
2011-03-30 19:00:00,107.53924347278254
2011-03-30 20:00:00,30.995770534350523
2011-03-30 21:00:00,53.456025152754826
2011-03-30 22:00:00,27.783540144856232
2011-03-30 23:00:00,19.883680758028245
2011-03-31 00:00:00,5.601006238898723
2011-03-31 01:00:00,3.89291317835523
2011-03-31 02:00:00,3.569231726413805
2011-03-31 03:00:00,2.225609426871236
2011-03-31 04:00:00,1.9777881902834196
2011-03-31 05:00:00,7.445474081515023
2011-03-31 06:00:00,24.520027335961274
2011-03-31 07:00:00,59.20618523887627
2011-03-31 08:00:00,231.92445508678233
2011-03-31 09:00:00,58.70624648985188
2011-03-31 10:00:00,25.317583918877638
2011-03-31 11:00:00,23.154859340840908
2011-03-31 12:00:00,24.77739780990453
2011-03-31 13:00:00,28.25969823929994
2011-03-31 14:00:00,28.083517087738652
2011-03-31 15:00:00,22.971566519028475
2011-03-31 16:00:00,62.858769661776144
2011-03-31 17:00:00,188.23652980832185
2011-03-31 18:00:00,174.85810724675738
2011-03-31 19:00:00,120.40551381891038
2011-03-31 20:00:00,23.646540653477174
2011-03-31 21:00:00,50.4779052809843
2011-03-31 22:00:00,21.774948930559535
2011-03-31 23:00:00,25.130332052880366
2011-04-20 00:00:00,28.89337735531642
2011-04-20 01:00:00,6.541832414102733
2011-04-20 02:00:00,6.711902684350483
2011-04-20 03:00:00,4.083981808956724
2011-04-20 04:00:00,2.6617588306435693
2011-04-20 05:00:00,11.231571694443408
2011-04-20 06:00:00,53.8296969922245
2011-04-20 07:00:00,160.3092774263007
2011-04-20 08:00:00,412.8674658476254
2011-04-20 09:00:00,169.76567738715133
2011-04-20 10:00:00,114.58457160593173
2011-04-20 11:00:00,131.98004097629027
2011-04-20 12:00:00,143.02436567648525
2011-04-20 13:00:00,139.89094216702676
2011-04-20 14:00:00,136.0807063285526
2011-04-20 15:00:00,137.6475401084202
2011-04-20 16:00:00,214.46407827000408
2011-04-20 17:00:00,394.960721377032
2011-04-20 18:00:00,387.08533139755997
2011-04-20 19:00:00,343.1636700648079
2011-04-20 20:00:00,234.98737374118195
2011-04-20 21:00:00,153.2546146251992
2011-04-20 22:00:00,101.0581938063602
2011-04-20 23:00:00,68.17748695610797
2011-04-21 00:00:00,32.61965687089023
2011-04-21 01:00:00,16.590255330120005
2011-04-21 02:00:00,10.447662488007486
2011-04-21 03:00:00,3.5469913862783935
2011-04-21 04:00:00,3.015431310190709
2011-04-21 05:00:00,8.536853195386197
2011-04-21 06:00:00,49.721499209470316
2011-04-21 07:00:00,173.47113052649559
2011-04-21 08:00:00,305.9370858829636
2011-04-21 09:00:00,165.53209244426066
2011-04-21 10:00:00,92.06312250247952
2011-04-21 11:00:00,100.18577200337963
2011-04-21 12:00:00,130.82274115561694
2011-04-21 13:00:00,116.78184540453864
2011-04-21 14:00:00,118.08866792103039
2011-04-21 15:00:00,120.847679162064
2011-04-21 16:00:00,167.51315378952953
2011-04-21 17:00:00,360.31677748178674
2011-04-21 18:00:00,329.0603706118629
2011-04-21 19:00:00,213.67816934368938
2011-04-21 20:00:00,151.10172690166522
2011-04-21 21:00:00,109.71214365884758
2011-04-21 22:00:00,92.84444596306253
2011-04-21 23:00:00,48.55980836221956
2011-04-22 00:00:00,36.51053013233609
2011-04-22 01:00:00,17.706846599313348
2011-04-22 02:00:00,9.360008900814195
2011-04-22 03:00:00,5.824207116994598
2011-04-22 04:00:00,3.1043141834863066
2011-04-22 05:00:00,6.8734675949712205
2011-04-22 06:00:00,52.950918217692674
2011-04-22 07:00:00,155.15661461944745
2011-04-22 08:00:00,297.69995400966627
2011-04-22 09:00:00,76.84209585447108
2011-04-22 10:00:00,83.3706287754842
2011-04-22 11:00:00,60.14623552795051
2011-04-22 12:00:00,47.83532484544117
2011-04-22 13:00:00,33.93253930444135
2011-04-22 14:00:00,19.961007327840438
2011-04-22 15:00:00,33.79154458871401
2011-04-22 16:00:00,42.71104908086174
2011-04-22 17:00:00,119.1660497356716
2011-04-22 18:00:00,78.76966429809944
2011-04-22 19:00:00,79.50583386336865
2011-04-22 20:00:00,29.421062390875147
2011-04-22 21:00:00,25.47927856283924
2011-04-22 22:00:00,26.157374983327568
2011-04-22 23:00:00,36.618852691417054
2011-04-23 00:00:00,43.78565034670819
2011-04-23 01:00:00,26.845064803093774
2011-04-23 02:00:00,22.181492951791515
2011-04-23 03:00:00,12.77446290995973
2011-04-23 04:00:00,5.22602670424904
2011-04-23 05:00:00,4.666415950718235
2011-04-23 06:00:00,16.98791496050601
2011-04-23 07:00:00,26.6505239738481
2011-04-23 08:00:00,43.10917840592836
2011-04-23 09:00:00,51.486401048040676
2011-04-23 10:00:00,68.35571083233363
2011-04-23 11:00:00,74.41494564330527
2011-04-23 12:00:00,113.40516400421198
2011-04-23 13:00:00,115.96981430239954
2011-04-23 14:00:00,220.73332039454903
2011-04-23 15:00:00,298.37184320748423
2011-04-23 16:00:00,302.68149936546797
2011-04-23 17:00:00,291.48342266969337
2011-04-23 18:00:00,208.8715837722627
2011-04-23 19:00:00,111.84436897412907
2011-04-23 20:00:00,95.75295059265484
2011-04-23 21:00:00,99.24196090936033
2011-04-23 22:00:00,102.09349844492543
2011-04-23 23:00:00,72.82335002593523
2011-04-24 00:00:00,74.67376985673498
2011-04-24 01:00:00,60.646872845088055
2011-04-24 02:00:00,47.92277983970467
2011-04-24 03:00:00,26.25904360472144
2011-04-24 04:00:00,7.84686560729801
2011-04-24 05:00:00,13.08385583047711
2011-04-24 06:00:00,11.594167913616584
2011-04-24 07:00:00,29.926750490249656
2011-04-24 08:00:00,66.33333608033243
2011-04-24 09:00:00,86.82992004674927
2011-04-24 10:00:00,219.0169219031613
2011-04-24 11:00:00,345.09040607997554
2011-04-24 12:00:00,337.3455160711927
2011-04-24 13:00:00,356.4135467441857
2011-04-24 14:00:00,388.83512720111537
2011-04-24 15:00:00,349.135269611768
2011-04-24 16:00:00,396.21817677120964
2011-04-24 17:00:00,346.09141411963
2011-04-24 18:00:00,326.90882932764794
2011-04-24 19:00:00,108.57532622769828
2011-04-24 20:00:00,103.70331512492744
2011-04-24 21:00:00,68.59580862296725
2011-04-24 22:00:00,43.98535135212755
2011-04-24 23:00:00,50.60748106487187
2011-04-25 00:00:00,23.502949574186488
2011-04-25 01:00:00,7.087250832181914
2011-04-25 02:00:00,7.365805331802973
2011-04-25 03:00:00,3.8734723967414464
2011-04-25 04:00:00,5.411911357511111
2011-04-25 05:00:00,12.58331840944634
2011-04-25 06:00:00,62.11010712467431
2011-04-25 07:00:00,186.63797751156375
2011-04-25 08:00:00,334.2273595579128
2011-04-25 09:00:00,165.74852058776273
2011-04-25 10:00:00,108.25593298022184
2011-04-25 11:00:00,130.3336405033608
2011-04-25 12:00:00,145.8820397400738
2011-04-25 13:00:00,144.55588880948488
2011-04-25 14:00:00,147.27156265418336
2011-04-25 15:00:00,150.34558081549977
2011-04-25 16:00:00,211.83195801698096
2011-04-25 17:00:00,412.6519607269701
2011-04-25 18:00:00,385.8011093579004
2011-04-25 19:00:00,310.62686296570143
2011-04-25 20:00:00,223.80941999080162
2011-04-25 21:00:00,148.31784962301415
2011-04-25 22:00:00,102.12068416414637
2011-04-25 23:00:00,59.48966996415757
2011-04-26 00:00:00,27.05199995742243
2011-04-26 01:00:00,9.877770530856173
2011-04-26 02:00:00,5.280306652257848
2011-04-26 03:00:00,2.9320872090653083
2011-04-26 04:00:00,4.684152352558073
2011-04-26 05:00:00,10.88663678424341
2011-04-26 06:00:00,71.48625825535262
2011-04-26 07:00:00,223.6653818617161
2011-04-26 08:00:00,412.96337098978
2011-04-26 09:00:00,168.5665970442907
2011-04-26 10:00:00,106.94648279940145
2011-04-26 11:00:00,120.75184819865423
2011-04-26 12:00:00,129.35153528690088
2011-04-26 13:00:00,129.45043149446488
2011-04-26 14:00:00,130.95694693108044
2011-04-26 15:00:00,128.3046110809042
2011-04-26 16:00:00,211.7160373495062
2011-04-26 17:00:00,409.9561509460631
2011-04-26 18:00:00,394.00858333976487
2011-04-26 19:00:00,278.7629455216651
2011-04-26 20:00:00,194.32214298543212
2011-04-26 21:00:00,102.16623995622973
2011-04-26 22:00:00,90.3163795312605
2011-04-26 23:00:00,62.75919363468315
2011-04-27 00:00:00,26.43378226094043
2011-04-27 01:00:00,11.929995381897484
2011-04-27 02:00:00,6.620402094140077
2011-04-27 03:00:00,2.9759639851917328
2011-04-27 04:00:00,4.442269402389532
2011-04-27 05:00:00,10.213182529934677
2011-04-27 06:00:00,66.87493112068569
2011-04-27 07:00:00,206.74472670219944
2011-04-27 08:00:00,339.8046995911734
2011-04-27 09:00:00,161.20148397925414
2011-04-27 10:00:00,90.8932969076978
2011-04-27 11:00:00,91.26814043458265
2011-04-27 12:00:00,111.76420543219616
2011-04-27 13:00:00,101.51048705026938
2011-04-27 14:00:00,134.40816134441067
2011-04-27 15:00:00,132.526491395018
2011-04-27 16:00:00,206.74449457827956
2011-04-27 17:00:00,347.4335479666178
2011-04-27 18:00:00,317.75719700839784
2011-04-27 19:00:00,289.16776845120813
2011-04-27 20:00:00,129.05509645390168
2011-04-27 21:00:00,88.38516481500271
2011-04-27 22:00:00,78.35568910017945
2011-04-27 23:00:00,63.37501326979199
2011-04-28 00:00:00,32.56336146427502
2011-04-28 01:00:00,14.20523630149364
2011-04-28 02:00:00,5.053642760727496
2011-04-28 03:00:00,3.9194615301799347
2011-04-28 04:00:00,5.215561258332389
2011-04-28 05:00:00,10.507897211893848
2011-04-28 06:00:00,69.10052675040079
2011-04-28 07:00:00,221.68669239476517
2011-04-28 08:00:00,406.4945061507852
2011-04-28 09:00:00,153.02584147580956
2011-04-28 10:00:00,82.23797518775544
2011-04-28 11:00:00,85.36384042647612
2011-04-28 12:00:00,106.67113665863066
2011-04-28 13:00:00,96.24883563079123
2011-04-28 14:00:00,88.36034489874932
2011-04-28 15:00:00,140.70030280242594
2011-04-28 16:00:00,115.96743772739323
2011-04-28 17:00:00,405.0563082851499
2011-04-28 18:00:00,384.0218935127945
2011-04-28 19:00:00,309.8532087676093
2011-04-28 20:00:00,177.4061750137063
2011-04-28 21:00:00,153.75428923446512
2011-04-28 22:00:00,105.91267834020887
2011-04-28 23:00:00,79.92094737223087
2011-04-29 00:00:00,57.842064046501775
2011-04-29 01:00:00,28.642318936611872
2011-04-29 02:00:00,18.858286530834285
2011-04-29 03:00:00,7.467273397709137
2011-04-29 04:00:00,4.229133378153238
2011-04-29 05:00:00,13.308025572317284
2011-04-29 06:00:00,69.42221861994871
2011-04-29 07:00:00,196.03619801750233
2011-04-29 08:00:00,374.7309511270233
2011-04-29 09:00:00,178.78950124578296
2011-04-29 10:00:00,124.8512910148628
2011-04-29 11:00:00,174.2127652012784
2011-04-29 12:00:00,177.79760902482064
2011-04-29 13:00:00,175.09791284123867
2011-04-29 14:00:00,189.30770929245574
2011-04-29 15:00:00,169.3635592016657
2011-04-29 16:00:00,186.71024979534684
2011-04-29 17:00:00,350.5831957826344
2011-04-29 18:00:00,348.2529339683025
2011-04-29 19:00:00,213.53185706431535
2011-04-29 20:00:00,154.89287289476485
2011-04-29 21:00:00,137.5319035497756
2011-04-29 22:00:00,105.67386573838365
2011-04-29 23:00:00,58.60562377184787
2011-04-30 00:00:00,58.75050500537483
2011-04-30 01:00:00,36.80071414470049
2011-04-30 02:00:00,33.49228672411726
2011-04-30 03:00:00,18.647623811464136
2011-04-30 04:00:00,4.92667726904394
2011-04-30 05:00:00,5.551390873418098
2011-04-30 06:00:00,18.368414463132005
2011-04-30 07:00:00,31.320256624753675
2011-04-30 08:00:00,84.64404924612775
2011-04-30 09:00:00,102.57164474235698
2011-04-30 10:00:00,228.28913901322687
2011-04-30 11:00:00,281.384540246788
2011-04-30 12:00:00,313.6699065325909
2011-04-30 13:00:00,319.73704029218743
2011-04-30 14:00:00,316.66665017297174
2011-04-30 15:00:00,317.6013991458051
2011-04-30 16:00:00,315.14862154279933
2011-04-30 17:00:00,293.0152214167703
2011-04-30 18:00:00,276.1323979938465
2011-04-30 19:00:00,197.0238456593124
2011-04-30 20:00:00,128.42263886737285
2011-04-30 21:00:00,114.29345991550788
2011-04-30 22:00:00,99.82747643022616
2011-04-30 23:00:00,57.609473014438734
2011-05-20 00:00:00,36.97958956944042
2011-05-20 01:00:00,16.92610653502548
2011-05-20 02:00:00,7.425549036992846
2011-05-20 03:00:00,6.915305738384934
2011-05-20 04:00:00,4.483811405447326
2011-05-20 05:00:00,21.208317429663637
2011-05-20 06:00:00,84.8522439528462
2011-05-20 07:00:00,272.42312985238664
2011-05-20 08:00:00,460.28971126374523
2011-05-20 09:00:00,214.56342177204093
2011-05-20 10:00:00,150.58642674899264
2011-05-20 11:00:00,176.72830745472066
2011-05-20 12:00:00,232.36639083922384
2011-05-20 13:00:00,233.01170573016478
2011-05-20 14:00:00,228.9376250348471
2011-05-20 15:00:00,236.19868137149226
2011-05-20 16:00:00,350.3303663579121
2011-05-20 17:00:00,443.47492387072134
2011-05-20 18:00:00,464.7211419995367
2011-05-20 19:00:00,337.0949025759857
2011-05-20 20:00:00,220.30525754967894
2011-05-20 21:00:00,205.48525765659545
2011-05-20 22:00:00,145.6190215056379
2011-05-20 23:00:00,100.86104900689735
2011-05-21 00:00:00,103.12977388939638
2011-05-21 01:00:00,70.96216007566221
2011-05-21 02:00:00,57.79318288123206
2011-05-21 03:00:00,26.777754866829092
2011-05-21 04:00:00,5.944219299594135
2011-05-21 05:00:00,9.666056324663053
2011-05-21 06:00:00,22.06686150271898
2011-05-21 07:00:00,49.927788322437166
2011-05-21 08:00:00,127.67276955893666
2011-05-21 09:00:00,205.2551342880341
2011-05-21 10:00:00,281.7109021655158
2011-05-21 11:00:00,384.4455252518233
2011-05-21 12:00:00,386.3758889152929
2011-05-21 13:00:00,400.2832142613055
2011-05-21 14:00:00,388.5246909083981
2011-05-21 15:00:00,395.6186751783824
2011-05-21 16:00:00,384.70342195542213
2011-05-21 17:00:00,383.7238029337789
2011-05-21 18:00:00,365.43438995669993
2011-05-21 19:00:00,318.6494552978887
2011-05-21 20:00:00,227.5915709435257
2011-05-21 21:00:00,189.72354888047158
2011-05-21 22:00:00,135.28936011420157
2011-05-21 23:00:00,97.79810081159236
2011-05-22 00:00:00,109.91691042095452
2011-05-22 01:00:00,69.33661744808128
2011-05-22 02:00:00,58.92926043413375
2011-05-22 03:00:00,28.878306085162468
2011-05-22 04:00:00,10.00770071293407
2011-05-22 05:00:00,12.784605784137685
2011-05-22 06:00:00,16.36835604583032
2011-05-22 07:00:00,48.3351564730043
2011-05-22 08:00:00,99.01332022248737
2011-05-22 09:00:00,180.32619123359106
2011-05-22 10:00:00,272.72715864160784
2011-05-22 11:00:00,381.8835310060829
2011-05-22 12:00:00,386.139598843272
2011-05-22 13:00:00,394.21032734933254
2011-05-22 14:00:00,315.7000313687454
2011-05-22 15:00:00,397.4996963431692
2011-05-22 16:00:00,399.1673780378745
2011-05-22 17:00:00,398.3586642584537
2011-05-22 18:00:00,381.40433852306177
2011-05-22 19:00:00,314.9077820235022
2011-05-22 20:00:00,244.42885669331767
2011-05-22 21:00:00,159.460116012312
2011-05-22 22:00:00,124.53602570610312
2011-05-22 23:00:00,77.24551607727943
2011-05-23 00:00:00,27.39527503807165
2011-05-23 01:00:00,18.090591825553293
2011-05-23 02:00:00,5.6189639651935375
2011-05-23 03:00:00,3.5786128083110285
2011-05-23 04:00:00,5.273532068194288
2011-05-23 05:00:00,17.018122451504485
2011-05-23 06:00:00,74.04092972661874
2011-05-23 07:00:00,221.0106774497621
2011-05-23 08:00:00,361.76254401474387
2011-05-23 09:00:00,192.67347365951866
2011-05-23 10:00:00,122.13017086408922
2011-05-23 11:00:00,150.8431728058301
2011-05-23 12:00:00,182.97687365549405
2011-05-23 13:00:00,175.70077559658904
2011-05-23 14:00:00,167.24316291785124
2011-05-23 15:00:00,170.07241993679136
2011-05-23 16:00:00,279.4514233434679
2011-05-23 17:00:00,381.3301562978836
2011-05-23 18:00:00,483.60066946232865
2011-05-23 19:00:00,390.31321383925325
2011-05-23 20:00:00,205.64140670308294
2011-05-23 21:00:00,119.22473587557499
2011-05-23 22:00:00,91.48566040087279
2011-05-23 23:00:00,72.24397946220489
2011-05-24 00:00:00,20.909509739460514
2011-05-24 01:00:00,11.737875976076214
2011-05-24 02:00:00,5.704472374336833
2011-05-24 03:00:00,3.4875758932766034
2011-05-24 04:00:00,6.183464022144543
2011-05-24 05:00:00,16.98939496840394
2011-05-24 06:00:00,90.66508048424629
2011-05-24 07:00:00,180.2745048683065
2011-05-24 08:00:00,387.527870853137
2011-05-24 09:00:00,207.5617275330512
2011-05-24 10:00:00,124.12870368102848
2011-05-24 11:00:00,150.23855645237208
2011-05-24 12:00:00,182.09949026379869
2011-05-24 13:00:00,187.90661720950405
2011-05-24 14:00:00,161.9593086169723
2011-05-24 15:00:00,171.00365503128037
2011-05-24 16:00:00,289.7947867165746
2011-05-24 17:00:00,467.8574886002064
2011-05-24 18:00:00,488.84179866444686
2011-05-24 19:00:00,351.67163015780795
2011-05-24 20:00:00,276.62945541363524
2011-05-24 21:00:00,203.18671990738994
2011-05-24 22:00:00,89.9952641322503
2011-05-24 23:00:00,93.58579687644976
2011-05-25 00:00:00,24.082475758575317
2011-05-25 01:00:00,11.876397195359269
2011-05-25 02:00:00,7.57809406141911
2011-05-25 03:00:00,4.605697604830315
2011-05-25 04:00:00,5.47134308909798
2011-05-25 05:00:00,21.18745501275961
2011-05-25 06:00:00,86.80272680132123
2011-05-25 07:00:00,318.2476145312844
2011-05-25 08:00:00,444.15207646130676
2011-05-25 09:00:00,207.2091678544944
2011-05-25 10:00:00,128.2636119077317
2011-05-25 11:00:00,147.81421708404
2011-05-25 12:00:00,196.71769428842214
2011-05-25 13:00:00,178.92728369289304
2011-05-25 14:00:00,164.3425157855065
2011-05-25 15:00:00,173.261146242146
2011-05-25 16:00:00,280.7463112053557
2011-05-25 17:00:00,482.08765584674853
2011-05-25 18:00:00,421.53321114822336
2011-05-25 19:00:00,403.8223196595875
2011-05-25 20:00:00,298.75013101159885
2011-05-25 21:00:00,205.08752079293663
2011-05-25 22:00:00,147.66138111719386
2011-05-25 23:00:00,97.26614673875004
2011-05-26 00:00:00,56.25337175645466
2011-05-26 01:00:00,20.461586866462902
2011-05-26 02:00:00,10.176856914827706
2011-05-26 03:00:00,5.331779618311867
2011-05-26 04:00:00,6.002816769730894
2011-05-26 05:00:00,19.891356685834488
2011-05-26 06:00:00,76.12530074091106
2011-05-26 07:00:00,205.87709927662848
2011-05-26 08:00:00,414.9909869635311
2011-05-26 09:00:00,200.95755245705612
2011-05-26 10:00:00,119.76748802587143
2011-05-26 11:00:00,150.13962070011584
2011-05-26 12:00:00,184.21732623503888
2011-05-26 13:00:00,165.1018485813656
2011-05-26 14:00:00,160.45427173028486
2011-05-26 15:00:00,155.29986385270078
2011-05-26 16:00:00,260.0354749998247
2011-05-26 17:00:00,541.539226320989
2011-05-26 18:00:00,529.0149061200109
2011-05-26 19:00:00,362.8710735924568
2011-05-26 20:00:00,291.1460423115816
2011-05-26 21:00:00,201.0749450112502
2011-05-26 22:00:00,156.64834413668285
2011-05-26 23:00:00,120.58281579449462
2011-05-27 00:00:00,66.2907616106975
2011-05-27 01:00:00,24.591583276790406
2011-05-27 02:00:00,15.096184947243199
2011-05-27 03:00:00,9.098737929614828
2011-05-27 04:00:00,5.251969207417273
2011-05-27 05:00:00,26.033040382423188
2011-05-27 06:00:00,103.46289281853397
2011-05-27 07:00:00,278.9533683116348
2011-05-27 08:00:00,447.8769982871054
2011-05-27 09:00:00,213.36117396186341
2011-05-27 10:00:00,146.60739477277085
2011-05-27 11:00:00,171.6239888502473
2011-05-27 12:00:00,222.8040807428122
2011-05-27 13:00:00,220.0122514322991
2011-05-27 14:00:00,216.40879657920416
2011-05-27 15:00:00,224.8820517337342
2011-05-27 16:00:00,311.31828191752334
2011-05-27 17:00:00,529.0450661396178
2011-05-27 18:00:00,441.7359219037431
2011-05-27 19:00:00,317.26656472475736
2011-05-27 20:00:00,211.4916718947233
2011-05-27 21:00:00,174.42449793100866
2011-05-27 22:00:00,146.97551169701387
2011-05-27 23:00:00,106.83321307464047
2011-05-28 00:00:00,113.09824672562685
2011-05-28 01:00:00,79.17366904156987
2011-05-28 02:00:00,56.189438446772286
2011-05-28 03:00:00,30.69334899388792
2011-05-28 04:00:00,6.255649943558792
2011-05-28 05:00:00,12.075767762493449
2011-05-28 06:00:00,18.528299780155173
2011-05-28 07:00:00,53.041608101433084
2011-05-28 08:00:00,123.33707213278745
2011-05-28 09:00:00,199.1663462578948
2011-05-28 10:00:00,294.23856427876564
2011-05-28 11:00:00,391.4465857273156
2011-05-28 12:00:00,379.2364149038289
2011-05-28 13:00:00,407.0413368647388
2011-05-28 14:00:00,391.584428742416
2011-05-28 15:00:00,419.955656306502
2011-05-28 16:00:00,402.0186314966974
2011-05-28 17:00:00,404.40680981638343
2011-05-28 18:00:00,378.675230002843
2011-05-28 19:00:00,285.1991554413421
2011-05-28 20:00:00,276.6038426126767
2011-05-28 21:00:00,212.31484209689077
2011-05-28 22:00:00,174.13943341605113
2011-05-28 23:00:00,121.77023666119013
2011-05-29 00:00:00,115.53532855879337
2011-05-29 01:00:00,82.78750893753121
2011-05-29 02:00:00,62.51252224944035
2011-05-29 03:00:00,29.07742737249551
2011-05-29 04:00:00,8.78185214777421
2011-05-29 05:00:00,11.882378439641297
2011-05-29 06:00:00,11.383794458147287
2011-05-29 07:00:00,32.449763145781425
2011-05-29 08:00:00,77.05792221038493
2011-05-29 09:00:00,67.35299851958212
2011-05-29 10:00:00,233.31114840538626
2011-05-29 11:00:00,266.06857595517
2011-05-29 12:00:00,294.4206871903076
2011-05-29 13:00:00,423.92493065625337
2011-05-29 14:00:00,399.4575369361424
2011-05-29 15:00:00,398.7713575646141
2011-05-29 16:00:00,401.07454824353124
2011-05-29 17:00:00,400.22772860258306
2011-05-29 18:00:00,262.80008027430654
2011-05-29 19:00:00,274.3014798918082
2011-05-29 20:00:00,206.38702486462157
2011-05-29 21:00:00,156.74597398545808
2011-05-29 22:00:00,104.99818049207931
2011-05-29 23:00:00,88.0207931140981
2011-05-30 00:00:00,107.03592071060508
2011-05-30 01:00:00,70.4861465867805
2011-05-30 02:00:00,43.477165022197184
2011-05-30 03:00:00,20.63575733985755
2011-05-30 04:00:00,7.399441028396883
2011-05-30 05:00:00,8.59609978761845
2011-05-30 06:00:00,17.876708015897893
2011-05-30 07:00:00,52.624691195937004
2011-05-30 08:00:00,87.9204357663762
2011-05-30 09:00:00,177.04035624910253
2011-05-30 10:00:00,288.6340287515458
2011-05-30 11:00:00,374.44971341404374
2011-05-30 12:00:00,385.42459259433497
2011-05-30 13:00:00,393.3181230069183
2011-05-30 14:00:00,390.7893605208478
2011-05-30 15:00:00,370.44858168405034
2011-05-30 16:00:00,382.39976998403705
2011-05-30 17:00:00,370.53789381191217
2011-05-30 18:00:00,368.96855291520956
2011-05-30 19:00:00,239.12638325551836
2011-05-30 20:00:00,283.4693176968766
2011-05-30 21:00:00,199.5182729049115
2011-05-30 22:00:00,132.70318374334477
2011-05-30 23:00:00,72.47872267730773
2011-05-31 00:00:00,28.4553400923311
2011-05-31 01:00:00,18.4250828829676
2011-05-31 02:00:00,6.987476454125255
2011-05-31 03:00:00,4.069711852404654
2011-05-31 04:00:00,6.51061549818126
2011-05-31 05:00:00,19.700527800398135
2011-05-31 06:00:00,111.54112282321785
2011-05-31 07:00:00,307.0567427022612
2011-05-31 08:00:00,427.7189192034177
2011-05-31 09:00:00,186.5946000152567
2011-05-31 10:00:00,130.58369405203743
2011-05-31 11:00:00,128.39351933562375
2011-05-31 12:00:00,155.8035418220788
2011-05-31 13:00:00,149.49190255977652
2011-05-31 14:00:00,141.53328497540238
2011-05-31 15:00:00,147.2684896901994
2011-05-31 16:00:00,233.25405868379255
2011-05-31 17:00:00,513.9926457202687
2011-05-31 18:00:00,513.9301699307105
2011-05-31 19:00:00,370.7481301868841
2011-05-31 20:00:00,282.98118243953985
2011-05-31 21:00:00,212.18323277617296
2011-05-31 22:00:00,151.44410156764707
2011-05-31 23:00:00,81.23614737224158
2011-06-20 00:00:00,29.564737234847474
2011-06-20 01:00:00,14.35332747149029
2011-06-20 02:00:00,7.542193732820008
2011-06-20 03:00:00,2.7632060976052006
2011-06-20 04:00:00,3.877870581671231
2011-06-20 05:00:00,14.852305815142346
2011-06-20 06:00:00,74.28959498546152
2011-06-20 07:00:00,152.3208496808295
2011-06-20 08:00:00,348.32697249045424
2011-06-20 09:00:00,206.39630749465354
2011-06-20 10:00:00,121.86222378171107
2011-06-20 11:00:00,135.00180570463144
2011-06-20 12:00:00,176.69284618280923
2011-06-20 13:00:00,173.15967314796978
2011-06-20 14:00:00,174.4863239565519
2011-06-20 15:00:00,168.9886503713026
2011-06-20 16:00:00,292.13792073126655
2011-06-20 17:00:00,498.16943147946796
2011-06-20 18:00:00,532.2423486878555
2011-06-20 19:00:00,369.0058163707636
2011-06-20 20:00:00,295.1754352417506
2011-06-20 21:00:00,193.24869262174602
2011-06-20 22:00:00,127.32038616746382
2011-06-20 23:00:00,78.1822831492877
2011-06-21 00:00:00,28.691917811072727
2011-06-21 01:00:00,10.281636790456501
2011-06-21 02:00:00,6.135974055918641
2011-06-21 03:00:00,4.126574986902871
2011-06-21 04:00:00,6.230025866518303
2011-06-21 05:00:00,20.893379206204788
2011-06-21 06:00:00,111.4884874354323
2011-06-21 07:00:00,223.079518227273
2011-06-21 08:00:00,366.5184503772348
2011-06-21 09:00:00,215.36647274147234
2011-06-21 10:00:00,131.05395432102347
2011-06-21 11:00:00,133.11386024263885
2011-06-21 12:00:00,178.96732195362347
2011-06-21 13:00:00,168.85169860898876
2011-06-21 14:00:00,158.95160685196691
2011-06-21 15:00:00,171.33944374574867
2011-06-21 16:00:00,289.2129262109413
2011-06-21 17:00:00,543.0750189816124
2011-06-21 18:00:00,479.79467159488854
2011-06-21 19:00:00,341.01238871556455
2011-06-21 20:00:00,229.77417463815843
2011-06-21 21:00:00,214.3085711380476
2011-06-21 22:00:00,152.42329347682056
2011-06-21 23:00:00,97.01607541321518
2011-06-22 00:00:00,32.85561694737007
2011-06-22 01:00:00,18.27083036416548
2011-06-22 02:00:00,6.1913066364360505
2011-06-22 03:00:00,6.009047772012732
2011-06-22 04:00:00,6.0653918855154005
2011-06-22 05:00:00,23.446755811678187
2011-06-22 06:00:00,111.71061082980819
2011-06-22 07:00:00,305.9150824494845
2011-06-22 08:00:00,437.7766589394309
2011-06-22 09:00:00,199.0731605082742
2011-06-22 10:00:00,118.62356529235264
2011-06-22 11:00:00,140.78675359656063
2011-06-22 12:00:00,160.85780670441156
2011-06-22 13:00:00,152.5289475639204
2011-06-22 14:00:00,147.05877800130136
2011-06-22 15:00:00,151.10687629061434
2011-06-22 16:00:00,263.6247610219892
2011-06-22 17:00:00,525.5025034881191
2011-06-22 18:00:00,512.5191334146182
2011-06-22 19:00:00,355.8571383574623
2011-06-22 20:00:00,279.61593095788555
2011-06-22 21:00:00,200.2640213817917
2011-06-22 22:00:00,151.3953347990682
2011-06-22 23:00:00,91.96822343043561
2011-06-23 00:00:00,39.29264696496585
2011-06-23 01:00:00,19.748090877975056
2011-06-23 02:00:00,8.187555349603148
2011-06-23 03:00:00,3.90360448338697
2011-06-23 04:00:00,5.485457030690643
2011-06-23 05:00:00,24.670149783541387
2011-06-23 06:00:00,117.7840941907759
2011-06-23 07:00:00,315.81160112410936
2011-06-23 08:00:00,428.0208502788319
2011-06-23 09:00:00,205.99701524890384
2011-06-23 10:00:00,122.5571350136464
2011-06-23 11:00:00,148.50738933003453
2011-06-23 12:00:00,174.34418475688614
2011-06-23 13:00:00,176.99038935305504
2011-06-23 14:00:00,155.20921471079146
2011-06-23 15:00:00,171.98024730614307
2011-06-23 16:00:00,293.8643060776718
2011-06-23 17:00:00,491.88345448239113
2011-06-23 18:00:00,478.1997752414114
2011-06-23 19:00:00,367.10723678055234
2011-06-23 20:00:00,283.68884455738686
2011-06-23 21:00:00,207.11096464680557
2011-06-23 22:00:00,153.35457456827194
2011-06-23 23:00:00,112.51795310429067
2011-06-24 00:00:00,51.464128703690704
2011-06-24 01:00:00,23.397008733345015
2011-06-24 02:00:00,9.978554636425532
2011-06-24 03:00:00,5.946099715546992
2011-06-24 04:00:00,5.699405333508861
2011-06-24 05:00:00,23.297179676906694
2011-06-24 06:00:00,98.04279881521202
2011-06-24 07:00:00,288.2433677534862
2011-06-24 08:00:00,444.7568665831333
2011-06-24 09:00:00,223.3023700276475
2011-06-24 10:00:00,130.38706535812713
2011-06-24 11:00:00,172.4755729787468
2011-06-24 12:00:00,221.3556321518274
2011-06-24 13:00:00,216.25751639758155
2011-06-24 14:00:00,223.08615932450104
2011-06-24 15:00:00,199.9339526622841
2011-06-24 16:00:00,320.8362986598438
2011-06-24 17:00:00,553.49545365953
2011-06-24 18:00:00,482.69020028422733
2011-06-24 19:00:00,379.5590173749138
2011-06-24 20:00:00,295.7161767269268
2011-06-24 21:00:00,226.68249520517918
2011-06-24 22:00:00,209.5030199089212
2011-06-24 23:00:00,139.520883290282
2011-06-25 00:00:00,103.53882903916576
2011-06-25 01:00:00,79.75810031715429
2011-06-25 02:00:00,52.94440740064127
2011-06-25 03:00:00,29.17331306920169
2011-06-25 04:00:00,9.174814303700687
2011-06-25 05:00:00,9.754703300136175
2011-06-25 06:00:00,30.4608957513926
2011-06-25 07:00:00,54.79880208711666
2011-06-25 08:00:00,145.83143451260898
2011-06-25 09:00:00,213.58673252926638
2011-06-25 10:00:00,294.70450094050364
2011-06-25 11:00:00,386.3572031463498
2011-06-25 12:00:00,413.2387288801287
2011-06-25 13:00:00,420.5308852190872
2011-06-25 14:00:00,418.5745547345048
2011-06-25 15:00:00,402.05989550789417
2011-06-25 16:00:00,430.3438321350912
2011-06-25 17:00:00,425.2256652664485
2011-06-25 18:00:00,390.99842767390277
2011-06-25 19:00:00,307.71805797741575
2011-06-25 20:00:00,283.39793830551486
2011-06-25 21:00:00,212.89270343476755
2011-06-25 22:00:00,178.70268638496273
2011-06-25 23:00:00,133.17775531332506
2011-06-26 00:00:00,97.95441368460652
2011-06-26 01:00:00,87.95094991545699
2011-06-26 02:00:00,68.9997090849806
2011-06-26 03:00:00,33.06109907442635
2011-06-26 04:00:00,11.351763877219108
2011-06-26 05:00:00,12.70678879302706
2011-06-26 06:00:00,26.18431183051684
2011-06-26 07:00:00,52.8023674563267
2011-06-26 08:00:00,111.76186051155948
2011-06-26 09:00:00,194.60395512612183
2011-06-26 10:00:00,296.72816935501845
2011-06-26 11:00:00,390.5454449205471
2011-06-26 12:00:00,400.01246355368374
2011-06-26 13:00:00,385.8864235799243
2011-06-26 14:00:00,394.0914156548705
2011-06-26 15:00:00,385.52742478212167
2011-06-26 16:00:00,397.6015542323576
2011-06-26 17:00:00,384.86749240270353
2011-06-26 18:00:00,375.7177923341384
2011-06-26 19:00:00,318.6061658470254
2011-06-26 20:00:00,258.2234094246328
2011-06-26 21:00:00,190.09662791950495
2011-06-26 22:00:00,168.79213372384544
2011-06-26 23:00:00,99.77379655211946
2011-06-27 00:00:00,30.09230727906927
2011-06-27 01:00:00,9.530038402944625
2011-06-27 02:00:00,7.674090910892003
2011-06-27 03:00:00,4.102844456843664
2011-06-27 04:00:00,5.087834759985057
2011-06-27 05:00:00,20.280516784813862
2011-06-27 06:00:00,109.42427790277638
2011-06-27 07:00:00,305.4237793136398
2011-06-27 08:00:00,411.5330512616987
2011-06-27 09:00:00,199.95378765928274
2011-06-27 10:00:00,111.27200319150577
2011-06-27 11:00:00,156.88845140709486
2011-06-27 12:00:00,188.32634199648575
2011-06-27 13:00:00,168.53065585933933
2011-06-27 14:00:00,163.2473211746844
2011-06-27 15:00:00,171.65248652091623
2011-06-27 16:00:00,287.43445381810113
2011-06-27 17:00:00,571.7044181038116
2011-06-27 18:00:00,529.2885343535506
2011-06-27 19:00:00,396.3352477632764
2011-06-27 20:00:00,302.01789303273296
2011-06-27 21:00:00,190.8278215735649
2011-06-27 22:00:00,133.69700503042455
2011-06-27 23:00:00,84.12526632036939
2011-06-28 00:00:00,28.829573103495765
2011-06-28 01:00:00,16.01964010965403
2011-06-28 02:00:00,8.466296563641258
2011-06-28 03:00:00,5.38895389274139
2011-06-28 04:00:00,6.366999227956468
2011-06-28 05:00:00,22.926107914906176
2011-06-28 06:00:00,110.55283393534677
2011-06-28 07:00:00,309.5026300237502
2011-06-28 08:00:00,433.1081907296186
2011-06-28 09:00:00,203.1533831094723
2011-06-28 10:00:00,118.53857006046837
2011-06-28 11:00:00,136.35817817871583
2011-06-28 12:00:00,166.9668045081989
2011-06-28 13:00:00,161.081827798781
2011-06-28 14:00:00,148.06381955583484
2011-06-28 15:00:00,152.01833950929893
2011-06-28 16:00:00,243.7916191314171
2011-06-28 17:00:00,405.66124205935233
2011-06-28 18:00:00,351.201670444292
2011-06-28 19:00:00,312.86159139066876
2011-06-28 20:00:00,288.5712994650555
2011-06-28 21:00:00,210.6059176401607
2011-06-28 22:00:00,146.60010653130095
2011-06-28 23:00:00,93.36937316016815
2011-06-29 00:00:00,30.29667914096233
2011-06-29 01:00:00,16.5161111780776
2011-06-29 02:00:00,5.427274006057066
2011-06-29 03:00:00,5.5285071768452925
2011-06-29 04:00:00,5.839275586672259
2011-06-29 05:00:00,27.12743009491725
2011-06-29 06:00:00,111.86394434594315
2011-06-29 07:00:00,303.60440499599184
2011-06-29 08:00:00,473.97285639427423
2011-06-29 09:00:00,209.27597953051358
2011-06-29 10:00:00,114.38510101268815
2011-06-29 11:00:00,154.591436421411
2011-06-29 12:00:00,193.01068043055565
2011-06-29 13:00:00,186.99108308029682
2011-06-29 14:00:00,159.49983721357341
2011-06-29 15:00:00,171.37861555777135
2011-06-29 16:00:00,301.9723892959218
2011-06-29 17:00:00,564.3590950588331
2011-06-29 18:00:00,560.7890419621305
2011-06-29 19:00:00,364.6840426432746
2011-06-29 20:00:00,287.45684215780796
2011-06-29 21:00:00,234.36833727981852
2011-06-29 22:00:00,158.33992169958074
2011-06-29 23:00:00,107.94634892526712
2011-06-30 00:00:00,44.388704984885
2011-06-30 01:00:00,19.114158165809325
2011-06-30 02:00:00,7.639197625259813
2011-06-30 03:00:00,5.5641422704885795
2011-06-30 04:00:00,5.336118616084713
2011-06-30 05:00:00,27.517603101512076
2011-06-30 06:00:00,112.67007757087585
2011-06-30 07:00:00,323.09077084208553
2011-06-30 08:00:00,457.3945702878466
2011-06-30 09:00:00,207.80806372113395
2011-06-30 10:00:00,123.47479214093609
2011-06-30 11:00:00,151.299214010422
2011-06-30 12:00:00,196.6111021393096
2011-06-30 13:00:00,194.1100385965669
2011-06-30 14:00:00,162.4983746903505
2011-06-30 15:00:00,184.37477007583638
2011-06-30 16:00:00,298.917521004162
2011-06-30 17:00:00,576.6047937876815
2011-06-30 18:00:00,554.6127097638978
2011-06-30 19:00:00,385.1845328978953
2011-06-30 20:00:00,303.04158386720354
2011-06-30 21:00:00,210.30715781568864
2011-06-30 22:00:00,158.8409190019256
2011-06-30 23:00:00,124.68370018335663
2011-07-20 00:00:00,31.279691249690238
2011-07-20 01:00:00,16.732195392976816
2011-07-20 02:00:00,6.0976419223831115
2011-07-20 03:00:00,5.523803209800717
2011-07-20 04:00:00,6.090677346935271
2011-07-20 05:00:00,31.23028616416729
2011-07-20 06:00:00,114.76572901798129
2011-07-20 07:00:00,297.5755271923008
2011-07-20 08:00:00,430.3918837762851
2011-07-20 09:00:00,200.93215089976871
2011-07-20 10:00:00,112.72282017463343
2011-07-20 11:00:00,139.21210388875477
2011-07-20 12:00:00,161.08010323644967
2011-07-20 13:00:00,155.71287080486965
2011-07-20 14:00:00,146.7464194989712
2011-07-20 15:00:00,150.8122422356569
2011-07-20 16:00:00,249.32416721770548
2011-07-20 17:00:00,493.0434618569761
2011-07-20 18:00:00,492.99770218169186
2011-07-20 19:00:00,379.54857550457695
2011-07-20 20:00:00,292.00647829633107
2011-07-20 21:00:00,202.48800304244008
2011-07-20 22:00:00,159.30721246120373
2011-07-20 23:00:00,102.42660525431806
2011-07-21 00:00:00,44.602919605723166
2011-07-21 01:00:00,19.58340129336482
2011-07-21 02:00:00,6.677993350147269
2011-07-21 03:00:00,3.7422874290949455
2011-07-21 04:00:00,5.950414939162326
2011-07-21 05:00:00,20.977011413312333
2011-07-21 06:00:00,115.2564306700626
2011-07-21 07:00:00,301.1866828406897
2011-07-21 08:00:00,428.53104097096923
2011-07-21 09:00:00,195.06810084739024
2011-07-21 10:00:00,117.00874341848584
2011-07-21 11:00:00,128.84244364961054
2011-07-21 12:00:00,151.16643917778205
2011-07-21 13:00:00,147.4659171039801
2011-07-21 14:00:00,140.02020933596793
2011-07-21 15:00:00,144.84637505755023
2011-07-21 16:00:00,231.0235400905923
2011-07-21 17:00:00,458.6158719113055
2011-07-21 18:00:00,463.71648125847406
2011-07-21 19:00:00,379.07768255413373
2011-07-21 20:00:00,285.91190130331404
2011-07-21 21:00:00,198.6970829726536
2011-07-21 22:00:00,150.76144701155417
2011-07-21 23:00:00,109.77178989367576
2011-07-22 00:00:00,57.66498620411083
2011-07-22 01:00:00,31.01832062641119
2011-07-22 02:00:00,18.83544252389805
2011-07-22 03:00:00,6.2660706331357785
2011-07-22 04:00:00,7.006081712244059
2011-07-22 05:00:00,22.406377533725937
2011-07-22 06:00:00,107.43540841930628
2011-07-22 07:00:00,285.3377810141601
2011-07-22 08:00:00,442.5071710011382
2011-07-22 09:00:00,209.79346516174513
2011-07-22 10:00:00,128.39332160659217
2011-07-22 11:00:00,170.4128028693452
2011-07-22 12:00:00,180.3633272455652
2011-07-22 13:00:00,176.53203262756645
2011-07-22 14:00:00,183.71045497569798
2011-07-22 15:00:00,172.01282881889773
2011-07-22 16:00:00,275.6270465146675
2011-07-22 17:00:00,483.2196429616217
2011-07-22 18:00:00,452.2472919357906
2011-07-22 19:00:00,366.8725372686448
2011-07-22 20:00:00,289.05787200373027
2011-07-22 21:00:00,194.7621763895323
2011-07-22 22:00:00,191.6156829727606
2011-07-22 23:00:00,117.96103976808719
2011-07-23 00:00:00,119.27485554951731
2011-07-23 01:00:00,82.6833996248975
2011-07-23 02:00:00,64.58631922840443
2011-07-23 03:00:00,28.832103978135873
2011-07-23 04:00:00,9.293586725057233
2011-07-23 05:00:00,9.848457181849877
2011-07-23 06:00:00,34.39580231963387
2011-07-23 07:00:00,65.55620598894927
2011-07-23 08:00:00,154.48094069653135
2011-07-23 09:00:00,162.49397603618561
2011-07-23 10:00:00,287.17024699386053
2011-07-23 11:00:00,330.22665751976723
2011-07-23 12:00:00,371.67412142347024
2011-07-23 13:00:00,373.7480883229108
2011-07-23 14:00:00,388.07698252664886
2011-07-23 15:00:00,388.2051376740012
2011-07-23 16:00:00,375.9942840688699
2011-07-23 17:00:00,362.2080937781499
2011-07-23 18:00:00,364.6457081019941
2011-07-23 19:00:00,315.5951776326347
2011-07-23 20:00:00,296.826655957706
2011-07-23 21:00:00,206.56329675184463
2011-07-23 22:00:00,171.1497316014493
2011-07-23 23:00:00,122.19278497668921
2011-07-24 00:00:00,131.57308500950145
2011-07-24 01:00:00,94.74395411301658
2011-07-24 02:00:00,77.74595030551966
2011-07-24 03:00:00,31.634467114206068
2011-07-24 04:00:00,7.843730319209298
2011-07-24 05:00:00,10.05699676146388
2011-07-24 06:00:00,29.817162229467506
2011-07-24 07:00:00,62.62897493298629
2011-07-24 08:00:00,127.51346536160011
2011-07-24 09:00:00,159.50841661233855
2011-07-24 10:00:00,290.550349525448
2011-07-24 11:00:00,341.10874804147045
2011-07-24 12:00:00,367.17276790630314
2011-07-24 13:00:00,379.65742082537366
2011-07-24 14:00:00,370.9714216313278
2011-07-24 15:00:00,355.8554412434834
2011-07-24 16:00:00,368.56914917472164
2011-07-24 17:00:00,368.86655170590564
2011-07-24 18:00:00,360.10137560070257
2011-07-24 19:00:00,336.8604304249222
2011-07-24 20:00:00,279.21740808592136
2011-07-24 21:00:00,203.57342638151917
2011-07-24 22:00:00,160.10496408277916
2011-07-24 23:00:00,100.70087062255826
2011-07-25 00:00:00,42.44499657032738
2011-07-25 01:00:00,14.591417310643417
2011-07-25 02:00:00,6.885259747562075
2011-07-25 03:00:00,4.467171465865416
2011-07-25 04:00:00,6.038495002023759
2011-07-25 05:00:00,22.79550751267981
2011-07-25 06:00:00,112.90219549471513
2011-07-25 07:00:00,301.2318442990957
2011-07-25 08:00:00,405.71853036345976
2011-07-25 09:00:00,188.91606338736582
2011-07-25 10:00:00,111.76587303192244
2011-07-25 11:00:00,125.0329050612538
2011-07-25 12:00:00,147.73368346698
2011-07-25 13:00:00,156.98938558955444
2011-07-25 14:00:00,145.94496586890537
2011-07-25 15:00:00,135.66978231810305
2011-07-25 16:00:00,163.61961263517256
2011-07-25 17:00:00,470.0836928673099
2011-07-25 18:00:00,486.07593996325267
2011-07-25 19:00:00,392.07927845885945
2011-07-25 20:00:00,288.0211128788719
2011-07-25 21:00:00,152.5173932732778
2011-07-25 22:00:00,140.00547294832907
2011-07-25 23:00:00,75.050215364372
2011-07-26 00:00:00,27.160099502499474
2011-07-26 01:00:00,16.423883983869228
2011-07-26 02:00:00,8.474010801600182
2011-07-26 03:00:00,4.510887838408303
2011-07-26 04:00:00,5.143149946296806
2011-07-26 05:00:00,24.37866273701699
2011-07-26 06:00:00,113.07934565579903
2011-07-26 07:00:00,310.5167298303227
2011-07-26 08:00:00,432.0491484729692
2011-07-26 09:00:00,199.70788374551452
2011-07-26 10:00:00,131.69488428022245
2011-07-26 11:00:00,154.01423883238584
2011-07-26 12:00:00,188.41393477215237
2011-07-26 13:00:00,192.00567960415884
2011-07-26 14:00:00,169.52282003559327
2011-07-26 15:00:00,161.2492109867314
2011-07-26 16:00:00,271.43448494202113
2011-07-26 17:00:00,556.1625588961799
2011-07-26 18:00:00,545.3254125666571
2011-07-26 19:00:00,370.1148568944206
2011-07-26 20:00:00,296.7273815060398
2011-07-26 21:00:00,239.1339859914543
2011-07-26 22:00:00,172.2087492991014
2011-07-26 23:00:00,83.1602600238774
2011-07-27 00:00:00,44.76100852731754
2011-07-27 01:00:00,16.152962506657463
2011-07-27 02:00:00,6.982817603227604
2011-07-27 03:00:00,4.640482725503337
2011-07-27 04:00:00,5.445482703493741
2011-07-27 05:00:00,27.4474100365733
2011-07-27 06:00:00,112.4208808442762
2011-07-27 07:00:00,301.17921807321693
2011-07-27 08:00:00,449.92791768544544
2011-07-27 09:00:00,202.12002943854077
2011-07-27 10:00:00,114.33386403906644
2011-07-27 11:00:00,154.1751808909428
2011-07-27 12:00:00,195.66309377406276
2011-07-27 13:00:00,191.5178316910701
2011-07-27 14:00:00,173.97792359579884
2011-07-27 15:00:00,180.62949399943335
2011-07-27 16:00:00,276.2341068990415
2011-07-27 17:00:00,574.1043231243717
2011-07-27 18:00:00,558.5623115026192
2011-07-27 19:00:00,388.2862525327294
2011-07-27 20:00:00,301.4926416476949
2011-07-27 21:00:00,239.94318639299814
2011-07-27 22:00:00,174.5615738066986
2011-07-27 23:00:00,90.45003674154162
2011-07-28 00:00:00,48.3564664909067
2011-07-28 01:00:00,19.716347788104628
2011-07-28 02:00:00,9.692685036084614
2011-07-28 03:00:00,5.722363910349031
2011-07-28 04:00:00,5.493958860190064
2011-07-28 05:00:00,27.658752590845378
2011-07-28 06:00:00,108.2332677139849
2011-07-28 07:00:00,305.5857963778697
2011-07-28 08:00:00,429.42404358371385
2011-07-28 09:00:00,191.8677446379158
2011-07-28 10:00:00,119.96825154165305
2011-07-28 11:00:00,132.88518652176467
2011-07-28 12:00:00,156.18540371188016
2011-07-28 13:00:00,148.46946230013788
2011-07-28 14:00:00,145.27729666730102
2011-07-28 15:00:00,151.94429111643223
2011-07-28 16:00:00,237.5770522883552
2011-07-28 17:00:00,502.7618358169133
2011-07-28 18:00:00,480.78905119402515
2011-07-28 19:00:00,378.68821274482315
2011-07-28 20:00:00,290.68187976019954
2011-07-28 21:00:00,204.3779864117706
2011-07-28 22:00:00,150.11565308665013
2011-07-28 23:00:00,106.57426811128231
2011-07-29 00:00:00,48.93306752229651
2011-07-29 01:00:00,27.89220285252274
2011-07-29 02:00:00,18.33514653965491
2011-07-29 03:00:00,6.523001123087036
2011-07-29 04:00:00,6.69075077508561
2011-07-29 05:00:00,21.98652398396754
2011-07-29 06:00:00,101.2185240578105
2011-07-29 07:00:00,288.9525574070173
2011-07-29 08:00:00,430.1637227377356
2011-07-29 09:00:00,208.2506633863348
2011-07-29 10:00:00,128.39661813717225
2011-07-29 11:00:00,169.97980957847736
2011-07-29 12:00:00,181.62687207719605
2011-07-29 13:00:00,175.2836496348991
2011-07-29 14:00:00,183.28689621992567
2011-07-29 15:00:00,175.96823570172367
2011-07-29 16:00:00,281.2471005754201
2011-07-29 17:00:00,494.4120089606788
2011-07-29 18:00:00,463.17627582611556
2011-07-29 19:00:00,380.8764368812164
2011-07-29 20:00:00,281.4810869713225
2011-07-29 21:00:00,212.65070898117787
2011-07-29 22:00:00,216.45944914870324
2011-07-29 23:00:00,109.69827045117664
2011-07-30 00:00:00,127.99778532587942
2011-07-30 01:00:00,82.63176939423458
2011-07-30 02:00:00,64.49726193939443
2011-07-30 03:00:00,32.13621883734637
2011-07-30 04:00:00,8.474112269517684
2011-07-30 05:00:00,10.329187463893163
2011-07-30 06:00:00,31.21021028805616
2011-07-30 07:00:00,57.39478629064231
2011-07-30 08:00:00,147.75074715449273
2011-07-30 09:00:00,174.0867050834219
2011-07-30 10:00:00,288.5491975819597
2011-07-30 11:00:00,336.10515383138267
2011-07-30 12:00:00,370.96867232529553
2011-07-30 13:00:00,394.04326499988827
2011-07-30 14:00:00,389.79521787628823
2011-07-30 15:00:00,365.60433098756533
2011-07-30 16:00:00,373.32576214496765
2011-07-30 17:00:00,371.3157516144816
2011-07-30 18:00:00,366.82029497763585
2011-07-30 19:00:00,342.9664263249999
2011-07-30 20:00:00,286.0905853675349
2011-07-30 21:00:00,235.4326593408531
2011-07-30 22:00:00,198.93074552505414
2011-07-30 23:00:00,115.4407500117948
2011-07-31 00:00:00,129.7367623993829
2011-07-31 01:00:00,97.39259476624193
2011-07-31 02:00:00,83.31614114126526
2011-07-31 03:00:00,31.56542238617589
2011-07-31 04:00:00,7.533271579429156
2011-07-31 05:00:00,13.505984811554322
2011-07-31 06:00:00,29.116231879980173
2011-07-31 07:00:00,62.41041577768539
2011-07-31 08:00:00,121.74150464482535
2011-07-31 09:00:00,181.98323079221868
2011-07-31 10:00:00,273.48204182061414
2011-07-31 11:00:00,330.22423019231024
2011-07-31 12:00:00,368.3028741208436
2011-07-31 13:00:00,380.81939847066946
2011-07-31 14:00:00,360.79119479542584
2011-07-31 15:00:00,349.24233284853017
2011-07-31 16:00:00,364.2940183740453
2011-07-31 17:00:00,354.23507241332646
2011-07-31 18:00:00,361.92745471382625
2011-07-31 19:00:00,314.0112791337862
2011-07-31 20:00:00,271.92532735433434
2011-07-31 21:00:00,227.5083827256294
2011-07-31 22:00:00,149.05948050304113
2011-07-31 23:00:00,78.61861618955791
2011-08-20 00:00:00,114.37317806877054
2011-08-20 01:00:00,83.39950088211812
2011-08-20 02:00:00,59.721128377606604
2011-08-20 03:00:00,31.126725905694414
2011-08-20 04:00:00,7.998664168487547
2011-08-20 05:00:00,12.376955888929675
2011-08-20 06:00:00,25.765025657098352
2011-08-20 07:00:00,52.74255205290478
2011-08-20 08:00:00,113.57680441755375
2011-08-20 09:00:00,206.1251079959454
2011-08-20 10:00:00,274.70986532127915
2011-08-20 11:00:00,344.26753949422994
2011-08-20 12:00:00,351.85643455176364
2011-08-20 13:00:00,362.36394600559197
2011-08-20 14:00:00,369.16917510864977
2011-08-20 15:00:00,363.12786588675795
2011-08-20 16:00:00,364.09512539498934
2011-08-20 17:00:00,368.45946677366385
2011-08-20 18:00:00,334.65224700402246
2011-08-20 19:00:00,317.8900534215811
2011-08-20 20:00:00,269.5691082637204
2011-08-20 21:00:00,213.02910753768725
2011-08-20 22:00:00,168.5290865010128
2011-08-20 23:00:00,125.21672389362674
2011-08-21 00:00:00,114.9845510329172
2011-08-21 01:00:00,77.256644581481
2011-08-21 02:00:00,70.3693849710261
2011-08-21 03:00:00,36.802760598415055
2011-08-21 04:00:00,6.593944765092201
2011-08-21 05:00:00,7.194264344353282
2011-08-21 06:00:00,8.666582308950412
2011-08-21 07:00:00,41.44674786331367
2011-08-21 08:00:00,92.60131663375087
2011-08-21 09:00:00,178.33716518253982
2011-08-21 10:00:00,211.51071741955735
2011-08-21 11:00:00,318.7969281141786
2011-08-21 12:00:00,346.00720162939734
2011-08-21 13:00:00,388.2220418792999
2011-08-21 14:00:00,239.67159534372237
2011-08-21 15:00:00,253.11070479820341
2011-08-21 16:00:00,245.80669715214376
2011-08-21 17:00:00,211.61488512042246
2011-08-21 18:00:00,232.5198468084291
2011-08-21 19:00:00,297.66474052235196
2011-08-21 20:00:00,197.61678799257805
2011-08-21 21:00:00,157.1651969577666
2011-08-21 22:00:00,141.80759846192998
2011-08-21 23:00:00,92.96738213303885
2011-08-22 00:00:00,30.973157677481993
2011-08-22 01:00:00,14.32653540576689
2011-08-22 02:00:00,10.20354872688957
2011-08-22 03:00:00,4.213484790667434
2011-08-22 04:00:00,4.900248275495783
2011-08-22 05:00:00,27.460106024798332
2011-08-22 06:00:00,106.86457684938028
2011-08-22 07:00:00,287.85128748930646
2011-08-22 08:00:00,387.40985896124425
2011-08-22 09:00:00,201.97786136656552
2011-08-22 10:00:00,121.72336421522564
2011-08-22 11:00:00,160.82187836371173
2011-08-22 12:00:00,188.99053255959595
2011-08-22 13:00:00,191.3519345642141
2011-08-22 14:00:00,176.9851196172481
2011-08-22 15:00:00,180.20001626289266
2011-08-22 16:00:00,288.7030169671623
2011-08-22 17:00:00,559.0659838723052
2011-08-22 18:00:00,547.4687790192534
2011-08-22 19:00:00,396.8237290851589
2011-08-22 20:00:00,307.623601178145
2011-08-22 21:00:00,219.3261829369696
2011-08-22 22:00:00,134.82111179973913
2011-08-22 23:00:00,91.28720692808135
2011-08-23 00:00:00,29.29568484798245
2011-08-23 01:00:00,13.499995591078617
2011-08-23 02:00:00,7.560236516739122
2011-08-23 03:00:00,2.541752458414227
2011-08-23 04:00:00,5.277639466738299
2011-08-23 05:00:00,25.848700178141115
2011-08-23 06:00:00,114.714205900885
2011-08-23 07:00:00,327.81960558071177
2011-08-23 08:00:00,439.79711369208195
2011-08-23 09:00:00,206.04834186976197
2011-08-23 10:00:00,118.7339535179841
2011-08-23 11:00:00,155.4568445546734
2011-08-23 12:00:00,204.21975819027185
2011-08-23 13:00:00,200.13242003693802
2011-08-23 14:00:00,174.05367358321453
2011-08-23 15:00:00,179.6411515839273
2011-08-23 16:00:00,308.9373032508815
2011-08-23 17:00:00,578.8311086647335
2011-08-23 18:00:00,561.0599369724096
2011-08-23 19:00:00,323.07084155927413
2011-08-23 20:00:00,283.98903413874615
2011-08-23 21:00:00,208.03428718165245
2011-08-23 22:00:00,162.85367057915747
2011-08-23 23:00:00,91.08704636558546
2011-08-24 00:00:00,34.16608816856399
2011-08-24 01:00:00,14.616410540246825
2011-08-24 02:00:00,7.958840722327789
2011-08-24 03:00:00,5.228879448071779
2011-08-24 04:00:00,6.813799923500367
2011-08-24 05:00:00,25.022221380328034
2011-08-24 06:00:00,108.7102027559493
2011-08-24 07:00:00,318.3784421166578
2011-08-24 08:00:00,437.24885409660425
2011-08-24 09:00:00,206.4573864361404
2011-08-24 10:00:00,123.58258876345865
2011-08-24 11:00:00,157.51331333990655
2011-08-24 12:00:00,186.2471516441461
2011-08-24 13:00:00,187.68946394223133
2011-08-24 14:00:00,173.1905251043025
2011-08-24 15:00:00,178.72617977753055
2011-08-24 16:00:00,276.7025634675238
2011-08-24 17:00:00,561.3830098770228
2011-08-24 18:00:00,536.2740720793483
2011-08-24 19:00:00,365.4577319057494
2011-08-24 20:00:00,276.937629501376
2011-08-24 21:00:00,217.5609063411636
2011-08-24 22:00:00,143.41566286217807
2011-08-24 23:00:00,97.34728245254001
2011-08-25 00:00:00,43.99346019148098
2011-08-25 01:00:00,22.12746938711947
2011-08-25 02:00:00,7.762356301189943
2011-08-25 03:00:00,5.422983901298321
2011-08-25 04:00:00,6.653670074043035
2011-08-25 05:00:00,26.361281731797508
2011-08-25 06:00:00,91.39719849830308
2011-08-25 07:00:00,282.48787242440966
2011-08-25 08:00:00,427.46644397776447
2011-08-25 09:00:00,213.73392505968093
2011-08-25 10:00:00,125.68500017883648
2011-08-25 11:00:00,119.04898275861254
2011-08-25 12:00:00,120.3619867166905
2011-08-25 13:00:00,140.7054104243009
2011-08-25 14:00:00,151.87504814933592
2011-08-25 15:00:00,163.20849206594048
2011-08-25 16:00:00,157.91989540272647
2011-08-25 17:00:00,380.4712993760818
2011-08-25 18:00:00,370.7601876555235
2011-08-25 19:00:00,237.1504922291261
2011-08-25 20:00:00,193.02772920232567
2011-08-25 21:00:00,161.30289436215614
2011-08-25 22:00:00,128.06064570804494
2011-08-25 23:00:00,92.86776975953867
2011-08-26 00:00:00,50.86767119769583
2011-08-26 01:00:00,22.34945392566039
2011-08-26 02:00:00,9.662655757128697
2011-08-26 03:00:00,6.08406065690297
2011-08-26 04:00:00,6.9669214339863474
2011-08-26 05:00:00,18.975789878946163
2011-08-26 06:00:00,99.09383232400246
2011-08-26 07:00:00,256.37453467593934
2011-08-26 08:00:00,404.43669435088486
2011-08-26 09:00:00,219.28742987163477
2011-08-26 10:00:00,146.53401968818838
2011-08-26 11:00:00,160.00011237186308
2011-08-26 12:00:00,216.06441289017437
2011-08-26 13:00:00,231.432565685941
2011-08-26 14:00:00,195.56715415003387
2011-08-26 15:00:00,196.31909909495687
2011-08-26 16:00:00,317.564589686495
2011-08-26 17:00:00,505.81866720558713
2011-08-26 18:00:00,426.3808375921103
2011-08-26 19:00:00,325.05271665862756
2011-08-26 20:00:00,213.89417175840174
2011-08-26 21:00:00,150.04257774775218
2011-08-26 22:00:00,148.43300775484457
2011-08-26 23:00:00,112.28446334346182
2011-08-27 00:00:00,118.24884793351939
2011-08-27 01:00:00,74.45927436915052
2011-08-27 02:00:00,63.548427389063434
2011-08-27 03:00:00,38.04433108597966
2011-08-27 04:00:00,7.214310992697159
2011-08-27 05:00:00,8.26121708549857
2011-08-27 06:00:00,19.463490587384833
2011-08-27 07:00:00,46.07545509981595
2011-08-27 08:00:00,123.78944733476365
2011-08-27 09:00:00,136.43653877855277
2011-08-27 10:00:00,205.92773702031363
2011-08-27 11:00:00,213.38620528013155
2011-08-27 12:00:00,228.2547968548715
2011-08-27 13:00:00,240.07533494777383
2011-08-27 14:00:00,178.99652218820455
2011-08-27 15:00:00,189.59048676546394
2011-08-27 16:00:00,188.98173898223155
2011-08-27 17:00:00,153.5765582475157
2011-08-28 07:00:00,39.04144784614236
2011-08-28 08:00:00,102.66065742833788
2011-08-28 09:00:00,184.65280074692373
2011-08-28 10:00:00,287.0643355558002
2011-08-28 11:00:00,342.21865803466056
2011-08-28 12:00:00,403.18086616575886
2011-08-28 13:00:00,412.05386124837145
2011-08-28 14:00:00,369.3773986202866
2011-08-28 15:00:00,366.2519540018929
2011-08-28 16:00:00,361.7166389664083
2011-08-28 17:00:00,393.90756698608106
2011-08-28 18:00:00,380.53469186225425
2011-08-28 19:00:00,315.3555514125243
2011-08-28 20:00:00,264.61944490466664
2011-08-28 21:00:00,191.32830205330578
2011-08-28 22:00:00,135.2382567116277
2011-08-28 23:00:00,85.61514164927405
2011-08-29 00:00:00,34.69981335520664
2011-08-29 01:00:00,13.377306187564713
2011-08-29 02:00:00,8.138966098830357
2011-08-29 03:00:00,5.575612663162466
2011-08-29 04:00:00,5.404439269307743
2011-08-29 05:00:00,23.906293035736525
2011-08-29 06:00:00,109.5968772084261
2011-08-29 07:00:00,298.1338074560375
2011-08-29 08:00:00,400.563999255747
2011-08-29 09:00:00,204.1039257776568
2011-08-29 10:00:00,120.13507137154932
2011-08-29 11:00:00,154.4893605996925
2011-08-29 12:00:00,197.26365477611023
2011-08-29 13:00:00,209.67613536332743
2011-08-29 14:00:00,178.86285906574727
2011-08-29 15:00:00,179.5701840889065
2011-08-29 16:00:00,298.8493398788425
2011-08-29 17:00:00,539.0725125480147
2011-08-29 18:00:00,521.8213295102967
2011-08-29 19:00:00,332.9445005188478
2011-08-29 20:00:00,280.80287109694336
2011-08-29 21:00:00,211.22819914605742
2011-08-29 22:00:00,151.7565739704785
2011-08-29 23:00:00,76.98694825847382
2011-08-30 00:00:00,31.3181765679905
2011-08-30 01:00:00,12.286110620014737
2011-08-30 02:00:00,6.3118882990962675
2011-08-30 03:00:00,3.7835969948012558
2011-08-30 04:00:00,5.941412613295095
2011-08-30 05:00:00,21.405554332870363
2011-08-30 06:00:00,112.36339283619691
2011-08-30 07:00:00,337.0159040683234
2011-08-30 08:00:00,448.7921883983037
2011-08-30 09:00:00,200.91147336812327
2011-08-30 10:00:00,128.41463307514408
2011-08-30 11:00:00,152.45591805934671
2011-08-30 12:00:00,197.30663421040853
2011-08-30 13:00:00,196.57027558435277
2011-08-30 14:00:00,174.72738570373537
2011-08-30 15:00:00,180.04381695234426
2011-08-30 16:00:00,303.95159246157505
2011-08-30 17:00:00,573.787746489339
2011-08-30 18:00:00,546.4358106360443
2011-08-30 19:00:00,322.0496557273978
2011-08-30 20:00:00,293.58143132165816
2011-08-30 21:00:00,193.97411492807393
2011-08-30 22:00:00,156.72897488822142
2011-08-30 23:00:00,94.58161862205053
2011-08-31 00:00:00,33.45362861554148
2011-08-31 01:00:00,15.197350358287153
2011-08-31 02:00:00,7.365347872002436
2011-08-31 03:00:00,5.668599363474328
2011-08-31 04:00:00,6.508371536152838
2011-08-31 05:00:00,24.96954918805151
2011-08-31 06:00:00,105.5594453278109
2011-08-31 07:00:00,325.0633721451995
2011-08-31 08:00:00,432.6770394520963
2011-08-31 09:00:00,207.9615013760063
2011-08-31 10:00:00,127.42453475699963
2011-08-31 11:00:00,147.9694088445276
2011-08-31 12:00:00,192.60834208301821
2011-08-31 13:00:00,194.74077267117107
2011-08-31 14:00:00,172.64190192443735
2011-08-31 15:00:00,174.29444008465052
2011-08-31 16:00:00,295.83727068099483
2011-08-31 17:00:00,567.0308019321092
2011-08-31 18:00:00,537.8890255026502
2011-08-31 19:00:00,372.90955704841514
2011-08-31 20:00:00,297.63024059132783
2011-08-31 21:00:00,202.0188316288198
2011-08-31 22:00:00,142.1545262674304
2011-08-31 23:00:00,76.82095421530873
2011-09-20 00:00:00,29.405560904406585
2011-09-20 01:00:00,11.895083012184704
2011-09-20 02:00:00,4.045339491903824
2011-09-20 03:00:00,4.211048278471149
2011-09-20 04:00:00,4.735470850167738
2011-09-20 05:00:00,21.17294490931991
2011-09-20 06:00:00,101.20967175041561
2011-09-20 07:00:00,293.61824981430897
2011-09-20 08:00:00,223.0694860569024
2011-09-20 09:00:00,139.5979950408826
2011-09-20 10:00:00,73.99510547290956
2011-09-20 11:00:00,78.17289416088099
2011-09-20 12:00:00,77.4905942667094
2011-09-20 13:00:00,73.31189532385504
2011-09-20 14:00:00,95.24385245536472
2011-09-20 15:00:00,162.16815373248394
2011-09-20 16:00:00,178.5569506141568
2011-09-20 17:00:00,391.63494661104704
2011-09-20 18:00:00,396.99237589580207
2011-09-20 19:00:00,274.91992367608094
2011-09-20 20:00:00,107.64511427159118
2011-09-20 21:00:00,80.37688637122045
2011-09-20 22:00:00,84.84505020592796
2011-09-20 23:00:00,67.52117514656572
2011-09-21 00:00:00,21.358090829406255
2011-09-21 01:00:00,9.550740156765508
2011-09-21 02:00:00,5.543257023337728
2011-09-21 03:00:00,4.825853904226704
2011-09-21 04:00:00,4.945805844719121
2011-09-21 05:00:00,14.750235343352507
2011-09-21 06:00:00,71.33215671704185
2011-09-21 07:00:00,204.90350621773956
2011-09-21 08:00:00,302.0632626594283
2011-09-21 09:00:00,116.71362501087921
2011-09-21 10:00:00,76.66094419050741
2011-09-21 11:00:00,117.6179379344481
2011-09-21 12:00:00,161.49928775624093
2011-09-21 13:00:00,172.02603029598893
2011-09-21 14:00:00,166.83112952709646
2011-09-21 15:00:00,167.6045436419706
2011-09-21 16:00:00,278.41146959210386
2011-09-21 17:00:00,407.973720820164
2011-09-21 18:00:00,348.12305080716857
2011-09-21 19:00:00,182.25673657743926
2011-09-21 20:00:00,39.98839187995222
2011-09-21 21:00:00,47.41184422061712
2011-09-21 22:00:00,60.60191222648701
2011-09-21 23:00:00,55.17858047103292
2011-09-22 00:00:00,20.847045681855736
2011-09-22 01:00:00,12.203518667605039
2011-09-22 02:00:00,5.578449813848262
2011-09-22 03:00:00,5.830536269150168
2011-09-22 04:00:00,4.735571506698706
2011-09-22 05:00:00,17.13898286872163
2011-09-22 06:00:00,75.45761893432451
2011-09-22 07:00:00,221.21342459929915
2011-09-22 08:00:00,274.3118071609314
2011-09-22 09:00:00,161.30236188397117
2011-09-22 10:00:00,99.20337533770808
2011-09-22 11:00:00,98.24596271743664
2011-09-22 12:00:00,150.36629130408895
2011-09-22 13:00:00,144.378322523803
2011-09-22 14:00:00,136.8495224170476
2011-09-22 15:00:00,147.17150660617477
2011-09-22 16:00:00,280.5457986339433
2011-09-22 17:00:00,389.0221035552558
2011-09-22 18:00:00,331.6832463806218
2011-09-22 19:00:00,247.49775031604364
2011-09-22 20:00:00,95.85218503546658
2011-09-22 21:00:00,108.8687708156597
2011-09-22 22:00:00,68.241154717856
2011-09-22 23:00:00,72.47347404636338
2011-09-23 00:00:00,25.41348320686374
2011-09-23 01:00:00,13.239313157865135
2011-09-23 02:00:00,9.166518301330038
2011-09-23 03:00:00,5.116018140132348
2011-09-23 04:00:00,4.32527745912249
2011-09-23 05:00:00,15.617802840623327
2011-09-23 06:00:00,75.77947279939792
2011-09-23 07:00:00,158.19714004024362
2011-09-23 08:00:00,257.15597919899386
2011-09-23 09:00:00,112.04096875733129
2011-09-23 10:00:00,56.340674875027254
2011-09-23 11:00:00,54.587061823124
2011-09-23 12:00:00,70.5172760996446
2011-09-23 13:00:00,47.87563660448717
2011-09-23 14:00:00,50.592076506636694
2011-09-23 15:00:00,70.57194208362361
2011-09-23 16:00:00,66.2326425513867
2011-09-23 17:00:00,256.96395030269804
2011-09-23 18:00:00,263.17212189088457
2011-09-23 19:00:00,240.58070961670958
2011-09-23 20:00:00,108.3751821256753
2011-09-23 21:00:00,76.46281223382898
2011-09-23 22:00:00,92.37833859747262
2011-09-23 23:00:00,67.01227275262131
2011-09-24 00:00:00,93.53016544608657
2011-09-24 01:00:00,73.42593022321499
2011-09-24 02:00:00,56.28448074938443
2011-09-24 03:00:00,31.29972758056398
2011-09-24 04:00:00,7.005075095573812
2011-09-24 05:00:00,12.387988165069885
2011-09-24 06:00:00,14.905768771435886
2011-09-24 07:00:00,47.28401705205521
2011-09-24 08:00:00,78.35812751224917
2011-09-24 09:00:00,110.45159373778561
2011-09-24 10:00:00,192.66500978457674
2011-09-24 11:00:00,212.95367607195962
2011-09-24 12:00:00,229.66574878531094
2011-09-24 13:00:00,256.74071256911526
2011-09-24 14:00:00,266.9990740665634
2011-09-24 15:00:00,278.0411684431518
2011-09-24 16:00:00,242.06822158025545
2011-09-24 17:00:00,235.56890937284336
2011-09-24 18:00:00,234.78149834031296
2011-09-24 19:00:00,155.15642222336172
2011-09-24 20:00:00,194.16240619734756
2011-09-24 21:00:00,166.39841321152736
2011-09-24 22:00:00,115.06460799181073
2011-09-24 23:00:00,91.14733129241473
2011-09-25 00:00:00,102.59085381354616
2011-09-25 01:00:00,79.18435868172956
2011-09-25 02:00:00,63.4233586276022
2011-09-25 03:00:00,34.007807261588425
2011-09-25 04:00:00,6.769841195969503
2011-09-25 05:00:00,19.820091886639766
2011-09-25 06:00:00,13.136812353854026
2011-09-25 07:00:00,38.54278369009504
2011-09-25 08:00:00,90.18278867190635
2011-09-25 09:00:00,142.5514847591527
2011-09-25 10:00:00,199.8399078375873
2011-09-25 11:00:00,271.3816728635735
2011-09-25 12:00:00,248.84647087201185
2011-09-25 13:00:00,255.7437364904552
2011-09-25 14:00:00,235.3143679615601
2011-09-25 15:00:00,240.1924977185108
2011-09-25 16:00:00,375.46926886274935
2011-09-25 17:00:00,234.1619312603851
2011-09-25 18:00:00,233.909559235256
2011-09-25 19:00:00,202.02253273463288
2011-09-25 20:00:00,188.9072151804491
2011-09-25 21:00:00,95.12997575746844
2011-09-25 22:00:00,112.82325545709462
2011-09-25 23:00:00,74.07451349648666
2011-09-26 00:00:00,20.85010573421443
2011-09-26 01:00:00,9.854364745338536
2011-09-26 02:00:00,5.332729650764921
2011-09-26 03:00:00,4.310795751510122
2011-09-26 04:00:00,4.614396537758693
2011-09-26 05:00:00,20.12691911995676
2011-09-26 06:00:00,80.74636207232213
2011-09-26 07:00:00,227.63649363597588
2011-09-26 08:00:00,288.24193470306517
2011-09-26 09:00:00,203.43040794767728
2011-09-26 10:00:00,94.90271780605963
2011-09-26 11:00:00,138.17980797565983
2011-09-26 12:00:00,148.67720833321354
2011-09-26 13:00:00,162.03338373289725
2011-09-26 14:00:00,167.87743200373657
2011-09-26 15:00:00,177.2298319186308
2011-09-26 16:00:00,280.3330547778816
2011-09-26 17:00:00,512.9271311147668
2011-09-26 18:00:00,356.8565121561018
2011-09-26 19:00:00,278.6762576614179
2011-09-26 20:00:00,150.7598469176958
2011-09-26 21:00:00,130.84701517254487
2011-09-26 22:00:00,105.84012391085062
2011-09-26 23:00:00,81.02370168958157
2011-09-27 00:00:00,22.751106899415507
2011-09-27 01:00:00,8.1465763814371
2011-09-27 02:00:00,5.209904206920142
2011-09-27 03:00:00,4.248608325521148
2011-09-27 04:00:00,3.956660830920896
2011-09-27 05:00:00,13.280820520528007
2011-09-27 06:00:00,82.81157585890394
2011-09-27 07:00:00,232.47889292221498
2011-09-27 08:00:00,334.3228517716303
2011-09-27 09:00:00,191.84336654902432
2011-09-27 10:00:00,69.99565089206406
2011-09-27 11:00:00,93.1882496829195
2011-09-27 12:00:00,114.45532734676006
2011-09-27 13:00:00,172.87021034841743
2011-09-27 14:00:00,136.9219228541809
2011-09-27 15:00:00,141.31376893512467
2011-09-27 16:00:00,163.03456021289634
2011-09-27 17:00:00,285.5404546249985
2011-09-27 18:00:00,291.72438989276816
2011-09-27 19:00:00,261.44740926112263
2011-09-27 20:00:00,225.06292907634986
2011-09-27 21:00:00,165.18356222796857
2011-09-27 22:00:00,123.04773439564052
2011-09-27 23:00:00,73.54436966909364
2011-09-28 00:00:00,25.605508562079773
2011-09-28 01:00:00,12.239938817867515
2011-09-28 02:00:00,5.885580740827451
2011-09-28 03:00:00,5.120955104885783
2011-09-28 04:00:00,7.163072689044633
2011-09-28 05:00:00,15.990660374006229
2011-09-28 06:00:00,47.54094260364433
2011-09-28 07:00:00,127.46920163396157
2011-09-28 08:00:00,252.4371948794635
2011-09-28 09:00:00,136.48348202739123
2011-09-28 10:00:00,48.080769866310725
2011-09-28 11:00:00,128.02528804407402
2011-09-28 12:00:00,141.38533682013434
2011-09-28 13:00:00,175.31910125393162
2011-09-28 14:00:00,167.37721895625637
2011-09-28 15:00:00,169.18050581994294
2011-09-28 16:00:00,285.0634273097273
2011-09-28 17:00:00,532.2789668844172
2011-09-28 18:00:00,354.46647848496184
2011-09-28 19:00:00,306.2739166175586
2011-09-28 20:00:00,109.51603664088131
2011-09-28 21:00:00,76.68653767922204
2011-09-28 22:00:00,111.08098193876224
2011-09-28 23:00:00,54.45413944611974
2011-09-29 00:00:00,19.6290853969863
2011-09-29 01:00:00,9.732174655155543
2011-09-29 02:00:00,6.207001957901557
2011-09-29 03:00:00,5.565902996387486
2011-09-29 04:00:00,5.115606568255435
2011-09-29 05:00:00,21.274498377802495
2011-09-29 06:00:00,106.24075306542619
2011-09-29 07:00:00,294.4582399567237
2011-09-29 08:00:00,418.7078480082694
2011-09-29 09:00:00,209.8452944292731
2011-09-29 10:00:00,127.96432976052287
2011-09-29 11:00:00,158.89024214915636
2011-09-29 12:00:00,198.50220974218362
2011-09-29 13:00:00,191.21685341150564
2011-09-29 14:00:00,187.73731672511488
2011-09-29 15:00:00,187.43642463346558
2011-09-29 16:00:00,286.67702296257636
2011-09-29 17:00:00,564.7083718001467
2011-09-29 18:00:00,532.1206549391926
2011-09-29 19:00:00,374.25759172660764
2011-09-29 20:00:00,236.44741600772898
2011-09-29 21:00:00,196.02823818819317
2011-09-29 22:00:00,133.1309591839401
2011-09-29 23:00:00,89.83045183593929
2011-09-30 00:00:00,45.161380040246456
2011-09-30 01:00:00,25.97084787646456
2011-09-30 02:00:00,10.16940809746057
2011-09-30 03:00:00,7.193691587123974
2011-09-30 04:00:00,5.501754089295413
2011-09-30 05:00:00,25.73109244583543
2011-09-30 06:00:00,86.05939635534972
2011-09-30 07:00:00,274.6007714182702
2011-09-30 08:00:00,454.3408664162744
2011-09-30 09:00:00,219.62916162861248
2011-09-30 10:00:00,144.55780980611985
2011-09-30 11:00:00,201.08468615967905
2011-09-30 12:00:00,254.26091031758858
2011-09-30 13:00:00,251.0014797719146
2011-09-30 14:00:00,251.77465956333543
2011-09-30 15:00:00,257.6699839803614
2011-09-30 16:00:00,354.33205496199616
2011-09-30 17:00:00,519.994873016712
2011-09-30 18:00:00,471.6157325654524
2011-09-30 19:00:00,291.464205181406
2011-09-30 20:00:00,197.59608930937276
2011-09-30 21:00:00,187.1188597755002
2011-09-30 22:00:00,159.02893999078142
2011-09-30 23:00:00,88.8437690168582
2011-10-20 00:00:00,22.226097837922353
2011-10-20 01:00:00,15.634032901313287
2011-10-20 02:00:00,7.338610526494303
2011-10-20 03:00:00,3.694173069061164
2011-10-20 04:00:00,5.530173638502293
2011-10-20 05:00:00,26.75345983914333
2011-10-20 06:00:00,77.1666614726636
2011-10-20 07:00:00,269.29444767389793
2011-10-20 08:00:00,383.8107025937736
2011-10-20 09:00:00,205.20570412767208
2011-10-20 10:00:00,127.52217844540081
2011-10-20 11:00:00,133.5517853943289
2011-10-20 12:00:00,150.16088226986255
2011-10-20 13:00:00,157.0976645337657
2011-10-20 14:00:00,134.00275927600143
2011-10-20 15:00:00,138.5453846610085
2011-10-20 16:00:00,189.17308068655942
2011-10-20 17:00:00,380.0172093589449
2011-10-20 18:00:00,368.29844225761303
2011-10-20 19:00:00,246.24914579853902
2011-10-20 20:00:00,160.1487516539687
2011-10-20 21:00:00,112.21523657902941
2011-10-20 22:00:00,103.7104872004295
2011-10-20 23:00:00,63.475307115507206
2011-10-21 00:00:00,43.233414292539415
2011-10-21 01:00:00,21.870039076079625
2011-10-21 02:00:00,11.843398368434517
2011-10-21 03:00:00,5.61409540294929
2011-10-21 04:00:00,4.85336032745269
2011-10-21 05:00:00,24.676433586866263
2011-10-21 06:00:00,87.28084452917868
2011-10-21 07:00:00,236.4826494332117
2011-10-21 08:00:00,397.38490118762326
2011-10-21 09:00:00,208.08660270472097
2011-10-21 10:00:00,136.70520132817032
2011-10-21 11:00:00,180.00127609221227
2011-10-21 12:00:00,191.1965707514849
2011-10-21 13:00:00,169.55568003799408
2011-10-21 14:00:00,191.779784370726
2011-10-21 15:00:00,186.82057517305353
2011-10-21 16:00:00,275.7462932865021
2011-10-21 17:00:00,418.70522012138156
2011-10-21 18:00:00,384.9978901322583
2011-10-21 19:00:00,237.88157602457318
2011-10-21 20:00:00,138.2926478257202
2011-10-21 21:00:00,122.69783312190262
2011-10-21 22:00:00,111.89154913387792
2011-10-21 23:00:00,61.7220970899185
2011-10-22 00:00:00,89.18451916221687
2011-10-22 01:00:00,52.34120697753203
2011-10-22 02:00:00,42.68807065235367
2011-10-22 03:00:00,21.60104737057877
2011-10-22 04:00:00,6.912276156318085
2011-10-22 05:00:00,8.287452227322344
2011-10-22 06:00:00,20.591301320229665
2011-10-22 07:00:00,44.17255021367803
2011-10-22 08:00:00,87.44601259110613
2011-10-22 09:00:00,99.07998690286148
2011-10-22 10:00:00,215.0043336968899
2011-10-22 11:00:00,242.18448234304597
2011-10-22 12:00:00,296.15799340336775
2011-10-22 13:00:00,321.1917177728031
2011-10-22 14:00:00,280.7930818067622
2011-10-22 15:00:00,287.53166204595317
2011-10-22 16:00:00,312.0423805373605
2011-10-22 17:00:00,254.124726111814
2011-10-22 18:00:00,203.51390166405378
2011-10-22 19:00:00,121.5843352833095
2011-10-22 20:00:00,103.58300978109187
2011-10-22 21:00:00,115.33602409398935
2011-10-22 22:00:00,98.30747677882758
2011-10-22 23:00:00,59.19094908560918
2011-10-23 00:00:00,82.06300027344061
2011-10-23 01:00:00,52.305835213781
2011-10-23 02:00:00,48.71945309185015
2011-10-23 03:00:00,25.176517083536716
2011-10-23 04:00:00,9.545025314554326
2011-10-23 05:00:00,7.136505549831551
2011-10-23 06:00:00,16.788896347743535
2011-10-23 07:00:00,36.30082343183032
2011-10-23 08:00:00,67.26481629419368
2011-10-23 09:00:00,114.90574203020995
2011-10-23 10:00:00,219.50239834172157
2011-10-23 11:00:00,249.4871802717454
2011-10-23 12:00:00,311.06996476615956
2011-10-23 13:00:00,339.8024203768846
2011-10-23 14:00:00,345.62300257813814
2011-10-23 15:00:00,340.1321089555483
2011-10-23 16:00:00,334.80230082469603
2011-10-23 17:00:00,290.8348704875366
2011-10-23 18:00:00,256.41271301994846
2011-10-23 19:00:00,160.72684586357903
2011-10-23 20:00:00,87.78438227185092
2011-10-23 21:00:00,81.67312397419906
2011-10-23 22:00:00,89.66222663905991
2011-10-23 23:00:00,56.56524966560446
2011-10-24 00:00:00,30.43956466504139
2011-10-24 01:00:00,9.770545309229826
2011-10-24 02:00:00,5.350459774955085
2011-10-24 03:00:00,6.508202378408075
2011-10-24 04:00:00,6.379716301901313
2011-10-24 05:00:00,24.61883572825408
2011-10-24 06:00:00,81.77689821237458
2011-10-24 07:00:00,205.21488517913417
2011-10-24 08:00:00,386.60296875861013
2011-10-24 09:00:00,194.96803982733942
2011-10-24 10:00:00,108.05228242019889
2011-10-24 11:00:00,137.68468938253008
2011-10-24 12:00:00,175.94998116524025
2011-10-24 13:00:00,168.92703319483505
2011-10-24 14:00:00,161.63254448261503
2011-10-24 15:00:00,194.94028544987717
2011-10-24 16:00:00,286.8724477469655
2011-10-24 17:00:00,502.4036909715265
2011-10-24 18:00:00,494.866894375025
2011-10-24 19:00:00,229.0611175123886
2011-10-24 20:00:00,199.46741170000925
2011-10-24 21:00:00,147.78775266896585
2011-10-24 22:00:00,125.81213241866199
2011-10-24 23:00:00,67.24871297546834
2011-10-25 00:00:00,34.2062420424856
2011-10-25 01:00:00,13.102381859779054
2011-10-25 02:00:00,4.609290715603364
2011-10-25 03:00:00,4.274734684236312
2011-10-25 04:00:00,5.776112967835561
2011-10-25 05:00:00,24.2128434788245
2011-10-25 06:00:00,99.94626938834907
2011-10-25 07:00:00,281.5246815948948
2011-10-25 08:00:00,431.8173678753096
2011-10-25 09:00:00,201.54468576877022
2011-10-25 10:00:00,130.37446969417482
2011-10-25 11:00:00,143.28892020188025
2011-10-25 12:00:00,181.33085895968338
2011-10-25 13:00:00,173.3024414862329
2011-10-25 14:00:00,167.93618086060977
2011-10-25 15:00:00,186.38177247303292
2011-10-25 16:00:00,288.25449018024693
2011-10-25 17:00:00,547.0223482378344
2011-10-25 18:00:00,472.24954463078984
2011-10-25 19:00:00,285.7163183125705
2011-10-25 20:00:00,176.82711816372196
2011-10-25 21:00:00,120.47104474721513
2011-10-25 22:00:00,127.71836565587938
2011-10-25 23:00:00,65.99458711028441
2011-10-26 00:00:00,38.86111809689261
2011-10-26 01:00:00,12.360864770961191
2011-10-26 02:00:00,6.001905959191078
2011-10-26 03:00:00,4.527252638546485
2011-10-26 04:00:00,4.66137174499919
2011-10-26 05:00:00,24.602488129516196
2011-10-26 06:00:00,94.8002342637326
2011-10-26 07:00:00,298.2542112540149
2011-10-26 08:00:00,426.4153178050244
2011-10-26 09:00:00,206.9738478135026
2011-10-26 10:00:00,129.54196610670306
2011-10-26 11:00:00,140.78307448638228
2011-10-26 12:00:00,172.4607673929306
2011-10-26 13:00:00,168.91007180948233
2011-10-26 14:00:00,143.0467588813269
2011-10-26 15:00:00,150.60039989730635
2011-10-26 16:00:00,187.25843708001682
2011-10-26 17:00:00,464.2786710496696
2011-10-26 18:00:00,466.09306190730496
2011-10-26 19:00:00,283.02162727699425
2011-10-26 20:00:00,153.34369586203962
2011-10-26 21:00:00,162.23334621177338
2011-10-26 22:00:00,100.90093365047598
2011-10-26 23:00:00,68.18109461342262
2011-10-27 00:00:00,30.031959900527088
2011-10-27 01:00:00,9.801165478513024
2011-10-27 02:00:00,5.976868251515942
2011-10-27 03:00:00,3.2490246990539866
2011-10-27 04:00:00,4.437901845949915
2011-10-27 05:00:00,12.641080280724907
2011-10-27 06:00:00,62.87448602567397
2011-10-27 07:00:00,261.89559505185696
2011-10-27 08:00:00,232.58812576634736
2011-10-27 09:00:00,210.36269762453645
2011-10-27 10:00:00,87.59487947875223
2011-10-27 11:00:00,96.16031676455823
2011-10-27 12:00:00,85.64116740057364
2011-10-27 13:00:00,125.82408610323898
2011-10-27 14:00:00,137.65115788965016
2011-10-27 15:00:00,160.37558630243925
2011-10-27 16:00:00,290.0021254474264
2011-10-27 17:00:00,370.80676943230804
2011-10-27 18:00:00,349.9103610291334
2011-10-27 19:00:00,234.7901191850503
2011-10-27 20:00:00,116.62187614461894
2011-10-27 21:00:00,86.47965664227331
2011-10-27 22:00:00,70.59806536022366
2011-10-27 23:00:00,47.539052249715645
2011-10-28 00:00:00,35.531439235756366
2011-10-28 01:00:00,15.534542304267212
2011-10-28 02:00:00,8.669903254635418
2011-10-28 03:00:00,3.3462769414595837
2011-10-28 04:00:00,3.914866496056283
2011-10-28 05:00:00,15.267425219363762
2011-10-28 06:00:00,43.444439572563184
2011-10-28 07:00:00,125.0482320498242
2011-10-28 08:00:00,295.305843467292
2011-10-28 09:00:00,174.74023676048418
2011-10-28 10:00:00,93.9552342684119
2011-10-28 11:00:00,106.68321178694714
2011-10-28 12:00:00,117.57388621116536
2011-10-28 13:00:00,113.27159485876686
2011-10-28 14:00:00,103.97411688866845
2011-10-28 15:00:00,108.45582361920785
2011-10-28 16:00:00,134.28631600129495
2011-10-28 17:00:00,336.8827848689053
2011-10-28 18:00:00,311.7480126958388
2011-10-28 19:00:00,217.98543629487273
2011-10-28 20:00:00,78.83962430339805
2011-10-28 21:00:00,67.52677937394243
2011-10-28 22:00:00,33.21207169762417
2011-10-28 23:00:00,27.80023312885096
2011-10-29 00:00:00,34.72763625979185
2011-10-29 01:00:00,30.42262278716177
2011-10-29 02:00:00,24.612337898110585
2011-10-29 03:00:00,9.667308553175744
2011-10-29 04:00:00,4.892770667151964
2011-10-29 05:00:00,4.101181612107229
2011-10-29 06:00:00,12.36881512312857
2011-10-29 07:00:00,17.074013285817276
2011-10-29 08:00:00,32.64578880337211
2011-10-29 09:00:00,39.02520152950582
2011-10-29 10:00:00,71.226056844391
2011-10-29 11:00:00,73.77200485445799
2011-10-29 12:00:00,124.04552644534296
2011-10-29 13:00:00,117.7824716558183
2011-10-29 14:00:00,127.67888138870211
2011-10-29 15:00:00,63.5699080575594
2011-10-29 16:00:00,68.37337243045297
2011-10-29 17:00:00,67.32894514002544
2011-10-29 18:00:00,67.24259395649699
2011-10-29 19:00:00,25.762483218884142
2011-10-29 20:00:00,24.159508430050085
2011-10-29 21:00:00,23.72636972122893
2011-10-29 22:00:00,25.834323216701147
2011-10-29 23:00:00,22.10504398060434
2011-10-30 00:00:00,35.79189714922354
2011-10-30 01:00:00,29.508602859604075
2011-10-30 02:00:00,20.619837923906985
2011-10-30 03:00:00,10.93288991699308
2011-10-30 04:00:00,2.729765701147391
2011-10-30 05:00:00,3.72111774720491
2011-10-30 06:00:00,7.115302672025441
2011-10-30 07:00:00,12.39156132810713
2011-10-30 08:00:00,39.63243198328271
2011-10-30 09:00:00,62.24438577569327
2011-10-30 10:00:00,205.10216143638323
2011-10-30 11:00:00,247.73207007765495
2011-10-30 12:00:00,308.16393693700803
2011-10-30 13:00:00,308.4510458451966
2011-10-30 14:00:00,307.59686350498214
2011-10-30 15:00:00,312.68521799439
2011-10-30 16:00:00,312.6938879573649
2011-10-30 17:00:00,275.69621350920556
2011-10-30 18:00:00,204.90510893674556
2011-10-30 19:00:00,242.72744634617328
2011-10-30 20:00:00,62.40086213686244
2011-10-30 21:00:00,57.083700022508424
2011-10-30 22:00:00,53.05107038564684
2011-10-30 23:00:00,35.729082449311846
2011-10-31 00:00:00,15.10440184420964
2011-10-31 01:00:00,4.024288184163542
2011-10-31 02:00:00,3.1050998382343034
2011-10-31 03:00:00,3.152473024189213
2011-10-31 04:00:00,3.5624463071134205
2011-10-31 05:00:00,12.870251402559521
2011-10-31 06:00:00,43.24843463639426
2011-10-31 07:00:00,128.51405697050131
2011-10-31 08:00:00,343.9864215290576
2011-10-31 09:00:00,189.8868474945276
2011-10-31 10:00:00,95.77567272618477
2011-10-31 11:00:00,113.2139683412728
2011-10-31 12:00:00,109.4946020661023
2011-10-31 13:00:00,106.72438386090347
2011-10-31 14:00:00,103.2585245318677
2011-10-31 15:00:00,114.8873493749376
2011-10-31 16:00:00,135.15820663839534
2011-10-31 17:00:00,466.28831651294684
2011-10-31 18:00:00,348.13374631787184
2011-10-31 19:00:00,254.04993892618015
2011-10-31 20:00:00,134.8666684807892
2011-10-31 21:00:00,97.12095433286439
2011-10-31 22:00:00,85.99496219702081
2011-10-31 23:00:00,51.429051906268754
2011-11-20 00:00:00,69.57357501552652
2011-11-20 01:00:00,56.214116207967194
2011-11-20 02:00:00,40.94837761530615
2011-11-20 03:00:00,17.14575020497031
2011-11-20 04:00:00,6.312090955682708
2011-11-20 05:00:00,5.921137805612812
2011-11-20 06:00:00,16.114423458736898
2011-11-20 07:00:00,50.15919858849601
2011-11-20 08:00:00,90.91210896629805
2011-11-20 09:00:00,120.99023339970209
2011-11-20 10:00:00,242.56519929874992
2011-11-20 11:00:00,295.7275720026217
2011-11-20 12:00:00,308.8153641958176
2011-11-20 13:00:00,343.03061345100514
2011-11-20 14:00:00,341.536771191345
2011-11-20 15:00:00,329.4385971644282
2011-11-20 16:00:00,329.2537124808646
2011-11-20 17:00:00,309.4291371336963
2011-11-20 18:00:00,306.21977142987254
2011-11-20 19:00:00,217.32889049733666
2011-11-20 20:00:00,182.7048096720836
2011-11-20 21:00:00,129.22949168976885
2011-11-20 22:00:00,69.33169688641125
2011-11-20 23:00:00,55.26344795093419
2011-11-21 00:00:00,26.592091704040353
2011-11-21 01:00:00,6.22347588432454
2011-11-21 02:00:00,6.205331937266211
2011-11-21 03:00:00,3.760338953423898
2011-11-21 04:00:00,3.6644983396330755
2011-11-21 05:00:00,15.591093226529345
2011-11-21 06:00:00,64.71515115437977
2011-11-21 07:00:00,253.14358509678118
2011-11-21 08:00:00,371.1341128397694
2011-11-21 09:00:00,166.30305847703158
2011-11-21 10:00:00,127.23222053974362
2011-11-21 11:00:00,132.6961644930278
2011-11-21 12:00:00,158.27634200096745
2011-11-21 13:00:00,151.94248113995044
2011-11-21 14:00:00,124.93925719365886
2011-11-21 15:00:00,59.475869295684085
2011-11-21 16:00:00,73.03847490437367
2011-11-21 17:00:00,119.00075569813941
2011-11-21 18:00:00,160.58105288498922
2011-11-21 19:00:00,115.3254946930773
2011-11-21 20:00:00,86.32654726656752
2011-11-21 21:00:00,81.96921653975886
2011-11-21 22:00:00,74.94815856692485
2011-11-21 23:00:00,53.18774198874935
2011-11-22 00:00:00,17.01418046671509
2011-11-22 01:00:00,6.475481533784586
2011-11-22 02:00:00,3.881826835938716
2011-11-22 03:00:00,3.115889564823635
2011-11-22 04:00:00,4.09038276346641
2011-11-22 05:00:00,13.777682043116414
2011-11-22 06:00:00,74.51254057393177
2011-11-22 07:00:00,121.07806590601206
2011-11-22 08:00:00,185.95877852180288
2011-11-22 09:00:00,104.1260468621716
2011-11-22 10:00:00,44.547086991173614
2011-11-22 11:00:00,50.55987552256374
2011-11-22 12:00:00,48.99822893932107
2011-11-22 13:00:00,48.5309703900571
2011-11-22 14:00:00,45.71484162314681
2011-11-22 15:00:00,48.66815820103693
2011-11-22 16:00:00,58.81400463456125
2011-11-22 17:00:00,131.14250091697102
2011-11-22 18:00:00,127.35445170242949
2011-11-22 19:00:00,163.32563248841504
2011-11-22 20:00:00,91.64446716985594
2011-11-22 21:00:00,79.84582012089523
2011-11-22 22:00:00,83.68146489620662
2011-11-22 23:00:00,63.68642209665633
2011-11-23 00:00:00,23.501300408787714
2011-11-23 01:00:00,7.623019327487363
2011-11-23 02:00:00,3.6443269363763227
2011-11-23 03:00:00,3.5761457650712423
2011-11-23 04:00:00,4.461784476153449
2011-11-23 05:00:00,16.47234495009061
2011-11-23 06:00:00,61.77595227676529
2011-11-23 07:00:00,246.4871524834334
2011-11-23 08:00:00,331.2289078642599
2011-11-23 09:00:00,156.3014066057052
2011-11-23 10:00:00,66.98078952320164
2011-11-23 11:00:00,127.53672424183566
2011-11-23 12:00:00,157.71098059646013
2011-11-23 13:00:00,151.19669008240388
2011-11-23 14:00:00,162.15816593969095
2011-11-23 15:00:00,147.7554300620138
2011-11-23 16:00:00,162.84497651524563
2011-11-23 17:00:00,152.95521627581076
2011-11-23 18:00:00,323.10443349297316
2011-11-23 19:00:00,223.28346078595084
2011-11-23 20:00:00,163.18252370072318
2011-11-23 21:00:00,131.5720787516319
2011-11-23 22:00:00,104.18560319590188
2011-11-23 23:00:00,78.10106153716843
2011-11-24 00:00:00,68.63479665371048
2011-11-24 01:00:00,36.32948086828619
2011-11-24 02:00:00,24.979367977690305
2011-11-24 03:00:00,12.827775237039662
2011-11-24 04:00:00,6.5262008174117945
2011-11-24 05:00:00,5.812539768516661
2011-11-24 06:00:00,25.650538362233853
2011-11-24 07:00:00,40.31263565167646
2011-11-24 08:00:00,99.0159914392108
2011-11-24 09:00:00,143.79097047217238
2011-11-24 10:00:00,245.82338858797192
2011-11-24 11:00:00,295.9281105921305
2011-11-24 12:00:00,338.2099553323612
2011-11-24 13:00:00,343.6615545411289
2011-11-24 14:00:00,370.03307155317424
2011-11-24 15:00:00,340.637478501444
2011-11-24 16:00:00,334.9797918613184
2011-11-24 17:00:00,292.6017365074225
2011-11-24 18:00:00,221.39400569625272
2011-11-24 19:00:00,163.79339957955165
2011-11-24 20:00:00,127.8857786820769
2011-11-24 21:00:00,123.02529509999906
2011-11-24 22:00:00,103.62713547896519
2011-11-24 23:00:00,67.91427210412486
2011-11-25 00:00:00,30.183456503538885
2011-11-25 01:00:00,15.736587260344685
2011-11-25 02:00:00,8.9328006933993
2011-11-25 03:00:00,3.3849144666647426
2011-11-25 04:00:00,5.244552598684071
2011-11-25 05:00:00,21.470546107752757
2011-11-25 06:00:00,64.56766898072642
2011-11-25 07:00:00,220.73985062286906
2011-11-25 08:00:00,346.0822606588119
2011-11-25 09:00:00,213.53165132597323
2011-11-25 10:00:00,122.90404960806032
2011-11-25 11:00:00,147.8000777650518
2011-11-25 12:00:00,183.53360422556057
2011-11-25 13:00:00,182.2812848072126
2011-11-25 14:00:00,189.80414274835127
2011-11-25 15:00:00,194.98387932625354
2011-11-25 16:00:00,303.120436893371
2011-11-25 17:00:00,495.4084180351919
2011-11-25 18:00:00,427.7168419149045
2011-11-25 19:00:00,276.80838760714533
2011-11-25 20:00:00,179.6216804432691
2011-11-25 21:00:00,147.19198167475005
2011-11-25 22:00:00,111.24438274455812
2011-11-25 23:00:00,73.26976784793031
2011-11-26 00:00:00,79.23283559264716
2011-11-26 01:00:00,62.716288497103115
2011-11-26 02:00:00,38.271724582844
2011-11-26 03:00:00,20.230365356269193
2011-11-26 04:00:00,5.983234845063477
2011-11-26 05:00:00,6.134878362568536
2011-11-26 06:00:00,22.138829771174752
2011-11-26 07:00:00,38.474174303998346
2011-11-26 08:00:00,93.90818911134144
2011-11-26 09:00:00,113.78473632748211
2011-11-26 10:00:00,213.2954896413398
2011-11-26 11:00:00,291.61056955216566
2011-11-26 12:00:00,344.26862696752613
2011-11-26 13:00:00,333.44434982694276
2011-11-26 14:00:00,315.3489020119721
2011-11-26 15:00:00,318.3652318885402
2011-11-26 16:00:00,304.51738091167823
2011-11-26 17:00:00,268.25485730251205
2011-11-26 18:00:00,214.94032047614922
2011-11-26 19:00:00,157.78993844240787
2011-11-26 20:00:00,157.86972222959713
2011-11-26 21:00:00,116.83114154963552
2011-11-26 22:00:00,110.9376195212603
2011-11-26 23:00:00,62.32105076937229
2011-11-27 00:00:00,74.1471614702662
2011-11-27 01:00:00,76.77462720669193
2011-11-27 02:00:00,44.915172868464914
2011-11-27 03:00:00,28.35063714405204
2011-11-27 04:00:00,7.581281358066143
2011-11-27 05:00:00,6.453220136708032
2011-11-27 06:00:00,17.55487162927637
2011-11-27 07:00:00,40.68907856684325
2011-11-27 08:00:00,87.03289746630308
2011-11-27 09:00:00,126.99253861535935
2011-11-27 10:00:00,243.50835109724073
2011-11-27 11:00:00,300.65596123046896
2011-11-27 12:00:00,346.33830245764744
2011-11-27 13:00:00,346.329410094288
2011-11-27 14:00:00,410.01762962404786
2011-11-27 15:00:00,401.57106225270877
2011-11-27 16:00:00,342.33074702135787
2011-11-27 17:00:00,325.8923736945628
2011-11-27 18:00:00,254.7881055701423
2011-11-27 19:00:00,180.30581849411865
2011-11-27 20:00:00,178.18216535201657
2011-11-27 21:00:00,114.62358864766452
2011-11-27 22:00:00,107.47138969056881
2011-11-27 23:00:00,81.18585087517239
2011-11-28 00:00:00,31.86551280302927
2011-11-28 01:00:00,12.141686509001616
2011-11-28 03:00:00,5.184214537838772
2011-11-28 04:00:00,5.7574112253066625
2011-11-28 05:00:00,24.857891678058746
2011-11-28 06:00:00,95.75347891734137
2011-11-28 07:00:00,288.52922043497796
2011-11-28 08:00:00,367.27475449235374
2011-11-28 09:00:00,199.9396234396246
2011-11-28 10:00:00,124.8675873854372
2011-11-28 11:00:00,140.60681682872885
2011-11-28 12:00:00,193.53329876622593
2011-11-28 13:00:00,185.28842841028924
2011-11-28 14:00:00,176.90222319244722
2011-11-28 15:00:00,182.54470567277107
2011-11-28 16:00:00,284.796940283701
2011-11-28 17:00:00,528.8217597988228
2011-11-28 18:00:00,504.7185516320074
2011-11-28 19:00:00,314.0786750549357
2011-11-28 20:00:00,221.4284384675941
2011-11-28 21:00:00,170.2405099816861
2011-11-28 22:00:00,129.5479624721968
2011-11-28 23:00:00,66.73929642065364
2011-11-29 00:00:00,27.299693755537355
2011-11-29 01:00:00,11.629673888825968
2011-11-29 02:00:00,5.562469395100689
2011-11-29 03:00:00,3.950080181957116
2011-11-29 04:00:00,5.176072017017708
2011-11-29 05:00:00,24.30043579464208
2011-11-29 06:00:00,104.4763924579915
2011-11-29 07:00:00,313.7876176573125
2011-11-29 08:00:00,440.2037868128015
2011-11-29 09:00:00,186.9267572771358
2011-11-29 10:00:00,98.93442509139244
2011-11-29 11:00:00,80.94490024845662
2011-11-29 12:00:00,79.30611683879944
2011-11-29 13:00:00,79.8424480142576
2011-11-29 14:00:00,47.27556631733755
2011-11-29 15:00:00,64.01516202923924
2011-11-29 16:00:00,70.42801144204786
2011-11-29 17:00:00,317.73099607091046
2011-11-29 18:00:00,311.2374539057176
2011-11-29 19:00:00,223.25720641786373
2011-11-29 20:00:00,99.7934328742705
2011-11-29 21:00:00,102.59407604545794
2011-11-29 22:00:00,94.17498569727678
2011-11-29 23:00:00,57.46227138794729
2011-11-30 00:00:00,22.848019780700415
2011-11-30 01:00:00,10.529026571097624
2011-11-30 02:00:00,4.738217365885229
2011-11-30 03:00:00,3.4794129711368376
2011-11-30 04:00:00,5.981316632369127
2011-11-30 05:00:00,19.77425399312729
2011-11-30 06:00:00,67.8175360661942
2011-11-30 07:00:00,191.1917702464496
2011-11-30 08:00:00,347.6136463111019
2011-11-30 09:00:00,208.93279781689176
2011-11-30 10:00:00,107.75919043354614
2011-11-30 11:00:00,137.02415004690334
2011-11-30 12:00:00,131.33382292626217
2011-11-30 13:00:00,157.91478121502558
2011-11-30 14:00:00,153.53222683663157
2011-11-30 15:00:00,142.15172114214963
2011-11-30 16:00:00,159.03821546822516
2011-11-30 17:00:00,278.7152491003003
2011-11-30 18:00:00,254.85163462329592
2011-11-30 19:00:00,209.07411802427794
2011-11-30 20:00:00,135.2270550755005
2011-11-30 21:00:00,137.24377176623955
2011-11-30 22:00:00,103.06377416033979
2011-11-30 23:00:00,52.70404122503063
2011-12-20 00:00:00,24.35024615214638
2011-12-20 01:00:00,11.058656713812896
2011-12-20 02:00:00,4.213864227354246
2011-12-20 03:00:00,3.435045459143928
2011-12-20 04:00:00,4.551899764842968
2011-12-20 05:00:00,20.54167277184482
2011-12-20 06:00:00,99.05640046458362
2011-12-20 07:00:00,255.09135598102853
2011-12-20 08:00:00,423.7592590601406
2011-12-20 09:00:00,223.64998670653512
2011-12-20 10:00:00,124.22402592717941
2011-12-20 11:00:00,138.79883878259284
2011-12-20 12:00:00,150.76439771077736
2011-12-20 13:00:00,148.62339951096791
2011-12-20 14:00:00,141.40977084590745
2011-12-20 15:00:00,151.13576441351643
2011-12-20 16:00:00,223.32358324619074
2011-12-20 17:00:00,383.7186233553683
2011-12-20 18:00:00,364.6657788985349
2011-12-20 19:00:00,251.64816594439563
2011-12-20 20:00:00,170.15181374145394
2011-12-20 21:00:00,142.8135175900871
2011-12-20 22:00:00,120.09575925082795
2011-12-20 23:00:00,63.47158450028637
2011-12-21 00:00:00,28.442036045429468
2011-12-21 01:00:00,13.760153218737027
2011-12-21 02:00:00,5.811094264547982
2011-12-21 03:00:00,4.109507441023382
2011-12-21 04:00:00,4.2676311196997725
2011-12-21 05:00:00,22.175019787046786
2011-12-21 06:00:00,83.5783721301904
2011-12-21 07:00:00,257.9029996398279
2011-12-21 08:00:00,122.73076360490879
2011-12-21 09:00:00,201.37981002107207
2011-12-21 10:00:00,104.05956189336914
2011-12-21 11:00:00,103.24063704465316
2011-12-21 12:00:00,58.242017275146374
2011-12-21 13:00:00,36.61144538714318
2011-12-21 14:00:00,87.4837334918947
2011-12-21 15:00:00,93.56455373900188
2011-12-21 16:00:00,43.293657397698404
2011-12-21 17:00:00,73.4541708053514
2011-12-21 18:00:00,265.51603923335045
2011-12-21 19:00:00,189.96617914726994
2011-12-21 20:00:00,79.04655907594794
2011-12-21 21:00:00,110.48879329711404
2011-12-21 22:00:00,102.95917896260191
2011-12-21 23:00:00,72.06714994938513
2011-12-22 00:00:00,38.930039304768265
2011-12-22 01:00:00,9.783740859418321
2011-12-22 02:00:00,9.057046594538162
2011-12-22 03:00:00,5.277402322446034
2011-12-22 04:00:00,5.599755208368304
2011-12-22 05:00:00,26.006223315617934
2011-12-22 06:00:00,93.11696810118832
2011-12-22 07:00:00,255.49184835668643
2011-12-22 08:00:00,432.88261941565906
2011-12-22 09:00:00,212.58170092458653
2011-12-22 10:00:00,120.29309736305433
2011-12-22 11:00:00,134.68755918602162
2011-12-22 12:00:00,155.19936034490487
2011-12-22 13:00:00,145.10691314866443
2011-12-22 14:00:00,140.8297045790377
2011-12-22 15:00:00,145.0837828683863
2011-12-22 16:00:00,205.5497637503141
2011-12-22 17:00:00,418.78464950977985
2011-12-22 18:00:00,387.78592772269417
2011-12-22 19:00:00,262.1024049698308
2011-12-22 20:00:00,127.41780666055504
2011-12-22 21:00:00,107.08141378101044
2011-12-22 22:00:00,59.313104782510834
2011-12-22 23:00:00,48.14911682699721
2011-12-23 00:00:00,32.35061090369528
2011-12-23 01:00:00,16.68199478382141
2011-12-23 02:00:00,7.23637884610738
2011-12-23 03:00:00,3.3666443847883194
2011-12-23 04:00:00,3.928792475175478
2011-12-23 05:00:00,22.560490993313312
2011-12-23 06:00:00,86.34932499125121
2011-12-23 07:00:00,243.20315766281996
2011-12-23 08:00:00,402.8908389882448
2011-12-23 09:00:00,220.24711241543332
2011-12-23 10:00:00,152.0900684078846
2011-12-23 11:00:00,166.97854085358858
2011-12-23 12:00:00,171.1970243152138
2011-12-23 13:00:00,169.76127342286074
2011-12-23 14:00:00,170.0238319242762
2011-12-23 15:00:00,171.88484582555733
2011-12-23 16:00:00,221.4095936161105
2011-12-23 17:00:00,378.9159705784533
2011-12-23 18:00:00,355.0245485317219
2011-12-23 19:00:00,249.6559026985231
2011-12-23 20:00:00,148.49345573937745
2011-12-23 21:00:00,126.43792356406647
2011-12-23 22:00:00,105.94498374659213
2011-12-23 23:00:00,71.3566584694411
2011-12-24 00:00:00,72.33206107497668
2011-12-24 01:00:00,62.79345542588664
2011-12-24 02:00:00,54.625729170637925
2011-12-24 03:00:00,24.480293134430262
2011-12-24 04:00:00,6.313682229614306
2011-12-24 05:00:00,5.144365122015937
2011-12-24 06:00:00,20.398625295765868
2011-12-24 07:00:00,39.00840714994498
2011-12-24 08:00:00,84.29763087705699
2011-12-24 09:00:00,131.8281314583729
2011-12-24 10:00:00,202.96490389541069
2011-12-24 11:00:00,238.267099171876
2011-12-24 12:00:00,274.33136446654123
2011-12-24 13:00:00,261.35369362634106
2011-12-24 14:00:00,263.8426435956163
2011-12-24 15:00:00,240.02864031877735
2011-12-24 16:00:00,234.920859573195
2011-12-24 17:00:00,167.4960276725088
2011-12-24 18:00:00,199.28016453037668
2011-12-24 19:00:00,150.0105380104888
2011-12-24 20:00:00,113.99213935280571
2011-12-24 21:00:00,108.86453382795288
2011-12-24 22:00:00,75.37751690191112
2011-12-24 23:00:00,66.24838993156145
2011-12-25 00:00:00,66.49187335425663
2011-12-25 01:00:00,46.449863246278035
2011-12-25 02:00:00,44.39181290854164
2011-12-25 03:00:00,14.3901067754974
2011-12-25 05:00:00,5.028779172491517
2011-12-25 06:00:00,5.798323250763136
2011-12-25 07:00:00,20.420965580302205
2011-12-25 08:00:00,55.10577847435053
2011-12-25 09:00:00,78.97071342875567
2011-12-25 10:00:00,174.59272197165492
2011-12-25 11:00:00,218.23126781080853
2011-12-25 12:00:00,233.6359237698143
2011-12-25 13:00:00,216.0892038310413
2011-12-25 14:00:00,240.92385152162333
2011-12-25 15:00:00,240.16856626874096
2011-12-25 16:00:00,278.3171478621565
2011-12-25 17:00:00,221.22387937746834
2011-12-25 18:00:00,194.11938894698037
2011-12-25 19:00:00,107.08850756668576
2011-12-25 20:00:00,102.65273170483633
2011-12-25 21:00:00,99.93076610792927
2011-12-25 22:00:00,81.16940788568807
2011-12-25 23:00:00,62.986110574584785
2011-12-26 00:00:00,54.93120951903593
2011-12-26 01:00:00,47.05008420831948
2011-12-26 02:00:00,23.88989205923903
2011-12-26 04:00:00,5.92295857278882
2011-12-26 05:00:00,5.521298261928933
2011-12-26 06:00:00,36.94316225284225
2011-12-26 07:00:00,69.61912362445565
2011-12-26 08:00:00,113.73757536808269
2011-12-26 09:00:00,130.93535846136479
2011-12-26 10:00:00,206.71379525818972
2011-12-26 11:00:00,174.06988321314353
2011-12-26 12:00:00,258.1355618677685
2011-12-26 13:00:00,295.3919791612726
2011-12-26 14:00:00,274.05973247760267
2011-12-26 15:00:00,293.34007103299126
2011-12-26 16:00:00,252.95468453483866
2011-12-26 17:00:00,225.93139848351262
2011-12-26 18:00:00,210.1934281506804
2011-12-26 19:00:00,144.21877736541248
2011-12-26 20:00:00,131.6495820270601
2011-12-26 21:00:00,97.0157303744649
2011-12-26 22:00:00,79.87864598751989
2011-12-26 23:00:00,70.82140498248091
2011-12-27 00:00:00,21.841951160751023
2011-12-27 01:00:00,7.474904058587111
2011-12-27 02:00:00,3.3767859456658096
2011-12-27 03:00:00,3.9846187975620335
2011-12-27 04:00:00,3.762014839588124
2011-12-27 05:00:00,20.11312728481792
2011-12-27 06:00:00,80.5749891662759
2011-12-27 07:00:00,259.80078902331877
2011-12-27 08:00:00,442.24018366013286
2011-12-27 09:00:00,98.10046305009246
2011-12-27 10:00:00,126.28928646744633
2011-12-27 11:00:00,97.96810743319395
2011-12-27 12:00:00,54.033418655612564
2011-12-27 13:00:00,39.60998878868251
2011-12-27 14:00:00,71.11139874970465
2011-12-27 15:00:00,76.22698852909123
2011-12-27 16:00:00,72.48378135038811
2011-12-27 17:00:00,102.78456635869753
2011-12-27 18:00:00,335.87018299315304
2011-12-27 19:00:00,256.9059425102669
2011-12-27 20:00:00,89.03913424111072
2011-12-27 21:00:00,92.09230569759302
2011-12-27 22:00:00,81.214883321964
2011-12-27 23:00:00,64.97553157062083
2011-12-28 00:00:00,23.657159929932636
2011-12-28 01:00:00,13.630956996254742
2011-12-28 02:00:00,4.1328800419271
2011-12-28 03:00:00,4.602336017011979
2011-12-28 05:00:00,19.126648073963086
2011-12-28 06:00:00,88.58286894804007
2011-12-28 07:00:00,248.77200287531898
2011-12-28 08:00:00,428.029821983528
2011-12-28 09:00:00,235.23205891903638
2011-12-28 10:00:00,120.84050874221032
2011-12-28 11:00:00,137.72795522171242
2011-12-28 12:00:00,140.62427476868015
2011-12-28 13:00:00,135.43695403880952
2011-12-28 14:00:00,135.71788534824273
2011-12-28 15:00:00,140.16190699651804
2011-12-28 16:00:00,136.93633946113616
2011-12-28 17:00:00,297.4470211402325
2011-12-28 18:00:00,270.7432750034578
2011-12-28 19:00:00,223.62779175899774
2011-12-28 20:00:00,95.98674754403444
2011-12-28 21:00:00,82.80605233907967
2011-12-28 22:00:00,61.82460686603796
2011-12-28 23:00:00,27.680978514021007
2011-12-29 00:00:00,20.02145477700092
2011-12-29 01:00:00,9.395942276382101
2011-12-29 02:00:00,3.3359026804363374
2011-12-29 03:00:00,2.160803027734014
2011-12-29 04:00:00,2.7338625113429664
2011-12-29 05:00:00,16.610319469613277
2011-12-29 06:00:00,76.21980347406941
2011-12-29 07:00:00,224.65953362987304
2011-12-29 08:00:00,405.1544593665816
2011-12-29 09:00:00,228.46217398719762
2011-12-29 10:00:00,92.08543123968006
2011-12-29 11:00:00,98.45592658204242
2011-12-29 12:00:00,126.30716294339153
2011-12-29 13:00:00,133.92932111580785
2011-12-29 14:00:00,131.3453903139804
2011-12-29 15:00:00,134.81939507833673
2011-12-29 16:00:00,156.0330199490902
2011-12-29 17:00:00,312.3588922425368
2011-12-29 18:00:00,311.50387208514053
2011-12-29 19:00:00,249.86513689183252
2011-12-29 20:00:00,137.90374831373884
2011-12-29 21:00:00,131.41730058465035
2011-12-29 22:00:00,107.37847676373964
2011-12-29 23:00:00,74.62384154798765
2011-12-30 00:00:00,31.910539610859928
2011-12-30 01:00:00,13.073218375284831
2011-12-30 02:00:00,8.745084297659348
2011-12-30 03:00:00,3.7573687580941106
2011-12-30 04:00:00,3.2563929544732373
2011-12-30 05:00:00,21.4527760474814
2011-12-30 06:00:00,79.63879112705123
2011-12-30 07:00:00,219.9669440009566
2011-12-30 08:00:00,405.64741768168363
2011-12-30 09:00:00,244.96447350180898
2011-12-30 10:00:00,111.73307379401348
2011-12-30 11:00:00,133.8873522977955
2011-12-30 12:00:00,151.49041229628406
2011-12-30 13:00:00,157.43112907603293
2011-12-30 14:00:00,175.22462705582828
2011-12-30 15:00:00,188.21070261582824
2011-12-30 16:00:00,228.6056524462442
2011-12-30 17:00:00,387.29839995478875
2011-12-30 18:00:00,360.9973148563054
2011-12-30 19:00:00,234.1179887283709
2011-12-30 20:00:00,165.93377065487243
2011-12-30 21:00:00,155.7463381602934
2011-12-30 22:00:00,112.86050629156051
2011-12-30 23:00:00,75.78943943495749
2011-12-31 00:00:00,60.79074361930398
2011-12-31 01:00:00,51.71298197147785
2011-12-31 02:00:00,47.24337263787711
2011-12-31 03:00:00,18.042498049691705
2011-12-31 04:00:00,5.724595437879673
2011-12-31 05:00:00,5.521586061671739
2011-12-31 06:00:00,38.84449035532263
2011-12-31 07:00:00,46.34896394866527
2011-12-31 08:00:00,87.94679564310441
2011-12-31 09:00:00,133.0962557751873
2011-12-31 10:00:00,207.44718006598828
2011-12-31 11:00:00,237.98887456376036
2011-12-31 12:00:00,366.50072471845056
2011-12-31 13:00:00,319.47468453647474
2011-12-31 14:00:00,281.7563800610986
2011-12-31 15:00:00,273.632203576312
2011-12-31 16:00:00,270.1918060164661
2011-12-31 17:00:00,255.4823022725708
2011-12-31 18:00:00,209.4712043503646
2011-12-31 19:00:00,153.4887861250128
2011-12-31 20:00:00,163.04793767605028
2011-12-31 21:00:00,135.2193513943892
2011-12-31 22:00:00,121.49219212539191
2011-12-31 23:00:00,64.06652066691147
2012-01-20 00:00:00,22.050027575021083
2012-01-20 01:00:00,8.030931479442474
2012-01-20 02:00:00,9.564146618333115
2012-01-20 03:00:00,4.973269786742127
2012-01-20 04:00:00,3.316958815373842
2012-01-20 05:00:00,20.959981635013513
2012-01-20 06:00:00,100.27006566415888
2012-01-20 07:00:00,224.67532306570524
2012-01-20 08:00:00,442.2698230204583
2012-01-20 09:00:00,219.04257687388014
2012-01-20 10:00:00,89.95622775973092
2012-01-20 11:00:00,88.37889051435157
2012-01-20 12:00:00,89.77074485375408
2012-01-20 13:00:00,103.25409245114875
2012-01-20 14:00:00,92.06938843708984
2012-01-20 15:00:00,91.24355910280266
2012-01-20 16:00:00,108.49638537696211
2012-01-20 17:00:00,268.1610133266795
2012-01-20 18:00:00,247.63290997046437
2012-01-20 19:00:00,212.8065522598724
2012-01-20 20:00:00,113.23910334060007
2012-01-20 21:00:00,84.79944890140936
2012-01-20 22:00:00,69.06234376220847
2012-01-20 23:00:00,52.00004833514639
2012-01-21 00:00:00,35.33372020039036
2012-01-21 01:00:00,37.718732750488236
2012-01-21 02:00:00,29.632563310093705
2012-01-21 03:00:00,14.123505030004825
2012-01-21 04:00:00,4.210855706011121
2012-01-21 05:00:00,5.631470048573922
2012-01-21 06:00:00,6.559176954851129
2012-01-21 07:00:00,19.90741237054624
2012-01-21 08:00:00,65.53012138653601
2012-01-21 09:00:00,77.13983176200897
2012-01-21 10:00:00,134.27305867416126
2012-01-21 11:00:00,144.96448407915645
2012-01-21 12:00:00,162.33767875380033
2012-01-21 13:00:00,167.93306818769645
2012-01-21 14:00:00,145.9952942934488
2012-01-21 15:00:00,146.65144519597612
2012-01-21 16:00:00,164.2844123996363
2012-01-21 17:00:00,144.2911172766346
2012-01-21 18:00:00,151.41311894179938
2012-01-21 19:00:00,78.80160354805088
2012-01-21 20:00:00,80.96572483112855
2012-01-21 21:00:00,72.57646792679073
2012-01-21 22:00:00,65.99503017042024
2012-01-21 23:00:00,54.79422606122606
2012-01-22 00:00:00,41.120991989768996
2012-01-22 01:00:00,38.56463093359038
2012-01-22 02:00:00,34.15893592083366
2012-01-22 03:00:00,17.880140168247408
2012-01-22 04:00:00,4.425486111458766
2012-01-22 05:00:00,4.686082701591567
2012-01-22 06:00:00,5.517836108465336
2012-01-22 07:00:00,15.610441889771508
2012-01-22 08:00:00,54.80178025851705
2012-01-22 09:00:00,74.07777644111312
2012-01-22 10:00:00,137.41901372756178
2012-01-22 11:00:00,140.77515056353172
2012-01-22 12:00:00,150.0785406377117
2012-01-22 13:00:00,150.81605982396817
2012-01-22 14:00:00,146.20910927964593
2012-01-22 15:00:00,144.87983126037534
2012-01-22 16:00:00,143.1385373236222
2012-01-22 17:00:00,132.76758421509442
2012-01-22 18:00:00,121.64997584757728
2012-01-22 19:00:00,58.58734236067059
2012-01-22 20:00:00,51.49081898032976
2012-01-22 21:00:00,47.781506353289004
2012-01-22 22:00:00,49.5029645975982
2012-01-22 23:00:00,34.94648659472757
2012-01-23 00:00:00,15.121343642241108
2012-01-23 01:00:00,5.71761986485616
2012-01-23 02:00:00,3.4979917669500153
2012-01-23 03:00:00,2.825610868237371
2012-01-23 04:00:00,3.180997784116495
2012-01-23 05:00:00,19.999266456979008
2012-01-23 06:00:00,75.51837089078467
2012-01-23 07:00:00,169.5711944664467
2012-01-23 08:00:00,169.18739228676418
2012-01-23 09:00:00,208.06795637320658
2012-01-23 10:00:00,80.68282334831783
2012-01-23 11:00:00,75.81108949695752
2012-01-23 12:00:00,79.88046919570303
2012-01-23 13:00:00,59.37051703642742
2012-01-23 14:00:00,58.01989429349109
2012-01-23 15:00:00,82.78407995611711
2012-01-23 16:00:00,91.4774118828757
2012-01-23 17:00:00,280.9651573558756
2012-01-23 18:00:00,269.7956655863175
2012-01-23 19:00:00,224.64380832725206
2012-01-23 20:00:00,113.1627552259671
2012-01-23 21:00:00,96.22905783505567
2012-01-23 22:00:00,88.1189951571761
2012-01-23 23:00:00,52.314115611019076
2012-01-24 00:00:00,21.082200601846726
2012-01-24 01:00:00,6.047309877585527
2012-01-24 02:00:00,4.5949007472469745
2012-01-24 03:00:00,2.9931826833683313
2012-01-24 04:00:00,3.1841602720289153
2012-01-24 05:00:00,18.61807692420005
2012-01-24 06:00:00,96.11156456345815
2012-01-24 07:00:00,244.73781791045073
2012-01-24 08:00:00,504.4275573164372
2012-01-24 09:00:00,230.16995770876596
2012-01-24 10:00:00,92.45262322359588
2012-01-24 11:00:00,89.37010877408153
2012-01-24 12:00:00,96.13176677506843
2012-01-24 13:00:00,93.01362833121966
2012-01-24 14:00:00,115.44814718579812
2012-01-24 15:00:00,168.6789562533435
2012-01-24 16:00:00,244.7842984224128
2012-01-24 17:00:00,455.77405356558336
2012-01-24 18:00:00,426.4568189993796
2012-01-24 19:00:00,346.8933342455256
2012-01-24 20:00:00,141.4450446697129
2012-01-24 21:00:00,155.96936471937218
2012-01-24 22:00:00,107.60701904956571
2012-01-24 23:00:00,82.30721171502896
2012-01-25 00:00:00,16.50890373554353
2012-01-25 01:00:00,8.064916756075533
2012-01-25 02:00:00,6.1255629441885535
2012-01-25 03:00:00,4.3115558116987565
2012-01-25 04:00:00,2.5527728754598535
2012-01-25 05:00:00,22.680880378096916
2012-01-25 06:00:00,99.73626406139837
2012-01-25 07:00:00,242.4215735603462
2012-01-25 08:00:00,465.37252455103675
2012-01-25 09:00:00,238.90265202130854
2012-01-25 10:00:00,105.4276934966165
2012-01-25 11:00:00,112.62639146320491
2012-01-25 12:00:00,145.91888173856253
2012-01-25 13:00:00,148.84792583967092
2012-01-25 14:00:00,139.69486550944217
2012-01-25 15:00:00,148.1369977008814
2012-01-25 16:00:00,238.19648150235471
2012-01-25 17:00:00,452.4759446363859
2012-01-25 18:00:00,394.95264652901983
2012-01-25 19:00:00,265.4672420879132
2012-01-25 20:00:00,161.07221382582475
2012-01-25 21:00:00,114.8735578014018
2012-01-25 22:00:00,106.39475011911762
2012-01-25 23:00:00,63.88398787608905
2012-01-26 00:00:00,23.147911429234455
2012-01-26 01:00:00,9.251693520802656
2012-01-26 02:00:00,7.592935261176704
2012-01-26 03:00:00,2.796072438709424
2012-01-26 04:00:00,3.585072885944048
2012-01-26 05:00:00,21.08294869994577
2012-01-26 06:00:00,89.01147229875625
2012-01-26 07:00:00,232.99147760650771
2012-01-26 08:00:00,470.4025250604027
2012-01-26 09:00:00,227.77494592370704
2012-01-26 10:00:00,99.82669751372968
2012-01-26 11:00:00,96.79962102475976
2012-01-26 12:00:00,132.2743747820812
2012-01-26 13:00:00,168.09723483686153
2012-01-26 14:00:00,172.92302535958473
2012-01-26 15:00:00,179.52193384127617
2012-01-26 16:00:00,242.2616054552158
2012-01-26 17:00:00,456.71185048454396
2012-01-26 18:00:00,437.7805883615109
2012-01-26 19:00:00,327.084724534154
2012-01-26 20:00:00,176.30003330829354
2012-01-26 21:00:00,158.61206008667708
2012-01-26 22:00:00,136.44668582383673
2012-01-26 23:00:00,80.26517090979443
2012-01-27 00:00:00,35.14510621995148
2012-01-27 01:00:00,17.344384671114394
2012-01-27 02:00:00,7.159325161811903
2012-01-27 03:00:00,3.825205540330349
2012-01-27 04:00:00,3.283400847097645
2012-01-27 05:00:00,27.293515272787015
2012-01-27 06:00:00,117.89767959198176
2012-01-27 07:00:00,314.0916199771069
2012-01-27 08:00:00,157.10231316525366
2012-01-27 09:00:00,114.04750319629504
2012-01-27 10:00:00,86.32935082267461
2012-01-27 11:00:00,152.05179610148747
2012-01-27 12:00:00,175.03633721116069
2012-01-27 13:00:00,250.09055359846687
2012-01-27 14:00:00,244.79478613018227
2012-01-27 15:00:00,240.3529833621861
2012-01-27 16:00:00,285.69887749627895
2012-01-27 17:00:00,461.74618095626266
2012-01-27 18:00:00,435.2185622459932
2012-01-27 19:00:00,265.49766310093713
2012-01-27 20:00:00,166.105207750864
2012-01-27 21:00:00,140.76514530362803
2012-01-27 22:00:00,118.87573999012727
2012-01-27 23:00:00,80.68299498643277
2012-01-28 00:00:00,67.35224734406921
2012-01-28 01:00:00,63.04779911589846
2012-01-28 02:00:00,39.72711897729462
2012-01-28 03:00:00,17.654560962845796
2012-01-28 04:00:00,5.035147877524475
2012-01-28 05:00:00,4.945364161803235
2012-01-28 06:00:00,8.362894080662612
2012-01-28 07:00:00,22.898597637512736
2012-01-28 08:00:00,86.86319600234764
2012-01-28 09:00:00,109.32378879075435
2012-01-28 10:00:00,165.3000370717323
2012-01-28 11:00:00,196.30640695595972
2012-01-28 12:00:00,202.34334162032272
2012-01-28 13:00:00,273.30935476476543
2012-01-28 14:00:00,305.241231091118
2012-01-28 15:00:00,323.19952130552923
2012-01-28 16:00:00,357.80851350675425
2012-01-28 17:00:00,312.44777154443267
2012-01-28 18:00:00,314.34077025491337
2012-01-28 19:00:00,128.51145139653423
2012-01-28 20:00:00,141.24154912478053
2012-01-28 21:00:00,123.02377979493635
2012-01-28 22:00:00,121.56042086453806
2012-01-28 23:00:00,97.01675472796522
2012-01-29 00:00:00,67.3612151648395
2012-01-29 01:00:00,46.03093341708364
2012-01-29 02:00:00,35.43495475422982
2012-01-29 03:00:00,17.84715760207309
2012-01-29 04:00:00,5.2381886546349765
2012-01-29 05:00:00,4.238058588347131
2012-01-29 06:00:00,6.660070405263477
2012-01-29 07:00:00,19.140040375306594
2012-01-29 08:00:00,68.20294988269185
2012-01-29 09:00:00,77.71849314698154
2012-01-29 10:00:00,147.7528754036651
2012-01-29 11:00:00,172.3057963901907
2012-01-29 12:00:00,237.79969951691422
2012-01-29 13:00:00,228.09850878738368
2012-01-29 14:00:00,222.0151617045022
2012-01-29 15:00:00,262.15689205991623
2012-01-29 16:00:00,261.4071935921029
2012-01-29 17:00:00,239.41551823178153
2012-01-29 18:00:00,207.4089474610537
2012-01-29 19:00:00,115.09657381233235
2012-01-29 20:00:00,94.39933642207679
2012-01-29 21:00:00,82.4214348914596
2012-01-29 22:00:00,91.57872750801667
2012-01-29 23:00:00,41.10951291844091
2012-01-30 00:00:00,21.815652988312525
2012-01-30 01:00:00,3.5093872194300717
2012-01-30 02:00:00,4.357521319057555
2012-01-30 03:00:00,2.098478889140879
2012-01-30 04:00:00,2.782329708252324
2012-01-30 05:00:00,17.787520723239705
2012-01-30 06:00:00,95.10242948645241
2012-01-30 07:00:00,241.48232726077367
2012-01-30 08:00:00,407.83382793863035
2012-01-30 09:00:00,217.9680546830477
2012-01-30 10:00:00,100.90680559893195
2012-01-30 11:00:00,115.58991993572666
2012-01-30 12:00:00,126.50390881454
2012-01-30 13:00:00,123.4999284998332
2012-01-30 14:00:00,122.93557495785224
2012-01-30 15:00:00,124.47381246698505
2012-01-30 16:00:00,214.84654347935466
2012-01-30 17:00:00,402.04966653500907
2012-01-30 18:00:00,383.0679533619565
2012-01-30 19:00:00,266.3532717066644
2012-01-30 20:00:00,164.22635333055192
2012-01-30 21:00:00,122.29107929118418
2012-01-30 22:00:00,101.00262348285578
2012-01-30 23:00:00,52.854679202489685
2012-01-31 00:00:00,18.60599396489038
2012-01-31 01:00:00,5.467283702831012
2012-01-31 02:00:00,3.7867903670509797
2012-01-31 03:00:00,2.7715810215001295
2012-01-31 04:00:00,3.2554406571133834
2012-01-31 05:00:00,21.666179812447588
2012-01-31 06:00:00,105.06459623373799
2012-01-31 07:00:00,213.25032414465204
2012-01-31 08:00:00,474.3111116241108
2012-01-31 09:00:00,218.3796735552013
2012-01-31 10:00:00,120.10728666371163
2012-01-31 11:00:00,121.47108269558447
2012-01-31 12:00:00,146.1623738819966
2012-01-31 13:00:00,190.36416987729726
2012-01-31 14:00:00,215.43865454875893
2012-01-31 15:00:00,266.31049083948324
2012-01-31 16:00:00,332.23600547251465
2012-01-31 17:00:00,548.4007778390614
2012-01-31 18:00:00,516.2737989299434
2012-01-31 19:00:00,384.8020205494354
2012-01-31 20:00:00,173.46785896755054
2012-01-31 21:00:00,179.72733488189536
2012-01-31 22:00:00,123.36269974123326
2012-01-31 23:00:00,76.15528835412015
2012-02-20 00:00:00,47.481004250238534
2012-02-20 01:00:00,39.18796989960355
2012-02-20 02:00:00,24.337990803230454
2012-02-20 03:00:00,5.522846573430976
2012-02-20 05:00:00,2.3655258511631128
2012-02-20 06:00:00,7.168604304628516
2012-02-20 07:00:00,19.234444294994738
2012-02-20 08:00:00,65.4684850892559
2012-02-20 09:00:00,80.68152889347417
2012-02-20 10:00:00,150.9965884132342
2012-02-20 11:00:00,190.93137721372105
2012-02-20 12:00:00,229.28021388100265
2012-02-20 13:00:00,221.0378611769349
2012-02-20 14:00:00,281.97287398644795
2012-02-20 15:00:00,294.3580938743913
2012-02-20 16:00:00,306.1361601399509
2012-02-20 17:00:00,338.7288189312892
2012-02-20 18:00:00,252.4822932161097
2012-02-20 19:00:00,144.69725732373163
2012-02-20 20:00:00,171.132180282386
2012-02-20 21:00:00,97.38065830885303
2012-02-20 22:00:00,89.78901963857142
2012-02-20 23:00:00,55.13781591411005
2012-02-21 00:00:00,19.476347416214402
2012-02-21 01:00:00,5.8473952613228795
2012-02-21 02:00:00,2.9111838548057456
2012-02-21 04:00:00,1.8732592856473458
2012-02-21 05:00:00,19.785580457469774
2012-02-21 06:00:00,81.70884203484694
2012-02-21 07:00:00,261.26404652044016
2012-02-21 08:00:00,484.47291977268276
2012-02-21 09:00:00,262.897184320458
2012-02-21 10:00:00,111.40985491934985
2012-02-21 11:00:00,109.50555202884088
2012-02-21 12:00:00,131.62557307503695
2012-02-21 13:00:00,159.4167316105845
2012-02-21 14:00:00,141.96170906796348
2012-02-21 15:00:00,156.61198059612266
2012-02-21 16:00:00,266.50736221193324
2012-02-21 17:00:00,449.77209455396195
2012-02-21 18:00:00,419.925403534902
2012-02-21 19:00:00,295.10025359314295
2012-02-21 20:00:00,189.44951722601309
2012-02-21 21:00:00,163.3851430278366
2012-02-21 22:00:00,101.61286652711603
2012-02-21 23:00:00,62.21951636489132
2012-02-22 00:00:00,24.65839005110404
2012-02-22 01:00:00,7.382906819883104
2012-02-22 02:00:00,4.337515648727615
2012-02-22 03:00:00,2.7023889128960876
2012-02-22 04:00:00,2.0503550198174403
2012-02-22 05:00:00,21.215833183681085
2012-02-22 06:00:00,107.22482126685368
2012-02-22 07:00:00,291.6439088780226
2012-02-22 08:00:00,511.80953732289527
2012-02-22 09:00:00,258.6978024769823
2012-02-22 10:00:00,123.75451927825863
2012-02-22 11:00:00,140.24061344154072
2012-02-22 12:00:00,157.8910345356194
2012-02-22 13:00:00,163.2595258801356
2012-02-22 14:00:00,151.5149850312156
2012-02-22 15:00:00,224.85483187452087
2012-02-22 16:00:00,311.54872619193463
2012-02-22 17:00:00,563.953751682081
2012-02-22 18:00:00,506.6841046340674
2012-02-22 19:00:00,363.8078590097624
2012-02-22 20:00:00,175.44434267850517
2012-02-22 21:00:00,214.30138959172166
2012-02-22 22:00:00,106.05734368705066
2012-02-22 23:00:00,83.40820607326987
2012-02-23 00:00:00,33.47731443958405
2012-02-23 01:00:00,8.08000819270081
2012-02-23 02:00:00,9.049321886065144
2012-02-23 03:00:00,3.314228001773067
2012-02-23 04:00:00,1.8411616283395857
2012-02-23 05:00:00,20.911814186385314
2012-02-23 06:00:00,119.05108461677503
2012-02-23 07:00:00,291.12772941060257
2012-02-23 08:00:00,524.1213803093459
2012-02-23 09:00:00,259.977692358358
2012-02-23 10:00:00,134.97453428732535
2012-02-23 11:00:00,210.6572972000547
2012-02-23 12:00:00,226.9886359687299
2012-02-23 13:00:00,248.0321027445237
2012-02-23 14:00:00,232.03429322129224
2012-02-23 15:00:00,250.29174367349052
2012-02-23 16:00:00,328.3278640663177
2012-02-23 17:00:00,567.697932695971
2012-02-23 18:00:00,551.5374913363054
2012-02-23 19:00:00,428.7135680339043
2012-02-23 20:00:00,226.9510799632622
2012-02-23 21:00:00,142.92466445837624
2012-02-23 22:00:00,122.01576290784658
2012-02-23 23:00:00,106.43079330639918
2012-02-24 00:00:00,52.37305471060181
2012-02-24 01:00:00,24.14479105286845
2012-02-24 02:00:00,9.099110040581788
2012-02-24 03:00:00,5.568598392337152
2012-02-24 04:00:00,2.0584756301258045
2012-02-24 05:00:00,20.809241526057612
2012-02-24 06:00:00,123.91351611062758
2012-02-24 07:00:00,344.974788795501
2012-02-24 08:00:00,535.8615671705711
2012-02-24 09:00:00,142.0150825362382
2012-02-24 10:00:00,82.99949442057607
2012-02-24 11:00:00,151.7484666216664
2012-02-24 12:00:00,174.29942055376466
2012-02-24 13:00:00,152.13037773540975
2012-02-24 14:00:00,190.6033851622488
2012-02-24 15:00:00,83.13947836290988
2012-02-24 16:00:00,115.99583592929255
2012-02-24 17:00:00,300.1658994374333
2012-02-24 18:00:00,428.0369006504827
2012-02-24 19:00:00,318.9381995648818
2012-02-24 20:00:00,167.86405010174695
2012-02-24 21:00:00,154.1811824175139
2012-02-24 22:00:00,115.84126094614886
2012-02-24 23:00:00,86.57732308777427
2012-02-25 00:00:00,75.0507940869426
2012-02-25 01:00:00,53.15656969738055
2012-02-25 02:00:00,40.43970407211756
2012-02-25 03:00:00,13.740197998420923
2012-02-25 04:00:00,4.351021350502597
2012-02-25 05:00:00,3.378961858780322
2012-02-25 06:00:00,11.9174002477403
2012-02-25 07:00:00,36.99325981858264
2012-02-25 08:00:00,85.86095525990854
2012-02-25 09:00:00,90.10661366243355
2012-02-25 10:00:00,179.48831453368487
2012-02-25 11:00:00,187.88154875523722
2012-02-25 12:00:00,249.28182705714252
2012-02-25 13:00:00,259.4518386084189
2012-02-25 14:00:00,236.02834855918272
2012-02-25 15:00:00,250.42294640088434
2012-02-25 16:00:00,217.0538261970088
2012-02-25 17:00:00,181.1690465577546
2012-02-25 18:00:00,155.12453579441726
2012-02-25 19:00:00,90.90362558886046
2012-02-25 20:00:00,89.95517752629848
2012-02-25 21:00:00,80.00684596261272
2012-02-25 22:00:00,73.2671095069463
2012-02-25 23:00:00,52.62543537421268
2012-02-26 00:00:00,50.95874964215081
2012-02-26 01:00:00,38.40462852951937
2012-02-26 02:00:00,35.88459933291171
2012-02-26 03:00:00,15.292968847007767
2012-02-26 04:00:00,4.239246349080131
2012-02-26 05:00:00,2.491258032477723
2012-02-26 06:00:00,5.445294117679333
2012-02-26 07:00:00,17.37236910972757
2012-02-26 08:00:00,58.824670415264535
2012-02-26 09:00:00,84.24475321889484
2012-02-26 10:00:00,198.83799670297603
2012-02-26 11:00:00,201.84141825086394
2012-02-26 12:00:00,266.4972150962406
2012-02-26 13:00:00,295.3969299980728
2012-02-26 14:00:00,286.20145986437666
2012-02-26 15:00:00,299.4819166114574
2012-02-26 16:00:00,264.49704042314664
2012-02-26 17:00:00,284.2480434467042
2012-02-26 18:00:00,229.26029462208345
2012-02-26 19:00:00,135.93911103761837
2012-02-26 20:00:00,135.79563658089606
2012-02-26 21:00:00,87.21185023994612
2012-02-26 22:00:00,84.5152470082817
2012-02-26 23:00:00,38.53371117458372
2012-02-27 00:00:00,18.381828310982055
2012-02-27 01:00:00,6.96852786243644
2012-02-27 02:00:00,4.6680167263090215
2012-02-27 03:00:00,2.4536437887726037
2012-02-27 04:00:00,2.052424008600135
2012-02-27 05:00:00,19.165656864231586
2012-02-27 06:00:00,97.74675255051794
2012-02-27 07:00:00,251.00221576149391
2012-02-27 08:00:00,472.7543989715055
2012-02-27 09:00:00,257.99672918278094
2012-02-27 10:00:00,133.57053698470835
2012-02-27 11:00:00,146.04039798975444
2012-02-27 12:00:00,161.23960250592387
2012-02-27 13:00:00,164.81360272488098
2012-02-27 14:00:00,183.87524779598903
2012-02-27 15:00:00,238.26277000630526
2012-02-27 16:00:00,323.6299969980234
2012-02-27 17:00:00,565.8468636663979
2012-02-27 18:00:00,549.4494649477106
2012-02-27 19:00:00,391.5622892420967
2012-02-27 20:00:00,248.82894777040846
2012-02-27 21:00:00,176.62817995812793
2012-02-27 22:00:00,113.05521462749311
2012-02-27 23:00:00,75.17263230515381
2012-02-28 00:00:00,28.586037543468066
2012-02-28 01:00:00,7.502089880473074
2012-02-28 02:00:00,4.979073066773119
2012-02-28 03:00:00,3.2612221225581663
2012-02-28 04:00:00,2.049663447587899
2012-02-28 05:00:00,17.91178337169865
2012-02-28 06:00:00,110.81534128302727
2012-02-28 07:00:00,280.24740120593833
2012-02-28 08:00:00,501.62347527006034
2012-02-28 09:00:00,261.69850967336345
2012-02-28 10:00:00,132.83193558255425
2012-02-28 11:00:00,143.92354481112218
2012-02-28 12:00:00,160.50586826848604
2012-02-28 13:00:00,157.51544484342202
2012-02-28 14:00:00,139.13048441524037
2012-02-28 15:00:00,156.18895351822053
2012-02-28 16:00:00,262.72319663071545
2012-02-28 17:00:00,494.93217838261626
2012-02-28 18:00:00,480.9485052564719
2012-02-28 19:00:00,366.2802348706483
2012-02-28 20:00:00,173.77536870654657
2012-02-28 21:00:00,154.78213253557544
2012-02-28 22:00:00,111.97702163045999
2012-02-28 23:00:00,62.76670523358712
2012-02-29 00:00:00,24.82995518851335
2012-02-29 01:00:00,6.74110050645236
2012-02-29 02:00:00,4.979919181723749
2012-02-29 03:00:00,1.9960583984404772
2012-02-29 05:00:00,21.959176733176818
2012-02-29 06:00:00,90.19050859332954
2012-02-29 07:00:00,275.99489436949233
2012-02-29 08:00:00,513.369224383842
2012-02-29 09:00:00,162.9442607441122
2012-02-29 10:00:00,57.872161364501444
2012-02-29 11:00:00,58.44578737177139
2012-02-29 12:00:00,48.45542251071155
2012-02-29 13:00:00,121.78245136159678
2012-02-29 14:00:00,119.04361114854129
2012-02-29 15:00:00,156.45677463006456
2012-02-29 16:00:00,99.01907157974757
2012-02-29 17:00:00,457.32628018165036
2012-02-29 18:00:00,334.9684742643274
2012-02-29 19:00:00,317.0066588693544
2012-02-29 20:00:00,81.36655392794908
2012-02-29 21:00:00,70.92076776179962
2012-02-29 22:00:00,72.79954602355029
2012-02-29 23:00:00,52.69460316113823
2012-03-20 00:00:00,30.695740502959733
2012-03-20 01:00:00,15.036813543506462
2012-03-20 02:00:00,4.877140080295325
2012-03-20 03:00:00,4.313659793496406
2012-03-20 04:00:00,5.718071786558508
2012-03-20 05:00:00,24.7810338780634
2012-03-20 06:00:00,126.40808038799697
2012-03-20 07:00:00,140.32423335124733
2012-03-20 08:00:00,548.3425610962821
2012-03-20 09:00:00,335.95862839240965
2012-03-20 10:00:00,162.6864030645728
2012-03-20 11:00:00,174.34506883572374
2012-03-20 12:00:00,190.23084757362818
2012-03-20 13:00:00,207.1040981206656
2012-03-20 14:00:00,211.91703239139363
2012-03-20 15:00:00,259.96100721291117
2012-03-20 16:00:00,351.11682891142544
2012-03-20 17:00:00,707.7190339203006
2012-03-20 18:00:00,701.1975829358969
2012-03-20 19:00:00,478.31760179540413
2012-03-20 20:00:00,345.9389575524078
2012-03-20 21:00:00,235.48211043955936
2012-03-20 22:00:00,159.25768498873643
2012-03-20 23:00:00,97.34294451068452
2012-03-21 00:00:00,35.77548685775223
2012-03-21 01:00:00,20.334796401959583
2012-03-21 02:00:00,4.856821695261808
2012-03-21 03:00:00,3.9565562860819803
2012-03-21 04:00:00,4.911673048292637
2012-03-21 05:00:00,25.42425928792684
2012-03-21 06:00:00,124.80412847292062
2012-03-21 07:00:00,227.30836707724063
2012-03-21 08:00:00,340.1183479892324
2012-03-21 09:00:00,325.76922784414694
2012-03-21 10:00:00,173.79670103729785
2012-03-21 11:00:00,173.58005543689828
2012-03-21 12:00:00,203.07352268564867
2012-03-21 13:00:00,182.07573396821488
2012-03-21 14:00:00,190.44584421074293
2012-03-21 15:00:00,197.27795403928997
2012-03-21 16:00:00,334.6059646275574
2012-03-21 17:00:00,690.4152208506604
2012-03-21 18:00:00,695.8544932814493
2012-03-21 19:00:00,519.2695496727648
2012-03-21 20:00:00,290.61813464219796
2012-03-21 21:00:00,219.34248668167345
2012-03-21 22:00:00,187.97957353743197
2012-03-21 23:00:00,99.31590571599982
2012-03-22 00:00:00,50.02606730666672
2012-03-22 01:00:00,22.115227209788664
2012-03-22 02:00:00,9.570775636521047
2012-03-22 03:00:00,4.5147565110360155
2012-03-22 04:00:00,4.766082866789778
2012-03-22 05:00:00,23.30390494623063
2012-03-22 06:00:00,131.18193296217274
2012-03-22 07:00:00,308.47086942663685
2012-03-22 08:00:00,545.9000223541951
2012-03-22 09:00:00,291.79206062153855
2012-03-22 10:00:00,160.58191469176612
2012-03-22 11:00:00,147.92921898686126
2012-03-22 12:00:00,167.03062562266763
2012-03-22 13:00:00,210.6949409189075
2012-03-22 14:00:00,223.21206746399864
2012-03-22 15:00:00,262.9085976672901
2012-03-22 16:00:00,373.18690755886166
2012-03-22 17:00:00,729.5846640557936
2012-03-22 18:00:00,742.9911905497295
2012-03-22 19:00:00,513.7384464464353
2012-03-22 20:00:00,350.56011593728215
2012-03-22 21:00:00,235.36582578865983
2012-03-22 22:00:00,188.80382665224073
2012-03-22 23:00:00,107.10744281682055
2012-03-23 00:00:00,64.07342035677816
2012-03-23 01:00:00,29.791564101765708
2012-03-23 02:00:00,9.966723738067401
2012-03-23 03:00:00,5.4716438366689895
2012-03-23 04:00:00,5.643850554555126
2012-03-23 05:00:00,25.299953082606248
2012-03-23 06:00:00,126.49982243676348
2012-03-23 07:00:00,307.63629071273664
2012-03-23 08:00:00,550.0332328551743
2012-03-23 09:00:00,289.7098645054214
2012-03-23 10:00:00,178.19232513491698
2012-03-23 11:00:00,255.12133214482202
2012-03-23 12:00:00,334.12929709613894
2012-03-23 13:00:00,360.7735860055216
2012-03-23 14:00:00,354.5903233159063
2012-03-23 15:00:00,369.4629494875919
2012-03-23 16:00:00,472.43715333390617
2012-03-23 17:00:00,750.9586780647934
2012-03-23 18:00:00,709.9606053470515
2012-03-23 19:00:00,481.49320238437286
2012-03-23 20:00:00,355.7458961821506
2012-03-23 21:00:00,306.36006549884286
2012-03-23 22:00:00,264.82733561831594
2012-03-23 23:00:00,131.71012008798832
2012-03-24 00:00:00,146.48495659230187
2012-03-24 01:00:00,97.80475910871886
2012-03-24 02:00:00,63.831427132191706
2012-03-24 03:00:00,28.875699082528975
2012-03-24 04:00:00,8.217247979247057
2012-03-24 05:00:00,8.922713014773503
2012-03-24 06:00:00,31.811856848670743
2012-03-24 07:00:00,67.78633601303301
2012-03-24 08:00:00,157.26865768625885
2012-03-24 09:00:00,225.25205916029438
2012-03-24 10:00:00,258.4980472895896
2012-03-24 11:00:00,279.52669093268184
2012-03-24 12:00:00,226.70917964706922
2012-03-24 13:00:00,218.75867232918705
2012-03-24 14:00:00,216.51528793900542
2012-03-24 15:00:00,209.70436607243983
2012-03-24 16:00:00,196.28947166789746
2012-03-24 17:00:00,219.07489496676948
2012-03-24 18:00:00,128.16234105431732
2012-03-24 19:00:00,112.85474466995689
2012-03-24 20:00:00,96.89624531538941
2012-03-24 21:00:00,104.86670331288731
2012-03-24 22:00:00,87.0925569830371
2012-03-24 23:00:00,100.49812641828746
2012-03-25 00:00:00,53.260693298707785
2012-03-25 01:00:00,75.79481461220728
2012-03-25 02:00:00,32.360909314192796
2012-03-25 03:00:00,14.7135394036371
2012-03-25 04:00:00,6.261384654689262
2012-03-25 05:00:00,6.819803614967189
2012-03-25 06:00:00,11.61041974304908
2012-03-25 07:00:00,33.762658445901266
2012-03-25 08:00:00,72.7030831354716
2012-03-25 09:00:00,102.35850533892396
2012-03-25 10:00:00,223.78920014458527
2012-03-25 11:00:00,185.22878642032572
2012-03-25 12:00:00,209.8268028896991
2012-03-25 13:00:00,400.62777830624685
2012-03-25 14:00:00,406.21624571630934
2012-03-25 15:00:00,380.3550983681871
2012-03-25 16:00:00,413.692926918701
2012-03-25 17:00:00,501.0143657696341
2012-03-25 18:00:00,426.0691523071632
2012-03-25 19:00:00,271.90381180814734
2012-03-25 20:00:00,179.02779089084657
2012-03-25 21:00:00,150.61035256679878
2012-03-25 22:00:00,107.83087579210171
2012-03-25 23:00:00,60.06129113481854
2012-03-26 00:00:00,27.699054713237373
2012-03-26 01:00:00,14.01330937083576
2012-03-26 02:00:00,7.822007214786275
2012-03-26 03:00:00,3.7790744704546553
2012-03-26 04:00:00,5.110138936994454
2012-03-26 05:00:00,26.702416862349516
2012-03-26 06:00:00,115.9854444697159
2012-03-26 07:00:00,368.418968972956
2012-03-26 08:00:00,616.4969234742804
2012-03-26 09:00:00,308.3358802987495
2012-03-26 10:00:00,162.4071853014725
2012-03-26 11:00:00,201.9600399140061
2012-03-26 12:00:00,218.53344941081653
2012-03-26 13:00:00,213.24618148706676
2012-03-26 14:00:00,206.7542088956839
2012-03-26 15:00:00,207.4706763306659
2012-03-26 16:00:00,337.9188983653846
2012-03-26 17:00:00,544.007368195095
2012-03-26 18:00:00,504.88408846619734
2012-03-26 19:00:00,317.3544126435819
2012-03-26 20:00:00,184.79487981590432
2012-03-26 21:00:00,176.37727671641926
2012-03-26 22:00:00,119.53123441573325
2012-03-26 23:00:00,73.24352139566247
2012-03-27 00:00:00,24.401037854852913
2012-03-27 01:00:00,6.329541221108675
2012-03-27 02:00:00,3.869005377585654
2012-03-27 03:00:00,2.651476396956975
2012-03-27 04:00:00,2.408098691451941
2012-03-27 05:00:00,21.135412841674363
2012-03-27 06:00:00,103.18146804754085
2012-03-27 07:00:00,265.9385177670794
2012-03-27 08:00:00,489.242260203933
2012-03-27 09:00:00,274.10031338901604
2012-03-27 10:00:00,127.30886608146994
2012-03-27 11:00:00,142.89098679217744
2012-03-27 12:00:00,166.91338398816492
2012-03-27 13:00:00,175.6355758946923
2012-03-27 14:00:00,176.18653062875816
2012-03-27 15:00:00,144.96824087889786
2012-03-27 16:00:00,278.59910430006886
2012-03-27 17:00:00,549.6395594866165
2012-03-27 18:00:00,498.46994440668
2012-03-27 19:00:00,338.362635048858
2012-03-27 20:00:00,175.08656574239984
2012-03-27 21:00:00,160.6960653937655
2012-03-27 22:00:00,131.2463954767029
2012-03-27 23:00:00,76.99171046548828
2012-03-28 00:00:00,24.74934695766314
2012-03-28 01:00:00,8.984419276163257
2012-03-28 02:00:00,3.901793132554878
2012-03-28 03:00:00,3.375326674984601
2012-03-28 04:00:00,2.5040318312339673
2012-03-28 05:00:00,24.17563532874389
2012-03-28 06:00:00,100.32537509979647
2012-03-28 07:00:00,291.1008933569823
2012-03-28 08:00:00,572.5330139225522
2012-03-28 09:00:00,328.76627049654957
2012-03-28 10:00:00,172.80144856560796
2012-03-28 11:00:00,196.59315171372936
2012-03-28 12:00:00,219.7381238175902
2012-03-28 13:00:00,221.724911403168
2012-03-28 14:00:00,227.26767746823947
2012-03-28 15:00:00,251.11970229314224
2012-03-28 16:00:00,285.8909979258149
2012-03-28 17:00:00,725.0037912447121
2012-03-28 18:00:00,735.4987091505959
2012-03-28 19:00:00,514.6298361364328
2012-03-28 20:00:00,361.99974979775266
2012-03-28 21:00:00,237.52976523445935
2012-03-28 22:00:00,186.47065146691827
2012-03-28 23:00:00,105.69550152694856
2012-03-29 00:00:00,51.72123217460277
2012-03-29 01:00:00,22.155992716185775
2012-03-29 02:00:00,7.948164264397976
2012-03-29 03:00:00,3.320566702043652
2012-03-29 04:00:00,5.586697556137203
2012-03-29 05:00:00,24.58848876691025
2012-03-29 06:00:00,126.90964650661942
2012-03-29 07:00:00,357.44285126114727
2012-03-29 08:00:00,594.1768108054299
2012-03-29 09:00:00,333.4661198090821
2012-03-29 10:00:00,165.26476494444873
2012-03-29 11:00:00,195.4207329721008
2012-03-29 12:00:00,220.29308358486668
2012-03-29 13:00:00,207.6662796191252
2012-03-29 14:00:00,201.46862912164048
2012-03-29 15:00:00,204.84909397059238
2012-03-29 16:00:00,348.99639504986516
2012-03-29 17:00:00,609.3194186097794
2012-03-29 18:00:00,588.565146461023
2012-03-29 19:00:00,354.5089186548718
2012-03-29 20:00:00,241.66902496507998
2012-03-29 21:00:00,194.01826490435886
2012-03-29 22:00:00,136.6109355519695
2012-03-29 23:00:00,84.03692162686477
2012-03-30 00:00:00,46.07883064570859
2012-03-30 01:00:00,22.62802974732106
2012-03-30 02:00:00,8.126967632527718
2012-03-30 03:00:00,6.160368710279877
2012-03-30 04:00:00,3.0997881246048626
2012-03-30 05:00:00,22.182756012038542
2012-03-30 06:00:00,91.87380775569261
2012-03-30 07:00:00,274.3913175733726
2012-03-30 08:00:00,557.5169515162286
2012-03-30 09:00:00,305.62292567129595
2012-03-30 10:00:00,149.55984425536369
2012-03-30 11:00:00,165.70196537233704
2012-03-30 12:00:00,180.1683946741961
2012-03-30 13:00:00,106.14824525396398
2012-03-30 14:00:00,97.69402186086346
2012-03-30 15:00:00,92.29698474384593
2012-03-30 16:00:00,86.4869375662803
2012-03-30 17:00:00,519.153495463283
2012-03-30 18:00:00,513.5383178547779
2012-03-30 19:00:00,324.1662314550155
2012-03-30 20:00:00,183.4239017330207
2012-03-30 21:00:00,174.76437580088063
2012-03-30 22:00:00,148.8591752430311
2012-03-30 23:00:00,104.66053736973987
2012-03-31 00:00:00,83.67691159100787
2012-03-31 01:00:00,75.32365564018612
2012-03-31 02:00:00,43.824422731530326
2012-03-31 03:00:00,20.461579830630676
2012-03-31 04:00:00,5.162859244242386
2012-03-31 05:00:00,8.63108485106728
2012-03-31 06:00:00,19.445836303652793
2012-03-31 07:00:00,34.08320514468487
2012-03-31 08:00:00,102.17035588081099
2012-03-31 09:00:00,189.63616879124925
2012-03-31 10:00:00,265.45927942551447
2012-03-31 11:00:00,413.91894516299385
2012-03-31 12:00:00,441.2394425595773
2012-03-31 13:00:00,615.0300650157857
2012-03-31 14:00:00,502.36731766942313
2012-03-31 15:00:00,540.1757577684547
2012-03-31 16:00:00,501.84062506198114
2012-03-31 17:00:00,417.4876801675465
2012-03-31 18:00:00,296.3760069797565
2012-03-31 19:00:00,181.99027329150593
2012-03-31 20:00:00,153.2808548701185
2012-03-31 21:00:00,149.8921591291681
2012-03-31 22:00:00,138.0352543535276
2012-03-31 23:00:00,70.40338459649911
2012-04-20 00:00:00,66.26374801842701
2012-04-20 01:00:00,32.011813654037276
2012-04-20 02:00:00,6.938298359051069
2012-04-20 03:00:00,6.1565953255313435
2012-04-20 04:00:00,3.4417539316806556
2012-04-20 05:00:00,30.40421278157912
2012-04-20 06:00:00,133.5413902890281
2012-04-20 07:00:00,345.98700978960096
2012-04-20 08:00:00,615.2031365836842
2012-04-20 09:00:00,310.89285855619875
2012-04-20 10:00:00,230.3669393412743
2012-04-20 11:00:00,268.5954482864987
2012-04-20 12:00:00,339.96034444145005
2012-04-20 13:00:00,381.711953360813
2012-04-20 14:00:00,364.0408104965187
2012-04-20 15:00:00,383.2538503676448
2012-04-20 16:00:00,522.1798342979631
2012-04-20 17:00:00,752.4643846083467
2012-04-20 18:00:00,689.4815964540985
2012-04-20 19:00:00,495.1085387370521
2012-04-20 20:00:00,367.71830576110295
2012-04-20 21:00:00,262.92864968989403
2012-04-20 22:00:00,219.44362144154027
2012-04-20 23:00:00,147.96592818582587
2012-04-21 00:00:00,89.18990483899229
2012-04-21 01:00:00,88.82840117541892
2012-04-21 02:00:00,57.98447910648374
2012-04-21 03:00:00,30.555573545811598
2012-04-21 04:00:00,9.945219716617242
2012-04-21 05:00:00,14.090530281938683
2012-04-21 06:00:00,39.752611108683894
2012-04-21 07:00:00,106.63737658804726
2012-04-21 08:00:00,274.1226612064156
2012-04-21 09:00:00,306.0096417279398
2012-04-21 10:00:00,386.4016791934003
2012-04-21 11:00:00,458.4591519870383
2012-04-21 12:00:00,562.859223628764
2012-04-21 13:00:00,631.1236920521286
2012-04-21 14:00:00,590.9942778422067
2012-04-21 15:00:00,617.365451439528
2012-04-21 16:00:00,618.2589219720193
2012-04-21 17:00:00,594.5653057853549
2012-04-21 18:00:00,470.17164275983134
2012-04-21 19:00:00,245.12024292535716
2012-04-21 20:00:00,82.17803943373534
2012-04-21 21:00:00,85.09973572540945
2012-04-21 22:00:00,191.80542646830855
2012-04-21 23:00:00,115.56827182948503
2012-04-22 00:00:00,76.66714164891178
2012-04-22 01:00:00,67.54135082378706
2012-04-22 02:00:00,47.97984408955406
2012-04-22 03:00:00,23.104581026576557
2012-04-22 04:00:00,9.971008789424314
2012-04-22 05:00:00,9.428405357926938
2012-04-22 06:00:00,23.801308667114025
2012-04-22 07:00:00,43.865877650711845
2012-04-22 08:00:00,80.52384114630969
2012-04-22 09:00:00,92.73756549074926
2012-04-22 10:00:00,209.277228914282
2012-04-22 11:00:00,213.40930580527342
2012-04-22 12:00:00,222.9814881324087
2012-04-22 13:00:00,229.13678712194525
2012-04-22 14:00:00,208.15096291341524
2012-04-22 15:00:00,213.23701635858802
2012-04-22 16:00:00,216.19295751564545
2012-04-22 17:00:00,187.3840693461863
2012-04-22 18:00:00,157.4140961660249
2012-04-22 19:00:00,68.23367902551384
2012-04-22 20:00:00,74.01991595702697
2012-04-22 21:00:00,76.98812819480797
2012-04-22 22:00:00,48.41406787403644
2012-04-22 23:00:00,39.906710583401015
2012-04-23 00:00:00,18.825812684516446
2012-04-23 01:00:00,7.332906139906575
2012-04-23 02:00:00,6.008321595702562
2012-04-23 03:00:00,2.8536639328714153
2012-04-23 04:00:00,2.3384379956181376
2012-04-23 05:00:00,20.577195299622147
2012-04-23 06:00:00,94.33611376147418
2012-04-23 07:00:00,148.41843836231698
2012-04-23 08:00:00,540.2147314409999
2012-04-23 09:00:00,280.23660201450866
2012-04-23 10:00:00,149.68341407259769
2012-04-23 11:00:00,158.6050429219903
2012-04-23 12:00:00,92.30818089214344
2012-04-23 13:00:00,97.96476106594615
2012-04-23 14:00:00,127.74604446131457
2012-04-23 15:00:00,200.1570035045403
2012-04-23 16:00:00,74.95892193529129
2012-04-23 17:00:00,144.45878497387127
2012-04-23 18:00:00,221.57313273383446
2012-04-23 19:00:00,338.87138682293926
2012-04-23 20:00:00,176.90633165185588
2012-04-23 21:00:00,137.92085577651255
2012-04-23 22:00:00,117.5301156926633
2012-04-23 23:00:00,72.52165038365644
2012-04-24 00:00:00,23.75971573402272
2012-04-24 01:00:00,11.9515904093955
2012-04-24 02:00:00,4.3207881978836795
2012-04-24 03:00:00,3.462874106156135
2012-04-24 04:00:00,1.8912005858421153
2012-04-24 05:00:00,23.518049178877263
2012-04-24 06:00:00,98.69537482826038
2012-04-24 07:00:00,327.579489369095
2012-04-24 08:00:00,617.94672516182
2012-04-24 09:00:00,340.5118810965576
2012-04-24 10:00:00,184.71834678383485
2012-04-24 11:00:00,250.36759213056527
2012-04-24 12:00:00,261.6036340463994
2012-04-24 13:00:00,260.8409348468567
2012-04-24 14:00:00,246.63486456030768
2012-04-24 15:00:00,265.06026405665347
2012-04-24 16:00:00,395.47413160708805
2012-04-24 17:00:00,678.7750489641892
2012-04-24 18:00:00,677.4762794416134
2012-04-24 19:00:00,478.6935922535575
2012-04-24 20:00:00,282.18738680092724
2012-04-24 21:00:00,232.37476014192487
2012-04-24 22:00:00,154.2213994333603
2012-04-24 23:00:00,100.82125748434883
2012-04-25 00:00:00,36.81182698963379
2012-04-25 01:00:00,11.532804168506496
2012-04-25 02:00:00,4.576804149037294
2012-04-25 03:00:00,3.177006032396596
2012-04-25 04:00:00,1.6791529327489965
2012-04-25 05:00:00,27.255110186454413
2012-04-25 06:00:00,109.08911888317022
2012-04-25 07:00:00,360.3487697893727
2012-04-25 08:00:00,629.5760038623828
2012-04-25 09:00:00,349.7323796839897
2012-04-25 10:00:00,183.53240036301293
2012-04-25 11:00:00,240.62140201113093
2012-04-25 12:00:00,267.8353252101404
2012-04-25 13:00:00,279.5327264362627
2012-04-25 14:00:00,261.2657424257786
2012-04-25 15:00:00,291.2196427375422
2012-04-25 16:00:00,378.9708062095346
2012-04-25 17:00:00,737.597802967314
2012-04-25 18:00:00,731.5024799802433
2012-04-25 19:00:00,537.6563749180192
2012-04-25 20:00:00,366.09684293876893
2012-04-25 21:00:00,264.4548569902317
2012-04-25 22:00:00,192.4389696196957
2012-04-25 23:00:00,103.18399033171957
2012-04-26 00:00:00,43.217716665500014
2012-04-26 01:00:00,15.981362047198559
2012-04-26 02:00:00,8.23394254463993
2012-04-26 03:00:00,4.253859693793375
2012-04-26 04:00:00,4.856910603274475
2012-04-26 05:00:00,30.812669614127934
2012-04-26 06:00:00,143.53214239115164
2012-04-26 07:00:00,272.35898384875475
2012-04-26 08:00:00,465.60748417419836
2012-04-26 09:00:00,197.00213554144824
2012-04-26 10:00:00,182.67510379348852
2012-04-26 11:00:00,196.51787423601638
2012-04-26 12:00:00,301.06583233474174
2012-04-26 13:00:00,280.1894647381994
2012-04-26 14:00:00,292.1305207110466
2012-04-26 15:00:00,301.1823778338957
2012-04-26 16:00:00,303.7627886198309
2012-04-26 17:00:00,688.5573040863853
2012-04-26 18:00:00,671.5843704465111
2012-04-26 19:00:00,465.21091480181997
2012-04-26 20:00:00,319.48792470976923
2012-04-26 21:00:00,296.0496083314079
2012-04-26 22:00:00,237.7238564688549
2012-04-26 23:00:00,114.3380497085934
2012-04-27 00:00:00,69.22873728525397
2012-04-27 01:00:00,30.64495862520581
2012-04-27 02:00:00,14.194821722764878
2012-04-27 03:00:00,7.29220045440236
2012-04-27 04:00:00,3.7077458801517817
2012-04-27 05:00:00,30.28842772877323
2012-04-27 06:00:00,107.00603191294242
2012-04-27 07:00:00,313.2131336403894
2012-04-27 08:00:00,625.2494308880827
2012-04-27 09:00:00,342.93541918314827
2012-04-27 10:00:00,217.35646556877128
2012-04-27 11:00:00,270.19895741997937
2012-04-27 12:00:00,316.93097350022157
2012-04-27 13:00:00,344.3848173247853
2012-04-27 14:00:00,309.09858508218997
2012-04-27 15:00:00,404.8132672410708
2012-04-27 16:00:00,444.5901415172599
2012-04-27 17:00:00,656.1093090012182
2012-04-27 18:00:00,618.1958370935556
2012-04-27 19:00:00,429.2675610011301
2012-04-27 20:00:00,291.4316977455043
2012-04-27 21:00:00,218.69374117808022
2012-04-27 22:00:00,147.38494709947665
2012-04-27 23:00:00,102.8996913737233
2012-04-28 00:00:00,83.93699958171352
2012-04-28 01:00:00,62.778491029198996
2012-04-28 02:00:00,45.76967701699587
2012-04-28 03:00:00,24.07310243992962
2012-04-28 04:00:00,8.957861124832379
2012-04-28 05:00:00,5.390486418586157
2012-04-28 06:00:00,24.526340230613737
2012-04-28 07:00:00,68.41078944029324
2012-04-28 08:00:00,187.73729840004896
2012-04-28 09:00:00,238.11167637425754
2012-04-28 10:00:00,328.1719056460365
2012-04-28 11:00:00,418.3961325869802
2012-04-28 12:00:00,434.8670973817334
2012-04-28 13:00:00,475.1412260697336
2012-04-28 14:00:00,506.4044035822492
2012-04-28 15:00:00,491.0319858752917
2012-04-28 16:00:00,498.32108724685827
2012-04-28 17:00:00,449.89676461137594
2012-04-28 18:00:00,209.75503530011537
2012-04-28 19:00:00,106.27503414833049
2012-04-28 20:00:00,204.40739035278145
2012-04-28 21:00:00,122.49433471096454
2012-04-28 22:00:00,154.97581926284
2012-04-28 23:00:00,102.75874830008422
2012-04-29 00:00:00,46.87188921825738
2012-04-29 01:00:00,71.03106868853347
2012-04-29 02:00:00,65.69852131197956
2012-04-29 03:00:00,24.608377544620698
2012-04-29 04:00:00,9.358323524479262
2012-04-29 05:00:00,9.668519777027917
2012-04-29 06:00:00,22.665849548267015
2012-04-29 07:00:00,40.311372154059256
2012-04-29 08:00:00,120.66383824068606
2012-04-29 09:00:00,162.19641379189682
2012-04-29 10:00:00,354.99232048545997
2012-04-29 11:00:00,453.6236744770711
2012-04-29 12:00:00,519.2445007398644
2012-04-29 13:00:00,550.9732320886784
2012-04-29 14:00:00,576.9749875645159
2012-04-29 15:00:00,592.0639382258679
2012-04-29 16:00:00,521.358130668537
2012-04-29 17:00:00,474.7077182399156
2012-04-29 18:00:00,406.6893364416076
2012-04-29 19:00:00,357.26449816161926
2012-04-29 20:00:00,273.23743006313185
2012-04-29 21:00:00,160.4180058720547
2012-04-29 22:00:00,120.46343107979814
2012-04-29 23:00:00,74.03438569462364
2012-04-30 00:00:00,35.47384296229628
2012-04-30 01:00:00,12.784235284243918
2012-04-30 02:00:00,10.73383801692052
2012-04-30 03:00:00,4.477634896931588
2012-04-30 04:00:00,2.5446317203087907
2012-04-30 05:00:00,25.59141175550727
2012-04-30 06:00:00,108.7939475089216
2012-04-30 07:00:00,362.38813314547104
2012-04-30 08:00:00,610.6291728754446
2012-04-30 09:00:00,313.98498172711777
2012-04-30 10:00:00,203.15299249873013
2012-04-30 11:00:00,223.0541160682175
2012-04-30 12:00:00,245.71781324143075
2012-04-30 13:00:00,258.95465731002326
2012-04-30 14:00:00,252.31161639761976
2012-04-30 15:00:00,265.6955302174489
2012-04-30 16:00:00,368.6161945889851
2012-04-30 17:00:00,723.0075603880287
2012-04-30 18:00:00,706.3827789001092
2012-04-30 19:00:00,476.5866518786207
2012-04-30 20:00:00,298.39268077917086
2012-04-30 21:00:00,251.096330267678
2012-04-30 22:00:00,155.16155026904715
2012-04-30 23:00:00,83.83798098486568
2012-05-20 00:00:00,129.15643594003487
2012-05-20 01:00:00,106.8150550155634
2012-05-20 02:00:00,75.47910585799856
2012-05-20 03:00:00,31.754720070321298
2012-05-20 04:00:00,11.95713194353639
2012-05-20 05:00:00,13.068712744039617
2012-05-20 06:00:00,20.536656832708516
2012-05-20 07:00:00,55.7182151898279
2012-05-20 08:00:00,147.4188638765965
2012-05-20 09:00:00,227.95997125871705
2012-05-20 10:00:00,428.38790755087456
2012-05-20 11:00:00,569.696458411166
2012-05-20 12:00:00,621.5063736168416
2012-05-20 13:00:00,650.9849467448183
2012-05-20 14:00:00,589.0329591854249
2012-05-20 15:00:00,577.6807674561328
2012-05-20 16:00:00,553.246185695221
2012-05-20 17:00:00,519.960022176102
2012-05-20 18:00:00,460.56802102828493
2012-05-20 19:00:00,351.54157532520685
2012-05-20 20:00:00,271.9435284696141
2012-05-20 21:00:00,202.13871617314936
2012-05-20 22:00:00,140.2779167824908
2012-05-20 23:00:00,74.97547311534387
2012-05-21 00:00:00,33.2631560676604
2012-05-21 01:00:00,13.163536498714105
2012-05-21 02:00:00,4.274897877039723
2012-05-21 03:00:00,3.6159542177047834
2012-05-21 04:00:00,4.661818465917787
2012-05-21 05:00:00,17.451425246538673
2012-05-21 06:00:00,60.63366071449245
2012-05-21 07:00:00,161.9842710279685
2012-05-21 08:00:00,193.25155900547406
2012-05-21 09:00:00,129.86262443211214
2012-05-21 10:00:00,76.17589249431101
2012-05-21 11:00:00,137.37373381435094
2012-05-21 12:00:00,171.84476574206545
2012-05-21 13:00:00,108.1519666816711
2012-05-21 14:00:00,125.84228915004647
2012-05-21 15:00:00,230.23509269638117
2012-05-21 16:00:00,331.1271139921655
2012-05-21 17:00:00,692.3971502165834
2012-05-21 18:00:00,707.8687046817879
2012-05-21 19:00:00,534.611245111448
2012-05-21 20:00:00,368.3462156133019
2012-05-21 21:00:00,287.02964435594885
2012-05-21 22:00:00,177.21900110512706
2012-05-21 23:00:00,95.72932670297735
2012-05-22 00:00:00,38.434362416209076
2012-05-22 01:00:00,16.706615316067275
2012-05-22 02:00:00,5.628784781781704
2012-05-22 03:00:00,5.243213716429168
2012-05-22 04:00:00,5.649341864493277
2012-05-22 05:00:00,15.054856818246467
2012-05-22 06:00:00,60.232310334874455
2012-05-22 07:00:00,190.49726793030416
2012-05-22 08:00:00,515.9447000603005
2012-05-22 09:00:00,342.0032005565725
2012-05-22 10:00:00,165.64391785308297
2012-05-22 11:00:00,176.56531874745474
2012-05-22 12:00:00,187.67675662403673
2012-05-22 13:00:00,237.0834304954963
2012-05-22 14:00:00,201.48164666817746
2012-05-22 15:00:00,280.4602723275025
2012-05-22 16:00:00,383.75786938540085
2012-05-22 17:00:00,725.3022254635707
2012-05-22 18:00:00,730.5764989636089
2012-05-22 19:00:00,507.98126556026165
2012-05-22 20:00:00,360.49455684286715
2012-05-22 21:00:00,249.98820309495744
2012-05-22 22:00:00,204.07074904217257
2012-05-22 23:00:00,116.92351196506777
2012-05-23 00:00:00,47.165119768116405
2012-05-23 01:00:00,18.095366421929732
2012-05-23 02:00:00,7.869503772476474
2012-05-23 03:00:00,6.337855969025033
2012-05-23 04:00:00,5.105031010830681
2012-05-23 05:00:00,17.52058236229332
2012-05-23 06:00:00,141.37694002116956
2012-05-23 07:00:00,434.80709524077525
2012-05-23 08:00:00,613.871362597702
2012-05-23 09:00:00,336.9579683652986
2012-05-23 10:00:00,182.22590731430918
2012-05-23 11:00:00,233.38072250723195
2012-05-23 12:00:00,276.92964225074456
2012-05-23 13:00:00,239.36291299489056
2012-05-23 14:00:00,240.9078674885124
2012-05-23 15:00:00,273.3839345880826
2012-05-23 16:00:00,311.427411164952
2012-05-23 17:00:00,532.2277764807586
2012-05-23 18:00:00,556.9998646942897
2012-05-23 19:00:00,380.08544752803886
2012-05-23 20:00:00,255.36362543193832
2012-05-23 21:00:00,193.20165480823115
2012-05-23 22:00:00,190.8538676657639
2012-05-23 23:00:00,121.16198078731796
2012-05-24 00:00:00,63.61226335805243
2012-05-24 01:00:00,22.21409805639387
2012-05-24 02:00:00,12.526241344871615
2012-05-24 03:00:00,5.591655619451231
2012-05-24 04:00:00,5.750942207883817
2012-05-24 05:00:00,26.33852851969079
2012-05-24 06:00:00,139.7079315947538
2012-05-24 07:00:00,442.60381471036123
2012-05-24 08:00:00,680.2677909603975
2012-05-24 09:00:00,332.7924864796853
2012-05-24 10:00:00,180.70624216045408
2012-05-24 11:00:00,236.67476259492022
2012-05-24 12:00:00,301.28948560645557
2012-05-24 13:00:00,303.9851409661701
2012-05-24 14:00:00,230.86695854195105
2012-05-24 15:00:00,288.75394972256385
2012-05-24 16:00:00,387.01543763100636
2012-05-24 17:00:00,767.2686381495803
2012-05-24 18:00:00,754.1066895190464
2012-05-24 19:00:00,556.6630277880676
2012-05-24 20:00:00,369.0440549579051
2012-05-24 21:00:00,142.1771589154872
2012-05-24 22:00:00,194.17173702302645
2012-05-24 23:00:00,123.58198666747576
2012-05-25 00:00:00,80.57557590496823
2012-05-25 01:00:00,38.10394431626851
2012-05-25 02:00:00,9.923509972904911
2012-05-25 03:00:00,6.659630787915396
2012-05-25 04:00:00,6.357301984205297
2012-05-25 05:00:00,27.67347569328359
2012-05-25 06:00:00,141.1834365413272
2012-05-25 07:00:00,394.99320262061167
2012-05-25 08:00:00,645.3589177444978
2012-05-25 09:00:00,294.1307208827187
2012-05-25 10:00:00,198.21873017483813
2012-05-25 11:00:00,229.31604424441286
2012-05-25 12:00:00,298.3106660481385
2012-05-25 13:00:00,318.22614150221597
2012-05-25 14:00:00,298.85297176293795
2012-05-25 15:00:00,310.20289528106304
2012-05-25 16:00:00,466.06725610703063
2012-05-25 17:00:00,722.2530303181246
2012-05-25 18:00:00,699.8640171176336
2012-05-25 19:00:00,499.86487786991654
2012-05-25 20:00:00,355.6624180043071
2012-05-25 21:00:00,284.16567733737327
2012-05-25 22:00:00,262.0272043681516
2012-05-25 23:00:00,181.2434131531589
2012-05-26 00:00:00,140.46835153979725
2012-05-26 01:00:00,104.3782989090428
2012-05-26 02:00:00,71.41786827997912
2012-05-26 03:00:00,30.440950557975988
2012-05-26 04:00:00,9.605222909325407
2012-05-26 05:00:00,10.622145599924865
2012-05-26 06:00:00,30.259721084074442
2012-05-26 07:00:00,61.98648327983917
2012-05-26 08:00:00,196.80631790831706
2012-05-26 09:00:00,252.92447908183655
2012-05-26 10:00:00,415.14615793660516
2012-05-26 11:00:00,461.16176722607486
2012-05-26 12:00:00,522.8938712601239
2012-05-26 13:00:00,537.3311667773767
2012-05-26 14:00:00,526.2714035588718
2012-05-26 15:00:00,521.4424025888226
2012-05-26 16:00:00,532.5523137005779
2012-05-26 17:00:00,519.3766097929264
2012-05-26 18:00:00,489.7808725854532
2012-05-26 19:00:00,377.47431312173654
2012-05-26 20:00:00,286.67785405844154
2012-05-26 21:00:00,256.8418423486888
2012-05-26 22:00:00,259.59381527499437
2012-05-26 23:00:00,165.4816231272524
2012-05-27 00:00:00,132.8396150483235
2012-05-27 01:00:00,114.03389896783077
2012-05-27 02:00:00,82.70624198567957
2012-05-27 03:00:00,36.15584426844131
2012-05-27 04:00:00,10.050949050095435
2012-05-27 05:00:00,9.934295732152366
2012-05-27 06:00:00,18.124720052292645
2012-05-27 07:00:00,50.098906561484135
2012-05-27 08:00:00,146.8892489477593
2012-05-27 09:00:00,216.3817836717519
2012-05-27 10:00:00,383.1919473072602
2012-05-27 11:00:00,476.1673980669881
2012-05-27 12:00:00,503.2437874852382
2012-05-27 13:00:00,519.7900519316253
2012-05-27 14:00:00,512.085965269289
2012-05-27 15:00:00,511.15679590161096
2012-05-27 16:00:00,504.7293032460694
2012-05-27 17:00:00,502.83071341071883
2012-05-27 18:00:00,477.0183907211449
2012-05-27 19:00:00,355.98839578117725
2012-05-27 20:00:00,301.7142289198635
2012-05-27 21:00:00,146.8065542932579
2012-05-27 22:00:00,123.69478459579315
2012-05-27 23:00:00,91.88053710587396
2012-05-28 00:00:00,129.89853403839916
2012-05-28 01:00:00,61.43478246313586
2012-05-28 02:00:00,31.60832826965244
2012-05-28 03:00:00,23.10480656252557
2012-05-28 04:00:00,8.735594386155611
2012-05-28 05:00:00,18.208993682539173
2012-05-28 06:00:00,40.03107446006658
2012-05-28 07:00:00,108.9119024148715
2012-05-28 08:00:00,179.26357477873046
2012-05-28 09:00:00,298.5132520652175
2012-05-28 10:00:00,374.7361858069867
2012-05-28 11:00:00,427.0407231718762
2012-05-28 12:00:00,495.3420991337503
2012-05-28 13:00:00,468.35950418398187
2012-05-28 14:00:00,463.10416262806064
2012-05-28 15:00:00,436.1581543084759
2012-05-28 16:00:00,454.0776487483822
2012-05-28 17:00:00,494.05508408430626
2012-05-28 18:00:00,466.3891085933553
2012-05-28 19:00:00,379.21043248860923
2012-05-28 20:00:00,299.7944111633502
2012-05-28 21:00:00,289.2077943099797
2012-05-28 22:00:00,222.9077818384875
2012-05-28 23:00:00,119.69543740894336
2012-05-29 00:00:00,46.841919227306754
2012-05-29 01:00:00,17.122613008484763
2012-05-29 02:00:00,9.176590690555212
2012-05-29 03:00:00,4.8292810350058115
2012-05-29 04:00:00,6.050482480620272
2012-05-29 05:00:00,23.938938422712443
2012-05-29 06:00:00,164.99439776614525
2012-05-29 07:00:00,449.7350743114657
2012-05-29 08:00:00,670.5977621550646
2012-05-29 09:00:00,322.082009992039
2012-05-29 10:00:00,186.08294487559274
2012-05-29 11:00:00,222.0836757572289
2012-05-29 12:00:00,276.0157885015696
2012-05-29 13:00:00,274.98058288677896
2012-05-29 14:00:00,239.9227973920151
2012-05-29 15:00:00,277.1271662109123
2012-05-29 16:00:00,375.92889881403426
2012-05-29 17:00:00,756.8248887796343
2012-05-29 18:00:00,742.9930486864939
2012-05-29 19:00:00,542.9885386418664
2012-05-29 20:00:00,343.9492532644539
2012-05-29 21:00:00,107.73135504613833
2012-05-29 22:00:00,164.40085635056485
2012-05-29 23:00:00,74.70308636200708
2012-05-30 00:00:00,42.770716877999774
2012-05-30 01:00:00,13.897973597437186
2012-05-30 02:00:00,6.612076703784861
2012-05-30 03:00:00,3.986288916686477
2012-05-30 04:00:00,5.139362651299495
2012-05-30 05:00:00,29.36005817725705
2012-05-30 06:00:00,156.70604290731268
2012-05-30 07:00:00,298.63482511325
2012-05-30 08:00:00,687.4780103533059
2012-05-30 09:00:00,345.7989105100284
2012-05-30 10:00:00,172.03300752645106
2012-05-30 11:00:00,224.13998748944584
2012-05-30 12:00:00,312.4576712973713
2012-05-30 13:00:00,310.11440495792755
2012-05-30 14:00:00,260.35726931760996
2012-05-30 15:00:00,293.59031168913106
2012-05-30 16:00:00,389.34371197898946
2012-05-30 17:00:00,767.9949006262833
2012-05-30 18:00:00,821.366091134704
2012-05-30 19:00:00,564.2252348878786
2012-05-30 20:00:00,341.37674746554296
2012-05-30 21:00:00,313.3094365586681
2012-05-30 22:00:00,269.9624305953807
2012-05-30 23:00:00,150.6433830279282
2012-05-31 00:00:00,69.79416698501389
2012-05-31 01:00:00,23.777191046768753
2012-05-31 02:00:00,9.186722719950305
2012-05-31 03:00:00,7.849848790638189
2012-05-31 04:00:00,7.168759194575877
2012-05-31 05:00:00,28.477488577688288
2012-05-31 06:00:00,157.90511578617514
2012-05-31 07:00:00,468.34479446744183
2012-05-31 08:00:00,685.0172231086891
2012-05-31 09:00:00,330.91470063881775
2012-05-31 10:00:00,187.29024655431627
2012-05-31 11:00:00,251.1137285759672
2012-05-31 12:00:00,322.92370310386724
2012-05-31 13:00:00,312.51394778731276
2012-05-31 14:00:00,235.649691182068
2012-05-31 15:00:00,294.39940557959875
2012-05-31 16:00:00,404.81053052697297
2012-05-31 17:00:00,813.2664749915456
2012-05-31 18:00:00,809.8388777893191
2012-05-31 19:00:00,545.7050690064771
2012-05-31 20:00:00,422.77216354892215
2012-05-31 21:00:00,318.75782177681083
2012-05-31 22:00:00,264.81874389437746
2012-05-31 23:00:00,192.96655946424454
2012-06-20 00:00:00,45.88794471334152
2012-06-20 01:00:00,20.59395469522925
2012-06-20 02:00:00,5.954438618794949
2012-06-20 03:00:00,6.672124423310498
2012-06-20 04:00:00,7.104957840603079
2012-06-20 05:00:00,39.48883798936326
2012-06-20 06:00:00,171.1243215524041
2012-06-20 07:00:00,404.3182190741936
2012-06-20 08:00:00,659.6088696029998
2012-06-20 09:00:00,344.39641021328396
2012-06-20 10:00:00,188.8059437040637
2012-06-20 11:00:00,212.91559661384062
2012-06-20 12:00:00,276.94000613595205
2012-06-20 13:00:00,269.0890442305312
2012-06-20 14:00:00,224.1747050040418
2012-06-20 15:00:00,265.23400396414854
2012-06-20 16:00:00,415.90988036754254
2012-06-20 17:00:00,727.8139481585488
2012-06-20 18:00:00,721.7382047792166
2012-06-20 19:00:00,579.1778231176471
2012-06-20 20:00:00,439.09648097555726
2012-06-20 21:00:00,313.25928908998475
2012-06-20 22:00:00,299.7970031059577
2012-06-20 23:00:00,144.72212681502674
2012-06-21 00:00:00,62.94102577263184
2012-06-21 01:00:00,22.098693712558504
2012-06-21 02:00:00,7.8679003153488445
2012-06-21 03:00:00,5.170544762609621
2012-06-21 04:00:00,7.904872550583084
2012-06-21 05:00:00,36.13963579452494
2012-06-21 06:00:00,179.8129462978049
2012-06-21 07:00:00,408.14002179496794
2012-06-21 08:00:00,689.3057713623218
2012-06-21 09:00:00,301.6654317735848
2012-06-21 10:00:00,174.0184420916364
2012-06-21 11:00:00,222.01694206371258
2012-06-21 12:00:00,271.15726077555394
2012-06-21 13:00:00,276.78457908655906
2012-06-21 14:00:00,227.04982847137492
2012-06-21 15:00:00,261.3244657622854
2012-06-21 16:00:00,414.4410305167902
2012-06-21 17:00:00,764.872122834972
2012-06-21 18:00:00,778.1541060505778
2012-06-21 19:00:00,544.6502392293843
2012-06-21 20:00:00,437.35131100207855
2012-06-21 21:00:00,308.417847687267
2012-06-21 22:00:00,254.68278127341088
2012-06-21 23:00:00,153.33980943185782
2012-06-22 00:00:00,81.33032698888893
2012-06-22 01:00:00,38.11011797556431
2012-06-22 02:00:00,17.46972790485478
2012-06-22 03:00:00,6.589303747566905
2012-06-22 04:00:00,7.660413575881172
2012-06-22 05:00:00,35.585268991894054
2012-06-22 06:00:00,149.5220601702455
2012-06-22 07:00:00,436.0415551535471
2012-06-22 08:00:00,660.5519313679625
2012-06-22 09:00:00,354.15743714758446
2012-06-22 10:00:00,239.42100497766583
2012-06-22 11:00:00,281.4883544658935
2012-06-22 12:00:00,333.5850270701884
2012-06-22 13:00:00,351.5507225576423
2012-06-22 14:00:00,334.58289778960176
2012-06-22 15:00:00,318.80897408302644
2012-06-22 16:00:00,456.3584069596396
2012-06-22 17:00:00,776.4189667302338
2012-06-22 18:00:00,711.9684917100841
2012-06-22 19:00:00,518.9086792875264
2012-06-22 20:00:00,380.39333604779966
2012-06-22 21:00:00,261.8101249223043
2012-06-22 22:00:00,268.20962060831
2012-06-22 23:00:00,178.96576704934685
2012-06-23 00:00:00,154.93832593726395
2012-06-23 01:00:00,106.23258553065074
2012-06-23 02:00:00,70.05449106512754
2012-06-23 03:00:00,31.054217305245118
2012-06-23 04:00:00,10.639633986697774
2012-06-23 05:00:00,9.130814766182256
2012-06-23 06:00:00,33.324126570717816
2012-06-23 07:00:00,66.19766274410915
2012-06-23 08:00:00,192.90898282931505
2012-06-23 09:00:00,304.83162885234424
2012-06-23 10:00:00,431.68539671738694
2012-06-23 11:00:00,538.2211378717262
2012-06-23 12:00:00,541.9226061711491
2012-06-23 13:00:00,539.318307063339
2012-06-23 14:00:00,565.2396750071877
2012-06-23 15:00:00,535.8797328319409
2012-06-23 16:00:00,530.1958493346576
2012-06-23 17:00:00,529.6518083556836
2012-06-23 18:00:00,477.41005390001163
2012-06-23 19:00:00,370.7913937934188
2012-06-23 20:00:00,344.1295367134994
2012-06-23 21:00:00,305.5255326590918
2012-06-23 22:00:00,254.74805587425055
2012-06-23 23:00:00,202.204571156934
2012-06-24 00:00:00,176.21232471439183
2012-06-24 01:00:00,117.80834156096427
2012-06-24 02:00:00,86.56368100000132
2012-06-24 03:00:00,35.299860376539065
2012-06-24 04:00:00,13.724542168815388
2012-06-24 05:00:00,12.593071008188307
2012-06-24 06:00:00,22.904087143853424
2012-06-24 07:00:00,46.02677149977061
2012-06-24 08:00:00,147.5465172990774
2012-06-24 09:00:00,253.74880565985475
2012-06-24 10:00:00,415.7344208482585
2012-06-24 11:00:00,504.55198313725003
2012-06-24 12:00:00,513.5922597866048
2012-06-24 13:00:00,525.1199031361904
2012-06-24 14:00:00,507.3100619318304
2012-06-24 15:00:00,483.1963466878394
2012-06-24 16:00:00,491.005146308165
2012-06-24 17:00:00,492.15311104284484
2012-06-24 18:00:00,483.7513760691303
2012-06-24 19:00:00,392.43259688688005
2012-06-24 20:00:00,341.6008277813379
2012-06-24 21:00:00,236.12513892113063
2012-06-24 22:00:00,163.4180797672095
2012-06-24 23:00:00,106.72409152207725
2012-06-25 00:00:00,40.54960973422157
2012-06-25 01:00:00,18.399749290542804
2012-06-25 02:00:00,10.308891153004401
2012-06-25 03:00:00,6.15021351819008
2012-06-25 04:00:00,8.416174080023099
2012-06-25 05:00:00,36.88783445144098
2012-06-25 06:00:00,151.0894636256861
2012-06-25 07:00:00,487.72661511247753
2012-06-25 08:00:00,666.5256309096219
2012-06-25 09:00:00,328.1108701282811
2012-06-25 10:00:00,175.84655874384424
2012-06-25 11:00:00,227.25255733494328
2012-06-25 12:00:00,266.66027481583706
2012-06-25 13:00:00,289.229090621589
2012-06-25 14:00:00,250.69939017910966
2012-06-25 15:00:00,269.93331049533634
2012-06-25 16:00:00,408.8540688976862
2012-06-25 17:00:00,790.6566126115342
2012-06-25 18:00:00,774.3852114497568
2012-06-25 19:00:00,610.9026982473583
2012-06-25 20:00:00,423.0938019368547
2012-06-25 21:00:00,299.3098770709965
2012-06-25 22:00:00,193.69112039985723
2012-06-25 23:00:00,106.36845546702446
2012-06-26 00:00:00,36.95298418734019
2012-06-26 01:00:00,14.096621736566942
2012-06-26 02:00:00,8.895168139531055
2012-06-26 03:00:00,3.040520897402084
2012-06-26 04:00:00,8.297684068981292
2012-06-26 05:00:00,34.472611717306606
2012-06-26 06:00:00,148.22729950635224
2012-06-26 07:00:00,458.64829789332
2012-06-26 08:00:00,670.5866051175138
2012-06-26 09:00:00,333.39363645872794
2012-06-26 10:00:00,197.9218817242069
2012-06-26 11:00:00,238.75462636198804
2012-06-26 12:00:00,289.35199708732904
2012-06-26 13:00:00,283.6204262850513
2012-06-26 14:00:00,273.21451122337845
2012-06-26 15:00:00,286.0609822447289
2012-06-26 16:00:00,417.35789345155865
2012-06-26 17:00:00,803.7750587265368
2012-06-26 18:00:00,779.0228662561278
2012-06-26 19:00:00,542.5011603181272
2012-06-26 20:00:00,410.1139603949175
2012-06-26 21:00:00,301.36480376170596
2012-06-26 22:00:00,218.42281808023793
2012-06-26 23:00:00,161.0021907963677
2012-06-27 00:00:00,43.26219960439299
2012-06-27 01:00:00,15.990927787717052
2012-06-27 02:00:00,8.278138428490294
2012-06-27 03:00:00,3.867388888883708
2012-06-27 04:00:00,7.423260458769292
2012-06-27 05:00:00,38.134078350504396
2012-06-27 06:00:00,149.76299278598017
2012-06-27 07:00:00,428.2716724272887
2012-06-27 08:00:00,670.8550388628325
2012-06-27 09:00:00,329.78089652138067
2012-06-27 10:00:00,191.51186974280225
2012-06-27 11:00:00,234.89654556801622
2012-06-27 12:00:00,294.657649034641
2012-06-27 13:00:00,277.6897770313563
2012-06-27 14:00:00,266.3166579170231
2012-06-27 15:00:00,280.6230805055637
2012-06-27 16:00:00,421.01162514864103
2012-06-27 17:00:00,801.9240009707349
2012-06-27 18:00:00,785.9709869869529
2012-06-27 19:00:00,616.1475029965804
2012-06-27 20:00:00,437.6626735209572
2012-06-27 21:00:00,323.5618890262663
2012-06-27 22:00:00,251.7432704956939
2012-06-27 23:00:00,158.92991708209175
2012-06-28 00:00:00,61.21117517157736
2012-06-28 01:00:00,20.805115975822957
2012-06-28 02:00:00,9.15468304439934
2012-06-28 03:00:00,5.159163006213977
2012-06-28 04:00:00,7.505252215862157
2012-06-28 05:00:00,35.41774746090268
2012-06-28 06:00:00,144.29977749968893
2012-06-28 07:00:00,488.1744487927546
2012-06-28 08:00:00,667.9108083496278
2012-06-28 09:00:00,345.29459441840396
2012-06-28 10:00:00,193.96546679716133
2012-06-28 11:00:00,238.1255871376846
2012-06-28 12:00:00,289.04304622322155
2012-06-28 13:00:00,282.93490361714305
2012-06-28 14:00:00,260.1766465759501
2012-06-28 15:00:00,277.2827259341206
2012-06-28 16:00:00,455.0408655659918
2012-06-28 17:00:00,753.4282832030805
2012-06-28 18:00:00,754.1188116237638
2012-06-28 19:00:00,560.8967563855789
2012-06-28 20:00:00,469.04187189592125
2012-06-28 21:00:00,312.67762684650313
2012-06-28 22:00:00,263.30462161974674
2012-06-28 23:00:00,174.57780454376189
2012-06-29 00:00:00,79.45324084413046
2012-06-29 01:00:00,35.49740682843879
2012-06-29 02:00:00,15.804559815203095
2012-06-29 03:00:00,7.026757000509042
2012-06-29 04:00:00,8.17015370352835
2012-06-29 05:00:00,34.450493662301625
2012-06-29 06:00:00,145.5128861052247
2012-06-29 07:00:00,444.22726813048257
2012-06-29 08:00:00,672.6981288560494
2012-06-29 09:00:00,359.8211646391273
2012-06-29 10:00:00,231.45571097025416
2012-06-29 11:00:00,277.3324063165854
2012-06-29 12:00:00,317.71499733950304
2012-06-29 13:00:00,316.38770003434826
2012-06-29 14:00:00,305.1682589557046
2012-06-29 15:00:00,303.55710842691974
2012-06-29 16:00:00,433.12678051500035
2012-06-29 17:00:00,699.2673553061405
2012-06-29 18:00:00,657.9447008259723
2012-06-29 19:00:00,464.29240207041204
2012-06-29 20:00:00,371.59530474008227
2012-06-29 21:00:00,311.04733387474124
2012-06-29 22:00:00,260.3786545475649
2012-06-29 23:00:00,169.38032100051342
2012-06-30 00:00:00,102.59018065134616
2012-06-30 01:00:00,106.67737839954296
2012-06-30 02:00:00,61.98888055411696
2012-06-30 03:00:00,31.41030663750751
2012-06-30 04:00:00,9.972094304315174
2012-06-30 05:00:00,9.299911332214382
2012-06-30 06:00:00,32.91083716646897
2012-06-30 07:00:00,71.06059526116529
2012-06-30 08:00:00,176.81214051804002
2012-06-30 09:00:00,210.38081274308323
2012-06-30 10:00:00,409.06030463911236
2012-06-30 11:00:00,493.4858004852532
2012-06-30 12:00:00,506.84369904067876
2012-06-30 13:00:00,510.19307200267133
2012-06-30 14:00:00,507.3093042945597
2012-06-30 15:00:00,505.92622473676585
2012-06-30 16:00:00,475.2111930963373
2012-06-30 17:00:00,492.4667367539914
2012-06-30 18:00:00,486.5939980301671
2012-06-30 19:00:00,408.8061788811536
2012-06-30 20:00:00,326.48060211862645
2012-06-30 21:00:00,298.70086198701114
2012-06-30 22:00:00,248.95802392882754
2012-06-30 23:00:00,188.8522040295663
2012-07-20 00:00:00,65.05621763170689
2012-07-20 01:00:00,31.898775401389933
2012-07-20 02:00:00,10.502443656155865
2012-07-20 03:00:00,5.595238951682265
2012-07-20 04:00:00,7.198945755986353
2012-07-20 05:00:00,40.77101578709071
2012-07-20 06:00:00,157.08862054324794
2012-07-20 07:00:00,421.45123228518696
2012-07-20 08:00:00,600.6653609192501
2012-07-20 09:00:00,345.1973386389922
2012-07-20 10:00:00,191.054930142442
2012-07-20 11:00:00,226.05432312609648
2012-07-20 12:00:00,126.77876776909623
2012-07-20 13:00:00,118.92715293782291
2012-07-20 14:00:00,105.19679188397399
2012-07-20 15:00:00,198.36988195370185
2012-07-20 16:00:00,249.5921335267196
2012-07-20 17:00:00,500.2269552333432
2012-07-20 18:00:00,529.3258977226291
2012-07-20 19:00:00,372.37789204060186
2012-07-20 20:00:00,103.44339760444386
2012-07-20 21:00:00,148.26666617853087
2012-07-20 22:00:00,191.0299994995865
2012-07-20 23:00:00,156.43236551199644
2012-07-21 00:00:00,101.90637687467748
2012-07-21 01:00:00,119.30326677523274
2012-07-21 02:00:00,60.28532139906778
2012-07-21 03:00:00,27.628930366009158
2012-07-21 04:00:00,8.564077988492853
2012-07-21 05:00:00,8.388198233815707
2012-07-21 06:00:00,36.7249819437233
2012-07-21 07:00:00,59.79362013279214
2012-07-21 08:00:00,183.65260200174575
2012-07-21 09:00:00,228.5655939141448
2012-07-21 10:00:00,240.25974007128212
2012-07-21 11:00:00,312.64736740375696
2012-07-21 12:00:00,260.3525278470277
2012-07-21 13:00:00,205.19824338596976
2012-07-21 14:00:00,301.3697472378975
2012-07-21 15:00:00,314.18045638821667
2012-07-21 16:00:00,176.01651891709759
2012-07-21 17:00:00,192.74871051288227
2012-07-21 18:00:00,251.54371080287447
2012-07-21 19:00:00,216.14544925280538
2012-07-21 20:00:00,106.34814794961567
2012-07-21 21:00:00,175.18475539701396
2012-07-21 22:00:00,172.22308788372683
2012-07-21 23:00:00,140.72391110291082
2012-07-22 00:00:00,119.42907740478302
2012-07-22 01:00:00,111.79067488790632
2012-07-22 02:00:00,82.68409802489948
2012-07-22 03:00:00,34.3240691439103
2012-07-22 04:00:00,11.186635940779588
2012-07-22 05:00:00,15.093453421070148
2012-07-22 06:00:00,18.96771702209116
2012-07-22 07:00:00,43.86700265539069
2012-07-22 08:00:00,132.8827280170006
2012-07-22 09:00:00,247.69627197712683
2012-07-22 10:00:00,363.257682984534
2012-07-22 11:00:00,375.1830359594034
2012-07-22 12:00:00,405.8832528306929
2012-07-22 13:00:00,416.04549302159774
2012-07-22 14:00:00,408.6868801986068
2012-07-22 15:00:00,397.14943797977656
2012-07-22 16:00:00,390.9979900879584
2012-07-22 17:00:00,400.1907351629987
2012-07-22 18:00:00,362.0768487450285
2012-07-22 19:00:00,315.229595441783
2012-07-22 20:00:00,275.9223053908915
2012-07-22 21:00:00,206.74665648067247
2012-07-22 22:00:00,143.9918428010767
2012-07-22 23:00:00,100.30922988993373
2012-07-23 00:00:00,47.84142220394369
2012-07-23 01:00:00,16.20468375662537
2012-07-23 02:00:00,6.7089448616584395
2012-07-23 03:00:00,4.496444490417008
2012-07-23 04:00:00,8.03607573280846
2012-07-23 05:00:00,38.39567713091205
2012-07-23 06:00:00,154.62485751771194
2012-07-23 07:00:00,462.3992494818964
2012-07-23 08:00:00,619.4315952849364
2012-07-23 09:00:00,327.61178475333395
2012-07-23 10:00:00,186.29613807022272
2012-07-23 11:00:00,217.7718637744811
2012-07-23 12:00:00,265.63566399830995
2012-07-23 13:00:00,273.1858751896491
2012-07-23 14:00:00,241.97854607553273
2012-07-23 15:00:00,259.9629919257275
2012-07-23 16:00:00,382.7449494378371
2012-07-23 17:00:00,810.2505679425584
2012-07-23 18:00:00,793.3522873701424
2012-07-23 19:00:00,590.785993909013
2012-07-23 20:00:00,430.89827744884593
2012-07-23 21:00:00,296.05041983407034
2012-07-23 22:00:00,209.44630216364692
2012-07-23 23:00:00,122.37179690750739
2012-07-24 00:00:00,52.696052139429995
2012-07-24 01:00:00,20.084068797415522
2012-07-24 02:00:00,8.789427677462404
2012-07-24 03:00:00,5.553174251647231
2012-07-24 04:00:00,6.648966648622496
2012-07-24 05:00:00,40.879881876962735
2012-07-24 06:00:00,175.24075626344055
2012-07-24 07:00:00,502.1871235452369
2012-07-24 08:00:00,630.3210328047816
2012-07-24 09:00:00,304.1969044483505
2012-07-24 10:00:00,181.85732998820944
2012-07-24 11:00:00,205.15280755615234
2012-07-24 12:00:00,260.2373280588328
2012-07-24 13:00:00,260.5239458172067
2012-07-24 14:00:00,219.47659259165235
2012-07-24 15:00:00,276.30940492415584
2012-07-24 16:00:00,378.24334162616196
2012-07-24 17:00:00,782.7331021775798
2012-07-24 18:00:00,742.9419998799326
2012-07-24 19:00:00,557.0875797554872
2012-07-24 20:00:00,425.21829195570825
2012-07-24 21:00:00,299.1485327849537
2012-07-24 22:00:00,213.66981776204864
2012-07-24 23:00:00,138.39689732189336
2012-07-25 00:00:00,44.35621456665528
2012-07-25 01:00:00,17.578244297182582
2012-07-25 02:00:00,8.21483691886222
2012-07-25 03:00:00,6.114957196698427
2012-07-25 04:00:00,6.361246289021347
2012-07-25 05:00:00,41.23023308829615
2012-07-25 06:00:00,152.63057170516328
2012-07-25 07:00:00,410.03563425505934
2012-07-25 08:00:00,643.7535714463578
2012-07-25 09:00:00,339.74476077125524
2012-07-25 10:00:00,197.08618741448691
2012-07-25 11:00:00,232.7253260740337
2012-07-25 12:00:00,312.40363589031995
2012-07-25 13:00:00,285.04236246709945
2012-07-25 14:00:00,237.61185918068836
2012-07-25 15:00:00,300.3008153443459
2012-07-25 16:00:00,409.364347530274
2012-07-25 17:00:00,799.509296899153
2012-07-25 18:00:00,787.2421274827357
2012-07-25 19:00:00,600.9142414684367
2012-07-25 20:00:00,440.4749909499527
2012-07-25 21:00:00,343.78979957449496
2012-07-25 22:00:00,249.14790353768723
2012-07-25 23:00:00,144.94247250436922
2012-07-26 00:00:00,60.12350702714366
2012-07-26 01:00:00,24.01484081254022
2012-07-26 02:00:00,9.568299219543828
2012-07-26 03:00:00,6.593487967432859
2012-07-26 04:00:00,6.097926786527241
2012-07-26 05:00:00,38.17900667746616
2012-07-26 06:00:00,170.7157266932665
2012-07-26 07:00:00,495.08481463738394
2012-07-26 08:00:00,650.6792634457458
2012-07-26 09:00:00,332.3924350468068
2012-07-26 10:00:00,203.09441224178562
2012-07-26 11:00:00,214.1500453561846
2012-07-26 12:00:00,283.1398267087965
2012-07-26 13:00:00,279.17639380867297
2012-07-26 14:00:00,203.6230270310814
2012-07-26 15:00:00,231.0732768349477
2012-07-26 16:00:00,410.0618543101716
2012-07-26 17:00:00,690.429603298787
2012-07-26 18:00:00,676.3004907743781
2012-07-26 19:00:00,547.769940322864
2012-07-26 20:00:00,446.7831051002797
2012-07-26 21:00:00,245.05890275105145
2012-07-26 22:00:00,251.72535111614022
2012-07-26 23:00:00,163.91787694923084
2012-07-27 00:00:00,87.50370590579088
2012-07-27 01:00:00,42.66772930784536
2012-07-27 02:00:00,18.663479438395523
2012-07-27 03:00:00,6.613632379098627
2012-07-27 04:00:00,7.554099886571569
2012-07-27 05:00:00,37.312544097099114
2012-07-27 06:00:00,165.99439312230666
2012-07-27 07:00:00,443.38702011124343
2012-07-27 08:00:00,658.8630637559007
2012-07-27 09:00:00,309.816271342328
2012-07-27 10:00:00,237.74922656296488
2012-07-27 11:00:00,277.74206617212434
2012-07-27 12:00:00,327.46793252108785
2012-07-27 13:00:00,331.7789675796025
2012-07-27 14:00:00,313.3413310762762
2012-07-27 15:00:00,342.0690869238345
2012-07-27 16:00:00,446.5090083505075
2012-07-27 17:00:00,714.5222667482013
2012-07-27 18:00:00,679.3722012242147
2012-07-27 19:00:00,479.2701088019955
2012-07-27 20:00:00,380.1426636314375
2012-07-27 21:00:00,299.2157454357039
2012-07-27 22:00:00,274.1256264036028
2012-07-27 23:00:00,174.71518966640875
2012-07-28 00:00:00,160.70190252658955
2012-07-28 01:00:00,101.8003426367521
2012-07-28 02:00:00,76.08421096719765
2012-07-28 03:00:00,32.957489700613486
2012-07-28 04:00:00,8.035138809215125
2012-07-28 05:00:00,11.88743627277109
2012-07-28 06:00:00,32.86330349596628
2012-07-28 07:00:00,64.67692114810019
2012-07-28 08:00:00,166.91158487132523
2012-07-28 09:00:00,286.8919192050342
2012-07-28 10:00:00,448.30984793817476
2012-07-28 11:00:00,501.7033282377002
2012-07-28 12:00:00,510.84033234700155
2012-07-28 13:00:00,508.08772352717966
2012-07-28 14:00:00,534.8743219183233
2012-07-28 15:00:00,482.5725117058653
2012-07-28 16:00:00,495.2227791883373
2012-07-28 17:00:00,495.665169947965
2012-07-28 18:00:00,426.93352263717344
2012-07-28 19:00:00,266.5259412130736
2012-07-28 20:00:00,306.21632966911335
2012-07-28 21:00:00,246.38874883453215
2012-07-28 22:00:00,208.42393713580933
2012-07-28 23:00:00,179.61316655812422
2012-07-29 00:00:00,156.16782087576055
2012-07-29 01:00:00,121.22600130463107
2012-07-29 02:00:00,88.03274349740549
2012-07-29 03:00:00,41.84403489693981
2012-07-29 04:00:00,10.374176494382157
2012-07-29 05:00:00,9.887399631247
2012-07-29 06:00:00,20.850761325579505
2012-07-29 07:00:00,51.302576690117434
2012-07-29 08:00:00,136.86943671729586
2012-07-29 09:00:00,244.3098424289423
2012-07-29 10:00:00,356.5707661384538
2012-07-29 11:00:00,427.3989756921472
2012-07-29 12:00:00,425.6169052234149
2012-07-29 13:00:00,436.73044452911137
2012-07-29 14:00:00,457.8332690326538
2012-07-29 15:00:00,448.97322101218896
2012-07-29 16:00:00,439.12607320697646
2012-07-29 17:00:00,439.431265835674
2012-07-29 18:00:00,385.9467702755338
2012-07-29 19:00:00,312.97694992980627
2012-07-29 20:00:00,284.84670691676695
2012-07-29 21:00:00,207.630407545743
2012-07-29 22:00:00,140.2166712140406
2012-07-29 23:00:00,104.03316697671887
2012-07-30 00:00:00,50.944151290608964
2012-07-30 01:00:00,17.364073872106513
2012-07-30 02:00:00,12.341826281588043
2012-07-30 03:00:00,6.244865341830206
2012-07-30 04:00:00,9.586969478725685
2012-07-30 05:00:00,40.47634992943742
2012-07-30 06:00:00,147.00552908550446
2012-07-30 07:00:00,468.3223953161285
2012-07-30 08:00:00,645.8189044750162
2012-07-30 09:00:00,331.6391939510838
2012-07-30 10:00:00,190.8720216956819
2012-07-30 11:00:00,219.19654944687895
2012-07-30 12:00:00,277.9126501369658
2012-07-30 13:00:00,261.77354112322513
2012-07-30 14:00:00,240.1064610538561
2012-07-30 15:00:00,263.07722927207567
2012-07-30 16:00:00,393.5370942627219
2012-07-30 17:00:00,787.9336665204322
2012-07-30 18:00:00,743.2443006615475
2012-07-30 19:00:00,588.6155399034168
2012-07-30 20:00:00,418.7688838168324
2012-07-30 21:00:00,303.77480414874714
2012-07-30 22:00:00,203.89097120552373
2012-07-30 23:00:00,123.46636611119368
2012-07-31 00:00:00,46.017296574610285
2012-07-31 01:00:00,19.130278437783527
2012-07-31 02:00:00,8.867748532982729
2012-07-31 03:00:00,5.477098947839352
2012-07-31 04:00:00,6.648966648622496
2012-07-31 05:00:00,39.66674200716339
2012-07-31 06:00:00,164.15300473957453
2012-07-31 07:00:00,442.9023971482575
2012-07-31 08:00:00,634.2684795448471
2012-07-31 09:00:00,332.87510584001166
2012-07-31 10:00:00,198.69874917081546
2012-07-31 11:00:00,219.80033140638724
2012-07-31 12:00:00,285.58572564023757
2012-07-31 13:00:00,270.7131012588772
2012-07-31 14:00:00,244.25553461809164
2012-07-31 15:00:00,275.63083145593663
2012-07-31 16:00:00,344.6366928782208
2012-07-31 17:00:00,830.2585564487989
2012-07-31 18:00:00,789.3531160343765
2012-07-31 19:00:00,494.5937238389143
2012-07-31 20:00:00,367.55032228969
2012-07-31 21:00:00,238.88532689062237
2012-07-31 22:00:00,212.96012486383202
2012-07-31 23:00:00,138.35602248422694
2012-08-20 00:00:00,33.32869420381703
2012-08-20 01:00:00,15.129260002831757
2012-08-20 02:00:00,8.051018917978773
2012-08-20 03:00:00,5.3762689620029445
2012-08-20 04:00:00,8.777361678776433
2012-08-20 05:00:00,37.425171586648496
2012-08-20 06:00:00,151.2011577097479
2012-08-20 07:00:00,465.1289148586416
2012-08-20 08:00:00,677.1310198293804
2012-08-20 09:00:00,339.26786276769997
2012-08-20 10:00:00,213.9396441045246
2012-08-20 11:00:00,239.3002719827739
2012-08-20 12:00:00,294.3668348054675
2012-08-20 13:00:00,295.14405187855766
2012-08-20 14:00:00,262.0439668775761
2012-08-20 15:00:00,294.9526479008984
2012-08-20 16:00:00,437.4604061190226
2012-08-20 17:00:00,817.5991203965713
2012-08-20 18:00:00,706.8732777697037
2012-08-20 19:00:00,476.71374416077043
2012-08-20 20:00:00,250.79023836057888
2012-08-20 21:00:00,196.78249270718598
2012-08-20 22:00:00,135.1508351914504
2012-08-20 23:00:00,90.7648444526016
2012-08-21 00:00:00,32.73328026829005
2012-08-21 01:00:00,15.378615436282328
2012-08-21 02:00:00,4.500020691431002
2012-08-21 03:00:00,4.545600746022431
2012-08-21 04:00:00,7.381015115853815
2012-08-21 05:00:00,36.82400328379995
2012-08-21 06:00:00,159.16693880761912
2012-08-21 07:00:00,480.14251984279383
2012-08-21 08:00:00,669.00573324074
2012-08-21 09:00:00,355.1381337702652
2012-08-21 10:00:00,214.98635099813785
2012-08-21 11:00:00,237.4900029954687
2012-08-21 12:00:00,310.749068743924
2012-08-21 13:00:00,308.6341944153033
2012-08-21 14:00:00,251.727196431519
2012-08-21 15:00:00,308.9371066141893
2012-08-21 16:00:00,448.36186364461406
2012-08-21 17:00:00,832.7685855539577
2012-08-21 18:00:00,820.2220772753087
2012-08-21 19:00:00,415.64716478630055
2012-08-21 20:00:00,404.80572152303665
2012-08-21 21:00:00,294.82757520120623
2012-08-21 22:00:00,180.109864893764
2012-08-21 23:00:00,122.33966269178771
2012-08-22 00:00:00,47.22605865747934
2012-08-22 01:00:00,19.376935733790816
2012-08-22 02:00:00,6.956479046049492
2012-08-22 03:00:00,6.275223535112456
2012-08-22 04:00:00,6.221920323388462
2012-08-22 05:00:00,39.975203618686805
2012-08-22 06:00:00,164.434798544409
2012-08-22 07:00:00,439.0642274033203
2012-08-22 08:00:00,693.3170956338516
2012-08-22 09:00:00,352.7615124027106
2012-08-22 10:00:00,215.75993492247756
2012-08-22 11:00:00,241.08155804008706
2012-08-22 12:00:00,311.37729404998703
2012-08-22 13:00:00,298.19436866963883
2012-08-22 14:00:00,253.29202568844022
2012-08-22 15:00:00,291.339629944941
2012-08-22 16:00:00,366.3605333977305
2012-08-22 17:00:00,793.2971939569577
2012-08-22 18:00:00,767.2106882623092
2012-08-22 19:00:00,518.3951430143164
2012-08-22 20:00:00,421.46697372706274
2012-08-22 21:00:00,322.4968064139275
2012-08-22 22:00:00,250.38561532202732
2012-08-22 23:00:00,137.78592998260723
2012-08-23 00:00:00,65.44276235275579
2012-08-23 01:00:00,22.86957804553423
2012-08-23 02:00:00,10.0751406611264
2012-08-23 03:00:00,6.768805686545129
2012-08-23 04:00:00,7.3506482570515885
2012-08-23 05:00:00,39.74382935567105
2012-08-23 06:00:00,149.43804515914837
2012-08-23 07:00:00,375.50424487418564
2012-08-23 08:00:00,695.6903360841741
2012-08-23 09:00:00,353.913192420179
2012-08-23 10:00:00,204.77834751332625
2012-08-23 11:00:00,241.582325582661
2012-08-23 12:00:00,311.24632486680326
2012-08-23 13:00:00,293.39741695127157
2012-08-23 14:00:00,248.13177011389524
2012-08-23 15:00:00,289.9415522187036
2012-08-23 16:00:00,423.38226232163817
2012-08-23 17:00:00,828.1943712682622
2012-08-23 18:00:00,832.8702685133311
2012-08-23 19:00:00,601.3172159740391
2012-08-23 20:00:00,447.91740801754605
2012-08-23 21:00:00,324.9367971955468
2012-08-23 22:00:00,242.62978728751074
2012-08-23 23:00:00,169.11215357354232
2012-08-24 00:00:00,80.66226163295754
2012-08-24 01:00:00,36.38953950534844
2012-08-24 02:00:00,18.220969753545976
2012-08-24 03:00:00,7.592235163083391
2012-08-24 04:00:00,8.129948571884212
2012-08-24 05:00:00,39.53154400749565
2012-08-24 06:00:00,152.4461796599561
2012-08-24 07:00:00,396.241944829583
2012-08-24 08:00:00,663.6799615805073
2012-08-24 09:00:00,379.8950126408181
2012-08-24 10:00:00,254.01846353423105
2012-08-24 11:00:00,285.1384372370043
2012-08-24 12:00:00,353.4633620205192
2012-08-24 13:00:00,361.880086874185
2012-08-24 14:00:00,349.2296316863394
2012-08-24 15:00:00,351.46663751052023
2012-08-24 16:00:00,457.3060943683241
2012-08-24 17:00:00,748.8999164813081
2012-08-24 18:00:00,683.4043736378728
2012-08-24 19:00:00,485.7190317480908
2012-08-24 20:00:00,382.7605368036404
2012-08-24 21:00:00,306.02890367035525
2012-08-24 22:00:00,273.4252918148005
2012-08-24 23:00:00,183.3808156962562
2012-08-25 00:00:00,140.7541254157966
2012-08-25 01:00:00,116.6684198150747
2012-08-25 02:00:00,81.99600239858326
2012-08-25 03:00:00,32.23145718454986
2012-08-25 04:00:00,11.881044525981283
2012-08-25 05:00:00,9.010853046592352
2012-08-25 06:00:00,31.951227485440093
2012-08-25 07:00:00,53.277618987520434
2012-08-25 08:00:00,188.87253930048655
2012-08-25 09:00:00,279.01165362355675
2012-08-25 10:00:00,414.769102480254
2012-08-25 11:00:00,469.3312005367962
2012-08-25 12:00:00,514.8539595458838
2012-08-25 13:00:00,569.4063349108773
2012-08-25 14:00:00,358.9631089511295
2012-08-25 15:00:00,323.27426489976153
2012-08-25 16:00:00,349.0441471554256
2012-08-25 17:00:00,353.16925401997514
2012-08-25 18:00:00,397.25898615261184
2012-08-25 19:00:00,248.76355334339553
2012-08-25 20:00:00,130.59662960604723
2012-08-25 21:00:00,213.2676789923292
2012-08-25 22:00:00,169.79429352160793
2012-08-25 23:00:00,137.45632366890806
2012-08-26 00:00:00,148.08986745427043
2012-08-26 01:00:00,110.33867186914617
2012-08-26 02:00:00,87.775829868575
2012-08-26 03:00:00,36.580413452295346
2012-08-26 04:00:00,11.72379725258737
2012-08-26 05:00:00,8.805783481873123
2012-08-26 06:00:00,14.189350829290081
2012-08-26 07:00:00,46.894507225047555
2012-08-26 08:00:00,152.58805646777478
2012-08-26 09:00:00,213.2213681428305
2012-08-26 10:00:00,397.11621952642946
2012-08-26 11:00:00,460.923282590636
2012-08-26 12:00:00,326.6952095825802
2012-08-26 13:00:00,279.3189484627636
2012-08-26 14:00:00,218.33028225003417
2012-08-26 15:00:00,265.4938820332867
2012-08-26 16:00:00,201.94601664724647
2012-08-26 17:00:00,253.0387566519934
2012-08-26 18:00:00,236.08048974767073
2012-08-26 19:00:00,162.86494472840178
2012-08-26 20:00:00,165.8507481043455
2012-08-26 21:00:00,166.18851409661283
2012-08-26 22:00:00,109.73643693016277
2012-08-26 23:00:00,97.7909965616022
2012-08-27 00:00:00,45.708349531127716
2012-08-27 01:00:00,15.056070103859426
2012-08-27 02:00:00,7.9740627417843
2012-08-27 03:00:00,5.231982730988809
2012-08-27 04:00:00,8.51048762069449
2012-08-27 05:00:00,36.87047121457642
2012-08-27 06:00:00,144.08174795219188
2012-08-27 07:00:00,331.8270042060359
2012-08-27 08:00:00,593.1376317725043
2012-08-27 09:00:00,319.05129170736984
2012-08-27 10:00:00,207.68308897684932
2012-08-27 11:00:00,238.69133001397253
2012-08-27 12:00:00,295.3397202185804
2012-08-27 13:00:00,279.4902593077232
2012-08-27 14:00:00,255.43844419108967
2012-08-27 15:00:00,271.75942583054524
2012-08-27 16:00:00,431.6635086995102
2012-08-27 17:00:00,833.9242913223201
2012-08-27 18:00:00,832.0353572549097
2012-08-27 19:00:00,601.0208537672303
2012-08-27 20:00:00,442.0605091192604
2012-08-27 21:00:00,287.3169575977363
2012-08-27 22:00:00,175.14573568528613
2012-08-27 23:00:00,106.89896804482896
2012-08-28 00:00:00,45.39354556783673
2012-08-28 01:00:00,19.547839577294393
2012-08-28 02:00:00,9.603778688100567
2012-08-28 03:00:00,3.746848361770658
2012-08-28 04:00:00,7.838551740814513
2012-08-28 05:00:00,39.27104518757811
2012-08-28 06:00:00,162.79146185949452
2012-08-28 07:00:00,355.11257998462753
2012-08-28 08:00:00,629.3770491642575
2012-08-28 09:00:00,340.6859203456098
2012-08-28 10:00:00,207.61755013962943
2012-08-28 11:00:00,228.59462306097745
2012-08-28 12:00:00,282.0873639799776
2012-08-28 13:00:00,280.1268366740906
2012-08-28 14:00:00,252.07977343153294
2012-08-28 15:00:00,271.98327100597623
2012-08-28 16:00:00,424.61409213091764
2012-08-28 17:00:00,822.6999495118249
2012-08-28 18:00:00,823.7989857548864
2012-08-28 19:00:00,589.8473091939444
2012-08-28 20:00:00,427.43207616368545
2012-08-28 21:00:00,321.1573034703064
2012-08-28 22:00:00,228.1006363871432
2012-08-28 23:00:00,161.12717780616813
2012-08-29 00:00:00,48.456892159614306
2012-08-29 01:00:00,18.36400990263187
2012-08-29 02:00:00,7.441977298232436
2012-08-29 03:00:00,6.721476826436919
2012-08-29 04:00:00,5.934826472245023
2012-08-29 05:00:00,40.665179922947225
2012-08-29 06:00:00,163.69180440156268
2012-08-29 07:00:00,426.8814826118734
2012-08-29 08:00:00,688.4816926153201
2012-08-29 09:00:00,357.721184254864
2012-08-29 10:00:00,213.3827301672396
2012-08-29 11:00:00,241.8305619442574
2012-08-29 12:00:00,303.80682346323135
2012-08-29 13:00:00,315.05975145139166
2012-08-29 14:00:00,254.48338124390938
2012-08-29 15:00:00,285.68389628658565
2012-08-29 16:00:00,450.18427797829264
2012-08-29 17:00:00,852.9716211458006
2012-08-29 18:00:00,837.45670194219
2012-08-29 19:00:00,629.7680607945856
2012-08-29 20:00:00,440.65656512236325
2012-08-29 21:00:00,328.5320196153514
2012-08-29 22:00:00,258.1971814568183
2012-08-29 23:00:00,152.44429971367316
2012-08-30 00:00:00,64.2322326394699
2012-08-30 01:00:00,22.715876334862624
2012-08-30 02:00:00,8.290766857899682
2012-08-30 03:00:00,6.681011619696033
2012-08-30 04:00:00,6.747766863115893
2012-08-30 05:00:00,39.99242655779788
2012-08-30 06:00:00,163.17176773965377
2012-08-30 07:00:00,428.7429857868516
2012-08-30 08:00:00,693.7184422893866
2012-08-30 09:00:00,351.2018989960606
2012-08-30 10:00:00,200.05720755233193
2012-08-30 11:00:00,247.67933920370658
2012-08-30 12:00:00,304.2296155238531
2012-08-30 13:00:00,303.9235537866382
2012-08-30 14:00:00,248.7525205642221
2012-08-30 15:00:00,281.6907128542792
2012-08-30 16:00:00,427.4849346954348
2012-08-30 17:00:00,869.5865571137955
2012-08-30 18:00:00,831.2553606667284
2012-08-30 19:00:00,619.6993106553165
2012-08-30 20:00:00,479.3134281326068
2012-08-30 21:00:00,322.24525333446206
2012-08-30 22:00:00,249.29918329078046
2012-08-30 23:00:00,159.68192241152062
2012-08-31 00:00:00,71.70141690644525
2012-08-31 01:00:00,37.29631492370774
2012-08-31 02:00:00,10.475893911460956
2012-08-31 03:00:00,5.504679317010043
2012-08-31 04:00:00,8.050739301292264
2012-08-31 05:00:00,38.00059721873773
2012-08-31 06:00:00,156.62873052580883
2012-08-31 07:00:00,357.57333833158515
2012-08-31 08:00:00,660.6917966923578
2012-08-31 09:00:00,351.92202004179677
2012-08-31 10:00:00,234.0484308649626
2012-08-31 11:00:00,273.942863194874
2012-08-31 12:00:00,340.7827298482978
2012-08-31 13:00:00,339.5463180491539
2012-08-31 14:00:00,309.50814899391844
2012-08-31 15:00:00,321.9921555309994
2012-08-31 16:00:00,458.3440407181384
2012-08-31 17:00:00,716.6847605234948
2012-08-31 18:00:00,691.0044959387525
2012-08-31 19:00:00,493.0062658657317
2012-08-31 20:00:00,386.65068557871535
2012-08-31 21:00:00,293.22812433420086
2012-08-31 22:00:00,268.8023082425054
2012-08-31 23:00:00,179.09931728382088
2012-09-20 00:00:00,50.014736180201815
2012-09-20 01:00:00,19.762636922162717
2012-09-20 02:00:00,10.005135833486595
2012-09-20 03:00:00,7.969881458729889
2012-09-20 04:00:00,7.714369381689863
2012-09-20 05:00:00,43.33806511717581
2012-09-20 06:00:00,176.0152781809686
2012-09-20 07:00:00,490.1894772274335
2012-09-20 08:00:00,742.9262260099366
2012-09-20 09:00:00,333.13048018750044
2012-09-20 10:00:00,195.7263445830235
2012-09-20 11:00:00,243.0933022305431
2012-09-20 12:00:00,320.55562098236095
2012-09-20 13:00:00,307.6861446217935
2012-09-20 14:00:00,280.8188570531586
2012-09-20 15:00:00,312.90424352546773
2012-09-20 16:00:00,459.98787842551695
2012-09-20 17:00:00,872.072786060507
2012-09-20 18:00:00,848.077517590888
2012-09-20 19:00:00,581.1701446929311
2012-09-20 20:00:00,409.0613213510287
2012-09-20 21:00:00,303.46403535165814
2012-09-20 22:00:00,222.6876536044033
2012-09-20 23:00:00,148.0288319621127
2012-09-21 00:00:00,79.62667701594356
2012-09-21 01:00:00,39.571379843662
2012-09-21 02:00:00,21.287344867414927
2012-09-21 03:00:00,8.643751717304992
2012-09-21 04:00:00,9.2544889755927
2012-09-21 05:00:00,44.672671953268384
2012-09-21 06:00:00,173.05777413488664
2012-09-21 07:00:00,483.0018367895303
2012-09-21 08:00:00,717.4085423303926
2012-09-21 09:00:00,330.02689445290963
2012-09-21 10:00:00,232.98108636662963
2012-09-21 11:00:00,291.6526112323938
2012-09-21 12:00:00,361.2207163363895
2012-09-21 13:00:00,389.37026572074683
2012-09-21 14:00:00,351.8721612225971
2012-09-21 15:00:00,376.4415502671543
2012-09-21 16:00:00,527.708925768554
2012-09-21 17:00:00,820.8060918487366
2012-09-21 18:00:00,808.4799152526507
2012-09-21 19:00:00,567.498352336946
2012-09-21 20:00:00,392.72011305605923
2012-09-21 21:00:00,279.0772201198859
2012-09-21 22:00:00,264.0308649958088
2012-09-21 23:00:00,145.55988314325052
2012-09-22 00:00:00,144.64250514710332
2012-09-22 01:00:00,108.94435925151552
2012-09-22 02:00:00,71.70518990778392
2012-09-22 03:00:00,29.097105481703917
2012-09-22 04:00:00,10.59105588430595
2012-09-22 05:00:00,15.293198582785816
2012-09-22 06:00:00,27.496297701723474
2012-09-22 07:00:00,63.97064279538404
2012-09-22 08:00:00,202.95939833163163
2012-09-22 09:00:00,317.6287049299628
2012-09-22 10:00:00,457.8719194366064
2012-09-22 11:00:00,573.3920930813335
2012-09-22 12:00:00,642.1006570748906
2012-09-22 13:00:00,605.9134310041941
2012-09-22 14:00:00,565.1044868794509
2012-09-22 15:00:00,603.8470171845639
2012-09-22 16:00:00,593.0200867022165
2012-09-22 17:00:00,585.3214170392362
2012-09-22 18:00:00,541.7801715187474
2012-09-22 19:00:00,400.10459505697105
2012-09-22 20:00:00,304.2712139819015
2012-09-22 21:00:00,314.82292803850413
2012-09-22 22:00:00,253.4596615834753
2012-09-22 23:00:00,187.89619780668687
2012-09-23 00:00:00,162.4802752655329
2012-09-23 01:00:00,73.71926794107932
2012-09-23 02:00:00,77.5646378774362
2012-09-23 03:00:00,27.322834796664925
2012-09-23 04:00:00,6.84311253114442
2012-09-23 05:00:00,11.254434032926968
2012-09-23 06:00:00,24.135039478712965
2012-09-23 07:00:00,46.57588519446299
2012-09-23 08:00:00,120.14009783802194
2012-09-23 09:00:00,217.52474256885003
2012-09-23 10:00:00,412.0490034070412
2012-09-23 11:00:00,510.60950636234173
2012-09-23 12:00:00,567.305202299448
2012-09-23 13:00:00,610.6936536086154
2012-09-23 14:00:00,601.6205318372588
2012-09-23 15:00:00,598.459171842096
2012-09-23 16:00:00,595.5147922375724
2012-09-23 17:00:00,556.1141718632811
2012-09-23 18:00:00,465.43026311564785
2012-09-23 19:00:00,295.3225497052627
2012-09-23 20:00:00,245.16848988206553
2012-09-23 21:00:00,161.91957873371237
2012-09-23 22:00:00,128.64062095498744
2012-09-23 23:00:00,78.60962039156801
2012-09-24 00:00:00,39.96661980722943
2012-09-24 01:00:00,17.05921988265213
2012-09-24 02:00:00,11.324656295062374
2012-09-24 03:00:00,6.551604826581986
2012-09-24 04:00:00,7.017904819120783
2012-09-24 05:00:00,42.396674591006125
2012-09-24 06:00:00,147.01285778887268
2012-09-24 07:00:00,450.97007776064817
2012-09-24 08:00:00,727.6126056146111
2012-09-24 09:00:00,339.1102609865839
2012-09-24 10:00:00,184.44752438883177
2012-09-24 11:00:00,255.90153003155308
2012-09-24 12:00:00,293.6424422872176
2012-09-24 13:00:00,301.60464658057776
2012-09-24 14:00:00,274.2946207807103
2012-09-24 15:00:00,304.03151613305596
2012-09-24 16:00:00,436.07406049718156
2012-09-24 17:00:00,809.7779906987822
2012-09-24 18:00:00,769.5047370253441
2012-09-24 19:00:00,492.20573878224553
2012-09-24 20:00:00,345.5532872281064
2012-09-24 21:00:00,287.7050654674247
2012-09-24 22:00:00,150.77578595531017
2012-09-24 23:00:00,93.94119672183342
2012-09-25 00:00:00,37.86826895410174
2012-09-25 01:00:00,14.759603172106186
2012-09-25 02:00:00,6.697884891468437
2012-09-25 03:00:00,5.140295856164825
2012-09-25 04:00:00,5.685511818998081
2012-09-25 05:00:00,39.7890787629183
2012-09-25 06:00:00,177.24470813913305
2012-09-25 07:00:00,460.94883689570264
2012-09-25 08:00:00,705.8391816819076
2012-09-25 09:00:00,353.116761232191
2012-09-25 10:00:00,197.65215427061153
2012-09-25 11:00:00,239.49972248975615
2012-09-25 12:00:00,306.9820180935716
2012-09-25 13:00:00,303.16330217852754
2012-09-25 14:00:00,284.18922765242326
2012-09-25 15:00:00,318.2675747517226
2012-09-25 16:00:00,481.9846132842111
2012-09-25 17:00:00,902.1547215754088
2012-09-25 18:00:00,891.4774588421215
2012-09-25 19:00:00,576.64933157058
2012-09-25 20:00:00,419.54735767289463
2012-09-25 21:00:00,292.14632341381656
2012-09-25 22:00:00,215.8138079503915
2012-09-25 23:00:00,127.30658442405047
2012-09-26 00:00:00,39.95378420341612
2012-09-26 01:00:00,15.38046283407223
2012-09-26 02:00:00,5.9702457416370285
2012-09-26 03:00:00,4.802182233866059
2012-09-26 04:00:00,6.6052002635196025
2012-09-26 05:00:00,44.27566173052115
2012-09-26 06:00:00,174.05389406591996
2012-09-26 07:00:00,531.7902918419289
2012-09-26 08:00:00,746.8955353402779
2012-09-26 09:00:00,341.14774727214956
2012-09-26 10:00:00,186.33495031075486
2012-09-26 11:00:00,229.1447471814968
2012-09-26 12:00:00,313.15310093453917
2012-09-26 13:00:00,312.5281016715298
2012-09-26 14:00:00,262.9171130074386
2012-09-26 15:00:00,301.7700769582949
2012-09-26 16:00:00,460.8403941145382
2012-09-26 17:00:00,877.4654579755583
2012-09-26 18:00:00,874.7344710783195
2012-09-26 19:00:00,627.8411960363833
2012-09-26 20:00:00,442.82476274757033
2012-09-26 21:00:00,324.3183851248508
2012-09-26 22:00:00,180.76939485016385
2012-09-26 23:00:00,102.68323016047621
2012-09-27 00:00:00,63.45632062398778
2012-09-27 01:00:00,24.015108859966077
2012-09-27 02:00:00,12.686290075506196
2012-09-27 03:00:00,9.887000198680061
2012-09-27 04:00:00,6.8263879397941585
2012-09-27 05:00:00,44.968506025553076
2012-09-27 06:00:00,159.23990867880508
2012-09-27 07:00:00,520.7700139966826
2012-09-27 08:00:00,721.0691505911777
2012-09-27 09:00:00,346.46311375095036
2012-09-27 10:00:00,200.55851037109335
2012-09-27 11:00:00,235.1606237345111
2012-09-27 12:00:00,293.9035171337247
2012-09-27 13:00:00,293.014786487625
2012-09-27 14:00:00,253.35859634291037
2012-09-27 15:00:00,293.64192147875843
2012-09-27 16:00:00,437.1865692542946
2012-09-27 17:00:00,789.134315145346
2012-09-27 18:00:00,809.5429144479945
2012-09-27 19:00:00,625.2872195129187
2012-09-27 20:00:00,368.5310701393316
2012-09-27 21:00:00,154.77533313168203
2012-09-27 22:00:00,118.38850108803393
2012-09-27 23:00:00,89.36877750436209
2012-09-28 00:00:00,52.78549143853375
2012-09-28 01:00:00,22.23060227433059
2012-09-28 02:00:00,8.139358753870077
2012-09-28 03:00:00,7.452540611677527
2012-09-28 04:00:00,5.631784724722803
2012-09-28 05:00:00,41.278217700016896
2012-09-28 06:00:00,132.71263889140076
2012-09-28 07:00:00,386.91948065727127
2012-09-28 08:00:00,605.2963841447656
2012-09-28 09:00:00,325.03487101238665
2012-09-28 10:00:00,191.36338366816238
2012-09-28 11:00:00,276.2290311268931
2012-09-28 12:00:00,384.21585405400646
2012-09-28 13:00:00,385.3472340645486
2012-09-28 14:00:00,351.03662656092115
2012-09-28 15:00:00,371.25984597288203
2012-09-28 16:00:00,531.7523083382338
2012-09-28 17:00:00,816.0172036376964
2012-09-28 18:00:00,810.6490562468239
2012-09-28 19:00:00,438.86380644390374
2012-09-28 20:00:00,340.4717285444009
2012-09-28 21:00:00,274.71396976377315
2012-09-28 22:00:00,251.2072108343827
2012-09-28 23:00:00,144.15737075442541
2012-09-29 00:00:00,152.46923091258063
2012-09-29 01:00:00,110.60593996195001
2012-09-29 02:00:00,63.76543863147242
2012-09-29 03:00:00,37.38524523871382
2012-09-29 04:00:00,14.37823956202452
2012-09-29 05:00:00,14.228195100777242
2012-09-29 06:00:00,32.62869127990461
2012-09-29 07:00:00,74.27488242823058
2012-09-29 08:00:00,201.5944790545433
2012-09-29 09:00:00,297.5562849185511
2012-09-29 10:00:00,430.61241816662704
2012-09-29 11:00:00,559.7576966299602
2012-09-29 12:00:00,652.8004697001736
2012-09-29 13:00:00,671.79035318652
2012-09-29 14:00:00,628.3782405600759
2012-09-29 15:00:00,606.7143114518278
2012-09-29 16:00:00,642.6052522112768
2012-09-29 17:00:00,625.317957005067
2012-09-29 18:00:00,477.3663540688875
2012-09-29 19:00:00,321.9927103874232
2012-09-29 20:00:00,274.3679483451537
2012-09-29 21:00:00,294.09031040667395
2012-09-29 22:00:00,217.8240240917277
2012-09-29 23:00:00,167.16366533496577
2012-09-30 00:00:00,124.83171666715894
2012-09-30 01:00:00,106.32407580703295
2012-09-30 02:00:00,70.15096938986855
2012-09-30 03:00:00,30.684028702027835
2012-09-30 04:00:00,8.055266106999827
2012-09-30 05:00:00,11.374951987686098
2012-09-30 06:00:00,29.2864868424772
2012-09-30 07:00:00,53.5005762701979
2012-09-30 08:00:00,121.84920119919546
2012-09-30 09:00:00,236.8489620590953
2012-09-30 10:00:00,432.0357736836361
2012-09-30 11:00:00,523.966526755044
2012-09-30 12:00:00,628.2784347302575
2012-09-30 13:00:00,657.9725273399548
2012-09-30 14:00:00,602.8152499864021
2012-09-30 15:00:00,659.0429605316978
2012-09-30 16:00:00,681.9994092280303
2012-09-30 17:00:00,637.8435731311648
2012-09-30 18:00:00,451.86823723236495
2012-09-30 19:00:00,166.7910838642404
2012-09-30 20:00:00,151.56626215360535
2012-09-30 21:00:00,162.92412781264764
2012-09-30 22:00:00,114.61818317296361
2012-09-30 23:00:00,76.71733326615504
2012-10-20 00:00:00,116.05834271448221
2012-10-20 01:00:00,105.078970831865
2012-10-20 02:00:00,55.82316056832165
2012-10-20 03:00:00,24.164907192079355
2012-10-20 04:00:00,8.723156078678226
2012-10-20 05:00:00,11.539054880756312
2012-10-20 06:00:00,37.85009883613809
2012-10-20 07:00:00,71.53145993531554
2012-10-20 08:00:00,225.28060640628553
2012-10-20 09:00:00,296.073859432116
2012-10-20 10:00:00,405.2766607507546
2012-10-20 11:00:00,564.8861814639664
2012-10-20 12:00:00,617.65207293097
2012-10-20 13:00:00,625.9723493271559
2012-10-20 14:00:00,622.2928145276143
2012-10-20 15:00:00,604.8031083394014
2012-10-20 16:00:00,608.5583842882406
2012-10-20 17:00:00,602.3551243692884
2012-10-20 18:00:00,484.62122259703926
2012-10-20 19:00:00,300.9857550665993
2012-10-20 20:00:00,252.85949982034535
2012-10-20 21:00:00,225.37790474351073
2012-10-20 22:00:00,165.15449358288353
2012-10-20 23:00:00,155.9152902199319
2012-10-21 00:00:00,119.93810056551561
2012-10-21 01:00:00,104.02184706616455
2012-10-21 02:00:00,65.86450253904985
2012-10-21 03:00:00,30.216699349996855
2012-10-21 04:00:00,10.554249389744589
2012-10-21 05:00:00,9.986810250466691
2012-10-21 06:00:00,27.772837179534932
2012-10-21 07:00:00,45.824638206105575
2012-10-21 08:00:00,121.04539563740487
2012-10-21 09:00:00,189.85264732621977
2012-10-21 10:00:00,375.6655355468821
2012-10-21 11:00:00,499.22731893817684
2012-10-21 12:00:00,563.9212782893381
2012-10-21 13:00:00,584.2085439753495
2012-10-21 14:00:00,589.7770266476266
2012-10-21 15:00:00,570.7902242744025
2012-10-21 16:00:00,587.0866193527007
2012-10-21 17:00:00,543.3579436626954
2012-10-21 18:00:00,448.3637914177326
2012-10-21 19:00:00,270.316762712256
2012-10-21 20:00:00,235.21044609376293
2012-10-21 21:00:00,140.88305006506587
2012-10-21 22:00:00,115.17840226777749
2012-10-21 23:00:00,80.40196090571884
2012-10-22 00:00:00,31.943716397425625
2012-10-22 01:00:00,14.296571890165115
2012-10-22 02:00:00,8.71801234574108
2012-10-22 03:00:00,5.722972907316047
2012-10-22 04:00:00,6.478641168829449
2012-10-22 05:00:00,30.924604313120735
2012-10-22 06:00:00,139.52918053420407
2012-10-22 07:00:00,413.6111214113791
2012-10-22 08:00:00,793.4203534961136
2012-10-22 09:00:00,349.8602208196936
2012-10-22 10:00:00,192.52541999162503
2012-10-22 11:00:00,268.0172974545806
2012-10-22 12:00:00,323.0167723187228
2012-10-22 13:00:00,321.808342456298
2012-10-22 14:00:00,265.1138116231288
2012-10-22 15:00:00,327.7654999923556
2012-10-22 16:00:00,493.21404025854326
2012-10-22 17:00:00,836.4799259612795
2012-10-22 18:00:00,761.1528886084291
2012-10-22 19:00:00,521.3293114826229
2012-10-22 20:00:00,331.6274332447392
2012-10-22 21:00:00,239.40778831036806
2012-10-22 22:00:00,163.63885273365986
2012-10-22 23:00:00,93.1136041911953
2012-10-23 00:00:00,42.88990948841383
2012-10-23 01:00:00,13.263651257268007
2012-10-23 02:00:00,5.696562103945721
2012-10-23 03:00:00,4.924136043374229
2012-10-23 04:00:00,8.18250695422764
2012-10-23 05:00:00,38.54751267960622
2012-10-23 06:00:00,153.59674534646553
2012-10-23 07:00:00,469.5892915824192
2012-10-23 08:00:00,781.5525851586825
2012-10-23 09:00:00,374.71165339817077
2012-10-23 10:00:00,192.6975364876228
2012-10-23 11:00:00,236.4968908649732
2012-10-23 12:00:00,306.81602398270695
2012-10-23 13:00:00,297.0737138178694
2012-10-23 14:00:00,267.11463328872554
2012-10-23 15:00:00,309.67130148701017
2012-10-23 16:00:00,484.8005849006691
2012-10-23 17:00:00,875.8673042767326
2012-10-23 18:00:00,829.370534313515
2012-10-23 19:00:00,533.1765859180874
2012-10-23 20:00:00,406.4953497322282
2012-10-23 21:00:00,280.7983458988252
2012-10-23 22:00:00,199.01786683348945
2012-10-23 23:00:00,113.54048425125525
2012-10-24 00:00:00,46.48321454735988
2012-10-24 01:00:00,19.618497261392267
2012-10-24 02:00:00,7.604672493903747
2012-10-24 03:00:00,5.978779693115397
2012-10-24 04:00:00,6.783123048830338
2012-10-24 05:00:00,40.37468654184413
2012-10-24 06:00:00,170.81545527593175
2012-10-24 07:00:00,424.764387227769
2012-10-24 08:00:00,603.4291798803141
2012-10-24 09:00:00,373.70615360100396
2012-10-24 10:00:00,194.7116056644532
2012-10-24 11:00:00,254.51934084185217
2012-10-24 12:00:00,323.72964764950484
2012-10-24 13:00:00,308.1169316819868
2012-10-24 14:00:00,256.0869257411401
2012-10-24 15:00:00,317.32181247144183
2012-10-24 16:00:00,503.73807927640826
2012-10-24 17:00:00,880.721374255689
2012-10-24 18:00:00,854.1080094131478
2012-10-24 19:00:00,504.579657336048
2012-10-24 20:00:00,369.0875601408168
2012-10-24 21:00:00,304.8166048703522
2012-10-24 22:00:00,240.8813053616283
2012-10-24 23:00:00,124.27336505826038
2012-10-25 00:00:00,52.09540108285582
2012-10-25 01:00:00,22.167532360494835
2012-10-25 02:00:00,9.233778624417472
2012-10-25 03:00:00,5.1236020760770655
2012-10-25 04:00:00,7.434538471759836
2012-10-25 05:00:00,38.42593953814415
2012-10-25 06:00:00,151.38328146983977
2012-10-25 07:00:00,414.04701728441296
2012-10-25 08:00:00,590.6490794016489
2012-10-25 09:00:00,365.2094086961497
2012-10-25 10:00:00,183.2510301342698
2012-10-25 11:00:00,168.3560998191369
2012-10-25 12:00:00,200.56812625567287
2012-10-25 13:00:00,200.42802469015305
2012-10-25 14:00:00,233.65754630051111
2012-10-25 15:00:00,312.9649346529463
2012-10-25 16:00:00,403.25875674505124
2012-10-25 17:00:00,778.3442968667338
2012-10-25 18:00:00,325.48481651799057
2012-10-25 19:00:00,346.1155175037548
2012-10-25 20:00:00,219.84641451893205
2012-10-25 21:00:00,191.3765590348433
2012-10-25 22:00:00,195.10386393459254
2012-10-25 23:00:00,98.88490213853429
2012-10-26 00:00:00,62.598379240178424
2012-10-26 01:00:00,23.75809892239672
2012-10-26 02:00:00,9.10760007565891
2012-10-26 03:00:00,5.906253239874319
2012-10-26 04:00:00,7.648477743851894
2012-10-26 05:00:00,37.28720937354661
2012-10-26 06:00:00,145.25270687914983
2012-10-26 07:00:00,392.01917881906445
2012-10-26 08:00:00,549.840136243873
2012-10-26 09:00:00,363.3407031106416
2012-10-26 10:00:00,191.64605342773777
2012-10-26 11:00:00,206.334729268263
2012-10-26 12:00:00,302.17156801464125
2012-10-26 13:00:00,302.17400991328583
2012-10-26 14:00:00,328.7312758198358
2012-10-26 15:00:00,362.5201274025991
2012-10-26 16:00:00,446.39342735698165
2012-10-26 17:00:00,746.6690300251526
2012-10-26 18:00:00,664.0278436048407
2012-10-26 19:00:00,322.19414277665953
2012-10-26 20:00:00,236.58113438447262
2012-10-26 21:00:00,231.49563254395534
2012-10-26 22:00:00,199.50899609292756
2012-10-26 23:00:00,155.56091126996992
2012-10-27 00:00:00,129.62333801580596
2012-10-27 01:00:00,105.0234890623518
2012-10-27 02:00:00,57.740084003558565
2012-10-27 03:00:00,38.905958900441874
2012-10-27 04:00:00,10.452237987641874
2012-10-27 05:00:00,11.038505442208928
2012-10-27 06:00:00,34.060199313663944
2012-10-27 07:00:00,74.25600495838354
2012-10-27 08:00:00,195.9805310807428
2012-10-27 09:00:00,248.8389765491552
2012-10-27 10:00:00,434.51653116966594
2012-10-27 11:00:00,555.600062303987
2012-10-27 12:00:00,617.344682099673
2012-10-27 13:00:00,640.3870281828341
2012-10-27 14:00:00,590.796578258645
2012-10-27 15:00:00,552.1943952723599
2012-10-27 16:00:00,556.6036437561727
2012-10-27 17:00:00,561.0131472233467
2012-10-27 18:00:00,489.85525704455773
2012-10-27 19:00:00,325.9575900548189
2012-10-27 20:00:00,258.60231508643045
2012-10-27 21:00:00,240.89817014209868
2012-10-27 22:00:00,198.39394015799544
2012-10-27 23:00:00,148.27993497785997
2012-10-28 00:00:00,99.24239494376813
2012-10-28 01:00:00,110.67389799412875
2012-10-28 02:00:00,76.93753821246266
2012-10-28 03:00:00,24.60576940606893
2012-10-28 04:00:00,10.504081253651055
2012-10-28 05:00:00,9.258262658392542
2012-10-28 06:00:00,21.800112968031332
2012-10-28 07:00:00,45.211375054528546
2012-10-28 08:00:00,120.02812670455822
2012-10-28 09:00:00,204.9264275588067
2012-10-28 10:00:00,334.15089623905
2012-10-28 11:00:00,493.65480947369093
2012-10-28 12:00:00,469.55328502843656
2012-10-28 13:00:00,472.2741216621803
2012-10-28 14:00:00,513.2213692527954
2012-10-28 15:00:00,520.5150987986839
2012-10-28 16:00:00,356.43615812220463
2012-10-28 17:00:00,275.8283779228728
2012-10-28 18:00:00,92.73804549136356
2012-10-28 19:00:00,87.82618971619911
2012-10-28 20:00:00,82.4369358621342
2012-10-28 21:00:00,100.01050015995004
2012-10-28 22:00:00,89.56079406377675
2012-10-28 23:00:00,59.7635743300406
2012-10-29 00:00:00,26.642405572774102
2012-10-30 13:00:00,74.56883574105579
2012-10-30 14:00:00,71.34121799454212
2012-10-30 15:00:00,59.129032228202554
2012-10-30 16:00:00,65.0405910530663
2012-10-30 17:00:00,162.4153704741008
2012-10-30 18:00:00,207.6266010732105
2012-10-30 19:00:00,508.00721833615967
2012-10-30 20:00:00,171.64371481087127
2012-10-30 21:00:00,129.75937001453946
2012-10-30 22:00:00,109.69911779752985
2012-10-30 23:00:00,74.29732088774011
2012-10-31 00:00:00,31.92209972752724
2012-10-31 01:00:00,12.954684476666156
2012-10-31 02:00:00,7.194698587620845
2012-10-31 03:00:00,3.3840867098419434
2012-10-31 04:00:00,4.260629217015706
2012-10-31 05:00:00,28.778581144539853
2012-10-31 06:00:00,100.65421441657237
2012-10-31 07:00:00,368.9773666135258
2012-10-31 08:00:00,691.0266315356353
2012-10-31 09:00:00,355.9061941397892
2012-10-31 10:00:00,167.96948077304975
2012-10-31 11:00:00,225.6337691392312
2012-10-31 12:00:00,255.0723337044626
2012-10-31 13:00:00,262.1031202072781
2012-10-31 14:00:00,247.41676844351565
2012-10-31 15:00:00,263.6479521441496
2012-10-31 16:00:00,336.1932980914853
2012-10-31 17:00:00,688.2498887505748
2012-10-31 18:00:00,657.0873595893419
2012-10-31 19:00:00,489.21484188025016
2012-10-31 20:00:00,269.0538455115564
2012-10-31 21:00:00,203.89015223033965
2012-10-31 22:00:00,166.869364472208
2012-10-31 23:00:00,110.29762497905489
2012-11-20 00:00:00,31.088543929638583
2012-11-20 01:00:00,15.765615942975959
2012-11-20 02:00:00,4.913005950810629
2012-11-20 03:00:00,3.3127094386396774
2012-11-20 04:00:00,8.152081308909837
2012-11-20 05:00:00,31.563516386041876
2012-11-20 06:00:00,127.37476125615811
2012-11-20 07:00:00,372.9186512886005
2012-11-20 08:00:00,660.9929934782489
2012-11-20 09:00:00,324.6729352760372
2012-11-20 10:00:00,174.6602015511141
2012-11-20 11:00:00,208.44388106145402
2012-11-20 12:00:00,220.8193773440695
2012-11-20 13:00:00,225.06425166430736
2012-11-20 14:00:00,212.99557145457504
2012-11-20 15:00:00,246.05855884433376
2012-11-20 16:00:00,327.82738547716315
2012-11-20 17:00:00,588.2094876986721
2012-11-20 18:00:00,548.1841080200577
2012-11-20 19:00:00,409.1964946079274
2012-11-20 20:00:00,201.65670449433716
2012-11-20 21:00:00,200.90358369471232
2012-11-20 22:00:00,165.3454466020316
2012-11-20 23:00:00,105.76033888465133
2012-11-21 00:00:00,33.59363945851277
2012-11-21 01:00:00,17.048005066453086
2012-11-21 02:00:00,5.27058879769944
2012-11-21 03:00:00,3.6307937810857984
2012-11-21 04:00:00,6.079430707117127
2012-11-21 05:00:00,28.797747616194705
2012-11-21 06:00:00,118.91891023238101
2012-11-21 07:00:00,337.4263540575417
2012-11-21 08:00:00,619.8255534440304
2012-11-21 09:00:00,314.65550678829
2012-11-21 10:00:00,173.19444687467134
2012-11-21 11:00:00,196.81386649967288
2012-11-21 12:00:00,223.68148783445878
2012-11-21 13:00:00,218.49690346951564
2012-11-21 14:00:00,240.38967961253948
2012-11-21 15:00:00,251.79969743097305
2012-11-21 16:00:00,331.10409913306376
2012-11-21 17:00:00,608.8576010067866
2012-11-21 18:00:00,541.3317729176717
2012-11-21 19:00:00,382.64777171653895
2012-11-21 20:00:00,230.29787542453573
2012-11-21 21:00:00,193.3974528955738
2012-11-21 22:00:00,150.2885033311606
2012-11-21 23:00:00,103.0769886278584
2012-11-22 00:00:00,98.05738479478528
2012-11-22 01:00:00,97.68290868051088
2012-11-22 02:00:00,47.525172540654104
2012-11-22 03:00:00,16.531418315278486
2012-11-22 04:00:00,6.600875978334267
2012-11-22 05:00:00,6.831332107237433
2012-11-22 06:00:00,16.977965223091356
2012-11-22 07:00:00,37.20880338283608
2012-11-22 08:00:00,84.02748313431185
2012-11-22 09:00:00,158.66955468498202
2012-11-22 10:00:00,346.3586328384739
2012-11-22 11:00:00,475.274034994736
2012-11-22 12:00:00,521.9839966933861
2012-11-22 13:00:00,558.2839790595532
2012-11-22 14:00:00,550.9092290387076
2012-11-22 15:00:00,543.9723079064325
2012-11-22 16:00:00,542.6249495964892
2012-11-22 17:00:00,488.9261288041858
2012-11-22 18:00:00,325.94115479489983
2012-11-22 19:00:00,202.99963722460078
2012-11-22 20:00:00,222.75743699282543
2012-11-22 21:00:00,203.5821186293224
2012-11-22 22:00:00,156.28992207632095
2012-11-22 23:00:00,94.42876207395993
2012-11-23 00:00:00,36.810894420880736
2012-11-23 01:00:00,20.25496459122687
2012-11-23 02:00:00,10.004389900280431
2012-11-23 03:00:00,3.3115812105625677
2012-11-23 04:00:00,6.453999774292562
2012-11-23 05:00:00,28.714388255630357
2012-11-23 06:00:00,124.3654623703538
2012-11-23 07:00:00,331.59442084070656
2012-11-23 08:00:00,567.540774072365
2012-11-23 09:00:00,318.3420125879442
2012-11-23 10:00:00,183.67396942863104
2012-11-23 11:00:00,237.91238978150938
2012-11-23 12:00:00,276.13848815158923
2012-11-23 13:00:00,299.61156534901335
2012-11-23 14:00:00,344.6251908523452
2012-11-23 15:00:00,366.23323993700524
2012-11-23 16:00:00,425.530349444175
2012-11-23 17:00:00,634.1988023947691
2012-11-23 18:00:00,562.2981048455638
2012-11-23 19:00:00,427.4110476458605
2012-11-23 20:00:00,287.1766262704688
2012-11-23 21:00:00,231.8324979249826
2012-11-23 22:00:00,141.63077632727507
2012-11-23 23:00:00,102.70042091274895
2012-11-24 00:00:00,66.02757343611664
2012-11-24 01:00:00,55.238457532004745
2012-11-24 02:00:00,35.500211464408366
2012-11-24 03:00:00,14.235584149358658
2012-11-24 04:00:00,6.01118089277731
2012-11-24 05:00:00,5.520267318327765
2012-11-24 06:00:00,15.0283375888249
2012-11-24 07:00:00,56.42247991226953
2012-11-24 08:00:00,101.20722964666969
2012-11-24 09:00:00,120.39831171925684
2012-11-24 10:00:00,207.4284290305736
2012-11-24 11:00:00,230.47254754188316
2012-11-24 12:00:00,240.865107931392
2012-11-24 13:00:00,354.06391827548293
2012-11-24 14:00:00,306.40570549540206
2012-11-24 15:00:00,205.88687155709766
2012-11-24 16:00:00,223.31087288558646
2012-11-24 17:00:00,201.70096018203049
2012-11-24 18:00:00,182.34946437628312
2012-11-24 19:00:00,124.93918392159392
2012-11-24 20:00:00,101.83368076980861
2012-11-24 21:00:00,100.78700195211779
2012-11-24 22:00:00,89.22492055455417
2012-11-24 23:00:00,66.4916365332583
2012-11-25 00:00:00,56.7027091815705
2012-11-25 01:00:00,48.867746432227044
2012-11-25 02:00:00,37.046812570055266
2012-11-25 03:00:00,16.672002242242016
2012-11-25 04:00:00,6.7960932341358715
2012-11-25 05:00:00,4.599378551290771
2012-11-25 06:00:00,10.091033329911742
2012-11-25 07:00:00,35.37005146373257
2012-11-25 08:00:00,64.25417011942702
2012-11-25 09:00:00,90.08785280666869
2012-11-25 10:00:00,201.52564544190693
2012-11-25 11:00:00,216.9466515890626
2012-11-25 12:00:00,247.45056093903804
2012-11-25 13:00:00,236.6507010779531
2012-11-25 14:00:00,245.98880259333075
2012-11-25 15:00:00,242.55773191613247
2012-11-25 16:00:00,255.992889084051
2012-11-25 17:00:00,203.47425535376564
2012-11-25 18:00:00,181.98719891294274
2012-11-25 19:00:00,94.93905661261256
2012-11-25 20:00:00,84.36472944357573
2012-11-25 21:00:00,80.87704981423292
2012-11-25 22:00:00,80.0268026875017
2012-11-25 23:00:00,40.424596982588945
2012-11-26 00:00:00,17.66362894289035
2012-11-26 01:00:00,9.969325740153577
2012-11-26 02:00:00,3.3074766709188888
2012-11-26 03:00:00,3.0001190832810227
2012-11-26 04:00:00,6.239637996563769
2012-11-26 05:00:00,34.47132272420356
2012-11-26 06:00:00,113.75375252576718
2012-11-26 07:00:00,344.94989766691
2012-11-26 08:00:00,600.220834611392
2012-11-26 09:00:00,295.6171235687104
2012-11-26 10:00:00,173.64352425792706
2012-11-26 11:00:00,224.75296765277545
2012-11-26 12:00:00,247.3395314400143
2012-11-26 13:00:00,243.76923407432818
2012-11-26 14:00:00,223.01518567386705
2012-11-26 15:00:00,244.21876807961223
2012-11-26 16:00:00,340.2682012626098
2012-11-26 17:00:00,599.2370505225483
2012-11-26 18:00:00,554.3873068828308
2012-11-26 19:00:00,371.8249890166489
2012-11-26 20:00:00,236.13732919867897
2012-11-26 21:00:00,191.10840794288436
2012-11-26 22:00:00,129.57673028700637
2012-11-26 23:00:00,84.1456907989043
2012-11-27 00:00:00,31.264411936171093
2012-11-27 01:00:00,14.895047256919728
2012-11-27 02:00:00,5.806746137023604
2012-11-27 03:00:00,3.4534475054005105
2012-11-27 04:00:00,7.260199759149733
2012-11-27 05:00:00,27.305573238683895
2012-11-27 06:00:00,123.70898441749092
2012-11-27 07:00:00,184.22189713397086
2012-11-27 08:00:00,206.19144144648754
2012-11-27 09:00:00,310.00112732921525
2012-11-27 10:00:00,49.523699197205936
2012-11-27 11:00:00,66.41087226005509
2012-11-27 12:00:00,72.57602112298954
2012-11-27 13:00:00,70.84422531639323
2012-11-27 14:00:00,72.63377756892095
2012-11-27 15:00:00,152.28792660903105
2012-11-27 16:00:00,176.27540776295515
2012-11-27 17:00:00,472.9838410554975
2012-11-27 18:00:00,391.0670146565315
2012-11-27 19:00:00,335.4234206789648
2012-11-27 20:00:00,168.05666072210158
2012-11-27 21:00:00,131.4996550195
2012-11-27 22:00:00,123.9117228796956
2012-11-27 23:00:00,69.69530329723598
2012-11-28 00:00:00,30.394193722870728
2012-11-28 01:00:00,16.064732125677285
2012-11-28 02:00:00,7.7161074047231395
2012-11-28 03:00:00,4.037380843955974
2012-11-28 04:00:00,7.001481545960758
2012-11-28 05:00:00,33.58237329458844
2012-11-28 06:00:00,124.07479580375711
2012-11-28 07:00:00,358.195658771728
2012-11-28 08:00:00,586.9249458384503
2012-11-28 09:00:00,321.099134977197
2012-11-28 10:00:00,195.50472473837323
2012-11-28 11:00:00,181.10969727663272
2012-11-28 12:00:00,208.78169386048646
2012-11-28 13:00:00,225.69395275013025
2012-11-28 14:00:00,206.23794646664547
2012-11-28 15:00:00,225.10195631022881
2012-11-28 16:00:00,301.8584014568175
2012-11-28 17:00:00,503.78464325567757
2012-11-28 18:00:00,487.0738820662529
2012-11-28 19:00:00,372.4416867196979
2012-11-28 20:00:00,219.35408935059476
2012-11-28 21:00:00,170.11025354225623
2012-11-28 22:00:00,137.29298880234606
2012-11-28 23:00:00,71.92280813373496
2012-11-29 00:00:00,21.978899094955707
2012-11-29 01:00:00,11.55046885546937
2012-11-29 02:00:00,3.648553510434642
2012-11-29 04:00:00,5.6748333500033965
2012-11-29 05:00:00,33.85027299598016
2012-11-29 06:00:00,117.66857357462436
2012-11-29 07:00:00,338.6649109879849
2012-11-29 08:00:00,546.7180892359362
2012-11-29 09:00:00,318.14900540088047
2012-11-29 10:00:00,152.58875652682036
2012-11-29 11:00:00,209.47319627503154
2012-11-29 12:00:00,244.61366362953177
2012-11-29 13:00:00,246.01440072753905
2012-11-29 14:00:00,212.2307386041276
2012-11-29 15:00:00,244.01916522370354
2012-11-29 16:00:00,347.81867925132815
2012-11-29 17:00:00,543.6632459899541
2012-11-29 18:00:00,559.7142571204237
2012-11-29 19:00:00,385.125763641628
2012-11-29 20:00:00,227.2568517927044
2012-11-29 21:00:00,136.30561706568614
2012-11-29 22:00:00,125.62142140926171
2012-11-29 23:00:00,91.3672336323583
2012-11-30 00:00:00,26.833625363841122
2012-11-30 01:00:00,15.330257863209575
2012-11-30 02:00:00,8.587305238397175
2012-11-30 03:00:00,3.614258466792016
2012-11-30 04:00:00,5.959710888712395
2012-11-30 05:00:00,28.101628079717525
2012-11-30 06:00:00,93.90921782246892
2012-11-30 07:00:00,326.48632774053067
2012-11-30 08:00:00,553.9014653316859
2012-11-30 09:00:00,326.8953746513817
2012-11-30 10:00:00,161.3269862467235
2012-11-30 11:00:00,199.7559146514996
2012-11-30 12:00:00,239.47513682299453
2012-11-30 13:00:00,271.7468143604265
2012-11-30 14:00:00,253.74678757165364
2012-11-30 15:00:00,270.16935007644753
2012-11-30 16:00:00,394.8665294041756
2012-11-30 17:00:00,591.1872313112534
2012-11-30 18:00:00,493.1186829934726
2012-11-30 19:00:00,354.40624692643524
2012-11-30 20:00:00,232.43456549298546
2012-11-30 21:00:00,163.66598256195965
2012-11-30 22:00:00,147.3982287910947
2012-11-30 23:00:00,108.63568479703594
2012-12-20 00:00:00,34.14690114607487
2012-12-20 01:00:00,15.235579916505827
2012-12-20 02:00:00,7.583556338946126
2012-12-20 03:00:00,2.824718157822878
2012-12-20 04:00:00,6.393524238404165
2012-12-20 05:00:00,32.228055635656894
2012-12-20 06:00:00,110.84123032696945
2012-12-20 07:00:00,364.0501533347786
2012-12-20 08:00:00,627.4694449734835
2012-12-20 09:00:00,300.2179184231816
2012-12-20 10:00:00,165.30583157010932
2012-12-20 11:00:00,181.83924981150733
2012-12-20 12:00:00,231.92438763319578
2012-12-20 13:00:00,227.76200142946578
2012-12-20 14:00:00,211.55467858632932
2012-12-20 15:00:00,216.50148163235525
2012-12-20 16:00:00,327.2243403706431
2012-12-20 17:00:00,558.9273122553407
2012-12-20 18:00:00,541.5841373036817
2012-12-20 19:00:00,257.15742619878523
2012-12-20 20:00:00,74.2382194619137
2012-12-20 21:00:00,61.6968511783111
2012-12-20 22:00:00,56.438817362205356
2012-12-20 23:00:00,68.47668292741733
2012-12-21 00:00:00,36.913224659431926
2012-12-21 01:00:00,19.30254432387316
2012-12-21 02:00:00,7.256999823324344
2012-12-21 03:00:00,3.4859117980587806
2012-12-21 04:00:00,6.286495997597248
2012-12-21 05:00:00,30.088735143266966
2012-12-21 06:00:00,96.0203718638142
2012-12-21 07:00:00,342.29835490132683
2012-12-21 08:00:00,596.0274504420438
2012-12-21 09:00:00,309.40709919343107
2012-12-21 10:00:00,179.86517658964368
2012-12-21 11:00:00,184.13884336857762
2012-12-21 12:00:00,208.8045892545624
2012-12-21 13:00:00,200.13844000573022
2012-12-21 14:00:00,195.8716934323799
2012-12-21 15:00:00,173.84241147243424
2012-12-21 16:00:00,225.94308258109314
2012-12-21 17:00:00,433.9557098321665
2012-12-21 18:00:00,414.18502417665684
2012-12-21 19:00:00,331.65308452449153
2012-12-21 20:00:00,206.32953176828352
2012-12-21 21:00:00,154.5137247967878
2012-12-21 22:00:00,137.85501671434352
2012-12-21 23:00:00,58.66663704833381
2012-12-22 00:00:00,72.32461087564526
2012-12-22 01:00:00,41.5694066254379
2012-12-22 02:00:00,38.032816527966645
2012-12-22 03:00:00,16.046146530903293
2012-12-22 04:00:00,5.688288545782696
2012-12-22 05:00:00,5.716654275929841
2012-12-22 06:00:00,16.62381652858737
2012-12-22 07:00:00,37.665956665033896
2012-12-22 08:00:00,106.668244929579
2012-12-22 09:00:00,144.25829306040995
2012-12-22 10:00:00,209.62392916529723
2012-12-22 11:00:00,238.87433194275454
2012-12-22 12:00:00,245.9034390141064
2012-12-22 13:00:00,310.30429722020006
2012-12-22 14:00:00,299.08804775738247
2012-12-22 15:00:00,266.05162549802606
2012-12-22 16:00:00,234.3165809061393
2012-12-22 17:00:00,212.65393535870663
2012-12-22 18:00:00,176.17749602200345
2012-12-22 19:00:00,116.77999298223952
2012-12-22 20:00:00,119.94211192856626
2012-12-22 21:00:00,105.38081457651415
2012-12-22 22:00:00,92.93996008122177
2012-12-22 23:00:00,67.9367612562198
2012-12-23 00:00:00,62.97287444336432
2012-12-23 01:00:00,53.72597408633847
2012-12-23 02:00:00,43.300175058919415
2012-12-23 03:00:00,19.44818057930305
2012-12-23 04:00:00,5.334728261432145
2012-12-23 05:00:00,5.296087690102111
2012-12-23 06:00:00,7.259691626489829
2012-12-23 07:00:00,26.322888005854725
2012-12-23 08:00:00,61.53552853836056
2012-12-23 09:00:00,101.61895495888172
2012-12-23 10:00:00,183.7205384241535
2012-12-23 11:00:00,212.58163092469897
2012-12-23 12:00:00,272.9721522785315
2012-12-23 13:00:00,299.62511565316817
2012-12-23 14:00:00,310.4784399541552
2012-12-23 15:00:00,344.5216525520968
2012-12-23 16:00:00,327.88189257853224
2012-12-23 17:00:00,290.81239394009475
2012-12-23 18:00:00,218.48170778753513
2012-12-23 19:00:00,127.16734465893057
2012-12-23 20:00:00,99.15741391310964
2012-12-23 21:00:00,90.31779548607307
2012-12-23 22:00:00,87.60714408452021
2012-12-23 23:00:00,51.482922640931214
2012-12-24 00:00:00,25.55953628364643
2012-12-24 01:00:00,13.286948612588043
2012-12-24 02:00:00,3.8046354135708924
2012-12-24 03:00:00,3.2379292541919353
2012-12-24 05:00:00,24.336677896890723
2012-12-24 06:00:00,98.64096951712142
2012-12-24 07:00:00,315.0905277977448
2012-12-24 08:00:00,621.8792117700987
2012-12-24 09:00:00,295.21005410096257
2012-12-24 10:00:00,138.01254258258854
2012-12-24 11:00:00,139.5844114804227
2012-12-24 12:00:00,152.7902281334779
2012-12-24 13:00:00,112.47711499817814
2012-12-24 14:00:00,110.59142151911779
2012-12-24 15:00:00,111.24561321750208
2012-12-24 16:00:00,107.7119838200792
2012-12-24 17:00:00,175.19119397926536
2012-12-24 18:00:00,196.47650546552572
2012-12-24 19:00:00,301.3453631562325
2012-12-24 20:00:00,131.4924799673968
2012-12-24 21:00:00,114.32816712417967
2012-12-24 22:00:00,120.9448329637148
2012-12-24 23:00:00,75.54741142952182
2012-12-25 00:00:00,54.502834012205895
2012-12-25 01:00:00,77.56011983598958
2012-12-25 02:00:00,49.909880034118906
2012-12-25 04:00:00,6.457045349677062
2012-12-25 05:00:00,6.572796958769884
2012-12-25 06:00:00,10.765492756057332
2012-12-25 07:00:00,22.236425106615304
2012-12-25 08:00:00,97.24363859830024
2012-12-25 09:00:00,118.57745337180145
2012-12-25 10:00:00,251.83910750358532
2012-12-25 11:00:00,277.57276129027537
2012-12-25 12:00:00,398.2883248639312
2012-12-25 13:00:00,418.10539181534205
2012-12-25 14:00:00,388.06480126014276
2012-12-25 15:00:00,353.99234529440133
2012-12-25 16:00:00,339.38495328958
2012-12-25 17:00:00,298.7412700332682
2012-12-25 18:00:00,268.2657209813995
2012-12-25 19:00:00,197.57830639087314
2012-12-25 20:00:00,212.85290570927188
2012-12-25 21:00:00,135.6686252019589
2012-12-25 22:00:00,121.50409556445433
2012-12-25 23:00:00,72.63321095920764
2012-12-26 00:00:00,33.55530730591434
2012-12-26 01:00:00,16.373581905248695
2012-12-26 02:00:00,9.158937982207913
2012-12-26 03:00:00,3.626041220886651
2012-12-26 04:00:00,5.020811276439288
2012-12-26 05:00:00,28.126332406799968
2012-12-26 06:00:00,108.38366788525308
2012-12-26 07:00:00,135.29269011678306
2012-12-26 08:00:00,159.51847621251324
2012-12-26 09:00:00,132.6883326476531
2012-12-26 10:00:00,77.77543734021677
2012-12-26 11:00:00,78.3930450887075
2012-12-26 12:00:00,81.6111821956295
2012-12-26 13:00:00,81.65101426216276
2012-12-26 14:00:00,78.87228329225128
2012-12-26 15:00:00,93.23346912921808
2012-12-26 16:00:00,94.241904653434
2012-12-26 17:00:00,136.4500459193213
2012-12-26 18:00:00,141.4038854338782
2012-12-26 19:00:00,155.61139103692395
2012-12-26 20:00:00,54.56073606336352
2012-12-26 21:00:00,151.23563153902217
2012-12-26 22:00:00,110.94410777173057
2012-12-26 23:00:00,60.33891287377883
2012-12-27 00:00:00,21.690162869423276
2012-12-27 01:00:00,9.697038431296775
2012-12-27 02:00:00,5.5403030357355725
2012-12-27 03:00:00,3.3227432418669096
2012-12-27 04:00:00,5.443402528159028
2012-12-27 05:00:00,31.4527748402096
2012-12-27 06:00:00,119.72298938241875
2012-12-27 07:00:00,369.5271942107134
2012-12-27 08:00:00,629.7395562016393
2012-12-27 09:00:00,329.62910029393305
2012-12-27 10:00:00,142.37239644767385
2012-12-27 11:00:00,144.6935092294798
2012-12-27 12:00:00,178.70193971914728
2012-12-27 13:00:00,177.84921561843728
2012-12-27 14:00:00,136.10667985168453
2012-12-27 15:00:00,136.77259295583485
2012-12-27 16:00:00,172.15261959440946
2012-12-27 17:00:00,455.1854420750277
2012-12-27 18:00:00,422.70515529273536
2012-12-27 19:00:00,347.8409326748105
2012-12-27 20:00:00,171.8161830708999
2012-12-27 21:00:00,155.6157871290943
2012-12-27 22:00:00,132.45474868397045
2012-12-27 23:00:00,75.10821960441707
2012-12-28 00:00:00,36.272820619993695
2012-12-28 01:00:00,19.349298032554955
2012-12-28 02:00:00,7.764280868244496
2012-12-28 03:00:00,4.8242306626857445
2012-12-28 04:00:00,7.334660661132293
2012-12-28 05:00:00,30.186532972466022
2012-12-28 06:00:00,110.57117685931328
2012-12-28 07:00:00,328.47266347680426
2012-12-28 08:00:00,589.8770532350981
2012-12-28 09:00:00,317.44878836772506
2012-12-28 10:00:00,139.19190743453774
2012-12-28 11:00:00,160.1860622399307
2012-12-28 12:00:00,186.32350638371943
2012-12-28 13:00:00,182.942499624241
2012-12-28 14:00:00,177.50130807717682
2012-12-28 15:00:00,204.2676956762411
2012-12-28 16:00:00,234.79176451429586
2012-12-28 17:00:00,414.9009541123366
2012-12-28 18:00:00,389.8137047876037
2012-12-28 19:00:00,318.76528056972444
2012-12-28 20:00:00,175.47329172942023
2012-12-28 21:00:00,149.506648034502
2012-12-28 22:00:00,125.03516564826114
2012-12-28 23:00:00,78.89816086570143
2012-12-29 00:00:00,60.16948543176412
2012-12-29 01:00:00,59.47862704925813
2012-12-29 02:00:00,42.94826821155334
2012-12-29 03:00:00,18.41350257643847
2012-12-29 04:00:00,6.5091002142298455
2012-12-29 05:00:00,6.105959123163252
2012-12-29 06:00:00,14.076989838027547
2012-12-29 07:00:00,49.77777927266166
2012-12-29 08:00:00,123.4151303111894
2012-12-29 09:00:00,164.1169297948125
2012-12-29 10:00:00,128.46773908600326
2012-12-29 11:00:00,160.00008236686932
2012-12-29 12:00:00,113.52817472477382
2012-12-29 13:00:00,116.12327714500155
2012-12-29 14:00:00,232.1187332074841
2012-12-29 15:00:00,214.63945114160782
2012-12-29 16:00:00,230.9280539712654
2012-12-29 17:00:00,196.65021601130348
2012-12-29 18:00:00,185.38600386641795
2012-12-29 19:00:00,153.81431132969402
2012-12-29 20:00:00,147.14691311324876
2012-12-29 21:00:00,127.75743651948514
2012-12-29 22:00:00,119.34836400070004
2012-12-29 23:00:00,91.04398046766602
2012-12-30 00:00:00,73.35024564491847
2012-12-30 01:00:00,51.79777356181122
2012-12-30 02:00:00,47.38915829325895
2012-12-30 03:00:00,17.788184277359566
2012-12-30 04:00:00,5.736195781732318
2012-12-30 05:00:00,5.053994497499062
2012-12-30 06:00:00,8.034369550375235
2012-12-30 07:00:00,20.316904754741785
2012-12-30 08:00:00,67.71105407566658
2012-12-30 09:00:00,90.02026821879969
2012-12-30 10:00:00,192.362040503231
2012-12-30 11:00:00,216.45540268560418
2012-12-30 12:00:00,231.2736907576266
2012-12-30 13:00:00,218.46184904806967
2012-12-30 14:00:00,219.12477523198606
2012-12-30 15:00:00,209.96935620117492
2012-12-30 16:00:00,217.0824169988732
2012-12-30 17:00:00,201.32416087168195
2012-12-30 18:00:00,173.72768493782422
2012-12-30 19:00:00,158.0823784628884
2012-12-30 20:00:00,79.90789703204898
2012-12-30 21:00:00,76.90442074853232
2012-12-30 22:00:00,69.64694061863479
2012-12-30 23:00:00,38.32186967947699
2012-12-31 00:00:00,18.569103170451115
2012-12-31 01:00:00,10.729293988380313
2012-12-31 02:00:00,3.8526606778056802
2012-12-31 03:00:00,2.046729971430087
2012-12-31 04:00:00,5.928597785796978
2012-12-31 05:00:00,23.71871755338022
2012-12-31 06:00:00,98.54166832472002
2012-12-31 07:00:00,313.6362604915422
2012-12-31 08:00:00,551.8023399105564
2012-12-31 09:00:00,261.5759917607499
2012-12-31 10:00:00,101.95601685383184
2012-12-31 11:00:00,106.31559967964596
2012-12-31 12:00:00,134.37495199671832
2012-12-31 13:00:00,158.41216668898122
2012-12-31 14:00:00,159.23751582982135
2012-12-31 15:00:00,170.38592084385678
2012-12-31 16:00:00,172.35909677047346
2012-12-31 17:00:00,440.0930274530844
2012-12-31 18:00:00,424.5472634575458
2012-12-31 19:00:00,345.26010746934315
2012-12-31 20:00:00,177.56223498974254
2012-12-31 21:00:00,152.11369657239834
2012-12-31 22:00:00,132.05381528442098
2012-12-31 23:00:00,68.02658617286806
