datetime,count
2011-01-20 00:00:00,7.69161472186987
2011-01-20 01:00:00,2.7245966227113856
2011-01-20 02:00:00,1.7459416337408555
2011-01-20 03:00:00,3.075506170270634
2011-01-20 04:00:00,0.8578777631489685
2011-01-20 05:00:00,5.67494780691041
2011-01-20 06:00:00,39.02971319641958
2011-01-20 07:00:00,115.67600051888516
2011-01-20 08:00:00,265.25755496216993
2011-01-20 09:00:00,132.95155036555005
2011-01-20 10:00:00,47.48376895121501
2011-01-20 11:00:00,48.80036088463268
2011-01-20 12:00:00,83.02977040162463
2011-01-20 13:00:00,53.193125038791344
2011-01-20 14:00:00,57.8227366685765
2011-01-20 15:00:00,54.449418112843475
2011-01-20 16:00:00,85.38176302942584
2011-01-20 17:00:00,176.04892867121777
2011-01-20 18:00:00,162.5911524318106
2011-01-20 19:00:00,105.64109946447357
2011-01-20 20:00:00,93.26172140742497
2011-01-20 21:00:00,53.67230013935034
2011-01-20 22:00:00,46.420124124038985
2011-01-20 23:00:00,25.158622809415768
2011-01-21 00:00:00,10.086812409282356
2011-01-21 01:00:00,3.428686015173123
2011-01-21 02:00:00,5.331012185893799
2011-01-21 03:00:00,1.3113728791131183
2011-01-21 04:00:00,0.9944614014216779
2011-01-21 05:00:00,6.238021784366298
2011-01-21 06:00:00,32.649258075551245
2011-01-21 07:00:00,81.11360353299456
2011-01-21 08:00:00,198.8060078388027
2011-01-21 09:00:00,117.8462397280214
2011-01-21 10:00:00,52.562331046910984
2011-01-21 11:00:00,63.88098319724412
2011-01-21 12:00:00,71.05302488617386
2011-01-21 13:00:00,74.69866036938659
2011-01-21 14:00:00,50.95589283925762
2011-01-21 15:00:00,52.498117004365255
2011-01-21 16:00:00,77.96480803876034
2011-01-21 17:00:00,137.3234897700659
2011-01-21 18:00:00,115.2846422180602
2011-01-21 19:00:00,79.80279113843655
2011-01-21 20:00:00,44.67602145694692
2011-01-21 21:00:00,36.15794988829854
2011-01-21 22:00:00,24.398821299486688
2011-01-21 23:00:00,15.180466426997537
2011-01-22 00:00:00,19.665618640459176
2011-01-22 01:00:00,13.565993513047127
2011-01-22 02:00:00,10.624555162702201
2011-01-22 03:00:00,8.908744321255206
2011-01-22 04:00:00,1.5335870701289545
2011-01-22 06:00:00,2.566117979696787
2011-01-22 07:00:00,9.04114988824567
2011-01-22 08:00:00,24.050104549957496
2011-01-22 09:00:00,29.56488136825909
2011-01-22 10:00:00,56.85998005785717
2011-01-22 11:00:00,60.86836235875883
2011-01-22 12:00:00,89.48707906088704
2011-01-22 13:00:00,82.16454811069345
2011-01-22 14:00:00,77.70215452184152
2011-01-22 15:00:00,74.8260317255419
2011-01-22 16:00:00,80.4458067274272
2011-01-22 17:00:00,66.29554914667207
2011-01-22 18:00:00,54.77916554490096
2011-01-22 19:00:00,31.17291704941092
2011-01-22 20:00:00,29.537922169285224
2011-01-22 21:00:00,28.667092022364134
2011-01-22 22:00:00,32.2602661596123
2011-01-22 23:00:00,23.986917980544952
2011-01-23 00:00:00,26.815276124817792
2011-01-23 01:00:00,20.80275018323265
2011-01-23 02:00:00,11.193774035991714
2011-01-23 03:00:00,5.563630272482347
2011-01-23 05:00:00,1.8065596611091976
2011-01-23 06:00:00,1.7646431301341616
2011-01-23 07:00:00,5.533991069478617
2011-01-23 08:00:00,10.605488165323225
2011-01-23 09:00:00,23.91196892679641
2011-01-23 10:00:00,50.617102355506944
2011-01-23 11:00:00,62.2113809070514
2011-01-23 12:00:00,74.04382030462203
2011-01-23 13:00:00,75.48906272960785
2011-01-23 14:00:00,71.07263103323022
2011-01-23 15:00:00,72.54668442539092
2011-01-23 16:00:00,83.51470462678877
2011-01-23 17:00:00,53.77372399777299
2011-01-23 18:00:00,51.97397477446376
2011-01-23 19:00:00,43.12495384734643
2011-01-23 20:00:00,37.76792080023542
2011-01-23 21:00:00,23.605222967554706
2011-01-23 22:00:00,14.040521499611566
2011-01-23 23:00:00,5.626259490471229
2011-01-24 00:00:00,5.968007303220705
2011-01-24 01:00:00,2.108411837706941
2011-01-24 03:00:00,0.7061427180979356
2011-01-24 04:00:00,2.662729788358291
2011-01-24 05:00:00,3.611363585975992
2011-01-24 06:00:00,24.962097504499848
2011-01-24 07:00:00,72.0709322242794
2011-01-24 08:00:00,139.24941210670468
2011-01-24 09:00:00,102.07206474703786
2011-01-24 10:00:00,39.73759739232929
2011-01-24 11:00:00,42.46961752373784
2011-01-24 12:00:00,42.518872498642395
2011-01-24 13:00:00,46.08422899842685
2011-01-24 14:00:00,43.12950172307056
2011-01-24 15:00:00,46.23687418605597
2011-01-24 16:00:00,65.24678478527326
2011-01-24 17:00:00,132.78122525723646
2011-01-24 18:00:00,134.13523151242876
2011-01-24 19:00:00,101.43243966821672
2011-01-24 20:00:00,62.98824067064609
2011-01-24 21:00:00,43.450944444297896
2011-01-24 22:00:00,21.651037923534368
2011-01-24 23:00:00,14.18617011155007
2011-01-25 00:00:00,8.355648072094123
2011-01-25 01:00:00,3.58844792426566
2011-01-25 02:00:00,1.2648108729380434
2011-01-25 04:00:00,2.23232496363149
2011-01-25 05:00:00,3.1441688624956834
2011-01-25 06:00:00,33.611967983506396
2011-01-25 07:00:00,83.58361319976231
2011-01-25 08:00:00,195.6299424983174
2011-01-25 09:00:00,117.34919703090536
2011-01-25 10:00:00,49.807356958143245
2011-01-25 11:00:00,38.089274721336984
2011-01-25 12:00:00,63.230308958738476
2011-01-25 13:00:00,59.209610267240876
2011-01-25 14:00:00,65.16197401652153
2011-01-25 15:00:00,69.23844667193819
2011-01-25 16:00:00,108.7189631717886
2011-01-25 17:00:00,196.2683681939463
2011-01-25 18:00:00,160.15134132847462
2011-01-25 19:00:00,114.77954721965591
2011-01-25 20:00:00,55.68713511649359
2011-01-25 21:00:00,49.65417192693925
2011-01-25 22:00:00,28.666665303859137
2011-01-25 23:00:00,15.707001959343653
2011-01-26 00:00:00,4.855795285099923
2011-01-26 01:00:00,5.773630826681883
2011-01-26 02:00:00,3.479846234976211
2011-01-26 05:00:00,2.917520965606449
2011-01-26 06:00:00,18.99548686723544
2011-01-26 07:00:00,39.71709658813401
2011-01-26 08:00:00,97.7200337169851
2011-01-26 09:00:00,55.943923820544214
2011-01-26 10:00:00,24.406249750574986
2011-01-26 11:00:00,21.79246931531601
2011-01-26 12:00:00,16.57738746188849
2011-01-26 13:00:00,20.46849373236712
2011-01-26 14:00:00,18.592774357475903
2011-01-26 15:00:00,21.98423775781752
2011-01-26 16:00:00,56.107466686230204
2011-01-26 17:00:00,62.39537730801077
2011-01-27 16:00:00,75.36780625354346
2011-01-27 17:00:00,184.34418021721876
2011-01-27 18:00:00,150.73739292696345
2011-01-27 19:00:00,93.3950431790496
2011-01-27 20:00:00,72.91304353424655
2011-01-27 21:00:00,47.58410410811623
2011-01-27 22:00:00,36.521371433335204
2011-01-27 23:00:00,19.651100451516356
2011-01-28 00:00:00,8.856443780057099
2011-01-28 01:00:00,3.5899833363162497
2011-01-28 02:00:00,2.576891460669283
2011-01-28 03:00:00,1.6178250939302763
2011-01-28 05:00:00,5.354364936649472
2011-01-28 06:00:00,19.661540687731083
2011-01-28 07:00:00,68.21368301484094
2011-01-28 08:00:00,151.35914410119463
2011-01-28 09:00:00,59.484439546026664
2011-01-28 10:00:00,27.430181065677985
2011-01-28 11:00:00,26.88948313559848
2011-01-28 12:00:00,23.788670696280203
2011-01-28 13:00:00,27.97123166476337
2011-01-28 14:00:00,27.462300847285796
2011-01-28 15:00:00,42.172586076849775
2011-01-28 16:00:00,62.093734815895225
2011-01-28 17:00:00,145.4526500375961
2011-01-28 18:00:00,117.13178432650125
2011-01-28 19:00:00,82.3344894489393
2011-01-28 20:00:00,64.53173814484497
2011-01-28 21:00:00,41.07491002067519
2011-01-28 22:00:00,27.738284821158242
2011-01-28 23:00:00,19.831278818255466
2011-01-29 00:00:00,22.238017913304667
2011-01-29 01:00:00,27.30952946393798
2011-01-29 02:00:00,27.0727591890474
2011-01-29 03:00:00,10.541880131194729
2011-01-29 04:00:00,1.6791914679533253
2011-01-29 06:00:00,2.451386272440882
2011-01-29 07:00:00,9.831836810172492
2011-01-29 08:00:00,27.07295208833807
2011-01-29 09:00:00,39.02860263560519
2011-01-29 10:00:00,51.58273324905099
2011-01-29 11:00:00,69.76077971226171
2011-01-29 12:00:00,91.32362089937604
2011-01-29 13:00:00,84.68359519195008
2011-01-29 14:00:00,85.18331631086212
2011-01-29 15:00:00,75.12678628609608
2011-01-29 16:00:00,93.61357163807845
2011-01-29 17:00:00,72.55591531334954
2011-01-29 18:00:00,60.56340767521043
2011-01-29 19:00:00,37.69799452234012
2011-01-29 20:00:00,40.47497967189368
2011-01-29 21:00:00,40.46888969125483
2011-01-29 22:00:00,32.98895748674252
2011-01-29 23:00:00,30.32828557378787
2011-01-30 00:00:00,26.060578502867827
2011-01-30 01:00:00,27.711790999709535
2011-01-30 02:00:00,24.079231628919146
2011-01-30 03:00:00,12.133706193488832
2011-01-30 04:00:00,2.67306868878492
2011-01-30 05:00:00,1.9758722539599067
2011-01-30 07:00:00,3.4288166743680772
2011-01-30 08:00:00,11.760947877855475
2011-01-30 09:00:00,35.61685670815736
2011-01-30 10:00:00,61.560574753326364
2011-01-30 11:00:00,70.83741725046394
2011-01-30 12:00:00,147.6578865576524
2011-01-30 13:00:00,90.82633911773195
2011-01-30 14:00:00,104.55655622498183
2011-01-30 15:00:00,124.43444889812868
2011-01-30 16:00:00,123.13531060517225
2011-01-30 17:00:00,66.76795251551538
2011-01-30 18:00:00,54.31939283444164
2011-01-30 19:00:00,26.598342174007758
2011-01-30 20:00:00,32.62939782994779
2011-01-30 21:00:00,37.85497453909744
2011-01-30 22:00:00,18.313670582404615
2011-01-30 23:00:00,12.58510993366829
2011-01-31 00:00:00,7.664196621422228
2011-01-31 01:00:00,2.5552384671157067
2011-01-31 02:00:00,3.3257519001671847
2011-01-31 03:00:00,1.757547097195919
2011-01-31 04:00:00,2.1288184617169237
2011-01-31 05:00:00,2.7811629541307723
2011-01-31 06:00:00,28.512567218909943
2011-01-31 07:00:00,78.15307768316792
2011-01-31 08:00:00,175.66786918013702
2011-01-31 09:00:00,102.9019005814031
2011-01-31 10:00:00,36.12713329728706
2011-01-31 11:00:00,33.5135502345606
2011-01-31 12:00:00,64.37836179062027
2011-01-31 13:00:00,51.903983622418515
2011-01-31 14:00:00,45.96754439068093
2011-01-31 15:00:00,46.88692946648849
2011-01-31 16:00:00,73.60456387871884
2011-01-31 17:00:00,147.38580723296295
2011-01-31 18:00:00,145.7096060432813
2011-01-31 19:00:00,127.96327695745069
2011-01-31 20:00:00,45.85119831776715
2011-01-31 21:00:00,35.86999541759034
2011-01-31 22:00:00,25.286291872895568
2011-01-31 23:00:00,17.48038182262042
2011-02-20 00:00:00,36.30045290468373
2011-02-20 01:00:00,16.57021130845922
2011-02-20 02:00:00,14.439185716272084
2011-02-20 03:00:00,5.5172957636743964
2011-02-20 04:00:00,0.39724804147064396
2011-02-20 06:00:00,0.9368253848076891
2011-02-20 07:00:00,7.529665777719501
2011-02-20 08:00:00,19.56428715680992
2011-02-20 09:00:00,42.3936694665652
2011-02-20 10:00:00,85.77499349208775
2011-02-20 11:00:00,124.05955857493579
2011-02-20 12:00:00,155.9634468393425
2011-02-20 13:00:00,157.6742472721573
2011-02-20 14:00:00,147.9707735115029
2011-02-20 15:00:00,201.75796596285733
2011-02-20 16:00:00,154.842003781177
2011-02-20 17:00:00,139.41202027188473
2011-02-20 18:00:00,82.48287795567934
2011-02-20 19:00:00,61.020889379486334
2011-02-20 20:00:00,48.69413347782696
2011-02-20 21:00:00,25.512477665247825
2011-02-20 22:00:00,46.16998578607447
2011-02-20 23:00:00,18.671808540403166
2011-02-21 00:00:00,20.351477965685696
2011-02-21 01:00:00,10.602736103961888
2011-02-21 02:00:00,7.935613489946974
2011-02-21 03:00:00,2.5978262135609342
2011-02-21 04:00:00,2.914260246186317
2011-02-21 05:00:00,2.505317602426603
2011-02-21 06:00:00,12.065699518247605
2011-02-21 07:00:00,22.560401609317733
2011-02-21 08:00:00,59.8696734855576
2011-02-21 09:00:00,56.144859446972056
2011-02-21 10:00:00,83.26123129647637
2011-02-21 11:00:00,109.62201985038952
2011-02-21 12:00:00,125.05395960349745
2011-02-21 13:00:00,71.53417423381185
2011-02-21 14:00:00,93.42700095464683
2011-02-21 15:00:00,92.0051028212644
2011-02-21 16:00:00,52.18929204893592
2011-02-21 17:00:00,120.27643209144642
2011-02-21 18:00:00,97.60871696799134
2011-02-21 19:00:00,63.995866503452135
2011-02-21 20:00:00,33.26211157910608
2011-02-21 21:00:00,30.963804084356983
2011-02-21 22:00:00,17.470636156209604
2011-02-21 23:00:00,7.710671810567872
2011-02-22 06:00:00,21.732728946703872
2011-02-22 07:00:00,77.34967035900343
2011-02-22 08:00:00,172.98909416682724
2011-02-22 09:00:00,104.3130784303122
2011-02-22 10:00:00,42.28130937713111
2011-02-22 11:00:00,58.059074884678004
2011-02-22 12:00:00,65.86768365834561
2011-02-22 13:00:00,90.85835532628235
2011-02-22 14:00:00,64.24538475311498
2011-02-22 15:00:00,57.88215065353776
2011-02-22 16:00:00,83.18235189093805
2011-02-22 17:00:00,197.29039231617344
2011-02-22 18:00:00,184.4956216082641
2011-02-22 19:00:00,113.02917437404342
2011-02-22 20:00:00,73.35242930931132
2011-02-22 21:00:00,54.25008774137378
2011-02-22 22:00:00,28.66116309345054
2011-02-22 23:00:00,15.699971849349232
2011-02-23 00:00:00,15.464067008662603
2011-02-23 01:00:00,6.804739813803794
2011-02-23 02:00:00,2.999974013798087
2011-02-23 03:00:00,1.675505311018215
2011-02-23 05:00:00,6.257021001126572
2011-02-23 06:00:00,37.19499796053967
2011-02-23 07:00:00,103.5081039847974
2011-02-23 08:00:00,226.22815297463396
2011-02-23 09:00:00,136.31591928288728
2011-02-23 10:00:00,74.65672387551572
2011-02-23 11:00:00,62.7211819713501
2011-02-23 12:00:00,76.77155788742147
2011-02-23 13:00:00,76.23744459306808
2011-02-23 14:00:00,67.24433417487104
2011-02-23 15:00:00,68.80718964472577
2011-02-23 16:00:00,107.11419215923851
2011-02-23 17:00:00,209.42091995619657
2011-02-23 18:00:00,183.53229393974866
2011-02-23 19:00:00,127.1473631354882
2011-02-23 20:00:00,111.72227238728213
2011-02-23 21:00:00,100.64897608205614
2011-02-23 22:00:00,54.201915492167934
2011-02-23 23:00:00,35.28463946583098
2011-02-24 00:00:00,15.535623333773938
2011-02-24 01:00:00,5.925068510297872
2011-02-24 02:00:00,1.4940444728355424
2011-02-24 03:00:00,2.0383128665591244
2011-02-24 05:00:00,5.469507743780755
2011-02-24 06:00:00,37.68274468133662
2011-02-24 07:00:00,105.83565150561353
2011-02-24 08:00:00,253.0373449658759
2011-02-24 09:00:00,126.50459818369045
2011-02-24 10:00:00,46.544021721163936
2011-02-24 11:00:00,68.32429165306765
2011-02-24 12:00:00,84.07605625596365
2011-02-24 13:00:00,88.92445311215279
2011-02-24 14:00:00,75.21606632270309
2011-02-24 15:00:00,45.36404823444308
2011-02-24 16:00:00,74.4253183992339
2011-02-24 17:00:00,160.89267695320274
2011-02-24 18:00:00,201.92247234746935
2011-02-24 19:00:00,71.42523882709682
2011-02-24 20:00:00,100.51584243507276
2011-02-24 21:00:00,72.57841005847486
2011-02-24 22:00:00,31.112572700465066
2011-02-24 23:00:00,37.194987009921725
2011-02-25 00:00:00,9.093914816743919
2011-02-25 01:00:00,8.070447182059528
2011-02-25 02:00:00,7.195894293286976
2011-02-25 03:00:00,1.8175288549568838
2011-02-25 05:00:00,6.969299062248455
2011-02-25 06:00:00,37.64034824610919
2011-02-25 07:00:00,70.85879014750483
2011-02-25 08:00:00,191.16978664657447
2011-02-25 09:00:00,71.12189766429765
2011-02-25 10:00:00,39.370362635201154
2011-02-25 11:00:00,99.49364636865408
2011-02-25 12:00:00,78.92910091754709
2011-02-25 13:00:00,76.37770050165034
2011-02-25 14:00:00,72.82692725177625
2011-02-25 15:00:00,114.93775551796264
2011-02-25 16:00:00,116.43523397443775
2011-02-25 17:00:00,171.5418032326051
2011-02-25 18:00:00,162.07771128750053
2011-02-25 19:00:00,89.60440548021384
2011-02-25 20:00:00,56.96033371701936
2011-02-25 21:00:00,48.689813590939266
2011-02-25 22:00:00,48.871147711491176
2011-02-25 23:00:00,34.855383169760756
2011-02-26 00:00:00,37.431153039021375
2011-02-26 01:00:00,22.830276139724255
2011-02-26 02:00:00,15.734660648046084
2011-02-26 03:00:00,9.018949938558633
2011-02-26 04:00:00,2.906572359643975
2011-02-26 05:00:00,1.2043212340135852
2011-02-26 06:00:00,3.106353087386988
2011-02-26 07:00:00,13.140195394900283
2011-02-26 08:00:00,19.69015972384712
2011-02-26 09:00:00,48.05790820072401
2011-02-26 10:00:00,103.44060590329735
2011-02-26 11:00:00,120.91109493823352
2011-02-26 12:00:00,149.9461844162876
2011-02-26 13:00:00,185.34228628777572
2011-02-26 14:00:00,141.85899956335825
2011-02-26 15:00:00,172.34867656018673
2011-02-26 16:00:00,141.48606868301047
2011-02-26 17:00:00,157.04961772488303
2011-02-26 18:00:00,96.47415260912787
2011-02-26 19:00:00,64.41999469429341
2011-02-26 20:00:00,62.547329933795176
2011-02-26 21:00:00,48.95878805375044
2011-02-26 22:00:00,51.962164185745166
2011-02-26 23:00:00,48.81705983662609
2011-02-27 00:00:00,34.577522336493445
2011-02-27 01:00:00,38.555975540374824
2011-02-27 02:00:00,20.53607377329786
2011-02-27 03:00:00,12.631058290576412
2011-02-27 04:00:00,3.0682788439698516
2011-02-27 06:00:00,3.1554095929641273
2011-02-27 07:00:00,7.070684895278106
2011-02-27 08:00:00,29.86418137014695
2011-02-27 09:00:00,55.69357375018612
2011-02-27 10:00:00,87.41957792478617
2011-02-27 11:00:00,129.91264105060844
2011-02-27 12:00:00,174.54201502268634
2011-02-27 13:00:00,209.15881019957575
2011-02-27 14:00:00,193.80017766056517
2011-02-27 15:00:00,257.6008098006841
2011-02-27 16:00:00,226.63882305400176
2011-02-27 17:00:00,149.69776405557624
2011-02-27 18:00:00,104.77286074143368
2011-02-27 19:00:00,62.23139451827012
2011-02-27 20:00:00,56.26595889828144
2011-02-27 21:00:00,44.46933023546129
2011-02-27 22:00:00,41.116711408480235
2011-02-27 23:00:00,20.725916293075752
2011-02-28 00:00:00,9.191549297550322
2011-02-28 01:00:00,1.905237475847033
2011-02-28 03:00:00,0.5495749759366655
2011-02-28 05:00:00,7.243779648454938
2011-02-28 06:00:00,33.50745545313233
2011-02-28 07:00:00,107.15112500548486
2011-02-28 08:00:00,224.77405160756868
2011-02-28 09:00:00,133.71980621696142
2011-02-28 10:00:00,70.62843751697737
2011-02-28 11:00:00,77.38049641832406
2011-02-28 12:00:00,123.07929046103082
2011-02-28 13:00:00,48.01629919411709
2011-02-28 14:00:00,28.35685440070755
2011-02-28 15:00:00,32.130466802354974
2011-02-28 16:00:00,71.73766512363503
2011-02-28 17:00:00,130.12493771714605
2011-02-28 18:00:00,159.29197847126423
2011-02-28 19:00:00,82.36318749981339
2011-02-28 20:00:00,50.432925352546874
2011-02-28 21:00:00,63.40959559365544
2011-02-28 22:00:00,19.587911150342034
2011-02-28 23:00:00,28.28777948133084
2011-03-20 00:00:00,47.49752430050588
2011-03-20 01:00:00,19.918753294111863
2011-03-20 02:00:00,25.732218524656663
2011-03-20 03:00:00,16.930047289413505
2011-03-20 04:00:00,6.291752380949734
2011-03-20 05:00:00,2.3485035132939482
2011-03-20 06:00:00,2.141409892689226
2011-03-20 07:00:00,7.966724086867979
2011-03-20 08:00:00,29.11909207518998
2011-03-20 09:00:00,81.05878408699542
2011-03-20 10:00:00,160.94746496281178
2011-03-20 11:00:00,144.77707067158946
2011-03-20 12:00:00,215.19646171476506
2011-03-20 13:00:00,213.9080008250112
2011-03-20 14:00:00,244.0104232558969
2011-03-20 15:00:00,277.52812301860484
2011-03-20 16:00:00,271.9378151479954
2011-03-20 17:00:00,217.51844867281065
2011-03-20 18:00:00,120.66751196476447
2011-03-20 19:00:00,96.33400177446812
2011-03-20 20:00:00,78.92538277563277
2011-03-20 21:00:00,45.026300092625284
2011-03-20 22:00:00,26.533988156830002
2011-03-20 23:00:00,13.072777514576613
2011-03-21 00:00:00,5.361649466811345
2011-03-21 01:00:00,3.0472886654912372
2011-03-21 02:00:00,3.0902074622238382
2011-03-21 03:00:00,1.1540563501489483
2011-03-21 05:00:00,5.302189344566707
2011-03-21 06:00:00,25.495910334999202
2011-03-21 07:00:00,71.70580674305876
2011-03-21 08:00:00,225.7058129149857
2011-03-21 09:00:00,115.35837868570313
2011-03-21 10:00:00,52.51597727881623
2011-03-21 11:00:00,70.0514046653146
2011-03-21 12:00:00,92.79207492735466
2011-03-21 13:00:00,125.34283908041671
2011-03-21 14:00:00,102.39964265045222
2011-03-21 15:00:00,114.3098296138269
2011-03-21 16:00:00,159.22549369882339
2011-03-21 17:00:00,332.23016071934006
2011-03-21 18:00:00,304.6252083114579
2011-03-21 19:00:00,254.59871253246806
2011-03-21 20:00:00,190.26537435782117
2011-03-21 21:00:00,107.66252468157468
2011-03-21 22:00:00,61.60387067307718
2011-03-21 23:00:00,28.72852172380855
2011-03-22 00:00:00,13.829166910335449
2011-03-22 01:00:00,10.657023661550793
2011-03-22 02:00:00,4.386807722243074
2011-03-22 03:00:00,1.7918914133226718
2011-03-22 04:00:00,0.5137161404672481
2011-03-22 05:00:00,9.864757796155052
2011-03-22 06:00:00,47.57942695829784
2011-03-22 07:00:00,137.39559142141266
2011-03-22 08:00:00,204.17234130869943
2011-03-22 09:00:00,103.45658514620979
2011-03-22 10:00:00,67.88176728107852
2011-03-22 11:00:00,72.92379446575347
2011-03-22 12:00:00,107.02057558793933
2011-03-22 13:00:00,120.60069716632165
2011-03-22 14:00:00,91.98521062157674
2011-03-22 15:00:00,100.64436489048197
2011-03-22 16:00:00,162.61569661136568
2011-03-22 17:00:00,345.40561503733153
2011-03-22 18:00:00,328.26607913709074
2011-03-22 19:00:00,165.30419041587515
2011-03-22 20:00:00,104.09414424185378
2011-03-22 21:00:00,86.47331908660445
2011-03-22 22:00:00,47.23180969336222
2011-03-22 23:00:00,30.768401954716772
2011-03-23 00:00:00,6.586164083023057
2011-03-23 01:00:00,3.592415503595813
2011-03-23 02:00:00,1.3966492776315982
2011-03-23 03:00:00,2.2078179563632205
2011-03-23 05:00:00,2.6526456052444933
2011-03-23 06:00:00,38.27881530826437
2011-03-23 07:00:00,88.88008479847097
2011-03-23 08:00:00,255.63496803762155
2011-03-23 09:00:00,152.24644657177623
2011-03-23 10:00:00,57.606681092568714
2011-03-23 11:00:00,63.745257861516194
2011-03-23 12:00:00,79.04532147537576
2011-03-23 13:00:00,32.18936313310977
2011-03-23 14:00:00,65.76719486839514
2011-03-23 15:00:00,87.02719410886296
2011-03-23 16:00:00,130.1123088139199
2011-03-23 17:00:00,192.41245754406827
2011-03-23 18:00:00,103.0028727856536
2011-03-23 19:00:00,95.8043783661032
2011-03-23 20:00:00,27.451815946634955
2011-03-23 21:00:00,19.33674373383833
2011-03-23 22:00:00,36.371955255893404
2011-03-23 23:00:00,19.52015705524055
2011-03-24 00:00:00,5.673042047943055
2011-03-24 01:00:00,2.404132671030605
2011-03-24 02:00:00,2.274389825662689
2011-03-24 03:00:00,0.34191317175288455
2011-03-24 04:00:00,0.6245814948590773
2011-03-24 05:00:00,7.244221821973168
2011-03-24 06:00:00,32.553175737028035
2011-03-24 07:00:00,63.20984473877992
2011-03-24 08:00:00,84.53216040676482
2011-03-24 09:00:00,97.08045135141617
2011-03-24 10:00:00,35.62223764909222
2011-03-24 11:00:00,44.137901684909394
2011-03-24 12:00:00,66.41725267825295
2011-03-24 13:00:00,68.6369179220627
2011-03-24 14:00:00,53.43186761007157
2011-03-24 15:00:00,47.44163031718682
2011-03-24 16:00:00,72.30168389190548
2011-03-24 17:00:00,167.43168850729978
2011-03-24 18:00:00,199.3793489959321
2011-03-24 19:00:00,123.7370534208425
2011-03-24 20:00:00,94.31743671620566
2011-03-24 21:00:00,72.42199718589212
2011-03-24 22:00:00,44.88552153581458
2011-03-24 23:00:00,29.326534257819894
2011-03-25 00:00:00,11.867752134736904
2011-03-25 01:00:00,4.821699175035535
2011-03-25 02:00:00,2.5167207212790954
2011-03-25 03:00:00,3.236343005667779
2011-03-25 04:00:00,0.7804143293140446
2011-03-25 05:00:00,6.153958272312658
2011-03-25 06:00:00,29.08377501837893
2011-03-25 07:00:00,92.7557859684829
2011-03-25 08:00:00,249.56049926579624
2011-03-25 09:00:00,146.86873074937827
2011-03-25 10:00:00,61.15362049598482
2011-03-25 11:00:00,84.62932179505331
2011-03-25 12:00:00,100.93200581928029
2011-03-25 13:00:00,92.47587183380168
2011-03-25 14:00:00,85.66159574228342
2011-03-25 15:00:00,88.2741952641162
2011-03-25 16:00:00,119.00143232548608
2011-03-25 17:00:00,225.4275660416591
2011-03-25 18:00:00,179.1616470415274
2011-03-25 19:00:00,124.45945020400315
2011-03-25 20:00:00,79.64806788567465
2011-03-25 21:00:00,59.068464373833564
2011-03-25 22:00:00,43.811759865543856
2011-03-25 23:00:00,34.01497164471341
2011-03-26 00:00:00,29.06958542141402
2011-03-26 01:00:00,19.69290951421623
2011-03-26 02:00:00,15.914778612616416
2011-03-26 03:00:00,5.585902777231256
2011-03-26 04:00:00,1.4615412834242694
2011-03-26 05:00:00,1.8234283048994722
2011-03-26 06:00:00,4.885425159454157
2011-03-26 07:00:00,17.178605867750353
2011-03-26 08:00:00,36.49488576532127
2011-03-26 09:00:00,75.96338325441758
2011-03-26 10:00:00,109.62293586701544
2011-03-26 11:00:00,127.3662319338867
2011-03-26 12:00:00,166.4049705458673
2011-03-26 13:00:00,178.09388474967915
2011-03-26 14:00:00,198.39347992486296
2011-03-26 15:00:00,215.74828702428522
2011-03-26 16:00:00,205.069705090284
2011-03-26 17:00:00,187.90977378871128
2011-03-26 18:00:00,150.93587934721285
2011-03-26 19:00:00,85.93783512843892
2011-03-26 20:00:00,66.89986651126875
2011-03-26 21:00:00,43.48984285182438
2011-03-26 22:00:00,39.84015406882385
2011-03-26 23:00:00,43.820397264944305
2011-03-27 00:00:00,32.53207804945524
2011-03-27 01:00:00,22.899154378863095
2011-03-27 02:00:00,15.386812031646834
2011-03-27 03:00:00,4.254868667922574
2011-03-27 04:00:00,2.2196657548209187
2011-03-27 06:00:00,2.553845358736936
2011-03-27 07:00:00,6.971655517586314
2011-03-27 08:00:00,18.99881080038159
2011-03-27 09:00:00,56.095880691304934
2011-03-27 10:00:00,102.43581697987094
2011-03-27 11:00:00,130.72950026049352
2011-03-27 12:00:00,157.72215220236944
2011-03-27 13:00:00,185.23314630483213
2011-03-27 14:00:00,184.37412456549106
2011-03-27 15:00:00,190.59286117001213
2011-03-27 16:00:00,155.14006585365348
2011-03-27 17:00:00,164.5616204378913
2011-03-27 18:00:00,109.6064285016969
2011-03-27 19:00:00,63.33054604879514
2011-03-27 20:00:00,43.953982214151374
2011-03-27 21:00:00,46.85962140666904
2011-03-27 22:00:00,34.615078661716765
2011-03-27 23:00:00,22.251820496130794
2011-03-28 00:00:00,9.25761354067648
2011-03-28 01:00:00,2.793318643368537
2011-03-28 02:00:00,2.501750781647824
2011-03-28 03:00:00,1.0219409949521898
2011-03-28 05:00:00,2.824150008813894
2011-03-28 06:00:00,33.21878081374711
2011-03-28 07:00:00,91.681003841644
2011-03-28 08:00:00,202.65381134460654
2011-03-28 09:00:00,107.58695651862142
2011-03-28 10:00:00,54.891295118461514
2011-03-28 11:00:00,60.95361370539047
2011-03-28 12:00:00,69.4252215990436
2011-03-28 13:00:00,76.34437522835933
2011-03-28 14:00:00,71.90680515477388
2011-03-28 15:00:00,81.65557738873673
2011-03-28 16:00:00,104.35675291076967
2011-03-28 17:00:00,239.52964633621352
2011-03-28 18:00:00,200.67254533456912
2011-03-28 19:00:00,119.15746334291103
2011-03-28 20:00:00,96.12452677367885
2011-03-28 21:00:00,56.747938738559746
2011-03-28 22:00:00,39.23925579563224
2011-03-28 23:00:00,19.442144179643154
2011-03-29 00:00:00,9.017238845464163
2011-03-29 01:00:00,3.017758894115228
2011-03-29 02:00:00,2.5885255136440026
2011-03-29 03:00:00,2.5354502064045543
2011-03-29 04:00:00,1.48908772639626
2011-03-29 05:00:00,10.618959025625168
2011-03-29 06:00:00,40.679442133588815
2011-03-29 07:00:00,107.08461585755133
2011-03-29 08:00:00,234.27480258358958
2011-03-29 09:00:00,151.91450025352935
2011-03-29 10:00:00,79.6190425488928
2011-03-29 11:00:00,80.38921303337884
2011-03-29 12:00:00,91.55680199360953
2011-03-29 13:00:00,89.65776292690899
2011-03-29 14:00:00,89.33397179993024
2011-03-29 15:00:00,78.99068159963866
2011-03-29 16:00:00,113.19946051163225
2011-03-29 17:00:00,266.0057438638465
2011-03-29 18:00:00,225.29848960461987
2011-03-29 19:00:00,138.79852270960205
2011-03-29 20:00:00,83.73325239719782
2011-03-29 21:00:00,76.38079336676005
2011-03-29 22:00:00,52.557095995992036
2011-03-29 23:00:00,26.058411223650076
2011-03-30 00:00:00,10.043013435060425
2011-03-30 01:00:00,6.751607159294061
2011-03-30 02:00:00,2.6773463151871897
2011-03-30 03:00:00,2.1034645076744187
2011-03-30 04:00:00,1.6039392329530022
2011-03-30 05:00:00,6.75725615088112
2011-03-30 06:00:00,36.766147502995466
2011-03-30 07:00:00,114.89836951826089
2011-03-30 08:00:00,292.20079812494697
2011-03-30 09:00:00,171.9422901784403
2011-03-30 10:00:00,76.36422619367708
2011-03-30 11:00:00,85.56874088057013
2011-03-30 12:00:00,111.04300951897193
2011-03-30 13:00:00,103.4241631433323
2011-03-30 14:00:00,100.62923334251616
2011-03-30 15:00:00,25.659548403075654
2011-03-30 16:00:00,26.88128604522071
2011-03-30 17:00:00,95.19297019102358
2011-03-30 18:00:00,152.2818885169908
2011-03-30 19:00:00,102.80901346049363
2011-03-30 20:00:00,36.1196243743329
2011-03-30 21:00:00,65.99740590501834
2011-03-30 22:00:00,18.165529773154077
2011-03-30 23:00:00,12.585507000466439
2011-03-31 00:00:00,3.676632837716375
2011-03-31 01:00:00,2.6320545521022507
2011-03-31 02:00:00,1.5551650910302333
2011-03-31 03:00:00,0.7574931828967668
2011-03-31 04:00:00,0.6338973283609735
2011-03-31 05:00:00,5.582179595154279
2011-03-31 06:00:00,20.91059872792185
2011-03-31 07:00:00,66.60157099457324
2011-03-31 08:00:00,193.059860745479
2011-03-31 09:00:00,52.106998124310714
2011-03-31 10:00:00,20.189269677942242
2011-03-31 11:00:00,19.486617095920355
2011-03-31 12:00:00,25.116473268370637
2011-03-31 13:00:00,26.874842761479158
2011-03-31 14:00:00,20.535354782612227
2011-03-31 15:00:00,17.10475412255732
2011-03-31 16:00:00,58.25610954740925
2011-03-31 17:00:00,140.82560899034917
2011-03-31 18:00:00,151.58204210451373
2011-03-31 19:00:00,96.62946575292358
2011-03-31 20:00:00,31.04669524713887
2011-03-31 21:00:00,55.285521605783735
2011-03-31 22:00:00,19.18395052571544
2011-03-31 23:00:00,17.485408157775808
2011-04-20 00:00:00,18.72279700134397
2011-04-20 01:00:00,2.2044141760781124
2011-04-20 02:00:00,4.221378525517778
2011-04-20 03:00:00,2.6985103884430965
2011-04-20 04:00:00,1.4495645943638737
2011-04-20 05:00:00,9.312488605807903
2011-04-20 06:00:00,40.423534400048716
2011-04-20 07:00:00,146.84487605221295
2011-04-20 08:00:00,369.5267738693307
2011-04-20 09:00:00,171.26623868802386
2011-04-20 10:00:00,81.16784962049617
2011-04-20 11:00:00,95.86012818847212
2011-04-20 12:00:00,160.75892741649844
2011-04-20 13:00:00,136.52437250182294
2011-04-20 14:00:00,119.01504200165532
2011-04-20 15:00:00,156.57328881524603
2011-04-20 16:00:00,233.74007043092269
2011-04-20 17:00:00,447.1914261417943
2011-04-20 18:00:00,400.2537037624878
2011-04-20 19:00:00,289.74615367445153
2011-04-20 20:00:00,200.87407210843662
2011-04-20 21:00:00,159.61495291064648
2011-04-20 22:00:00,112.99827984163709
2011-04-20 23:00:00,69.839871512324
2011-04-21 00:00:00,25.442475988886827
2011-04-21 01:00:00,9.352754625006874
2011-04-21 02:00:00,12.528443485470792
2011-04-21 03:00:00,3.9478528228705745
2011-04-21 04:00:00,1.7514984878626323
2011-04-21 05:00:00,10.658419749915339
2011-04-21 06:00:00,51.62490442906544
2011-04-21 07:00:00,147.6070471086025
2011-04-21 08:00:00,251.66547879488039
2011-04-21 09:00:00,161.36596205248173
2011-04-21 10:00:00,91.9169856214945
2011-04-21 11:00:00,108.77528937596769
2011-04-21 12:00:00,167.67327051357222
2011-04-21 13:00:00,133.81802020835912
2011-04-21 14:00:00,123.82308382868956
2011-04-21 15:00:00,128.48275287437548
2011-04-21 16:00:00,186.75205278699988
2011-04-21 17:00:00,382.44289604203453
2011-04-21 18:00:00,329.57492262108343
2011-04-21 19:00:00,243.38649684705493
2011-04-21 20:00:00,179.58768902632664
2011-04-21 21:00:00,121.87212555423002
2011-04-21 22:00:00,90.38227751400373
2011-04-21 23:00:00,53.45790957457907
2011-04-22 00:00:00,28.26751666247896
2011-04-22 01:00:00,13.407204080588755
2011-04-22 02:00:00,6.954646655708201
2011-04-22 03:00:00,5.062229815172897
2011-04-22 04:00:00,1.9321905530827252
2011-04-22 05:00:00,9.677780294056411
2011-04-22 06:00:00,44.06818970092257
2011-04-22 07:00:00,141.9098794310224
2011-04-22 08:00:00,324.8513553342693
2011-04-22 09:00:00,117.80569009078074
2011-04-22 10:00:00,82.4146360907872
2011-04-22 11:00:00,48.9401526561737
2011-04-22 12:00:00,52.07941046828916
2011-04-22 13:00:00,39.85144288636249
2011-04-22 14:00:00,16.53684002008802
2011-04-22 15:00:00,28.778289426689348
2011-04-22 16:00:00,45.05412292330062
2011-04-22 17:00:00,139.21429057316516
2011-04-22 18:00:00,71.47442643521627
2011-04-22 19:00:00,86.49219714272076
2011-04-22 20:00:00,34.756592169251725
2011-04-22 21:00:00,36.05658758422636
2011-04-22 22:00:00,30.495717026313752
2011-04-22 23:00:00,34.074236833197276
2011-04-23 00:00:00,30.6029719555659
2011-04-23 01:00:00,22.763840896089224
2011-04-23 02:00:00,21.720848974341806
2011-04-23 03:00:00,9.255966712454029
2011-04-23 04:00:00,7.623909455971987
2011-04-23 05:00:00,4.803712202822385
2011-04-23 06:00:00,8.510027383167872
2011-04-23 07:00:00,15.520172540102116
2011-04-23 08:00:00,61.80554236564254
2011-04-23 09:00:00,72.75309079706479
2011-04-23 10:00:00,57.73849852071563
2011-04-23 11:00:00,112.05591786740963
2011-04-23 12:00:00,118.56796525207069
2011-04-23 13:00:00,137.6928958167864
2011-04-23 14:00:00,206.5366277848058
2011-04-23 15:00:00,271.5851534507491
2011-04-23 16:00:00,268.0605115045899
2011-04-23 17:00:00,228.35389237112304
2011-04-23 18:00:00,192.29667848740152
2011-04-23 19:00:00,188.07332389840838
2011-04-23 20:00:00,117.70344452259077
2011-04-23 21:00:00,81.16228563507966
2011-04-23 22:00:00,102.7238896719154
2011-04-23 23:00:00,77.52145593250296
2011-04-24 00:00:00,47.344658561434166
2011-04-24 01:00:00,29.884827469570077
2011-04-24 02:00:00,36.60023555120574
2011-04-24 03:00:00,24.8641422764334
2011-04-24 04:00:00,6.070486134723952
2011-04-24 05:00:00,6.597971231764608
2011-04-24 06:00:00,8.628553720685078
2011-04-24 07:00:00,19.538426682693743
2011-04-24 08:00:00,60.63198765857294
2011-04-24 09:00:00,142.10509031929516
2011-04-24 10:00:00,232.99655895044933
2011-04-24 11:00:00,283.0295860491569
2011-04-24 12:00:00,347.82685666750046
2011-04-24 13:00:00,386.2643642784616
2011-04-24 14:00:00,343.70888739574207
2011-04-24 15:00:00,351.2984573448933
2011-04-24 16:00:00,331.4391782411478
2011-04-24 17:00:00,352.2925314813521
2011-04-24 18:00:00,268.69753287893207
2011-04-24 19:00:00,142.24243092619255
2011-04-24 20:00:00,112.47693853303997
2011-04-24 21:00:00,75.33192453474634
2011-04-24 22:00:00,29.831682772677542
2011-04-24 23:00:00,31.20957260113361
2011-04-25 00:00:00,10.70942971740492
2011-04-25 01:00:00,7.377846264800876
2011-04-25 02:00:00,4.5961813264620375
2011-04-25 03:00:00,2.5142990944154007
2011-04-25 04:00:00,6.873739235010618
2011-04-25 05:00:00,13.681016824023182
2011-04-25 06:00:00,80.5614341046258
2011-04-25 07:00:00,194.17810360390374
2011-04-25 08:00:00,409.2836317223621
2011-04-25 09:00:00,186.98565818756242
2011-04-25 10:00:00,88.27454803133517
2011-04-25 11:00:00,102.88679135964901
2011-04-25 12:00:00,120.72675369591369
2011-04-25 13:00:00,140.945693490776
2011-04-25 14:00:00,130.94610857601162
2011-04-25 15:00:00,141.7012745402654
2011-04-25 16:00:00,204.70536673495346
2011-04-25 17:00:00,432.92199361190995
2011-04-25 18:00:00,378.1527181271665
2011-04-25 19:00:00,274.31928180088966
2011-04-25 20:00:00,202.71027713592494
2011-04-25 21:00:00,136.39991077207554
2011-04-25 22:00:00,112.68969542314082
2011-04-25 23:00:00,57.861484213149495
2011-04-26 00:00:00,18.057845022353373
2011-04-26 01:00:00,7.7553218234763275
2011-04-26 02:00:00,4.920914608165509
2011-04-26 03:00:00,3.0824643291975713
2011-04-26 04:00:00,3.3093296071378564
2011-04-26 05:00:00,14.603171895879498
2011-04-26 06:00:00,62.78858144136976
2011-04-26 07:00:00,224.86094045925515
2011-04-26 08:00:00,444.27172415988844
2011-04-26 09:00:00,192.5370196623509
2011-04-26 10:00:00,92.41888352541393
2011-04-26 11:00:00,94.75884884047335
2011-04-26 12:00:00,128.39909161770578
2011-04-26 13:00:00,121.12526277501868
2011-04-26 14:00:00,119.25907817757879
2011-04-26 15:00:00,133.22408441689794
2011-04-26 16:00:00,220.3071289450468
2011-04-26 17:00:00,446.1785385067824
2011-04-26 18:00:00,377.7729503122602
2011-04-26 19:00:00,237.93532727207446
2011-04-26 20:00:00,179.8117646679886
2011-04-26 21:00:00,166.37027575559347
2011-04-26 22:00:00,110.15796727821665
2011-04-26 23:00:00,56.9773504370346
2011-04-27 00:00:00,21.58102779501935
2011-04-27 01:00:00,5.5985559973793295
2011-04-27 02:00:00,4.2343021580021025
2011-04-27 03:00:00,3.445368124237116
2011-04-27 04:00:00,2.9653219397569317
2011-04-27 05:00:00,13.309078728173244
2011-04-27 06:00:00,72.5988824579921
2011-04-27 07:00:00,173.78548472780002
2011-04-27 08:00:00,428.31105637474263
2011-04-27 09:00:00,136.72800113000864
2011-04-27 10:00:00,65.30794912295988
2011-04-27 11:00:00,72.5904414122748
2011-04-27 12:00:00,117.58976496945732
2011-04-27 13:00:00,101.74816197667838
2011-04-27 14:00:00,110.59655510563614
2011-04-27 15:00:00,121.62468615947157
2011-04-27 16:00:00,174.3121108754943
2011-04-27 17:00:00,209.84550492332204
2011-04-27 18:00:00,215.1883576257718
2011-04-27 19:00:00,256.46155959008695
2011-04-27 20:00:00,170.12312340016294
2011-04-27 21:00:00,112.98241284581815
2011-04-27 22:00:00,75.72002077194952
2011-04-27 23:00:00,52.61297604027758
2011-04-28 00:00:00,21.145159724531762
2011-04-28 01:00:00,8.428929329455313
2011-04-28 02:00:00,6.610906154862671
2011-04-28 03:00:00,3.3413493105990293
2011-04-28 04:00:00,2.972536868492102
2011-04-28 05:00:00,17.714593225848294
2011-04-28 06:00:00,84.39833431967938
2011-04-28 07:00:00,185.24193413770635
2011-04-28 08:00:00,348.5666256922662
2011-04-28 09:00:00,105.05179321958443
2011-04-28 10:00:00,70.65745772602207
2011-04-28 11:00:00,85.50356060736215
2011-04-28 12:00:00,111.47222431302893
2011-04-28 13:00:00,106.39048851077972
2011-04-28 14:00:00,101.1771843043641
2011-04-28 15:00:00,120.10334370939525
2011-04-28 16:00:00,182.66922155001708
2011-04-28 17:00:00,406.010341356615
2011-04-28 18:00:00,354.9324408471487
2011-04-28 19:00:00,280.007488323581
2011-04-28 20:00:00,213.59638448346786
2011-04-28 21:00:00,178.9015845574968
2011-04-28 22:00:00,128.8053365948703
2011-04-28 23:00:00,65.84562114585428
2011-04-29 00:00:00,43.72084597848676
2011-04-29 01:00:00,16.604795613749303
2011-04-29 02:00:00,14.980871706847925
2011-04-29 03:00:00,4.218777790599477
2011-04-29 04:00:00,3.826711413908953
2011-04-29 05:00:00,14.929984939321393
2011-04-29 06:00:00,43.370670944490286
2011-04-29 07:00:00,204.73286366319215
2011-04-29 08:00:00,470.30851681641616
2011-04-29 09:00:00,236.16423192513102
2011-04-29 10:00:00,118.06786003392293
2011-04-29 11:00:00,143.67135005325656
2011-04-29 12:00:00,186.3621740471529
2011-04-29 13:00:00,186.31817858843078
2011-04-29 14:00:00,166.82549234281274
2011-04-29 15:00:00,172.72988451426198
2011-04-29 16:00:00,224.3693225167992
2011-04-29 17:00:00,429.90117087387773
2011-04-29 18:00:00,320.35207144664474
2011-04-29 19:00:00,214.00126578865533
2011-04-29 20:00:00,161.26114130242937
2011-04-29 21:00:00,132.63516837114946
2011-04-29 22:00:00,101.02121414546114
2011-04-29 23:00:00,66.96677374760115
2011-04-30 00:00:00,35.31646200700851
2011-04-30 01:00:00,26.546909014349037
2011-04-30 02:00:00,20.39616408890597
2011-04-30 03:00:00,12.004963492692214
2011-04-30 04:00:00,2.9779058103903724
2011-04-30 05:00:00,2.327761118597644
2011-04-30 06:00:00,9.15190759194747
2011-04-30 07:00:00,31.329611066592093
2011-04-30 08:00:00,82.04618903419083
2011-04-30 09:00:00,112.12158715889049
2011-04-30 10:00:00,148.64133877178884
2011-04-30 11:00:00,181.53616473059128
2011-04-30 12:00:00,233.5042103152029
2011-04-30 13:00:00,301.483462313548
2011-04-30 14:00:00,309.69965492571987
2011-04-30 15:00:00,407.82238749579005
2011-04-30 16:00:00,364.22909690218665
2011-04-30 17:00:00,323.2759564909224
2011-04-30 18:00:00,269.5801218621562
2011-04-30 19:00:00,268.7618432132356
2011-04-30 20:00:00,107.87141568639869
2011-04-30 21:00:00,65.01613632054145
2011-04-30 22:00:00,79.62328379236308
2011-04-30 23:00:00,66.25254347805762
2011-05-20 00:00:00,43.87896516092903
2011-05-20 01:00:00,25.929702167677494
2011-05-20 02:00:00,14.31676176253215
2011-05-20 03:00:00,7.724769154636832
2011-05-20 04:00:00,4.379638450072276
2011-05-20 05:00:00,22.63863560777575
2011-05-20 06:00:00,86.49017397832571
2011-05-20 07:00:00,273.25045030347974
2011-05-20 08:00:00,417.48416068697594
2011-05-20 09:00:00,228.3024210343194
2011-05-20 10:00:00,143.22265808781566
2011-05-20 11:00:00,170.35094482601778
2011-05-20 12:00:00,336.5595028374291
2011-05-20 13:00:00,288.44270383836937
2011-05-20 14:00:00,215.87711486563668
2011-05-20 15:00:00,251.40994009642202
2011-05-20 16:00:00,434.8960427989156
2011-05-20 17:00:00,451.0347715051968
2011-05-20 18:00:00,440.47419449947745
2011-05-20 19:00:00,354.7035665143441
2011-05-20 20:00:00,251.3641712535729
2011-05-20 21:00:00,193.05705860170733
2011-05-20 22:00:00,154.5448782598277
2011-05-20 23:00:00,145.12875534964553
2011-05-21 00:00:00,84.68979731256866
2011-05-21 01:00:00,63.37667134344818
2011-05-21 02:00:00,52.024637402971926
2011-05-21 03:00:00,20.62888899570901
2011-05-21 04:00:00,5.82323418457757
2011-05-21 05:00:00,9.159362436018267
2011-05-21 06:00:00,14.527726731375816
2011-05-21 07:00:00,61.26893409432787
2011-05-21 08:00:00,120.99029750183358
2011-05-21 09:00:00,184.15204341591556
2011-05-21 10:00:00,280.9153066463765
2011-05-21 11:00:00,372.90987196361215
2011-05-21 12:00:00,387.135480645597
2011-05-21 13:00:00,439.68121506302657
2011-05-21 14:00:00,446.583811664833
2011-05-21 15:00:00,458.14688289074473
2011-05-21 16:00:00,471.7807760192927
2011-05-21 17:00:00,404.607486230061
2011-05-21 18:00:00,380.00193328245894
2011-05-21 19:00:00,316.32874711822467
2011-05-21 20:00:00,202.90167795718145
2011-05-21 21:00:00,208.97940085663436
2011-05-21 22:00:00,141.95747704513457
2011-05-21 23:00:00,118.27897220849616
2011-05-22 00:00:00,75.17161336392611
2011-05-22 01:00:00,49.4474529662886
2011-05-22 02:00:00,54.57798020360859
2011-05-22 03:00:00,30.970057972160106
2011-05-22 04:00:00,11.80000020729408
2011-05-22 05:00:00,11.568310808702801
2011-05-22 06:00:00,16.099518827265317
2011-05-22 07:00:00,50.11820428213524
2011-05-22 08:00:00,103.6355006581846
2011-05-22 09:00:00,160.12011174410367
2011-05-22 10:00:00,270.8511238341762
2011-05-22 11:00:00,359.4353056515458
2011-05-22 12:00:00,455.0820562873976
2011-05-22 13:00:00,484.43874963582203
2011-05-22 14:00:00,278.6531269059527
2011-05-22 15:00:00,385.1338828481771
2011-05-22 16:00:00,424.5689332251334
2011-05-22 17:00:00,409.9083716674908
2011-05-22 18:00:00,290.4584328097388
2011-05-22 19:00:00,290.7062851404984
2011-05-22 20:00:00,209.2438948243107
2011-05-22 21:00:00,189.44534874866528
2011-05-22 22:00:00,112.83561534810892
2011-05-22 23:00:00,57.68289263508111
2011-05-23 00:00:00,33.74832839430001
2011-05-23 01:00:00,14.496470621979393
2011-05-23 02:00:00,5.135664449758812
2011-05-23 03:00:00,3.5126112359778983
2011-05-23 04:00:00,5.1077338114572965
2011-05-23 05:00:00,19.106547863995793
2011-05-23 06:00:00,71.4693852494606
2011-05-23 07:00:00,227.9133787205093
2011-05-23 08:00:00,320.36274103691267
2011-05-23 09:00:00,163.11601300803915
2011-05-23 10:00:00,108.95962209649554
2011-05-23 11:00:00,147.43254547165708
2011-05-23 12:00:00,164.7697430133395
2011-05-23 13:00:00,166.16670175931117
2011-05-23 14:00:00,145.6631792444721
2011-05-23 15:00:00,149.93812210997228
2011-05-23 16:00:00,251.22124482759182
2011-05-23 17:00:00,344.3390600654087
2011-05-23 18:00:00,426.23462967602666
2011-05-23 19:00:00,353.12038766880494
2011-05-23 20:00:00,243.65915178883708
2011-05-23 21:00:00,169.50108722671214
2011-05-23 22:00:00,117.83558559137366
2011-05-23 23:00:00,59.46766975495798
2011-05-24 00:00:00,23.702295226173348
2011-05-24 01:00:00,11.786438438857179
2011-05-24 02:00:00,5.15572659001396
2011-05-24 03:00:00,3.2059712739929527
2011-05-24 04:00:00,3.335432564256199
2011-05-24 05:00:00,16.3040297650451
2011-05-24 06:00:00,79.83127444635555
2011-05-24 07:00:00,235.94101255211038
2011-05-24 08:00:00,288.7412174131701
2011-05-24 09:00:00,234.42066537000994
2011-05-24 10:00:00,128.5895975888782
2011-05-24 11:00:00,134.6247472460862
2011-05-24 12:00:00,182.8928556987837
2011-05-24 13:00:00,184.93073642670802
2011-05-24 14:00:00,144.48121792387278
2011-05-24 15:00:00,167.13261906583307
2011-05-24 16:00:00,299.24351189705436
2011-05-24 17:00:00,547.9685309736818
2011-05-24 18:00:00,498.2518696912558
2011-05-24 19:00:00,345.76904356180796
2011-05-24 20:00:00,239.95446260000188
2011-05-24 21:00:00,202.70543275563782
2011-05-24 22:00:00,133.74004199902828
2011-05-24 23:00:00,96.75920099117852
2011-05-25 00:00:00,27.896192277627424
2011-05-25 01:00:00,13.771625454832598
2011-05-25 02:00:00,11.720068690368317
2011-05-25 03:00:00,3.698869943553899
2011-05-25 04:00:00,3.2678397901514407
2011-05-25 05:00:00,22.110389886445642
2011-05-25 06:00:00,119.14806678234932
2011-05-25 07:00:00,323.2253718783679
2011-05-25 08:00:00,380.88914941040525
2011-05-25 09:00:00,172.30589675570613
2011-05-25 10:00:00,116.87864473168565
2011-05-25 11:00:00,132.9896400610959
2011-05-25 12:00:00,168.47906517033712
2011-05-25 13:00:00,169.0904025713137
2011-05-25 14:00:00,138.82590277912212
2011-05-25 15:00:00,160.18579720380117
2011-05-25 16:00:00,260.2350395503419
2011-05-25 17:00:00,455.08716860122894
2011-05-25 18:00:00,356.97125728199916
2011-05-25 19:00:00,353.2352538384191
2011-05-25 20:00:00,270.7141456187298
2011-05-25 21:00:00,224.26765730495933
2011-05-25 22:00:00,148.3766334624733
2011-05-25 23:00:00,92.37589847428151
2011-05-26 00:00:00,43.48920321622371
2011-05-26 01:00:00,17.077771326519137
2011-05-26 02:00:00,10.357612588774495
2011-05-26 03:00:00,3.8542297604286517
2011-05-26 04:00:00,8.019753776121505
2011-05-26 05:00:00,27.51885070505755
2011-05-26 06:00:00,102.54042227663327
2011-05-26 07:00:00,304.5941066326784
2011-05-26 08:00:00,424.8735482809186
2011-05-26 09:00:00,193.16895290200316
2011-05-26 10:00:00,128.300576814286
2011-05-26 11:00:00,150.87013219917824
2011-05-26 12:00:00,184.85450092043476
2011-05-26 13:00:00,187.21015433717855
2011-05-26 14:00:00,151.72043080520643
2011-05-26 15:00:00,161.31794975124612
2011-05-26 16:00:00,287.7723911881142
2011-05-26 17:00:00,519.0830720506218
2011-05-26 18:00:00,502.95740167310765
2011-05-26 19:00:00,373.05183237836366
2011-05-26 20:00:00,295.4951162779438
2011-05-26 21:00:00,237.19385702955046
2011-05-26 22:00:00,204.5426632702621
2011-05-26 23:00:00,121.75337839086576
2011-05-27 00:00:00,49.22565552225827
2011-05-27 01:00:00,26.925934085461588
2011-05-27 02:00:00,9.88924500431636
2011-05-27 03:00:00,8.861891960110354
2011-05-27 04:00:00,4.198083683339337
2011-05-27 05:00:00,26.565836935918554
2011-05-27 06:00:00,98.47695985162565
2011-05-27 07:00:00,261.4408550034525
2011-05-27 08:00:00,419.0193885333232
2011-05-27 09:00:00,197.40556703545278
2011-05-27 10:00:00,158.92138711891744
2011-05-27 11:00:00,162.28997884522482
2011-05-27 12:00:00,260.36457675828876
2011-05-27 13:00:00,204.65979098447386
2011-05-27 14:00:00,191.03595369593907
2011-05-27 15:00:00,235.83374023798694
2011-05-27 16:00:00,316.73952403115396
2011-05-27 17:00:00,472.83948324837115
2011-05-27 18:00:00,379.38417836502185
2011-05-27 19:00:00,340.8554524714721
2011-05-27 20:00:00,188.9947830730518
2011-05-27 21:00:00,177.06120242910805
2011-05-27 22:00:00,157.20699413221595
2011-05-27 23:00:00,151.21076168459777
2011-05-28 00:00:00,90.60528586445878
2011-05-28 01:00:00,75.96829584467477
2011-05-28 02:00:00,43.62059149654355
2011-05-28 03:00:00,19.88011159579107
2011-05-28 04:00:00,4.4966511011742245
2011-05-28 05:00:00,12.012805001770133
2011-05-28 06:00:00,19.889479182506367
2011-05-28 07:00:00,59.32751707248245
2011-05-28 08:00:00,129.12524303103132
2011-05-28 09:00:00,191.95445086440878
2011-05-28 10:00:00,281.9244620422168
2011-05-28 11:00:00,352.9720990308483
2011-05-28 12:00:00,381.5553933304591
2011-05-28 13:00:00,462.3427188996531
2011-05-28 14:00:00,399.73054382777934
2011-05-28 15:00:00,415.0254000020686
2011-05-28 16:00:00,407.6368842599242
2011-05-28 17:00:00,388.1358050038134
2011-05-28 18:00:00,339.1791049654967
2011-05-28 19:00:00,297.77293004431465
2011-05-28 20:00:00,232.65200259819144
2011-05-28 21:00:00,215.17713564059963
2011-05-28 22:00:00,163.02117276597696
2011-05-28 23:00:00,121.79783630914979
2011-05-29 00:00:00,101.41561466259752
2011-05-29 01:00:00,77.40788173265652
2011-05-29 02:00:00,74.59183640361758
2011-05-29 03:00:00,25.874598397393438
2011-05-29 04:00:00,9.42956331318159
2011-05-29 05:00:00,15.969910723748686
2011-05-29 06:00:00,11.189500175696162
2011-05-29 07:00:00,38.20651083926505
2011-05-29 08:00:00,74.42099809378122
2011-05-29 09:00:00,115.195079191827
2011-05-29 10:00:00,228.6188981214705
2011-05-29 11:00:00,285.56070328568984
2011-05-29 12:00:00,379.2884455249039
2011-05-29 13:00:00,443.6916754627388
2011-05-29 14:00:00,374.871654682226
2011-05-29 15:00:00,359.37668320498267
2011-05-29 16:00:00,334.8593875192426
2011-05-29 17:00:00,357.6353805639551
2011-05-29 18:00:00,276.92618374337917
2011-05-29 19:00:00,266.1352560585434
2011-05-29 20:00:00,202.13661764493114
2011-05-29 21:00:00,167.55719243252798
2011-05-29 22:00:00,107.26763646612908
2011-05-29 23:00:00,74.86508367234505
2011-05-30 00:00:00,75.43323988858484
2011-05-30 01:00:00,58.59379589090316
2011-05-30 02:00:00,24.186878775631982
2011-05-30 03:00:00,9.50599333845377
2011-05-30 04:00:00,4.8917049649350846
2011-05-30 05:00:00,6.701319515664722
2011-05-30 06:00:00,16.286519807579737
2011-05-30 07:00:00,54.21360574059735
2011-05-30 08:00:00,107.2879040929245
2011-05-30 09:00:00,138.73412986551995
2011-05-30 10:00:00,215.19565373677335
2011-05-30 11:00:00,251.31847681586711
2011-05-30 12:00:00,273.2752685136851
2011-05-30 13:00:00,248.65549833007583
2011-05-30 14:00:00,285.52878478509444
2011-05-30 15:00:00,243.08474660950918
2011-05-30 16:00:00,298.8465078783419
2011-05-30 17:00:00,379.3638162423872
2011-05-30 18:00:00,377.5838665579643
2011-05-30 19:00:00,365.70823310901824
2011-05-30 20:00:00,227.9924994216112
2011-05-30 21:00:00,209.39899559782486
2011-05-30 22:00:00,135.93381157210428
2011-05-30 23:00:00,66.93170270251873
2011-05-31 00:00:00,23.670344440788252
2011-05-31 01:00:00,12.679751013912032
2011-05-31 02:00:00,5.7890959647691895
2011-05-31 03:00:00,5.037902786960922
2011-05-31 04:00:00,5.412443396209255
2011-05-31 05:00:00,23.89632946656384
2011-05-31 06:00:00,109.39013327086354
2011-05-31 07:00:00,311.2239529808402
2011-05-31 08:00:00,357.055958254966
2011-05-31 09:00:00,170.0435342556206
2011-05-31 10:00:00,119.83013792964175
2011-05-31 11:00:00,123.37009979016825
2011-05-31 12:00:00,174.5259559492447
2011-05-31 13:00:00,165.59121979953503
2011-05-31 14:00:00,139.07298931905302
2011-05-31 15:00:00,147.95459543419418
2011-05-31 16:00:00,261.05701516140897
2011-05-31 17:00:00,461.17539525502934
2011-05-31 18:00:00,469.8694504901363
2011-05-31 19:00:00,336.97874758997386
2011-05-31 20:00:00,252.48975296512688
2011-05-31 21:00:00,198.88364261265215
2011-05-31 22:00:00,140.1789752665687
2011-05-31 23:00:00,68.7671774923617
2011-06-20 00:00:00,26.88183392212442
2011-06-20 01:00:00,19.098319820089095
2011-06-20 02:00:00,10.537688782681027
2011-06-20 03:00:00,4.205145936046502
2011-06-20 04:00:00,4.757974765651907
2011-06-20 05:00:00,15.658522504312181
2011-06-20 06:00:00,88.73580725745344
2011-06-20 07:00:00,151.61316517965773
2011-06-20 08:00:00,205.4120976110047
2011-06-20 09:00:00,187.19985896480497
2011-06-20 10:00:00,116.05535746913093
2011-06-20 11:00:00,97.40768570831379
2011-06-20 12:00:00,169.44777989866242
2011-06-20 13:00:00,191.13737439987435
2011-06-20 14:00:00,189.03453393231777
2011-06-20 15:00:00,165.52243660633096
2011-06-20 16:00:00,298.82854872085136
2011-06-20 17:00:00,515.7863088483741
2011-06-20 18:00:00,553.5512753439301
2011-06-20 19:00:00,420.9834025446608
2011-06-20 20:00:00,322.2347995209272
2011-06-20 21:00:00,193.02312308230742
2011-06-20 22:00:00,124.50717612171493
2011-06-20 23:00:00,79.06732355654177
2011-06-21 00:00:00,25.457267308646628
2011-06-21 01:00:00,11.243585663952512
2011-06-21 02:00:00,5.762785984155938
2011-06-21 03:00:00,3.7024300504344962
2011-06-21 04:00:00,7.008554560786463
2011-06-21 05:00:00,25.440848578989566
2011-06-21 06:00:00,106.52577071062348
2011-06-21 07:00:00,298.01510881722953
2011-06-21 08:00:00,463.85338096156534
2011-06-21 09:00:00,197.119076378947
2011-06-21 10:00:00,127.2073439628831
2011-06-21 11:00:00,112.83073533627763
2011-06-21 12:00:00,144.11105706790298
2011-06-21 13:00:00,164.8723743024498
2011-06-21 14:00:00,141.98750366793902
2011-06-21 15:00:00,154.2653250519055
2011-06-21 16:00:00,260.96146888828315
2011-06-21 17:00:00,525.3835695686025
2011-06-21 18:00:00,458.367806321506
2011-06-21 19:00:00,358.8225671080202
2011-06-21 20:00:00,218.7742987995174
2011-06-21 21:00:00,197.92809969318677
2011-06-21 22:00:00,166.87987580557535
2011-06-21 23:00:00,81.33212436388378
2011-06-22 00:00:00,33.75661670039554
2011-06-22 01:00:00,19.342452525334856
2011-06-22 02:00:00,3.937292767783256
2011-06-22 03:00:00,5.071933868881884
2011-06-22 04:00:00,5.466443058982376
2011-06-22 05:00:00,20.964109649768154
2011-06-22 06:00:00,117.3002120748271
2011-06-22 07:00:00,291.908171887818
2011-06-22 08:00:00,463.40877593536436
2011-06-22 09:00:00,201.73324142757417
2011-06-22 10:00:00,108.18455639137561
2011-06-22 11:00:00,128.67541494257256
2011-06-22 12:00:00,173.97174639843848
2011-06-22 13:00:00,156.09375868127646
2011-06-22 14:00:00,159.13051213109242
2011-06-22 15:00:00,145.88607474489288
2011-06-22 16:00:00,246.81347585502377
2011-06-22 17:00:00,457.920896328039
2011-06-22 18:00:00,412.7121136301833
2011-06-22 19:00:00,346.53641624164754
2011-06-22 20:00:00,292.06726904898835
2011-06-22 21:00:00,200.6208092397661
2011-06-22 22:00:00,143.66633451224075
2011-06-22 23:00:00,83.71321874035488
2011-06-23 00:00:00,37.62976592591284
2011-06-23 01:00:00,17.10618218342463
2011-06-23 02:00:00,6.130267841440251
2011-06-23 03:00:00,2.675645525562412
2011-06-23 04:00:00,4.993020266891984
2011-06-23 05:00:00,25.494868531327487
2011-06-23 06:00:00,130.07296025723707
2011-06-23 07:00:00,357.04568971869054
2011-06-23 08:00:00,408.17179407284056
2011-06-23 09:00:00,202.43758951188786
2011-06-23 10:00:00,111.79740839992277
2011-06-23 11:00:00,88.15246037910931
2011-06-23 12:00:00,160.38392169202172
2011-06-23 13:00:00,155.28701771731204
2011-06-23 14:00:00,139.2061060927439
2011-06-23 15:00:00,151.68380331773423
2011-06-23 16:00:00,271.23466053547867
2011-06-23 17:00:00,345.3797058234329
2011-06-23 18:00:00,438.37284319315506
2011-06-23 19:00:00,333.1011652717475
2011-06-23 20:00:00,258.35500671763396
2011-06-23 21:00:00,205.81765022445498
2011-06-23 22:00:00,173.2231300537571
2011-06-23 23:00:00,113.80261993896453
2011-06-24 00:00:00,50.79399154494636
2011-06-24 01:00:00,21.93736935594101
2011-06-24 02:00:00,10.720663307122605
2011-06-24 03:00:00,5.214721546145616
2011-06-24 04:00:00,4.532171999865645
2011-06-24 05:00:00,18.004525726370396
2011-06-24 06:00:00,116.97955228026417
2011-06-24 07:00:00,307.66896060293016
2011-06-24 08:00:00,561.9633746156036
2011-06-24 09:00:00,230.94054887207386
2011-06-24 10:00:00,138.18831080189312
2011-06-24 11:00:00,160.49044129489403
2011-06-24 12:00:00,227.8072869711292
2011-06-24 13:00:00,234.1820169350096
2011-06-24 14:00:00,220.5360230853174
2011-06-24 15:00:00,228.41013872018354
2011-06-24 16:00:00,339.7522520916132
2011-06-24 17:00:00,580.306507295147
2011-06-24 18:00:00,494.01931227748514
2011-06-24 19:00:00,367.1437120414471
2011-06-24 20:00:00,273.09943608736467
2011-06-24 21:00:00,230.85801685632737
2011-06-24 22:00:00,195.4355375244278
2011-06-24 23:00:00,139.04980626136958
2011-06-25 00:00:00,117.40966476729209
2011-06-25 01:00:00,82.2175428639471
2011-06-25 02:00:00,47.22627451080632
2011-06-25 03:00:00,29.00849388761771
2011-06-25 04:00:00,9.665485273804363
2011-06-25 05:00:00,13.811844653664467
2011-06-25 06:00:00,41.22414714997822
2011-06-25 07:00:00,75.8814554877934
2011-06-25 08:00:00,162.7990034694866
2011-06-25 09:00:00,236.5073496508876
2011-06-25 10:00:00,289.1420148454077
2011-06-25 11:00:00,357.6566121151764
2011-06-25 12:00:00,430.97975248784405
2011-06-25 13:00:00,444.3193515999285
2011-06-25 14:00:00,404.91979241931597
2011-06-25 15:00:00,416.1697047783266
2011-06-25 16:00:00,458.03606530987213
2011-06-25 17:00:00,467.745479617865
2011-06-25 18:00:00,383.31146151604696
2011-06-25 19:00:00,347.6866288341209
2011-06-25 20:00:00,293.5593666776973
2011-06-25 21:00:00,247.50168588328316
2011-06-25 22:00:00,172.22457433324993
2011-06-25 23:00:00,144.33244336370404
2011-06-26 00:00:00,101.91482367492279
2011-06-26 01:00:00,77.89661357408069
2011-06-26 02:00:00,63.709921986669244
2011-06-26 03:00:00,28.687072985889422
2011-06-26 04:00:00,10.37993013344628
2011-06-26 05:00:00,14.818296335751954
2011-06-26 06:00:00,24.45776386317713
2011-06-26 07:00:00,52.17597352591736
2011-06-26 08:00:00,118.01485711632984
2011-06-26 09:00:00,197.84432153830838
2011-06-26 10:00:00,273.07763125738404
2011-06-26 11:00:00,377.4031340996281
2011-06-26 12:00:00,423.52142499990447
2011-06-26 13:00:00,394.92196378239964
2011-06-26 14:00:00,395.23701979004005
2011-06-26 15:00:00,428.41456103249055
2011-06-26 16:00:00,412.9753140230965
2011-06-26 17:00:00,385.3957354672745
2011-06-26 18:00:00,341.3513559148371
2011-06-26 19:00:00,362.55078270187505
2011-06-26 20:00:00,236.95220080049265
2011-06-26 21:00:00,172.48134010915643
2011-06-26 22:00:00,129.34713632005153
2011-06-26 23:00:00,84.8972413233946
2011-06-27 00:00:00,28.764269215410383
2011-06-27 01:00:00,15.135074162594677
2011-06-27 02:00:00,10.758805775922339
2011-06-27 03:00:00,4.125106158997459
2011-06-27 04:00:00,7.959637518700648
2011-06-27 05:00:00,16.573792310874072
2011-06-27 06:00:00,78.99796950441669
2011-06-27 07:00:00,336.89829245875603
2011-06-27 08:00:00,435.75844453338084
2011-06-27 09:00:00,193.1540412363994
2011-06-27 10:00:00,101.67925476695099
2011-06-27 11:00:00,129.53911464277772
2011-06-27 12:00:00,186.71455585713446
2011-06-27 13:00:00,172.96900691909764
2011-06-27 14:00:00,178.9804357603928
2011-06-27 15:00:00,174.94732522641416
2011-06-27 16:00:00,288.27674915235764
2011-06-27 17:00:00,597.3227892541212
2011-06-27 18:00:00,505.3526349479843
2011-06-27 19:00:00,420.7537169910343
2011-06-27 20:00:00,323.422811762125
2011-06-27 21:00:00,201.7093539482433
2011-06-27 22:00:00,159.10852630185852
2011-06-27 23:00:00,67.02392946518582
2011-06-28 00:00:00,20.991743490997937
2011-06-28 01:00:00,8.878121876602453
2011-06-28 02:00:00,5.320028039939781
2011-06-28 03:00:00,5.959147459594242
2011-06-28 04:00:00,4.394320824643956
2011-06-28 05:00:00,26.096648964763887
2011-06-28 06:00:00,115.53094751220014
2011-06-28 07:00:00,353.1217235665472
2011-06-28 08:00:00,448.58922947315864
2011-06-28 09:00:00,188.49003229209487
2011-06-28 10:00:00,114.7765678522958
2011-06-28 11:00:00,119.34378743281746
2011-06-28 12:00:00,164.95894371033793
2011-06-28 13:00:00,169.74767577084774
2011-06-28 14:00:00,138.8258285158864
2011-06-28 15:00:00,139.88714685303788
2011-06-28 16:00:00,258.2478258992234
2011-06-28 17:00:00,540.6897895375538
2011-06-28 18:00:00,467.4420027684155
2011-06-28 19:00:00,352.23818181940885
2011-06-28 20:00:00,290.91266180865057
2011-06-28 21:00:00,209.0682683261123
2011-06-28 22:00:00,173.18916727909985
2011-06-28 23:00:00,86.3176382186867
2011-06-29 00:00:00,30.09400702443758
2011-06-29 01:00:00,18.07264894972943
2011-06-29 02:00:00,3.9500997013448833
2011-06-29 03:00:00,5.19558081939575
2011-06-29 04:00:00,4.22151161474423
2011-06-29 05:00:00,21.962857047206
2011-06-29 06:00:00,161.67712524230723
2011-06-29 07:00:00,340.8617572071516
2011-06-29 08:00:00,510.9757328197991
2011-06-29 09:00:00,227.86262259015808
2011-06-29 10:00:00,105.72491403355176
2011-06-29 11:00:00,132.17544172192615
2011-06-29 12:00:00,191.31286894569828
2011-06-29 13:00:00,184.67557823272662
2011-06-29 14:00:00,162.0720482477321
2011-06-29 15:00:00,161.85673460480612
2011-06-29 16:00:00,281.5420318533251
2011-06-29 17:00:00,550.1597680327568
2011-06-29 18:00:00,470.15302317579193
2011-06-29 19:00:00,372.14657809362916
2011-06-29 20:00:00,307.95114968658294
2011-06-29 21:00:00,240.36075378436155
2011-06-29 22:00:00,167.09037842790542
2011-06-29 23:00:00,102.0404576273398
2011-06-30 00:00:00,41.44334935353421
2011-06-30 01:00:00,16.492541127997775
2011-06-30 02:00:00,5.636619875980899
2011-06-30 03:00:00,3.7429782039710178
2011-06-30 04:00:00,5.446579734101385
2011-06-30 05:00:00,26.780532331326665
2011-06-30 06:00:00,122.14884639731551
2011-06-30 07:00:00,382.2927203470004
2011-06-30 08:00:00,480.1661133317509
2011-06-30 09:00:00,235.57917621575365
2011-06-30 10:00:00,117.41388145683037
2011-06-30 11:00:00,133.9909918054738
2011-06-30 12:00:00,191.50483560423874
2011-06-30 13:00:00,185.76202002329944
2011-06-30 14:00:00,158.69238746045647
2011-06-30 15:00:00,166.00218471007943
2011-06-30 16:00:00,257.6199017210609
2011-06-30 17:00:00,551.3361372261088
2011-06-30 18:00:00,497.62426472243965
2011-06-30 19:00:00,384.7205827914138
2011-06-30 20:00:00,316.3103988589326
2011-06-30 21:00:00,220.9733693800573
2011-06-30 22:00:00,179.25137003622706
2011-06-30 23:00:00,112.10964258755882
2011-07-20 00:00:00,34.51680533708239
2011-07-20 01:00:00,17.051143587593273
2011-07-20 02:00:00,5.248221332193707
2011-07-20 03:00:00,6.349611262055201
2011-07-20 04:00:00,5.648358448104566
2011-07-20 05:00:00,31.863945722329532
2011-07-20 06:00:00,94.65855475521643
2011-07-20 07:00:00,298.6257679995415
2011-07-20 08:00:00,393.29931163606045
2011-07-20 09:00:00,199.56407906884303
2011-07-20 10:00:00,103.25157028335427
2011-07-20 11:00:00,135.97267235291434
2011-07-20 12:00:00,148.43408618280077
2011-07-20 13:00:00,162.95641340566
2011-07-20 14:00:00,144.52077048598017
2011-07-20 15:00:00,171.62552068756932
2011-07-20 16:00:00,261.4643703939743
2011-07-20 17:00:00,496.68093598792774
2011-07-20 18:00:00,484.350429669881
2011-07-20 19:00:00,348.195795229811
2011-07-20 20:00:00,282.7101289245273
2011-07-20 21:00:00,256.72929592061655
2011-07-20 22:00:00,197.46966881991642
2011-07-20 23:00:00,96.85907176113147
2011-07-21 00:00:00,36.502894313505635
2011-07-21 01:00:00,12.603653127844575
2011-07-21 02:00:00,10.409898832264014
2011-07-21 03:00:00,5.236013747558944
2011-07-21 04:00:00,8.22583955844481
2011-07-21 05:00:00,24.00709210363334
2011-07-21 06:00:00,120.34379997512708
2011-07-21 07:00:00,256.271308710421
2011-07-21 08:00:00,350.4249401880715
2011-07-21 09:00:00,168.55452378775175
2011-07-21 10:00:00,101.47814299110969
2011-07-21 11:00:00,123.09089514256635
2011-07-21 12:00:00,154.92465242430944
2011-07-21 13:00:00,155.48421382030594
2011-07-21 14:00:00,136.15849555004178
2011-07-21 15:00:00,133.76197655006015
2011-07-21 16:00:00,255.5844886052068
2011-07-21 17:00:00,446.80488015687627
2011-07-21 18:00:00,445.194569354719
2011-07-21 19:00:00,291.4335889822058
2011-07-21 20:00:00,255.01668212876058
2011-07-21 21:00:00,201.6982098185892
2011-07-21 22:00:00,160.57852225953977
2011-07-21 23:00:00,85.60519189898072
2011-07-22 00:00:00,54.69755124642667
2011-07-22 01:00:00,24.44368732451922
2011-07-22 02:00:00,15.318966680353654
2011-07-22 03:00:00,6.567639732900012
2011-07-22 04:00:00,5.215014197825463
2011-07-22 05:00:00,21.229607759618315
2011-07-22 06:00:00,85.7422488532116
2011-07-22 07:00:00,260.3159400341408
2011-07-22 08:00:00,381.7309607216609
2011-07-22 09:00:00,182.2940003999419
2011-07-22 10:00:00,124.43288142250778
2011-07-22 11:00:00,148.50122219385622
2011-07-22 12:00:00,173.75717879662815
2011-07-22 13:00:00,162.4660813436051
2011-07-22 14:00:00,169.11045633918533
2011-07-22 15:00:00,168.73475405367387
2011-07-22 16:00:00,353.80993683031295
2011-07-22 17:00:00,423.8779232393657
2011-07-22 18:00:00,416.0710202268244
2011-07-22 19:00:00,329.9038482119672
2011-07-22 20:00:00,241.7141659116688
2011-07-22 21:00:00,224.70154615143142
2011-07-22 22:00:00,258.75188652390494
2011-07-22 23:00:00,116.96356823668756
2011-07-23 00:00:00,100.40761024696229
2011-07-23 01:00:00,56.83324602002373
2011-07-23 02:00:00,46.05711849799955
2011-07-23 03:00:00,24.60832755917714
2011-07-23 04:00:00,13.949974546023727
2011-07-23 05:00:00,10.80376707980964
2011-07-23 06:00:00,29.540499660403068
2011-07-23 07:00:00,58.34097062782928
2011-07-23 08:00:00,129.90724262792935
2011-07-23 09:00:00,190.4513987772033
2011-07-23 10:00:00,256.7488303744777
2011-07-23 11:00:00,278.6425247799843
2011-07-23 12:00:00,319.58939422279514
2011-07-23 13:00:00,328.77655243353433
2011-07-23 14:00:00,310.53739874722
2011-07-23 15:00:00,289.8529192358398
2011-07-23 16:00:00,343.0993277441213
2011-07-23 17:00:00,291.5284524417116
2011-07-23 18:00:00,308.8335122607628
2011-07-23 19:00:00,266.1708622196815
2011-07-23 20:00:00,265.57257618634617
2011-07-23 21:00:00,210.66496382967574
2011-07-23 22:00:00,200.7627036174714
2011-07-23 23:00:00,129.80658153315667
2011-07-24 00:00:00,119.29217108592293
2011-07-24 01:00:00,76.7348929726873
2011-07-24 02:00:00,65.22342912053863
2011-07-24 03:00:00,32.40327992519804
2011-07-24 04:00:00,9.945371182689424
2011-07-24 05:00:00,8.043879355842753
2011-07-24 06:00:00,19.327674670134613
2011-07-24 07:00:00,61.26026504292394
2011-07-24 08:00:00,111.79343656431921
2011-07-24 09:00:00,193.7812506433632
2011-07-24 10:00:00,262.56385118195385
2011-07-24 11:00:00,325.63734503434426
2011-07-24 12:00:00,352.1704416900687
2011-07-24 13:00:00,375.064047648755
2011-07-24 14:00:00,353.07634206119184
2011-07-24 15:00:00,327.3016166166978
2011-07-24 16:00:00,336.8837385129962
2011-07-24 17:00:00,329.8985746484756
2011-07-24 18:00:00,312.1571379987212
2011-07-24 19:00:00,324.1415881665307
2011-07-24 20:00:00,283.16221521878197
2011-07-24 21:00:00,229.70572814323796
2011-07-24 22:00:00,145.65671378782736
2011-07-24 23:00:00,86.82071161184994
2011-07-25 00:00:00,47.50700403904849
2011-07-25 01:00:00,13.388792172195483
2011-07-25 02:00:00,14.388677579398726
2011-07-25 03:00:00,8.689662671880997
2011-07-25 04:00:00,6.296048335910945
2011-07-25 05:00:00,28.173798833805623
2011-07-25 06:00:00,85.51243072577996
2011-07-25 07:00:00,318.6308454035721
2011-07-25 08:00:00,400.714046441487
2011-07-25 09:00:00,212.56302149608607
2011-07-25 10:00:00,130.67560214867524
2011-07-25 11:00:00,143.0964341918437
2011-07-25 12:00:00,186.43435579114134
2011-07-25 13:00:00,181.0975331150405
2011-07-25 14:00:00,138.94916283398362
2011-07-25 15:00:00,128.85501535956018
2011-07-25 16:00:00,232.45725672042823
2011-07-25 17:00:00,552.6028877132754
2011-07-25 18:00:00,561.9202529114348
2011-07-25 19:00:00,442.2053258439795
2011-07-25 20:00:00,304.79725284422875
2011-07-25 21:00:00,187.43126603262874
2011-07-25 22:00:00,110.46344547850207
2011-07-25 23:00:00,72.35722505767716
2011-07-26 00:00:00,34.8674263736658
2011-07-26 01:00:00,13.694375726221628
2011-07-26 02:00:00,9.58999620347496
2011-07-26 03:00:00,3.289773150034863
2011-07-26 04:00:00,5.198385510401454
2011-07-26 05:00:00,22.64198775718161
2011-07-26 06:00:00,115.73796452884369
2011-07-26 07:00:00,325.4497387978087
2011-07-26 08:00:00,467.36562405748435
2011-07-26 09:00:00,200.67270748545786
2011-07-26 10:00:00,127.55782186253379
2011-07-26 11:00:00,160.8681220258322
2011-07-26 12:00:00,187.69606049586986
2011-07-26 13:00:00,165.62961734676153
2011-07-26 14:00:00,161.60903313928384
2011-07-26 15:00:00,167.5650992199869
2011-07-26 16:00:00,272.30116898548795
2011-07-26 17:00:00,485.0949593409994
2011-07-26 18:00:00,525.8414336063247
2011-07-26 19:00:00,376.4280844508683
2011-07-26 20:00:00,297.75818112650256
2011-07-26 21:00:00,230.2134497761384
2011-07-26 22:00:00,174.0978183164419
2011-07-26 23:00:00,81.20952986755752
2011-07-27 00:00:00,45.589244852031754
2011-07-27 01:00:00,11.927964530171034
2011-07-27 02:00:00,6.668099038168361
2011-07-27 03:00:00,6.402266884661057
2011-07-27 04:00:00,5.653281876950793
2011-07-27 05:00:00,35.49370174149554
2011-07-27 06:00:00,133.3221119209214
2011-07-27 07:00:00,338.8112000797897
2011-07-27 08:00:00,452.03706416351133
2011-07-27 09:00:00,213.75655893171768
2011-07-27 10:00:00,112.85164619964179
2011-07-27 11:00:00,146.87946768019603
2011-07-27 12:00:00,196.68160295412218
2011-07-27 13:00:00,182.04367281133193
2011-07-27 14:00:00,164.9671327511379
2011-07-27 15:00:00,194.9403302100328
2011-07-27 16:00:00,305.4823346791698
2011-07-27 17:00:00,598.4360719503942
2011-07-27 18:00:00,514.9243657909416
2011-07-27 19:00:00,392.1662270303296
2011-07-27 20:00:00,322.812224671047
2011-07-27 21:00:00,267.46886589361674
2011-07-27 22:00:00,177.09007217569106
2011-07-27 23:00:00,85.07715554671546
2011-07-28 00:00:00,44.3238245072547
2011-07-28 01:00:00,22.091583063264043
2011-07-28 02:00:00,8.289584171315182
2011-07-28 03:00:00,6.86131744638662
2011-07-28 04:00:00,5.921918743972976
2011-07-28 05:00:00,28.020758038099487
2011-07-28 06:00:00,116.73298475456663
2011-07-28 07:00:00,351.0285790406593
2011-07-28 08:00:00,422.7174654878484
2011-07-28 09:00:00,202.86622592142223
2011-07-28 10:00:00,122.27626258871888
2011-07-28 11:00:00,138.53885794967042
2011-07-28 12:00:00,168.20291492239937
2011-07-28 13:00:00,173.98943452591234
2011-07-28 14:00:00,134.29226006095675
2011-07-28 15:00:00,154.98489018589666
2011-07-28 16:00:00,278.0817938906835
2011-07-28 17:00:00,509.70073359964243
2011-07-28 18:00:00,470.1526384166111
2011-07-28 19:00:00,336.78722040789233
2011-07-28 20:00:00,291.41434712677966
2011-07-28 21:00:00,221.7284595613978
2011-07-28 22:00:00,163.676030077412
2011-07-28 23:00:00,87.27621462137706
2011-07-29 00:00:00,46.334220081897755
2011-07-29 01:00:00,19.72084058995785
2011-07-29 02:00:00,14.733692625398275
2011-07-29 03:00:00,6.765038095267913
2011-07-29 04:00:00,7.636391798712214
2011-07-29 05:00:00,25.050683610028255
2011-07-29 06:00:00,97.32694077142678
2011-07-29 07:00:00,246.91459703578695
2011-07-29 08:00:00,387.373900801189
2011-07-29 09:00:00,209.79746283109824
2011-07-29 10:00:00,139.08696427067278
2011-07-29 11:00:00,149.76710579714776
2011-07-29 12:00:00,204.4473128454875
2011-07-29 13:00:00,213.20906750414048
2011-07-29 14:00:00,215.4057975701052
2011-07-29 15:00:00,223.50293046806127
2011-07-29 16:00:00,289.08443394069633
2011-07-29 17:00:00,397.6477280116741
2011-07-29 18:00:00,393.6237596141519
2011-07-29 19:00:00,303.12596718068073
2011-07-29 20:00:00,258.4883872628051
2011-07-29 21:00:00,232.1493137675327
2011-07-29 22:00:00,201.9475689025382
2011-07-29 23:00:00,118.9840256742385
2011-07-30 00:00:00,104.061181016165
2011-07-30 01:00:00,59.6416660378103
2011-07-30 02:00:00,48.24964082877351
2011-07-30 03:00:00,25.7922152916825
2011-07-30 04:00:00,10.982084544492013
2011-07-30 05:00:00,14.749466654908968
2011-07-30 06:00:00,43.22028403292317
2011-07-30 07:00:00,62.80970014336739
2011-07-30 08:00:00,134.88929165705258
2011-07-30 09:00:00,208.69834474265633
2011-07-30 10:00:00,268.1335381560161
2011-07-30 11:00:00,314.9878429967141
2011-07-30 12:00:00,385.1732214642022
2011-07-30 13:00:00,372.7225346822888
2011-07-30 14:00:00,349.1936486216202
2011-07-30 15:00:00,327.4265272472139
2011-07-30 16:00:00,356.1124838947769
2011-07-30 17:00:00,333.9655176625919
2011-07-30 18:00:00,336.68864831716854
2011-07-30 19:00:00,352.4799522297506
2011-07-30 20:00:00,260.5395364169205
2011-07-30 21:00:00,213.90492987404824
2011-07-30 22:00:00,200.28849841669023
2011-07-30 23:00:00,133.6174039817084
2011-07-31 00:00:00,122.40485466713425
2011-07-31 01:00:00,78.496293095306
2011-07-31 02:00:00,65.21777621654064
2011-07-31 03:00:00,32.68303541884759
2011-07-31 04:00:00,6.663611495717681
2011-07-31 05:00:00,10.7491204132304
2011-07-31 06:00:00,18.723765521463303
2011-07-31 07:00:00,58.44509289436124
2011-07-31 08:00:00,110.42656570486083
2011-07-31 09:00:00,191.02263443270186
2011-07-31 10:00:00,284.9833300791266
2011-07-31 11:00:00,334.917181358454
2011-07-31 12:00:00,360.73314357429695
2011-07-31 13:00:00,360.28510494537136
2011-07-31 14:00:00,332.3990946206868
2011-07-31 15:00:00,311.12218210343906
2011-07-31 16:00:00,301.58501009240166
2011-07-31 17:00:00,342.582207571419
2011-07-31 18:00:00,339.5181310320285
2011-07-31 19:00:00,320.2242145494665
2011-07-31 20:00:00,287.70149249281985
2011-07-31 21:00:00,226.70801813695243
2011-07-31 22:00:00,151.29793689385485
2011-07-31 23:00:00,70.01115022301478
2011-08-20 00:00:00,82.56012539174212
2011-08-20 01:00:00,74.85781161752728
2011-08-20 02:00:00,53.50295301242031
2011-08-20 03:00:00,25.231055300815616
2011-08-20 04:00:00,5.347883878417939
2011-08-20 05:00:00,6.613325486205642
2011-08-20 06:00:00,14.054171242645698
2011-08-20 07:00:00,45.92413055248972
2011-08-20 08:00:00,103.58492906310234
2011-08-20 09:00:00,180.15633285802778
2011-08-20 10:00:00,266.1507154166109
2011-08-20 11:00:00,313.0010860138653
2011-08-20 12:00:00,405.1897812003037
2011-08-20 13:00:00,390.9369149855978
2011-08-20 14:00:00,353.360147900176
2011-08-20 15:00:00,393.6225986036485
2011-08-20 16:00:00,415.5605793239747
2011-08-20 17:00:00,344.36381230237123
2011-08-20 18:00:00,345.7287281841656
2011-08-20 19:00:00,267.6074959302626
2011-08-20 20:00:00,227.49840904346024
2011-08-20 21:00:00,230.44815230244114
2011-08-20 22:00:00,153.37723193777663
2011-08-20 23:00:00,145.93881465089686
2011-08-21 00:00:00,108.03469273889483
2011-08-21 01:00:00,80.54913213593936
2011-08-21 02:00:00,72.63989685536137
2011-08-21 03:00:00,32.57711503776653
2011-08-21 04:00:00,6.419422147061618
2011-08-21 05:00:00,7.622933583854069
2011-08-21 06:00:00,10.767299477216008
2011-08-21 07:00:00,37.7072108189902
2011-08-21 08:00:00,79.17741583670445
2011-08-21 09:00:00,157.0617399474665
2011-08-21 10:00:00,232.0976131686324
2011-08-21 11:00:00,277.1446098705909
2011-08-21 12:00:00,345.2282530271143
2011-08-21 13:00:00,343.9385305411422
2011-08-21 14:00:00,145.79159106323976
2011-08-21 15:00:00,229.8273932148201
2011-08-21 16:00:00,251.04558754829722
2011-08-21 17:00:00,246.06774737591758
2011-08-21 18:00:00,222.23320341772902
2011-08-21 19:00:00,253.84314628475514
2011-08-21 20:00:00,198.2560058706213
2011-08-21 21:00:00,168.63762610410623
2011-08-21 22:00:00,92.98077936759897
2011-08-21 23:00:00,63.793010464421286
2011-08-22 00:00:00,30.12540231119601
2011-08-22 01:00:00,12.821597967503498
2011-08-22 02:00:00,7.574587103984827
2011-08-22 03:00:00,5.88395729069918
2011-08-22 04:00:00,5.94839094100345
2011-08-22 05:00:00,17.418026281656516
2011-08-22 06:00:00,102.55281141757054
2011-08-22 07:00:00,288.5378779743839
2011-08-22 08:00:00,421.5197009489495
2011-08-22 09:00:00,202.12288196103617
2011-08-22 10:00:00,131.13513935341567
2011-08-22 11:00:00,186.6865466050891
2011-08-22 12:00:00,179.96279954363905
2011-08-22 13:00:00,166.33137198643598
2011-08-22 14:00:00,149.50774005878722
2011-08-22 15:00:00,149.56098987864672
2011-08-22 16:00:00,258.18764681422397
2011-08-22 17:00:00,545.5356064245694
2011-08-22 18:00:00,529.3484178357297
2011-08-22 19:00:00,470.4292793132304
2011-08-22 20:00:00,310.7283395153548
2011-08-22 21:00:00,210.61101069315353
2011-08-22 22:00:00,104.6846507069542
2011-08-22 23:00:00,94.20917702862204
2011-08-23 00:00:00,37.80080896564706
2011-08-23 01:00:00,13.646775644317064
2011-08-23 02:00:00,4.863396489599474
2011-08-23 03:00:00,4.91768535892088
2011-08-23 04:00:00,4.511037395815084
2011-08-23 05:00:00,19.91850576561994
2011-08-23 06:00:00,102.42584686015397
2011-08-23 07:00:00,357.0817275414095
2011-08-23 08:00:00,493.9065812681854
2011-08-23 09:00:00,253.47876019440443
2011-08-23 10:00:00,122.27593514908312
2011-08-23 11:00:00,158.2032018115406
2011-08-23 12:00:00,200.168315031859
2011-08-23 13:00:00,217.11617523628178
2011-08-23 14:00:00,155.23739305363404
2011-08-23 15:00:00,179.5637643664548
2011-08-23 16:00:00,289.6211446834454
2011-08-23 17:00:00,697.1746901334111
2011-08-23 18:00:00,644.993742419938
2011-08-23 19:00:00,441.4996899580336
2011-08-23 20:00:00,275.8477911192329
2011-08-23 21:00:00,220.94045306364663
2011-08-23 22:00:00,125.80227759069378
2011-08-23 23:00:00,84.30104533166048
2011-08-24 00:00:00,29.388578093177756
2011-08-24 01:00:00,16.671956903668026
2011-08-24 02:00:00,6.9238406047667125
2011-08-24 03:00:00,5.857171308634165
2011-08-24 04:00:00,4.554398443898588
2011-08-24 05:00:00,21.071829656623517
2011-08-24 06:00:00,129.43456568271728
2011-08-24 07:00:00,316.49774829788055
2011-08-24 08:00:00,422.83024136457453
2011-08-24 09:00:00,200.44036055846638
2011-08-24 10:00:00,121.75683675042487
2011-08-24 11:00:00,176.49092957050027
2011-08-24 12:00:00,199.4270090748423
2011-08-24 13:00:00,182.8452288888841
2011-08-24 14:00:00,168.58992462180993
2011-08-24 15:00:00,175.98050757087444
2011-08-24 16:00:00,270.97475695993387
2011-08-24 17:00:00,557.7741162940617
2011-08-24 18:00:00,508.11499780546166
2011-08-24 19:00:00,379.6216198838365
2011-08-24 20:00:00,292.2733235440369
2011-08-24 21:00:00,212.4045850075612
2011-08-24 22:00:00,143.8806649024042
2011-08-24 23:00:00,95.92634923242115
2011-08-25 00:00:00,44.53354507213467
2011-08-25 01:00:00,28.436189873118135
2011-08-25 02:00:00,12.162485620115058
2011-08-25 03:00:00,6.731417858517207
2011-08-25 04:00:00,6.052987281492755
2011-08-25 05:00:00,26.358585003411264
2011-08-25 06:00:00,122.01495837724386
2011-08-25 07:00:00,299.99135379817466
2011-08-25 08:00:00,395.88236516013455
2011-08-25 09:00:00,209.5916771928265
2011-08-25 10:00:00,124.83548212628796
2011-08-25 11:00:00,91.53521111269004
2011-08-25 12:00:00,94.45160684800798
2011-08-25 13:00:00,161.9159469884736
2011-08-25 14:00:00,110.33050520910298
2011-08-25 15:00:00,114.43008155280184
2011-08-25 16:00:00,185.33265646391197
2011-08-25 17:00:00,361.113823562205
2011-08-25 18:00:00,351.39493397856063
2011-08-25 19:00:00,293.8399012958349
2011-08-25 20:00:00,210.66327411506708
2011-08-25 21:00:00,172.07451415454298
2011-08-25 22:00:00,131.45924721817417
2011-08-25 23:00:00,85.40843881978562
2011-08-26 00:00:00,48.143338537630626
2011-08-26 01:00:00,19.18137265842636
2011-08-26 02:00:00,9.776475362450721
2011-08-26 03:00:00,9.577308426823722
2011-08-26 04:00:00,6.79262448200702
2011-08-26 05:00:00,18.83269868284602
2011-08-26 06:00:00,83.32813799560984
2011-08-26 07:00:00,225.6251128373458
2011-08-26 08:00:00,394.8285803772819
2011-08-26 09:00:00,198.71208939626595
2011-08-26 10:00:00,142.21287038844977
2011-08-26 11:00:00,136.49117483791017
2011-08-26 12:00:00,221.4430103293206
2011-08-26 13:00:00,228.3910695539518
2011-08-26 14:00:00,188.16833460489522
2011-08-26 15:00:00,192.22907554763626
2011-08-26 16:00:00,307.5245692583126
2011-08-26 17:00:00,447.1502946090462
2011-08-26 18:00:00,371.5466102803848
2011-08-26 19:00:00,264.0359219842921
2011-08-26 20:00:00,201.4725728445788
2011-08-26 21:00:00,170.2504223621049
2011-08-26 22:00:00,176.20962853472722
2011-08-26 23:00:00,132.99015385192178
2011-08-27 00:00:00,100.93958918367444
2011-08-27 01:00:00,70.268645037511
2011-08-27 02:00:00,58.651536859626766
2011-08-27 03:00:00,37.57062772332163
2011-08-27 04:00:00,9.990554435580108
2011-08-27 05:00:00,15.433962558083625
2011-08-27 06:00:00,26.30422736928315
2011-08-27 07:00:00,53.47541575746947
2011-08-27 08:00:00,102.68035059102624
2011-08-27 09:00:00,179.26159212784225
2011-08-27 10:00:00,212.8599651608948
2011-08-27 11:00:00,165.10697030482945
2011-08-27 12:00:00,233.13930885012076
2011-08-27 13:00:00,233.3496956875623
2011-08-27 14:00:00,136.07199699268054
2011-08-27 15:00:00,273.39548524063525
2011-08-27 16:00:00,139.20578287279633
2011-08-27 17:00:00,115.09449408470194
2011-08-28 07:00:00,22.220255572827146
2011-08-28 08:00:00,35.78381472347308
2011-08-28 09:00:00,146.40958846094165
2011-08-28 10:00:00,186.6214397400485
2011-08-28 11:00:00,283.8063576058091
2011-08-28 12:00:00,358.46709881061923
2011-08-28 13:00:00,394.25749116763626
2011-08-28 14:00:00,379.6524193945582
2011-08-28 15:00:00,365.8532441990528
2011-08-28 16:00:00,305.34772879223436
2011-08-28 17:00:00,349.63643235232496
2011-08-28 18:00:00,357.95628541782963
2011-08-28 19:00:00,324.71241681694386
2011-08-28 20:00:00,246.91372768619357
2011-08-28 21:00:00,173.90059286174048
2011-08-28 22:00:00,107.74054896856731
2011-08-28 23:00:00,60.09158038990434
2011-08-29 00:00:00,41.823069444512406
2011-08-29 01:00:00,15.468861595785565
2011-08-29 02:00:00,6.937291078546679
2011-08-29 03:00:00,5.650683829912331
2011-08-29 04:00:00,5.1523828574971
2011-08-29 05:00:00,18.306757658623106
2011-08-29 06:00:00,111.49506936325368
2011-08-29 07:00:00,284.337516817136
2011-08-29 08:00:00,420.92427615716025
2011-08-29 09:00:00,202.54894829305582
2011-08-29 10:00:00,131.50810714742576
2011-08-29 11:00:00,182.25457428033536
2011-08-29 12:00:00,237.12311855920944
2011-08-29 13:00:00,210.22704557287452
2011-08-29 14:00:00,173.85856638723692
2011-08-29 15:00:00,163.9632128940432
2011-08-29 16:00:00,272.90352944007975
2011-08-29 17:00:00,629.4335442022259
2011-08-29 18:00:00,567.1832517932223
2011-08-29 19:00:00,465.14268705731627
2011-08-29 20:00:00,303.8996894144829
2011-08-29 21:00:00,211.71284689169926
2011-08-29 22:00:00,118.77918625079043
2011-08-29 23:00:00,75.82908143524675
2011-08-30 00:00:00,33.17682075276162
2011-08-30 01:00:00,11.435112149705487
2011-08-30 02:00:00,3.5284777808764565
2011-08-30 03:00:00,4.933710180288149
2011-08-30 04:00:00,4.735092016680765
2011-08-30 05:00:00,15.741709923082777
2011-08-30 06:00:00,102.76107334310753
2011-08-30 07:00:00,343.4212443689602
2011-08-30 08:00:00,485.58335262435304
2011-08-30 09:00:00,219.74241293810675
2011-08-30 10:00:00,123.70259935187144
2011-08-30 11:00:00,163.93237070017068
2011-08-30 12:00:00,194.33662051628357
2011-08-30 13:00:00,211.73828304217696
2011-08-30 14:00:00,174.87562195096157
2011-08-30 15:00:00,178.8443216068096
2011-08-30 16:00:00,300.1003890319844
2011-08-30 17:00:00,706.1516999223758
2011-08-30 18:00:00,662.1761502963775
2011-08-30 19:00:00,407.52911089247493
2011-08-30 20:00:00,238.70656288539146
2011-08-30 21:00:00,225.4485127957207
2011-08-30 22:00:00,128.66541615020165
2011-08-30 23:00:00,81.92759191038436
2011-08-31 00:00:00,37.89301537682082
2011-08-31 01:00:00,15.51690746147436
2011-08-31 02:00:00,6.543592457855552
2011-08-31 03:00:00,6.235863565096061
2011-08-31 04:00:00,5.1350409306588665
2011-08-31 05:00:00,19.48443431820561
2011-08-31 06:00:00,122.69783678709669
2011-08-31 07:00:00,322.44397154657963
2011-08-31 08:00:00,393.44255894311186
2011-08-31 09:00:00,193.11545569119707
2011-08-31 10:00:00,124.61918946519623
2011-08-31 11:00:00,167.83780650603453
2011-08-31 12:00:00,200.31254159078762
2011-08-31 13:00:00,195.8535951562562
2011-08-31 14:00:00,175.658135369089
2011-08-31 15:00:00,176.8827343562831
2011-08-31 16:00:00,305.5636812649977
2011-08-31 17:00:00,636.2296117045149
2011-08-31 18:00:00,564.2550089364499
2011-08-31 19:00:00,393.1462854966232
2011-08-31 20:00:00,262.51289156301135
2011-08-31 21:00:00,189.1015307181509
2011-08-31 22:00:00,149.14799172799417
2011-08-31 23:00:00,86.05371720894733
2011-09-20 00:00:00,21.382921894545728
2011-09-20 01:00:00,6.809117341469959
2011-09-20 02:00:00,2.7564041658191005
2011-09-20 03:00:00,4.124857522762375
2011-09-20 04:00:00,5.357549722622641
2011-09-20 05:00:00,20.166263084977725
2011-09-20 06:00:00,87.441837674366
2011-09-20 07:00:00,214.6327337608232
2011-09-20 08:00:00,240.33380207242845
2011-09-20 09:00:00,105.70628106351188
2011-09-20 10:00:00,60.46627166064332
2011-09-20 11:00:00,40.728745265579256
2011-09-20 12:00:00,79.52893923303967
2011-09-20 13:00:00,58.87537888772896
2011-09-20 14:00:00,79.61665244900114
2011-09-20 15:00:00,144.3207798365843
2011-09-20 16:00:00,191.379430201098
2011-09-20 17:00:00,451.470148169551
2011-09-20 18:00:00,373.95048446006194
2011-09-20 19:00:00,288.66372268951807
2011-09-20 20:00:00,210.3347863418917
2011-09-20 21:00:00,167.75454456568406
2011-09-20 22:00:00,104.39264942714837
2011-09-20 23:00:00,70.31424697601017
2011-09-21 00:00:00,20.620057152026234
2011-09-21 01:00:00,9.499037454288903
2011-09-21 02:00:00,4.763720909442834
2011-09-21 03:00:00,5.292176771915846
2011-09-21 04:00:00,5.942940999937297
2011-09-21 05:00:00,17.45434267960589
2011-09-21 06:00:00,82.66801333204691
2011-09-21 07:00:00,200.61590709866636
2011-09-21 08:00:00,375.2197119325285
2011-09-21 09:00:00,166.83554735302144
2011-09-21 10:00:00,84.03758495419977
2011-09-21 11:00:00,70.13977491131283
2011-09-21 12:00:00,113.6815808769863
2011-09-21 13:00:00,129.63190310562746
2011-09-21 14:00:00,144.06682164737504
2011-09-21 15:00:00,167.4152235610871
2011-09-21 16:00:00,249.15660233569741
2011-09-21 17:00:00,385.6066688633572
2011-09-21 18:00:00,221.76494979022323
2011-09-21 19:00:00,163.8998820725303
2011-09-21 20:00:00,74.3216342744964
2011-09-21 21:00:00,134.8736524153538
2011-09-21 22:00:00,61.26668070333423
2011-09-21 23:00:00,83.49351328163223
2011-09-22 00:00:00,33.552287449642755
2011-09-22 01:00:00,10.978362354243972
2011-09-22 02:00:00,6.827467490806318
2011-09-22 03:00:00,8.686472195236247
2011-09-22 04:00:00,5.672946176122816
2011-09-22 05:00:00,20.79118194877694
2011-09-22 06:00:00,107.81184874793381
2011-09-22 07:00:00,281.1756787185776
2011-09-22 08:00:00,403.81291119488895
2011-09-22 09:00:00,89.7967094947207
2011-09-22 10:00:00,68.91620919935798
2011-09-22 11:00:00,95.93986539141898
2011-09-22 12:00:00,117.593665153881
2011-09-22 13:00:00,125.36605493381234
2011-09-22 14:00:00,120.5174103417633
2011-09-22 15:00:00,154.93358816198423
2011-09-22 16:00:00,298.0547895864489
2011-09-22 17:00:00,351.0346167066405
2011-09-22 18:00:00,235.16061371356562
2011-09-22 19:00:00,175.85795625357994
2011-09-22 20:00:00,98.20471683349294
2011-09-22 21:00:00,110.68909986145913
2011-09-22 22:00:00,85.17713627264364
2011-09-22 23:00:00,69.54238432218645
2011-09-23 00:00:00,29.832546957765686
2011-09-23 01:00:00,16.300158336003257
2011-09-23 02:00:00,13.834182393007696
2011-09-23 03:00:00,4.363788461187574
2011-09-23 04:00:00,3.0678660287913146
2011-09-23 05:00:00,15.644880060762056
2011-09-23 06:00:00,58.54567327434083
2011-09-23 07:00:00,154.7356152934918
2011-09-23 08:00:00,264.06683229992916
2011-09-23 09:00:00,123.07267380195535
2011-09-23 10:00:00,33.48135573753633
2011-09-23 11:00:00,37.11553310793229
2011-09-23 12:00:00,48.194731317350964
2011-09-23 13:00:00,37.28199865229972
2011-09-23 14:00:00,53.721154847748664
2011-09-23 15:00:00,121.85876361152866
2011-09-23 16:00:00,133.60233206424957
2011-09-23 17:00:00,323.2328888953886
2011-09-23 18:00:00,280.18533031206147
2011-09-23 19:00:00,272.0721122194965
2011-09-23 20:00:00,220.01915024511771
2011-09-23 21:00:00,183.0722658307579
2011-09-23 22:00:00,137.88496362334624
2011-09-23 23:00:00,99.78177343057712
2011-09-24 00:00:00,86.21928930501811
2011-09-24 01:00:00,58.599003041559044
2011-09-24 02:00:00,35.630049057939694
2011-09-24 03:00:00,36.23435346189986
2011-09-24 04:00:00,5.820921544789722
2011-09-24 05:00:00,9.37419852472822
2011-09-24 06:00:00,13.721294994940767
2011-09-24 07:00:00,36.3017493827706
2011-09-24 08:00:00,92.38354492699243
2011-09-24 09:00:00,143.02082960017586
2011-09-24 10:00:00,193.82887169490408
2011-09-24 11:00:00,267.4226004945418
2011-09-24 12:00:00,327.6357020310807
2011-09-24 13:00:00,235.7575112589844
2011-09-24 14:00:00,353.2740345949627
2011-09-24 15:00:00,421.793294072557
2011-09-24 16:00:00,327.14244463466844
2011-09-24 17:00:00,331.05901185953155
2011-09-24 18:00:00,253.90686098986373
2011-09-24 19:00:00,263.2402935767679
2011-09-24 20:00:00,218.68596131771338
2011-09-24 21:00:00,192.214881153977
2011-09-24 22:00:00,86.68891880234283
2011-09-24 23:00:00,104.75421545549369
2011-09-25 00:00:00,76.70260666659159
2011-09-25 01:00:00,76.54814511132652
2011-09-25 02:00:00,37.85667911942397
2011-09-25 03:00:00,16.85064422934498
2011-09-25 04:00:00,4.755834156053105
2011-09-25 05:00:00,18.639279787264186
2011-09-25 06:00:00,16.1962448635621
2011-09-25 07:00:00,26.60163894107743
2011-09-25 08:00:00,67.21521649317145
2011-09-25 09:00:00,139.3462044240766
2011-09-25 10:00:00,161.71902879488857
2011-09-25 11:00:00,372.57608325076995
2011-09-25 12:00:00,434.54076684306494
2011-09-25 13:00:00,419.26967524249926
2011-09-25 14:00:00,316.1799776108906
2011-09-25 15:00:00,323.17678337048824
2011-09-25 16:00:00,382.6673705898993
2011-09-25 17:00:00,313.03751938826883
2011-09-25 18:00:00,297.07136508861913
2011-09-25 19:00:00,257.34159699529204
2011-09-25 20:00:00,177.12740636941322
2011-09-25 21:00:00,128.2545204380749
2011-09-25 22:00:00,81.91243617643035
2011-09-25 23:00:00,59.163589648915604
2011-09-26 00:00:00,28.896955665779068
2011-09-26 01:00:00,12.228975684184658
2011-09-26 02:00:00,8.535487130780815
2011-09-26 03:00:00,6.492534705627961
2011-09-26 04:00:00,5.709170066280383
2011-09-26 05:00:00,10.329863409597332
2011-09-26 06:00:00,41.77290900334062
2011-09-26 07:00:00,249.6006828657332
2011-09-26 08:00:00,305.1869444811192
2011-09-26 09:00:00,145.3695344391232
2011-09-26 10:00:00,64.75528972500187
2011-09-26 11:00:00,143.25435099876202
2011-09-26 12:00:00,175.2150000016144
2011-09-26 13:00:00,176.36681971544644
2011-09-26 14:00:00,166.12157439066402
2011-09-26 15:00:00,187.91822895943776
2011-09-26 16:00:00,280.4686952892284
2011-09-26 17:00:00,529.8437258280534
2011-09-26 18:00:00,446.7502789359894
2011-09-26 19:00:00,341.88913289251997
2011-09-26 20:00:00,237.97248680175224
2011-09-26 21:00:00,163.5972792778322
2011-09-26 22:00:00,116.17231658907505
2011-09-26 23:00:00,58.38630292219234
2011-09-27 00:00:00,24.329395575960305
2011-09-27 01:00:00,9.478553261743334
2011-09-27 02:00:00,1.8563939699118892
2011-09-27 03:00:00,6.245646408260645
2011-09-27 04:00:00,4.092481349785831
2011-09-27 05:00:00,14.042223382123474
2011-09-27 06:00:00,86.17937108837847
2011-09-27 07:00:00,270.28366515408055
2011-09-27 08:00:00,475.08331228702286
2011-09-27 09:00:00,135.83271414675912
2011-09-27 10:00:00,51.39763800726687
2011-09-27 11:00:00,102.9812804535277
2011-09-27 12:00:00,108.61828885300697
2011-09-27 13:00:00,121.63718368267578
2011-09-27 14:00:00,120.96168868162883
2011-09-27 15:00:00,143.38212298019215
2011-09-27 16:00:00,266.02484638196654
2011-09-27 17:00:00,355.66498015436036
2011-09-27 18:00:00,347.41296188489343
2011-09-27 19:00:00,293.9514310753633
2011-09-27 20:00:00,251.60601963856263
2011-09-27 21:00:00,200.64571100616422
2011-09-27 22:00:00,125.89970883214141
2011-09-27 23:00:00,77.44363386617532
2011-09-28 00:00:00,26.594223494118573
2011-09-28 01:00:00,10.939934843171153
2011-09-28 02:00:00,6.584386041595098
2011-09-28 03:00:00,5.586977455783405
2011-09-28 04:00:00,8.767677084495451
2011-09-28 05:00:00,18.715092256620046
2011-09-28 06:00:00,57.363127356766334
2011-09-28 07:00:00,83.41758425144617
2011-09-28 08:00:00,285.07820371886544
2011-09-28 09:00:00,124.91672304763844
2011-09-28 10:00:00,49.56187394781985
2011-09-28 11:00:00,108.81378301453218
2011-09-28 12:00:00,143.8039117504168
2011-09-28 13:00:00,121.85304207401657
2011-09-28 14:00:00,148.40316951277853
2011-09-28 15:00:00,165.92120522469727
2011-09-28 16:00:00,265.2375474876038
2011-09-28 17:00:00,553.3870145197833
2011-09-28 18:00:00,290.2149066643903
2011-09-28 19:00:00,195.46266610028522
2011-09-28 20:00:00,121.7289738857492
2011-09-28 21:00:00,54.47959445231057
2011-09-28 22:00:00,126.9921942789133
2011-09-28 23:00:00,83.88327516413074
2011-09-29 00:00:00,33.1245544739733
2011-09-29 01:00:00,9.868571237156079
2011-09-29 02:00:00,11.525887283015864
2011-09-29 03:00:00,7.930170017870047
2011-09-29 04:00:00,5.29265909957146
2011-09-29 05:00:00,21.891286695348033
2011-09-29 06:00:00,107.99314877177626
2011-09-29 07:00:00,345.8003314206307
2011-09-29 08:00:00,463.06802233757537
2011-09-29 09:00:00,142.8948123332497
2011-09-29 10:00:00,133.9477906087928
2011-09-29 11:00:00,163.85697466511368
2011-09-29 12:00:00,165.19047548628367
2011-09-29 13:00:00,164.74882393655264
2011-09-29 14:00:00,181.5414520105525
2011-09-29 15:00:00,231.26949543226382
2011-09-29 16:00:00,378.474274312025
2011-09-29 17:00:00,582.4996466705692
2011-09-29 18:00:00,550.2507886852713
2011-09-29 19:00:00,403.2768252618374
2011-09-29 20:00:00,326.43230126723057
2011-09-29 21:00:00,253.19975496356486
2011-09-29 22:00:00,182.268156769816
2011-09-29 23:00:00,92.4141754029079
2011-09-30 00:00:00,48.66974275098649
2011-09-30 01:00:00,24.842054300139857
2011-09-30 02:00:00,15.066321049399743
2011-09-30 03:00:00,6.7253036172942595
2011-09-30 04:00:00,3.85463150476631
2011-09-30 05:00:00,27.754761481580534
2011-09-30 06:00:00,76.95328974888233
2011-09-30 07:00:00,274.22698907545146
2011-09-30 08:00:00,508.74097828565465
2011-09-30 09:00:00,294.8643519059094
2011-09-30 10:00:00,156.88785678504348
2011-09-30 11:00:00,209.28925382782592
2011-09-30 12:00:00,287.01807302765405
2011-09-30 13:00:00,318.79819866605214
2011-09-30 14:00:00,285.20231314799076
2011-09-30 15:00:00,313.83423795547026
2011-09-30 16:00:00,368.50267048664136
2011-09-30 17:00:00,585.6609655677436
2011-09-30 18:00:00,532.6447940573111
2011-09-30 19:00:00,392.4960647625626
2011-09-30 20:00:00,334.22910878917577
2011-09-30 21:00:00,227.75767703237554
2011-09-30 22:00:00,171.93605943820108
2011-09-30 23:00:00,131.2551430982603
2011-10-20 00:00:00,25.75339356794325
2011-10-20 01:00:00,17.82661954622124
2011-10-20 02:00:00,6.570151674439009
2011-10-20 03:00:00,6.577242351349689
2011-10-20 04:00:00,5.670398879836064
2011-10-20 05:00:00,23.8995166649087
2011-10-20 06:00:00,84.81066002401529
2011-10-20 07:00:00,244.60205506131592
2011-10-20 08:00:00,389.14398977835555
2011-10-20 09:00:00,207.49857605572828
2011-10-20 10:00:00,139.83091856536663
2011-10-20 11:00:00,159.09643961497454
2011-10-20 12:00:00,235.23882621375657
2011-10-20 13:00:00,166.91998966658207
2011-10-20 14:00:00,126.54533082624415
2011-10-20 15:00:00,154.9177919105565
2011-10-20 16:00:00,217.034054089278
2011-10-20 17:00:00,461.4262872669756
2011-10-20 18:00:00,522.1760868967336
2011-10-20 19:00:00,428.0401328119221
2011-10-20 20:00:00,226.51795259522189
2011-10-20 21:00:00,160.27040721097987
2011-10-20 22:00:00,112.61831490091731
2011-10-20 23:00:00,79.09820335013796
2011-10-21 00:00:00,62.468338315513336
2011-10-21 01:00:00,22.894447537085448
2011-10-21 02:00:00,12.955505381886608
2011-10-21 03:00:00,5.743818052144525
2011-10-21 04:00:00,4.5948688275679
2011-10-21 05:00:00,18.503334867325695
2011-10-21 06:00:00,89.24869008688327
2011-10-21 07:00:00,233.06283292630374
2011-10-21 08:00:00,408.95013006766
2011-10-21 09:00:00,219.51562102428798
2011-10-21 10:00:00,173.49932175603155
2011-10-21 11:00:00,197.13939399607315
2011-10-21 12:00:00,267.43652602454404
2011-10-21 13:00:00,210.01210528631066
2011-10-21 14:00:00,224.65536373189897
2011-10-21 15:00:00,284.50938392816516
2011-10-21 16:00:00,360.9358475811098
2011-10-21 17:00:00,463.75022694147964
2011-10-21 18:00:00,392.1875569389362
2011-10-21 19:00:00,243.72123750925172
2011-10-21 20:00:00,170.49531010681892
2011-10-21 21:00:00,152.90641646020964
2011-10-21 22:00:00,138.94179162785645
2011-10-21 23:00:00,79.87600427064575
2011-10-22 00:00:00,99.9426046047788
2011-10-22 01:00:00,62.311863613619494
2011-10-22 02:00:00,52.175542299808605
2011-10-22 03:00:00,20.846768069595168
2011-10-22 04:00:00,9.999075490315706
2011-10-22 05:00:00,5.732477442925885
2011-10-22 06:00:00,19.083366967050885
2011-10-22 07:00:00,41.07035166223781
2011-10-22 08:00:00,108.87726330370508
2011-10-22 09:00:00,183.83113561522484
2011-10-22 10:00:00,157.65164280447857
2011-10-22 11:00:00,255.40354500962968
2011-10-22 12:00:00,419.3108319055382
2011-10-22 13:00:00,473.6158229595416
2011-10-22 14:00:00,275.7513088396042
2011-10-22 15:00:00,394.47395410739176
2011-10-22 16:00:00,445.9881424076048
2011-10-22 17:00:00,385.25230055295896
2011-10-22 18:00:00,289.1693813884783
2011-10-22 19:00:00,190.1676607347797
2011-10-22 20:00:00,158.48849783498878
2011-10-22 21:00:00,106.2994585041685
2011-10-22 22:00:00,115.2203026483076
2011-10-22 23:00:00,99.99327005278553
2011-10-23 00:00:00,89.81363159605182
2011-10-23 01:00:00,69.43455286912005
2011-10-23 02:00:00,47.31498021171177
2011-10-23 03:00:00,31.526226572058114
2011-10-23 04:00:00,13.37235940938036
2011-10-23 05:00:00,10.49971408206113
2011-10-23 06:00:00,14.151577871196062
2011-10-23 07:00:00,33.81797000646369
2011-10-23 08:00:00,77.8912189781559
2011-10-23 09:00:00,144.44382873772133
2011-10-23 10:00:00,203.20683161659113
2011-10-23 11:00:00,338.60442376609586
2011-10-23 12:00:00,533.9784653203056
2011-10-23 13:00:00,509.48923564491014
2011-10-23 14:00:00,560.5749572410658
2011-10-23 15:00:00,584.9785843643573
2011-10-23 16:00:00,537.7384933473687
2011-10-23 17:00:00,421.2450673880893
2011-10-23 18:00:00,373.702552099785
2011-10-23 19:00:00,182.74789238206506
2011-10-23 20:00:00,131.03213457645265
2011-10-23 21:00:00,125.51851512521537
2011-10-23 22:00:00,96.80146596206107
2011-10-23 23:00:00,73.86618441355742
2011-10-24 00:00:00,38.669736832717234
2011-10-24 01:00:00,16.15305107614744
2011-10-24 02:00:00,8.27563826004723
2011-10-24 03:00:00,8.010326766997771
2011-10-24 04:00:00,8.239755446612723
2011-10-24 05:00:00,25.46775895984452
2011-10-24 06:00:00,94.97086766439561
2011-10-24 07:00:00,209.20829342842393
2011-10-24 08:00:00,327.02023320940225
2011-10-24 09:00:00,168.27694554798754
2011-10-24 10:00:00,108.01819589435483
2011-10-24 11:00:00,151.6102767207644
2011-10-24 12:00:00,201.0132076028266
2011-10-24 13:00:00,149.57589986134695
2011-10-24 14:00:00,137.2646897264918
2011-10-24 15:00:00,206.90688214674162
2011-10-24 16:00:00,278.8596347995586
2011-10-24 17:00:00,599.1226293155496
2011-10-24 18:00:00,521.6385210020211
2011-10-24 19:00:00,293.68569529820815
2011-10-24 20:00:00,275.94851819536814
2011-10-24 21:00:00,180.2070059856149
2011-10-24 22:00:00,120.99047504440789
2011-10-24 23:00:00,68.29437552179553
2011-10-25 00:00:00,34.62744000256012
2011-10-25 01:00:00,12.919528591763607
2011-10-25 02:00:00,4.094082632992507
2011-10-25 03:00:00,3.0050618976187877
2011-10-25 04:00:00,6.056852420384555
2011-10-25 05:00:00,19.35129114510135
2011-10-25 06:00:00,88.14492637188563
2011-10-25 07:00:00,342.2847245082262
2011-10-25 08:00:00,445.68838240039173
2011-10-25 09:00:00,210.0529179198669
2011-10-25 10:00:00,154.4681959966235
2011-10-25 11:00:00,152.53435782746
2011-10-25 12:00:00,220.3420506949574
2011-10-25 13:00:00,204.4090227712577
2011-10-25 14:00:00,197.8879153737881
2011-10-25 15:00:00,232.25054550963844
2011-10-25 16:00:00,333.59034736512956
2011-10-25 17:00:00,653.7838551873269
2011-10-25 18:00:00,657.174893801869
2011-10-25 19:00:00,358.5282362591942
2011-10-25 20:00:00,267.73243249678757
2011-10-25 21:00:00,166.03522959055817
2011-10-25 22:00:00,122.80867808400362
2011-10-25 23:00:00,72.29248080882901
2011-10-26 00:00:00,41.41024447819254
2011-10-26 01:00:00,9.251665423504594
2011-10-26 02:00:00,5.138620082137593
2011-10-26 03:00:00,5.1469444265001485
2011-10-26 04:00:00,4.557156079386251
2011-10-26 05:00:00,27.253811851200158
2011-10-26 06:00:00,102.02120008602931
2011-10-26 07:00:00,282.08267153882207
2011-10-26 08:00:00,390.7776872118338
2011-10-26 09:00:00,220.09985596856092
2011-10-26 10:00:00,189.68704036545955
2011-10-26 11:00:00,200.58816226508014
2011-10-26 12:00:00,130.7936082074817
2011-10-26 13:00:00,137.06001346774474
2011-10-26 14:00:00,139.9430407807743
2011-10-26 15:00:00,165.01705873811164
2011-10-26 16:00:00,193.79264036208102
2011-10-26 17:00:00,439.4476476995856
2011-10-26 18:00:00,457.9842976824131
2011-10-26 19:00:00,236.2436672996325
2011-10-26 20:00:00,210.03957096124776
2011-10-26 21:00:00,143.2221345500967
2011-10-26 22:00:00,118.71510400540521
2011-10-26 23:00:00,58.264291641802444
2011-10-27 00:00:00,38.49110657649146
2011-10-27 01:00:00,16.92094841127323
2011-10-27 02:00:00,8.096262584128946
2011-10-27 03:00:00,5.933852097745678
2011-10-27 04:00:00,5.44414237588403
2011-10-27 05:00:00,14.471333529504108
2011-10-27 06:00:00,39.943564721126656
2011-10-27 07:00:00,229.16205740827593
2011-10-27 08:00:00,272.12290095677747
2011-10-27 09:00:00,227.19911080125402
2011-10-27 10:00:00,70.67519963800551
2011-10-27 11:00:00,97.22893119999897
2011-10-27 12:00:00,93.96400033276743
2011-10-27 13:00:00,123.53114249435568
2011-10-27 14:00:00,119.30111388536933
2011-10-27 15:00:00,159.54273877822243
2011-10-27 16:00:00,200.65934638705622
2011-10-27 17:00:00,431.16247223496515
2011-10-27 18:00:00,440.5842384858245
2011-10-27 19:00:00,269.86082736844736
2011-10-27 20:00:00,195.29847186724464
2011-10-27 21:00:00,135.60673031983706
2011-10-27 22:00:00,60.79991530604108
2011-10-27 23:00:00,44.82113797323326
2011-10-28 00:00:00,45.371129618252326
2011-10-28 01:00:00,15.835877600871633
2011-10-28 02:00:00,5.356150229271605
2011-10-28 03:00:00,5.618388341222678
2011-10-28 04:00:00,3.9557509440265806
2011-10-28 05:00:00,19.69895509285502
2011-10-28 06:00:00,75.99663988253336
2011-10-28 07:00:00,207.9807566344678
2011-10-28 08:00:00,323.35809384331174
2011-10-28 09:00:00,208.58350632806273
2011-10-28 10:00:00,140.8077325711446
2011-10-28 11:00:00,141.9838868997653
2011-10-28 12:00:00,196.41157164213413
2011-10-28 13:00:00,171.48619453337662
2011-10-28 14:00:00,128.19287136416997
2011-10-28 15:00:00,164.70192436037215
2011-10-28 16:00:00,230.91763294772807
2011-10-28 17:00:00,394.04217366716335
2011-10-28 18:00:00,317.86999294687024
2011-10-28 19:00:00,227.3579575423852
2011-10-28 20:00:00,71.00586166619192
2011-10-28 21:00:00,62.97526180667476
2011-10-28 22:00:00,53.8520890540999
2011-10-28 23:00:00,35.92158732042055
2011-10-29 00:00:00,46.612644206639224
2011-10-29 01:00:00,33.04375986684833
2011-10-29 02:00:00,27.882553201834174
2011-10-29 03:00:00,10.441538042692505
2011-10-29 04:00:00,4.584670539103601
2011-10-29 05:00:00,4.778575647123983
2011-10-29 06:00:00,14.240081161059035
2011-10-29 07:00:00,17.599877140236366
2011-10-29 08:00:00,39.3832207859228
2011-10-29 09:00:00,79.6869868774525
2011-10-29 10:00:00,92.98733277008519
2011-10-29 11:00:00,91.26844703888285
2011-10-29 12:00:00,94.55325373993638
2011-10-29 13:00:00,95.26397452634161
2011-10-29 14:00:00,104.63143496258934
2011-10-29 15:00:00,107.36545260313007
2011-10-29 16:00:00,112.87404571099306
2011-10-29 17:00:00,103.73424038529654
2011-10-29 18:00:00,75.53241266541416
2011-10-29 19:00:00,75.18064826867494
2011-10-29 20:00:00,73.78004317415304
2011-10-29 21:00:00,62.488259672400126
2011-10-29 22:00:00,56.58245660543726
2011-10-29 23:00:00,54.748944226243566
2011-10-30 00:00:00,57.1407553870078
2011-10-30 01:00:00,45.06616305461852
2011-10-30 02:00:00,32.08838688489822
2011-10-30 03:00:00,18.125784222185246
2011-10-30 04:00:00,4.517650794530001
2011-10-30 05:00:00,4.988683405344838
2011-10-30 06:00:00,10.443582313473025
2011-10-30 07:00:00,23.003856826788237
2011-10-30 08:00:00,55.81594402738624
2011-10-30 09:00:00,114.95451430781785
2011-10-30 10:00:00,270.8901035391317
2011-10-30 11:00:00,282.03808930795674
2011-10-30 12:00:00,360.3239680357773
2011-10-30 13:00:00,399.538404637784
2011-10-30 14:00:00,427.12271352692613
2011-10-30 15:00:00,487.36728474163874
2011-10-30 16:00:00,462.966009870313
2011-10-30 17:00:00,322.38834602811363
2011-10-30 18:00:00,253.95385292771016
2011-10-30 19:00:00,292.35380397560124
2011-10-30 20:00:00,96.49682927639321
2011-10-30 21:00:00,82.11233968135399
2011-10-30 22:00:00,72.35961619917776
2011-10-30 23:00:00,41.481093855128286
2011-10-31 00:00:00,17.594320268369188
2011-10-31 01:00:00,5.924105719533741
2011-10-31 02:00:00,3.9633212591141094
2011-10-31 03:00:00,3.212085616028655
2011-10-31 04:00:00,4.607033437144527
2011-10-31 05:00:00,23.834045915453952
2011-10-31 06:00:00,73.9148658132055
2011-10-31 07:00:00,179.24410035290092
2011-10-31 08:00:00,340.39453250772345
2011-10-31 09:00:00,168.38816113527312
2011-10-31 10:00:00,122.04645587017606
2011-10-31 11:00:00,175.6728249752332
2011-10-31 12:00:00,228.8552502961868
2011-10-31 13:00:00,148.8001700486569
2011-10-31 14:00:00,159.1209055523909
2011-10-31 15:00:00,219.01047087227903
2011-10-31 16:00:00,313.63748110558305
2011-10-31 17:00:00,652.3597975416886
2011-10-31 18:00:00,482.5186144919007
2011-10-31 19:00:00,374.94188631562906
2011-10-31 20:00:00,270.3594021143682
2011-10-31 21:00:00,98.94873721726641
2011-10-31 22:00:00,80.26456800327814
2011-10-31 23:00:00,39.92375716145188
2011-11-20 00:00:00,88.7209322215584
2011-11-20 01:00:00,45.66682191932798
2011-11-20 02:00:00,73.39642542831373
2011-11-20 03:00:00,22.409736144210363
2011-11-20 04:00:00,5.894058491648645
2011-11-20 05:00:00,5.344685144539107
2011-11-20 06:00:00,12.810489197762495
2011-11-20 07:00:00,48.72672452699507
2011-11-20 08:00:00,70.92927285268081
2011-11-20 09:00:00,162.48814372670364
2011-11-20 10:00:00,196.94569386889074
2011-11-20 11:00:00,295.27632226645505
2011-11-20 12:00:00,401.3262095441923
2011-11-20 13:00:00,410.42557695422755
2011-11-20 14:00:00,409.79809793908447
2011-11-20 15:00:00,294.6463901366302
2011-11-20 16:00:00,324.5303657893518
2011-11-20 17:00:00,243.5881071382278
2011-11-20 18:00:00,274.6241001873148
2011-11-20 19:00:00,172.02353264067375
2011-11-20 20:00:00,166.86840853504665
2011-11-20 21:00:00,88.18882454496273
2011-11-20 22:00:00,43.395318725664666
2011-11-20 23:00:00,44.22138501835019
2011-11-21 00:00:00,23.260298995259507
2011-11-21 01:00:00,6.979772526051363
2011-11-21 02:00:00,10.098874394882621
2011-11-21 03:00:00,4.646048672500967
2011-11-21 04:00:00,4.288001272583815
2011-11-21 05:00:00,24.63696043838546
2011-11-21 06:00:00,78.05194779769572
2011-11-21 07:00:00,295.5990252147175
2011-11-21 08:00:00,440.89819303522074
2011-11-21 09:00:00,205.98879874720316
2011-11-21 10:00:00,115.64015172506313
2011-11-21 11:00:00,109.52480683619318
2011-11-21 12:00:00,186.11886398761567
2011-11-21 13:00:00,160.19960652556446
2011-11-21 14:00:00,113.59622147494741
2011-11-21 15:00:00,81.42716076814095
2011-11-21 16:00:00,150.3623485726263
2011-11-21 17:00:00,252.06101892063958
2011-11-21 18:00:00,268.4861106963856
2011-11-21 19:00:00,199.826775540646
2011-11-21 20:00:00,148.17365380219977
2011-11-21 21:00:00,123.11645171640504
2011-11-21 22:00:00,72.90374873208438
2011-11-21 23:00:00,39.66951030852869
2011-11-22 00:00:00,14.696570215026638
2011-11-22 01:00:00,6.101901710001357
2011-11-22 02:00:00,6.956526406729874
2011-11-22 03:00:00,5.062950486443995
2011-11-22 04:00:00,6.269574568788903
2011-11-22 05:00:00,18.12099969824572
2011-11-22 06:00:00,73.48369707584504
2011-11-22 07:00:00,122.665787259898
2011-11-22 08:00:00,220.363382054738
2011-11-22 09:00:00,99.9030425942416
2011-11-22 10:00:00,48.470324644685235
2011-11-22 11:00:00,46.14618705471891
2011-11-22 12:00:00,66.90552510995943
2011-11-22 13:00:00,66.86477781555192
2011-11-22 14:00:00,41.852707571741384
2011-11-22 15:00:00,57.8952605523795
2011-11-22 16:00:00,148.23146993984835
2011-11-22 17:00:00,228.44458080575666
2011-11-22 18:00:00,211.56420293367816
2011-11-22 19:00:00,203.46642117916144
2011-11-22 20:00:00,159.90055359961877
2011-11-22 21:00:00,129.92681463959315
2011-11-22 22:00:00,104.76394562226226
2011-11-22 23:00:00,68.03854550800423
2011-11-23 00:00:00,33.72846931488822
2011-11-23 01:00:00,7.281540986043643
2011-11-23 02:00:00,5.959978201181416
2011-11-23 03:00:00,4.365362898825163
2011-11-23 04:00:00,4.620430582361577
2011-11-23 05:00:00,19.47749624679833
2011-11-23 06:00:00,55.22215459911526
2011-11-23 07:00:00,236.2259088347326
2011-11-23 08:00:00,423.5872743216455
2011-11-23 09:00:00,216.95840643899106
2011-11-23 10:00:00,114.20157825815154
2011-11-23 11:00:00,123.18829884543499
2011-11-23 12:00:00,175.0786586757021
2011-11-23 13:00:00,123.27024612159154
2011-11-23 14:00:00,125.85235581666144
2011-11-23 15:00:00,152.41539306694648
2011-11-23 16:00:00,175.34227787332208
2011-11-23 17:00:00,202.31466149591728
2011-11-23 18:00:00,305.20428619714045
2011-11-23 19:00:00,234.96380292294947
2011-11-23 20:00:00,170.32140158070834
2011-11-23 21:00:00,100.49687092445393
2011-11-23 22:00:00,85.13260235211297
2011-11-23 23:00:00,50.26913096358698
2011-11-24 00:00:00,49.27609912603582
2011-11-24 01:00:00,16.738493321108997
2011-11-24 02:00:00,9.83125334349282
2011-11-24 03:00:00,4.679342367953202
2011-11-24 04:00:00,5.978377248859864
2011-11-24 05:00:00,13.706523159217824
2011-11-24 06:00:00,49.05458091399341
2011-11-24 07:00:00,71.2231091102644
2011-11-24 08:00:00,161.22788694802767
2011-11-24 09:00:00,161.34350955262465
2011-11-24 10:00:00,230.67800779257917
2011-11-24 11:00:00,225.4812020881117
2011-11-24 12:00:00,285.76564341356715
2011-11-24 13:00:00,274.71657391793684
2011-11-24 14:00:00,304.3895890887865
2011-11-24 15:00:00,263.1591208478041
2011-11-24 16:00:00,290.04578695177804
2011-11-24 17:00:00,269.2811265092836
2011-11-24 18:00:00,226.98549857871953
2011-11-24 19:00:00,179.75508580303307
2011-11-24 20:00:00,160.28884063771815
2011-11-24 21:00:00,134.2540380795484
2011-11-24 22:00:00,90.93999617716352
2011-11-24 23:00:00,75.31842453230124
2011-11-25 00:00:00,31.276349125140044
2011-11-25 01:00:00,16.521523419053594
2011-11-25 02:00:00,4.543076760799549
2011-11-25 03:00:00,3.84735117453914
2011-11-25 04:00:00,4.12319835029495
2011-11-25 05:00:00,25.158635754161978
2011-11-25 06:00:00,87.75823989284196
2011-11-25 07:00:00,286.09031394509054
2011-11-25 08:00:00,433.4467718358877
2011-11-25 09:00:00,246.09273638753058
2011-11-25 10:00:00,132.54845232230235
2011-11-25 11:00:00,148.85516092547329
2011-11-25 12:00:00,189.16127951089942
2011-11-25 13:00:00,226.82999824056955
2011-11-25 14:00:00,229.5211797558962
2011-11-25 15:00:00,246.7004693683015
2011-11-25 16:00:00,319.45140274706034
2011-11-25 17:00:00,504.387104665816
2011-11-25 18:00:00,399.59448505166307
2011-11-25 19:00:00,228.0006940742937
2011-11-25 20:00:00,190.3833984816072
2011-11-25 21:00:00,131.08819693047172
2011-11-25 22:00:00,120.45532412835128
2011-11-25 23:00:00,96.68667604472073
2011-11-26 00:00:00,73.39264077222666
2011-11-26 01:00:00,62.65311376058871
2011-11-26 02:00:00,27.98604110407476
2011-11-26 03:00:00,16.77983868089872
2011-11-26 04:00:00,9.846827658914187
2011-11-26 05:00:00,5.301671238752083
2011-11-26 06:00:00,17.194206778421403
2011-11-26 07:00:00,40.47504857184101
2011-11-26 08:00:00,95.45735557421531
2011-11-26 09:00:00,148.04814265064277
2011-11-26 10:00:00,227.1854977232558
2011-11-26 11:00:00,277.0654663669005
2011-11-26 12:00:00,344.7531454482381
2011-11-26 13:00:00,346.0858098555077
2011-11-26 14:00:00,314.9177885241391
2011-11-26 15:00:00,382.63587618599064
2011-11-26 16:00:00,325.17243698289275
2011-11-26 17:00:00,232.22801781249302
2011-11-26 18:00:00,202.16297142009722
2011-11-26 19:00:00,146.68600687145045
2011-11-26 20:00:00,138.50078231625704
2011-11-26 21:00:00,103.26744094228528
2011-11-26 22:00:00,106.17020032858213
2011-11-26 23:00:00,103.82685171521396
2011-11-27 00:00:00,72.07255777738246
2011-11-27 01:00:00,83.78486251643403
2011-11-27 02:00:00,38.96918401750786
2011-11-27 03:00:00,27.2702113082067
2011-11-27 04:00:00,7.863732801332699
2011-11-27 05:00:00,7.092908621568219
2011-11-27 06:00:00,13.599240878884116
2011-11-27 07:00:00,41.22636734346185
2011-11-27 08:00:00,93.45107809265708
2011-11-27 09:00:00,152.1455701116094
2011-11-27 10:00:00,209.658702913976
2011-11-27 11:00:00,285.76634195441227
2011-11-27 12:00:00,402.43817654063605
2011-11-27 13:00:00,445.3509525747959
2011-11-27 14:00:00,380.40052681371577
2011-11-27 15:00:00,380.9482048109793
2011-11-27 16:00:00,451.9707076227325
2011-11-27 17:00:00,413.71506282983967
2011-11-27 18:00:00,265.5654819694892
2011-11-27 19:00:00,184.7861321832753
2011-11-27 20:00:00,178.83212324437707
2011-11-27 21:00:00,127.81179947160152
2011-11-27 22:00:00,88.05321303875228
2011-11-27 23:00:00,67.75255574652627
2011-11-28 00:00:00,32.370918994977735
2011-11-28 01:00:00,11.355398378776576
2011-11-28 03:00:00,5.9847901314422804
2011-11-28 04:00:00,4.905088812099827
2011-11-28 05:00:00,30.388608374835325
2011-11-28 06:00:00,99.90705268109977
2011-11-28 07:00:00,374.8404877327691
2011-11-28 08:00:00,435.2760041716904
2011-11-28 09:00:00,207.7790904139735
2011-11-28 10:00:00,127.02740222904464
2011-11-28 11:00:00,121.95525358010636
2011-11-28 12:00:00,191.74595826145233
2011-11-28 13:00:00,167.6936995137018
2011-11-28 14:00:00,158.78887889331932
2011-11-28 15:00:00,185.73634659336525
2011-11-28 16:00:00,290.2524027246746
2011-11-28 17:00:00,530.3998561554841
2011-11-28 18:00:00,480.6542366021711
2011-11-28 19:00:00,335.07117770804507
2011-11-28 20:00:00,235.13287051191233
2011-11-28 21:00:00,160.52215936276806
2011-11-28 22:00:00,107.1836647007733
2011-11-28 23:00:00,61.11782391450967
2011-11-29 00:00:00,20.318416629397497
2011-11-29 01:00:00,8.99938728630473
2011-11-29 02:00:00,7.936309030020983
2011-11-29 03:00:00,2.9784902448198682
2011-11-29 04:00:00,6.874620219009002
2011-11-29 05:00:00,19.811947633485975
2011-11-29 06:00:00,106.5016155012687
2011-11-29 07:00:00,376.1055756646429
2011-11-29 08:00:00,568.1340080749666
2011-11-29 09:00:00,128.45531717051784
2011-11-29 10:00:00,111.97614156238289
2011-11-29 11:00:00,61.65484611051237
2011-11-29 12:00:00,94.89620168675572
2011-11-29 13:00:00,93.24210806490193
2011-11-29 14:00:00,46.03942606404892
2011-11-29 15:00:00,65.80141948888905
2011-11-29 16:00:00,131.36816886278348
2011-11-29 17:00:00,266.0192290627324
2011-11-29 18:00:00,343.38347477398236
2011-11-29 19:00:00,185.3321904596305
2011-11-29 20:00:00,150.93946912585315
2011-11-29 21:00:00,121.25292267286164
2011-11-29 22:00:00,97.5133548868609
2011-11-29 23:00:00,58.21226112838567
2011-11-30 00:00:00,21.78493886381945
2011-11-30 01:00:00,9.614451658297726
2011-11-30 02:00:00,2.999357423881183
2011-11-30 03:00:00,3.0479420913356057
2011-11-30 04:00:00,4.402260285242533
2011-11-30 05:00:00,16.16382818519039
2011-11-30 06:00:00,90.34575455319896
2011-11-30 07:00:00,256.1273721423564
2011-11-30 08:00:00,434.37245435126147
2011-11-30 09:00:00,212.63214890164173
2011-11-30 10:00:00,107.44723441737784
2011-11-30 11:00:00,132.97201581358857
2011-11-30 12:00:00,156.56793979580334
2011-11-30 13:00:00,134.6489063954593
2011-11-30 14:00:00,123.21243094064843
2011-11-30 15:00:00,129.47001380757183
2011-11-30 16:00:00,203.23422825202726
2011-11-30 17:00:00,295.3134980844547
2011-11-30 18:00:00,288.66159328720016
2011-11-30 19:00:00,220.7396521045733
2011-11-30 20:00:00,181.7954231131888
2011-11-30 21:00:00,104.14658002958937
2011-11-30 22:00:00,87.15145997498118
2011-11-30 23:00:00,51.235215711981105
2011-12-20 00:00:00,35.835925740403155
2011-12-20 01:00:00,15.67774922875535
2011-12-20 02:00:00,4.617823528956936
2011-12-20 03:00:00,4.834638265292284
2011-12-20 04:00:00,7.599076509924423
2011-12-20 05:00:00,27.67173102025976
2011-12-20 06:00:00,120.22466007231186
2011-12-20 07:00:00,314.5860826401989
2011-12-20 08:00:00,441.94432162322244
2011-12-20 09:00:00,258.58812508362115
2011-12-20 10:00:00,109.02510562138974
2011-12-20 11:00:00,104.59543214086678
2011-12-20 12:00:00,174.5809081228839
2011-12-20 13:00:00,159.74446540417472
2011-12-20 14:00:00,147.6363226391332
2011-12-20 15:00:00,158.89594333635964
2011-12-20 16:00:00,239.1127750084944
2011-12-20 17:00:00,433.5489816312898
2011-12-20 18:00:00,389.80832488226434
2011-12-20 19:00:00,288.1920100286079
2011-12-20 20:00:00,169.09500413431257
2011-12-20 21:00:00,143.06046019677038
2011-12-20 22:00:00,124.23077749819527
2011-12-20 23:00:00,71.40247976179396
2011-12-21 00:00:00,31.350214146791096
2011-12-21 01:00:00,16.19883166467359
2011-12-21 02:00:00,5.633349543098282
2011-12-21 03:00:00,4.715689510902523
2011-12-21 04:00:00,5.485152496323894
2011-12-21 05:00:00,19.695712167383878
2011-12-21 06:00:00,90.54171991944112
2011-12-21 07:00:00,231.86464938616336
2011-12-21 08:00:00,181.02904974144397
2011-12-21 09:00:00,149.15298658032816
2011-12-21 10:00:00,71.2519397835827
2011-12-21 11:00:00,95.12144979118563
2011-12-21 12:00:00,48.06311945884146
2011-12-21 13:00:00,37.21859758522415
2011-12-21 14:00:00,102.47797847248421
2011-12-21 15:00:00,103.95751645264092
2011-12-21 16:00:00,27.7186281549142
2011-12-21 17:00:00,61.58928126918902
2011-12-21 18:00:00,175.00733036694103
2011-12-21 19:00:00,190.42065982941185
2011-12-21 20:00:00,153.48023425089838
2011-12-21 21:00:00,124.86768685435314
2011-12-21 22:00:00,107.13249974911503
2011-12-21 23:00:00,67.32718358375404
2011-12-22 00:00:00,27.78921055230306
2011-12-22 01:00:00,20.055015089732017
2011-12-22 02:00:00,13.515274010751444
2011-12-22 03:00:00,4.1493332799864
2011-12-22 04:00:00,6.647073715052544
2011-12-22 05:00:00,26.31066904471808
2011-12-22 06:00:00,109.62973193892678
2011-12-22 07:00:00,280.4094343607378
2011-12-22 08:00:00,475.8982772142316
2011-12-22 09:00:00,212.08473358910612
2011-12-22 10:00:00,108.2520368917222
2011-12-22 11:00:00,137.35071594803247
2011-12-22 12:00:00,197.17290661570408
2011-12-22 13:00:00,171.97266768318391
2011-12-22 14:00:00,136.47908941457007
2011-12-22 15:00:00,152.90871986493428
2011-12-22 16:00:00,227.88980633967142
2011-12-22 17:00:00,334.5019841907888
2011-12-22 18:00:00,391.9777117671778
2011-12-22 19:00:00,283.4716207901156
2011-12-22 20:00:00,155.11094082764754
2011-12-22 21:00:00,92.22619614820772
2011-12-22 22:00:00,69.00338472654599
2011-12-22 23:00:00,48.47810082681941
2011-12-23 00:00:00,28.526762738095176
2011-12-23 01:00:00,19.348080910208516
2011-12-23 02:00:00,23.480774343141032
2011-12-23 03:00:00,4.713045173860836
2011-12-23 04:00:00,5.121649884443483
2011-12-23 05:00:00,21.600784451070606
2011-12-23 06:00:00,65.06741259748584
2011-12-23 07:00:00,229.81113496581986
2011-12-23 08:00:00,416.6548540947431
2011-12-23 09:00:00,212.74881535082068
2011-12-23 10:00:00,105.43775060689124
2011-12-23 11:00:00,138.98927115023963
2011-12-23 12:00:00,161.4995472906241
2011-12-23 13:00:00,159.00475453701705
2011-12-23 14:00:00,180.92126744714488
2011-12-23 15:00:00,172.84338517450598
2011-12-23 16:00:00,245.30951557074144
2011-12-23 17:00:00,389.4729367925399
2011-12-23 18:00:00,333.92862611587833
2011-12-23 19:00:00,241.42305552966693
2011-12-23 20:00:00,151.01443528853991
2011-12-23 21:00:00,117.24671770296412
2011-12-23 22:00:00,114.56314316685155
2011-12-23 23:00:00,105.28970190436273
2011-12-24 00:00:00,92.20715533901746
2011-12-24 01:00:00,64.72611918282851
2011-12-24 02:00:00,59.77867967467059
2011-12-24 03:00:00,24.472953155917867
2011-12-24 04:00:00,10.319981789843863
2011-12-24 05:00:00,5.30088585114408
2011-12-24 06:00:00,13.705264866226402
2011-12-24 07:00:00,23.15355658968443
2011-12-24 08:00:00,75.57476931024682
2011-12-24 09:00:00,129.9234374328706
2011-12-24 10:00:00,155.1250820016312
2011-12-24 11:00:00,226.29864589847017
2011-12-24 12:00:00,326.341362309737
2011-12-24 13:00:00,283.98421120035607
2011-12-24 14:00:00,296.24394232343997
2011-12-24 15:00:00,282.37465695102844
2011-12-24 16:00:00,266.8303328450547
2011-12-24 17:00:00,169.35372179490125
2011-12-24 18:00:00,196.4025892480957
2011-12-24 19:00:00,169.28240604179177
2011-12-24 20:00:00,132.87387067633554
2011-12-24 21:00:00,93.17033532302217
2011-12-24 22:00:00,91.9299158475067
2011-12-24 23:00:00,77.61827470139005
2011-12-25 00:00:00,64.33250837379578
2011-12-25 01:00:00,47.99420033799878
2011-12-25 02:00:00,42.875583768358155
2011-12-25 03:00:00,20.931218267496863
2011-12-25 05:00:00,6.084035789526891
2011-12-25 06:00:00,5.198038790097135
2011-12-25 07:00:00,13.864724427067715
2011-12-25 08:00:00,47.83682059851329
2011-12-25 09:00:00,82.27869230993464
2011-12-25 10:00:00,144.18883301941335
2011-12-25 11:00:00,233.79938402460252
2011-12-25 12:00:00,221.01042698573076
2011-12-25 13:00:00,241.26973710474263
2011-12-25 14:00:00,252.44088085061503
2011-12-25 15:00:00,236.1485810120474
2011-12-25 16:00:00,279.6987907909811
2011-12-25 17:00:00,204.33893916967315
2011-12-25 18:00:00,169.8770139453963
2011-12-25 19:00:00,138.22491110869584
2011-12-25 20:00:00,108.73091076747173
2011-12-25 21:00:00,66.00369304340389
2011-12-25 22:00:00,69.74836951187986
2011-12-25 23:00:00,45.3114198757855
2011-12-26 00:00:00,32.72169903571564
2011-12-26 01:00:00,25.11999617441061
2011-12-26 02:00:00,18.07037695107311
2011-12-26 04:00:00,7.176795360956524
2011-12-26 05:00:00,6.950832831354603
2011-12-26 06:00:00,25.55074679291179
2011-12-26 07:00:00,46.62139261903343
2011-12-26 08:00:00,119.38774361258056
2011-12-26 09:00:00,122.37001052633234
2011-12-26 10:00:00,142.74085199135246
2011-12-26 11:00:00,164.61222834237103
2011-12-26 12:00:00,220.61887819425124
2011-12-26 13:00:00,244.54347894880797
2011-12-26 14:00:00,194.07720387211575
2011-12-26 15:00:00,226.22964972198065
2011-12-26 16:00:00,266.5991163472612
2011-12-26 17:00:00,241.57025393208585
2011-12-26 18:00:00,212.25187028298794
2011-12-26 19:00:00,167.25453779096492
2011-12-26 20:00:00,152.19998639470052
2011-12-26 21:00:00,98.9979987550727
2011-12-26 22:00:00,73.85769770868143
2011-12-26 23:00:00,54.58228470546511
2011-12-27 00:00:00,20.37286685531985
2011-12-27 01:00:00,7.92613685008039
2011-12-27 02:00:00,3.202268996400039
2011-12-27 03:00:00,4.131932780116978
2011-12-27 04:00:00,3.7859705605100435
2011-12-27 05:00:00,25.104475662507358
2011-12-27 06:00:00,89.38200936009659
2011-12-27 07:00:00,199.42786456773737
2011-12-27 08:00:00,498.69113832207495
2011-12-27 09:00:00,159.24074802028034
2011-12-27 10:00:00,120.46603430359592
2011-12-27 11:00:00,68.69683858573089
2011-12-27 12:00:00,66.5578251293283
2011-12-27 13:00:00,81.15123389743277
2011-12-27 14:00:00,75.95746881924792
2011-12-27 15:00:00,62.7480334401927
2011-12-27 16:00:00,101.08164930857195
2011-12-27 17:00:00,257.90475595587264
2011-12-27 18:00:00,311.92089253951553
2011-12-27 19:00:00,223.7337943872673
2011-12-27 20:00:00,137.6182629287464
2011-12-27 21:00:00,126.75082762474078
2011-12-27 22:00:00,97.19862276256741
2011-12-27 23:00:00,49.98829231613225
2011-12-28 00:00:00,22.041032054636695
2011-12-28 01:00:00,9.219497056265308
2011-12-28 02:00:00,2.9516133156465907
2011-12-28 03:00:00,3.1182833720429857
2011-12-28 05:00:00,17.801429920270042
2011-12-28 06:00:00,81.42474200398811
2011-12-28 07:00:00,232.90966351060945
2011-12-28 08:00:00,411.4460809715985
2011-12-28 09:00:00,201.04114546912294
2011-12-28 10:00:00,102.60656380392518
2011-12-28 11:00:00,102.32678782385072
2011-12-28 12:00:00,118.48997240748768
2011-12-28 13:00:00,113.87468506081655
2011-12-28 14:00:00,106.06991668894912
2011-12-28 15:00:00,115.7778031937177
2011-12-28 16:00:00,148.2574154055104
2011-12-28 17:00:00,294.0553225255854
2011-12-28 18:00:00,264.16367725306424
2011-12-28 19:00:00,186.58869193539851
2011-12-28 20:00:00,133.79177438992826
2011-12-28 21:00:00,89.55545043521728
2011-12-28 22:00:00,56.89648537318718
2011-12-28 23:00:00,25.095152685153543
2011-12-29 00:00:00,19.663355567175447
2011-12-29 01:00:00,7.856511688962927
2011-12-29 02:00:00,4.8646362848451306
2011-12-29 03:00:00,2.497828107622208
2011-12-29 04:00:00,3.789346938390679
2011-12-29 05:00:00,14.41314114638769
2011-12-29 06:00:00,76.91953095072758
2011-12-29 07:00:00,233.2370228260889
2011-12-29 08:00:00,327.4924025798734
2011-12-29 09:00:00,193.28512827206671
2011-12-29 10:00:00,84.6490171574571
2011-12-29 11:00:00,80.74996112842514
2011-12-29 12:00:00,139.87286139464658
2011-12-29 13:00:00,119.1547019679411
2011-12-29 14:00:00,121.26687444582167
2011-12-29 15:00:00,139.89663382234073
2011-12-29 16:00:00,195.5619628490097
2011-12-29 17:00:00,353.3082143542404
2011-12-29 18:00:00,340.9441149846096
2011-12-29 19:00:00,235.3335208164537
2011-12-29 20:00:00,159.22009382482972
2011-12-29 21:00:00,109.39877166494387
2011-12-29 22:00:00,85.29891001770585
2011-12-29 23:00:00,85.26671880909456
2011-12-30 00:00:00,37.0766163106012
2011-12-30 01:00:00,21.066510896606864
2011-12-30 02:00:00,9.20114497132354
2011-12-30 03:00:00,5.069848910444875
2011-12-30 04:00:00,3.6663748958197786
2011-12-30 05:00:00,20.83675991245245
2011-12-30 06:00:00,74.25053323052003
2011-12-30 07:00:00,205.56627594607437
2011-12-30 08:00:00,329.0328034389051
2011-12-30 09:00:00,241.7588899295762
2011-12-30 10:00:00,123.6852412950879
2011-12-30 11:00:00,147.11551419446303
2011-12-30 12:00:00,174.5746355781336
2011-12-30 13:00:00,170.6269108740707
2011-12-30 14:00:00,177.21871265070965
2011-12-30 15:00:00,184.39889337836914
2011-12-30 16:00:00,250.86651207825935
2011-12-30 17:00:00,411.05007987531866
2011-12-30 18:00:00,339.95247164925024
2011-12-30 19:00:00,229.73273462574403
2011-12-30 20:00:00,164.42105805985827
2011-12-30 21:00:00,134.82111993276055
2011-12-30 22:00:00,122.29338770763718
2011-12-30 23:00:00,87.99427825743967
2011-12-31 00:00:00,95.84363707980273
2011-12-31 01:00:00,70.72786043310825
2011-12-31 02:00:00,43.02451240160273
2011-12-31 03:00:00,22.612923238467268
2011-12-31 04:00:00,12.445790923006317
2011-12-31 05:00:00,6.317067080354186
2011-12-31 06:00:00,14.664916416144948
2011-12-31 07:00:00,23.6171149152375
2011-12-31 08:00:00,77.39511939321409
2011-12-31 09:00:00,110.99083331625461
2011-12-31 10:00:00,151.5016052669863
2011-12-31 11:00:00,278.64610877833286
2011-12-31 12:00:00,441.499676301597
2011-12-31 13:00:00,365.76471111477304
2011-12-31 14:00:00,322.9399982858353
2011-12-31 15:00:00,291.53454082070357
2011-12-31 16:00:00,256.2348626123798
2011-12-31 17:00:00,227.95366001154648
2011-12-31 18:00:00,212.69236502484097
2011-12-31 19:00:00,213.89557841853647
2011-12-31 20:00:00,160.85460320457048
2011-12-31 21:00:00,108.32735348489469
2011-12-31 22:00:00,117.22106153144198
2011-12-31 23:00:00,106.13006625664502
2012-01-20 00:00:00,30.201112722914356
2012-01-20 01:00:00,8.591530769433067
2012-01-20 02:00:00,6.581319181254366
2012-01-20 03:00:00,4.490889382144824
2012-01-20 04:00:00,3.1490220319938773
2012-01-20 05:00:00,16.942864706049566
2012-01-20 06:00:00,75.79559042766725
2012-01-20 07:00:00,177.6059358939847
2012-01-20 08:00:00,428.4031054867066
2012-01-20 09:00:00,236.6373622576032
2012-01-20 10:00:00,100.01732700089967
2012-01-20 11:00:00,125.24913808335484
2012-01-20 12:00:00,118.78232533951444
2012-01-20 13:00:00,162.91587390813484
2012-01-20 14:00:00,118.6376117594244
2012-01-20 15:00:00,120.09379218056655
2012-01-20 16:00:00,141.40254331042837
2012-01-20 17:00:00,277.1574452057568
2012-01-20 18:00:00,215.44362455803176
2012-01-20 19:00:00,172.26835275667335
2012-01-20 20:00:00,120.70483948588912
2012-01-20 21:00:00,80.90128994456121
2012-01-20 22:00:00,69.12433833256809
2012-01-20 23:00:00,32.75451459322983
2012-01-21 00:00:00,27.360502365011126
2012-01-21 01:00:00,56.57394835739788
2012-01-21 02:00:00,48.05909558184734
2012-01-21 03:00:00,18.822538594041628
2012-01-21 04:00:00,2.8348686066176505
2012-01-21 05:00:00,6.2605862754652
2012-01-21 06:00:00,9.363050471861559
2012-01-21 07:00:00,17.758064822587357
2012-01-21 08:00:00,99.1988846997759
2012-01-21 09:00:00,98.77869944704169
2012-01-21 10:00:00,85.21855010258895
2012-01-21 11:00:00,135.0876222203588
2012-01-21 12:00:00,151.6888830967214
2012-01-21 13:00:00,172.11235840609888
2012-01-21 14:00:00,128.66416049178122
2012-01-21 15:00:00,150.5501648277102
2012-01-21 16:00:00,196.24606658567487
2012-01-21 17:00:00,156.28762214944763
2012-01-21 18:00:00,155.5794974196619
2012-01-21 19:00:00,96.54471210728072
2012-01-21 20:00:00,94.68128239468057
2012-01-21 21:00:00,84.98728805773575
2012-01-21 22:00:00,73.04443031602759
2012-01-21 23:00:00,62.86689077498406
2012-01-22 00:00:00,50.69595572093701
2012-01-22 01:00:00,54.677450656220415
2012-01-22 02:00:00,41.485775859787374
2012-01-22 03:00:00,25.862384629925614
2012-01-22 04:00:00,3.2404833461114553
2012-01-22 05:00:00,4.841638202218699
2012-01-22 06:00:00,6.818114567094664
2012-01-22 07:00:00,19.4099234604841
2012-01-22 08:00:00,50.709679797641925
2012-01-22 09:00:00,97.8022151333502
2012-01-22 10:00:00,131.02983576251702
2012-01-22 11:00:00,88.82731262692194
2012-01-22 12:00:00,144.9565744324583
2012-01-22 13:00:00,153.76241952191663
2012-01-22 14:00:00,154.39559775870964
2012-01-22 15:00:00,166.40397635198505
2012-01-22 16:00:00,203.0236749982149
2012-01-22 17:00:00,130.89296627720546
2012-01-22 18:00:00,87.73128533214467
2012-01-22 19:00:00,96.94686538644493
2012-01-22 20:00:00,65.54693986375986
2012-01-22 21:00:00,47.9520417304673
2012-01-22 22:00:00,43.2834787267392
2012-01-22 23:00:00,28.772530873107407
2012-01-23 00:00:00,12.279599874388051
2012-01-23 01:00:00,5.0632267426501905
2012-01-23 02:00:00,5.397050245650273
2012-01-23 03:00:00,3.1419195595882465
2012-01-23 04:00:00,6.934007498270609
2012-01-23 05:00:00,23.076788159842984
2012-01-23 06:00:00,70.80614001634767
2012-01-23 07:00:00,105.92349741520458
2012-01-23 08:00:00,185.12118746092665
2012-01-23 09:00:00,222.53303519263744
2012-01-23 10:00:00,81.97673419578005
2012-01-23 11:00:00,79.3562118901635
2012-01-23 12:00:00,88.55927703338364
2012-01-23 13:00:00,57.83955541295474
2012-01-23 14:00:00,43.95659719094764
2012-01-23 15:00:00,83.10628155885954
2012-01-23 16:00:00,104.64973861977644
2012-01-23 17:00:00,256.7920134286703
2012-01-23 18:00:00,287.2020445982574
2012-01-23 19:00:00,228.5698678471059
2012-01-23 20:00:00,122.17831124827731
2012-01-23 21:00:00,64.60994797521886
2012-01-23 22:00:00,45.946984054718065
2012-01-23 23:00:00,42.06241883648017
2012-01-24 00:00:00,9.943475120562386
2012-01-24 01:00:00,4.125222782581702
2012-01-24 02:00:00,3.085998644906031
2012-01-24 03:00:00,4.122746826100546
2012-01-24 04:00:00,2.6943834426386197
2012-01-24 05:00:00,11.610510083451592
2012-01-24 06:00:00,58.808208484394555
2012-01-24 07:00:00,173.70670618033643
2012-01-24 08:00:00,289.98514937646314
2012-01-24 09:00:00,150.3017722407805
2012-01-24 10:00:00,81.79866880067145
2012-01-24 11:00:00,87.87510650632787
2012-01-24 12:00:00,116.21609372876247
2012-01-24 13:00:00,110.82744350103242
2012-01-24 14:00:00,107.7915214060873
2012-01-24 15:00:00,101.62480950146872
2012-01-24 16:00:00,231.75019281648352
2012-01-24 17:00:00,458.1284546575267
2012-01-24 18:00:00,415.02781782250355
2012-01-24 19:00:00,311.5727103493527
2012-01-24 20:00:00,169.23626024563524
2012-01-24 21:00:00,130.7395460239227
2012-01-24 22:00:00,111.61540419949141
2012-01-24 23:00:00,44.820078034316666
2012-01-25 00:00:00,22.64297974854334
2012-01-25 01:00:00,5.663744718245104
2012-01-25 02:00:00,4.894149585872566
2012-01-25 03:00:00,4.300040652908598
2012-01-25 04:00:00,0.9138186159613952
2012-01-25 05:00:00,27.22870997307293
2012-01-25 06:00:00,80.71059205654932
2012-01-25 07:00:00,248.56059281131735
2012-01-25 08:00:00,557.3995871775809
2012-01-25 09:00:00,242.3117095623761
2012-01-25 10:00:00,90.07726700303178
2012-01-25 11:00:00,109.9176704936109
2012-01-25 12:00:00,192.87785717626625
2012-01-25 13:00:00,150.3049547763846
2012-01-25 14:00:00,169.6472230894
2012-01-25 15:00:00,142.67774190006952
2012-01-25 16:00:00,218.72121648548946
2012-01-25 17:00:00,428.3778654315617
2012-01-25 18:00:00,329.6444989587717
2012-01-25 19:00:00,291.332435193174
2012-01-25 20:00:00,210.76766329958633
2012-01-25 21:00:00,143.50451617188023
2012-01-25 22:00:00,127.664436640372
2012-01-25 23:00:00,35.77172887715918
2012-01-26 00:00:00,10.38850603254013
2012-01-26 01:00:00,5.536980929246062
2012-01-26 02:00:00,3.766848269369402
2012-01-26 03:00:00,4.128660094850301
2012-01-26 04:00:00,4.180367399008069
2012-01-26 05:00:00,16.695736198584846
2012-01-26 06:00:00,73.00879246488114
2012-01-26 07:00:00,240.9914521953071
2012-01-26 08:00:00,392.88689646390674
2012-01-26 09:00:00,174.45430133708777
2012-01-26 10:00:00,73.73868227279708
2012-01-26 11:00:00,97.91789897625429
2012-01-26 12:00:00,128.52734553511584
2012-01-26 13:00:00,130.73220458744413
2012-01-26 14:00:00,113.72754216001778
2012-01-26 15:00:00,127.42289615767123
2012-01-26 16:00:00,201.94200128974322
2012-01-26 17:00:00,352.6374533164509
2012-01-26 18:00:00,341.33054430115413
2012-01-26 19:00:00,278.2767323008849
2012-01-26 20:00:00,198.5821607147945
2012-01-26 21:00:00,136.9353166227562
2012-01-26 22:00:00,143.22853041325592
2012-01-26 23:00:00,82.19380721282256
2012-01-27 00:00:00,34.876554774702576
2012-01-27 01:00:00,14.202326773017498
2012-01-27 02:00:00,13.283863287805724
2012-01-27 03:00:00,3.592649291741573
2012-01-27 04:00:00,4.512938620460008
2012-01-27 05:00:00,17.601690313395576
2012-01-27 06:00:00,77.66159046482707
2012-01-27 07:00:00,129.31160162156706
2012-01-27 08:00:00,168.26197270303922
2012-01-27 09:00:00,120.7881683007003
2012-01-27 10:00:00,60.728797513064215
2012-01-27 11:00:00,122.55711672183611
2012-01-27 12:00:00,153.42924972406297
2012-01-27 13:00:00,221.87619268907508
2012-01-27 14:00:00,222.22091658188188
2012-01-27 15:00:00,230.95330193382512
2012-01-27 16:00:00,272.5124558106552
2012-01-27 17:00:00,419.7230712051009
2012-01-27 18:00:00,390.69794069861103
2012-01-27 19:00:00,244.2391098585862
2012-01-27 20:00:00,169.9849736960585
2012-01-27 21:00:00,111.42442904096238
2012-01-27 22:00:00,96.51298524784356
2012-01-27 23:00:00,65.54018728485885
2012-01-28 00:00:00,58.729310015858516
2012-01-28 01:00:00,62.400563881394795
2012-01-28 02:00:00,38.68885776435962
2012-01-28 03:00:00,21.764492541160084
2012-01-28 04:00:00,3.470339800900989
2012-01-28 05:00:00,5.3065294788051665
2012-01-28 06:00:00,7.76596368651599
2012-01-28 07:00:00,24.69093506935344
2012-01-28 08:00:00,54.48032180391311
2012-01-28 09:00:00,111.51405180966177
2012-01-28 10:00:00,169.07266605876922
2012-01-28 11:00:00,272.4175353269634
2012-01-28 12:00:00,241.53662591524892
2012-01-28 13:00:00,261.6720043814909
2012-01-28 14:00:00,288.6243180120489
2012-01-28 15:00:00,353.7773272702334
2012-01-28 16:00:00,337.34976737527586
2012-01-28 17:00:00,233.16822547665686
2012-01-28 18:00:00,239.99069216038185
2012-01-28 19:00:00,132.87278983249496
2012-01-28 20:00:00,127.04335786323679
2012-01-28 21:00:00,128.5926820864561
2012-01-28 22:00:00,87.9511395030553
2012-01-28 23:00:00,75.85686857122874
2012-01-29 00:00:00,49.90349176623797
2012-01-29 01:00:00,31.251143376688646
2012-01-29 02:00:00,36.06612511147075
2012-01-29 03:00:00,17.206125914086197
2012-01-29 04:00:00,8.556303135642223
2012-01-29 05:00:00,3.8728138085542856
2012-01-29 06:00:00,6.590650918505043
2012-01-29 07:00:00,12.43008576719368
2012-01-29 08:00:00,44.71666069574047
2012-01-29 09:00:00,95.82340344932419
2012-01-29 10:00:00,196.191599416849
2012-01-29 11:00:00,174.1142831926465
2012-01-29 12:00:00,362.4017370754062
2012-01-29 13:00:00,278.08458391473295
2012-01-29 14:00:00,283.4639985492785
2012-01-29 15:00:00,345.11741970739973
2012-01-29 16:00:00,301.83045577748
2012-01-29 17:00:00,172.79321633711
2012-01-29 18:00:00,154.11619065895184
2012-01-29 19:00:00,131.00050582054038
2012-01-29 20:00:00,57.32762908555573
2012-01-29 21:00:00,78.85825241184803
2012-01-29 22:00:00,46.1754782883546
2012-01-29 23:00:00,25.93924123429921
2012-01-30 00:00:00,16.20744214032659
2012-01-30 01:00:00,2.243272995098228
2012-01-30 02:00:00,5.429781453526234
2012-01-30 03:00:00,2.5284499605394557
2012-01-30 04:00:00,4.109129555213073
2012-01-30 05:00:00,14.77655762380421
2012-01-30 06:00:00,74.6600668970838
2012-01-30 07:00:00,162.52630991670986
2012-01-30 08:00:00,420.8640880784545
2012-01-30 09:00:00,228.04061890222854
2012-01-30 10:00:00,91.08764759845633
2012-01-30 11:00:00,93.91036921316002
2012-01-30 12:00:00,119.23120602223881
2012-01-30 13:00:00,111.61946369391167
2012-01-30 14:00:00,136.13828398060656
2012-01-30 15:00:00,132.06696705531004
2012-01-30 16:00:00,191.66316403549033
2012-01-30 17:00:00,343.7801417840253
2012-01-30 18:00:00,293.25160197955506
2012-01-30 19:00:00,293.6284722805508
2012-01-30 20:00:00,175.93352558312768
2012-01-30 21:00:00,97.18580498749803
2012-01-30 22:00:00,55.62552544080766
2012-01-30 23:00:00,39.703579741222406
2012-01-31 00:00:00,17.488252127864413
2012-01-31 01:00:00,3.1512622007404394
2012-01-31 02:00:00,5.246711526640656
2012-01-31 03:00:00,4.555438881248382
2012-01-31 04:00:00,2.808063841630289
2012-01-31 05:00:00,22.27351327201295
2012-01-31 06:00:00,78.07020821341025
2012-01-31 07:00:00,237.06538422202766
2012-01-31 08:00:00,256.165399407011
2012-01-31 09:00:00,183.9413818760376
2012-01-31 10:00:00,91.4048014843609
2012-01-31 11:00:00,109.3441236851524
2012-01-31 12:00:00,150.0727706395047
2012-01-31 13:00:00,185.4217872878405
2012-01-31 14:00:00,135.2634939385213
2012-01-31 15:00:00,147.2776886729402
2012-01-31 16:00:00,250.33083544024777
2012-01-31 17:00:00,486.0901693085555
2012-01-31 18:00:00,430.7181288277679
2012-01-31 19:00:00,314.21800819628055
2012-01-31 20:00:00,204.63878283994677
2012-01-31 21:00:00,140.7593987870625
2012-01-31 22:00:00,91.18279820128136
2012-01-31 23:00:00,52.72380391425819
2012-02-20 00:00:00,36.00974187962674
2012-02-20 01:00:00,19.870843617625027
2012-02-20 02:00:00,14.1671053991069
2012-02-20 03:00:00,4.392818397720008
2012-02-20 05:00:00,6.377717548333272
2012-02-20 06:00:00,17.217908902392914
2012-02-20 07:00:00,38.13851084969252
2012-02-20 08:00:00,90.41359372032743
2012-02-20 09:00:00,95.88508712682969
2012-02-20 10:00:00,119.14866553596532
2012-02-20 11:00:00,171.0438167260461
2012-02-20 12:00:00,208.40722893721838
2012-02-20 13:00:00,234.6777430256924
2012-02-20 14:00:00,205.8055799815839
2012-02-20 15:00:00,263.16510008337116
2012-02-20 16:00:00,256.95287757760366
2012-02-20 17:00:00,280.9235271188617
2012-02-20 18:00:00,189.1998147883657
2012-02-20 19:00:00,131.24275522239734
2012-02-20 20:00:00,141.5243801946706
2012-02-20 21:00:00,88.06393753810298
2012-02-20 22:00:00,78.8278496808308
2012-02-20 23:00:00,40.38211092988082
2012-02-21 00:00:00,23.30480611955462
2012-02-21 01:00:00,9.341790571807977
2012-02-21 02:00:00,2.4378823770432043
2012-02-21 04:00:00,3.539812603449393
2012-02-21 05:00:00,17.509858685917322
2012-02-21 06:00:00,102.49404439227317
2012-02-21 07:00:00,311.58399698697275
2012-02-21 08:00:00,559.3870687349759
2012-02-21 09:00:00,263.6366603656666
2012-02-21 10:00:00,113.66465395982931
2012-02-21 11:00:00,106.78828354843571
2012-02-21 12:00:00,139.8912599953935
2012-02-21 13:00:00,162.2843228955987
2012-02-21 14:00:00,142.07223926483599
2012-02-21 15:00:00,156.8821371271199
2012-02-21 16:00:00,227.56103771640545
2012-02-21 17:00:00,438.3728190722426
2012-02-21 18:00:00,429.628237034368
2012-02-21 19:00:00,306.0108648276901
2012-02-21 20:00:00,210.92548989367566
2012-02-21 21:00:00,170.98465656086117
2012-02-21 22:00:00,75.79391536247685
2012-02-21 23:00:00,52.693390104550964
2012-02-22 00:00:00,24.973943916220602
2012-02-22 01:00:00,5.4098848804838084
2012-02-22 02:00:00,3.6998319660329066
2012-02-22 03:00:00,1.8363423231327474
2012-02-22 04:00:00,1.6146908936341613
2012-02-22 05:00:00,19.13040239154335
2012-02-22 06:00:00,88.64863755859416
2012-02-22 07:00:00,319.57218613329513
2012-02-22 08:00:00,672.263647055806
2012-02-22 09:00:00,258.2877667980613
2012-02-22 10:00:00,113.2971598188494
2012-02-22 11:00:00,123.46044794902791
2012-02-22 12:00:00,155.51641297535312
2012-02-22 13:00:00,158.5329671543335
2012-02-22 14:00:00,144.3841463849839
2012-02-22 15:00:00,195.53302287488503
2012-02-22 16:00:00,240.0708419935298
2012-02-22 17:00:00,483.95495831995515
2012-02-22 18:00:00,496.34578017025314
2012-02-22 19:00:00,346.8610345496219
2012-02-22 20:00:00,231.11400774287685
2012-02-22 21:00:00,165.22195706455486
2012-02-22 22:00:00,103.5780296773629
2012-02-22 23:00:00,64.79799421268697
2012-02-23 00:00:00,26.56614529334988
2012-02-23 01:00:00,12.049212419147361
2012-02-23 02:00:00,8.24249889581404
2012-02-23 03:00:00,2.860283366497642
2012-02-23 04:00:00,1.272628791271905
2012-02-23 05:00:00,19.673829372870546
2012-02-23 06:00:00,105.50532080206034
2012-02-23 07:00:00,325.70358724295306
2012-02-23 08:00:00,685.1482812717147
2012-02-23 09:00:00,288.8485435570224
2012-02-23 10:00:00,136.93085515094472
2012-02-23 11:00:00,167.23620166307126
2012-02-23 12:00:00,228.31497951207174
2012-02-23 13:00:00,206.84503224134951
2012-02-23 14:00:00,179.5086877143276
2012-02-23 15:00:00,203.72592938257816
2012-02-23 16:00:00,290.2855739424878
2012-02-23 17:00:00,508.969415651901
2012-02-23 18:00:00,414.17156464200866
2012-02-23 19:00:00,330.4470371362082
2012-02-23 20:00:00,266.27309046543917
2012-02-23 21:00:00,185.730753075179
2012-02-23 22:00:00,123.03293692618809
2012-02-23 23:00:00,121.65753537237975
2012-02-24 00:00:00,38.73239222261754
2012-02-24 01:00:00,15.755116870123885
2012-02-24 02:00:00,12.482737147815312
2012-02-24 03:00:00,7.875747222049144
2012-02-24 04:00:00,2.8717520963313725
2012-02-24 05:00:00,16.982931927025973
2012-02-24 06:00:00,101.87902060152271
2012-02-24 07:00:00,292.4078360958699
2012-02-24 08:00:00,538.3630308909131
2012-02-24 09:00:00,175.8538182375372
2012-02-24 10:00:00,69.60612021806075
2012-02-24 11:00:00,168.07750919111663
2012-02-24 12:00:00,211.9672600928239
2012-02-24 13:00:00,211.19801232898533
2012-02-24 14:00:00,192.39824117691026
2012-02-24 15:00:00,98.41284010794818
2012-02-24 16:00:00,120.56681534822957
2012-02-24 17:00:00,261.4023375921334
2012-02-24 18:00:00,319.8725383802812
2012-02-24 19:00:00,262.14123651141296
2012-02-24 20:00:00,181.31242209733455
2012-02-24 21:00:00,110.93170684339783
2012-02-24 22:00:00,91.00489159535772
2012-02-24 23:00:00,61.80603339777373
2012-02-25 00:00:00,82.8355268465291
2012-02-25 01:00:00,51.4321652531263
2012-02-25 02:00:00,35.7303369894907
2012-02-25 03:00:00,15.343937879319409
2012-02-25 04:00:00,3.4689081464535017
2012-02-25 05:00:00,2.9204027865212776
2012-02-25 06:00:00,7.597114565027724
2012-02-25 07:00:00,34.16186074637392
2012-02-25 08:00:00,81.93637280873104
2012-02-25 09:00:00,81.2785620586307
2012-02-25 10:00:00,179.26470411360816
2012-02-25 11:00:00,182.50472301112396
2012-02-25 12:00:00,194.55455438170694
2012-02-25 13:00:00,268.2146791408982
2012-02-25 14:00:00,244.33883388591764
2012-02-25 15:00:00,188.17773838970874
2012-02-25 16:00:00,213.5737236827593
2012-02-25 17:00:00,208.85295258080458
2012-02-25 18:00:00,139.16101678423203
2012-02-25 19:00:00,104.65393672723921
2012-02-25 20:00:00,79.87899564641764
2012-02-25 21:00:00,88.31394310947344
2012-02-25 22:00:00,63.00016452441757
2012-02-25 23:00:00,47.931496144119116
2012-02-26 00:00:00,59.98168671192706
2012-02-26 01:00:00,48.352574767461114
2012-02-26 02:00:00,33.95394154772371
2012-02-26 03:00:00,21.042711981855792
2012-02-26 04:00:00,3.975704101721652
2012-02-26 05:00:00,2.309099658292545
2012-02-26 06:00:00,2.989148739506306
2012-02-26 07:00:00,18.360132954488947
2012-02-26 08:00:00,36.155070294239636
2012-02-26 09:00:00,91.44167023156666
2012-02-26 10:00:00,187.07787194593965
2012-02-26 11:00:00,203.96636432867624
2012-02-26 12:00:00,332.8092828693539
2012-02-26 13:00:00,284.7551844413383
2012-02-26 14:00:00,265.7467073472214
2012-02-26 15:00:00,403.56762342637455
2012-02-26 16:00:00,312.59772482600124
2012-02-26 17:00:00,287.73248010250643
2012-02-26 18:00:00,184.0169238285398
2012-02-26 19:00:00,102.67617348522482
2012-02-26 20:00:00,87.7359493162207
2012-02-26 21:00:00,64.8998185499784
2012-02-26 22:00:00,151.4163229391018
2012-02-26 23:00:00,40.12651716456155
2012-02-27 00:00:00,19.850082338332896
2012-02-27 01:00:00,6.179069467843326
2012-02-27 02:00:00,3.284435596852603
2012-02-27 03:00:00,1.6792121840251744
2012-02-27 04:00:00,1.7593109656515686
2012-02-27 05:00:00,16.962491839923057
2012-02-27 06:00:00,71.98807749002822
2012-02-27 07:00:00,246.07885419618893
2012-02-27 08:00:00,490.40473239033554
2012-02-27 09:00:00,233.31200394604713
2012-02-27 10:00:00,90.46024898566264
2012-02-27 11:00:00,108.31884197345595
2012-02-27 12:00:00,147.71851399089786
2012-02-27 13:00:00,161.67489889174945
2012-02-27 14:00:00,149.1097842846937
2012-02-27 15:00:00,174.64286397600742
2012-02-27 16:00:00,236.46937947643522
2012-02-27 17:00:00,414.6474538783584
2012-02-27 18:00:00,399.07333199247057
2012-02-27 19:00:00,249.46202087667965
2012-02-27 20:00:00,191.50298541750627
2012-02-27 21:00:00,152.21485921190222
2012-02-27 22:00:00,79.13845317218968
2012-02-27 23:00:00,57.100773459583095
2012-02-28 00:00:00,23.580839882314585
2012-02-28 01:00:00,10.244275439685701
2012-02-28 02:00:00,4.767809633573649
2012-02-28 03:00:00,3.5486531093621645
2012-02-28 04:00:00,2.8947744290769135
2012-02-28 05:00:00,13.60547661204157
2012-02-28 06:00:00,75.47737373974574
2012-02-28 07:00:00,343.24676318046704
2012-02-28 08:00:00,494.05311454673523
2012-02-28 09:00:00,262.2032559435648
2012-02-28 10:00:00,128.34009208495868
2012-02-28 11:00:00,134.67798422378536
2012-02-28 12:00:00,169.58709624404128
2012-02-28 13:00:00,193.56297548838072
2012-02-28 14:00:00,128.8456945984076
2012-02-28 15:00:00,150.4676626557198
2012-02-28 16:00:00,248.91937219792885
2012-02-28 17:00:00,478.21302450448843
2012-02-28 18:00:00,459.5952094023509
2012-02-28 19:00:00,281.89580412280674
2012-02-28 20:00:00,206.79018903939377
2012-02-28 21:00:00,162.9556917758503
2012-02-28 22:00:00,116.05277107197503
2012-02-28 23:00:00,51.60474318177757
2012-02-29 00:00:00,25.240556735921626
2012-02-29 01:00:00,5.65968349543803
2012-02-29 02:00:00,5.392125462534359
2012-02-29 03:00:00,2.4203081571181397
2012-02-29 05:00:00,22.967856971410338
2012-02-29 06:00:00,73.56837906548297
2012-02-29 07:00:00,264.93416346542693
2012-02-29 08:00:00,511.49452766359354
2012-02-29 09:00:00,138.91251433871705
2012-02-29 10:00:00,46.24076919857244
2012-02-29 11:00:00,57.00641504587266
2012-02-29 12:00:00,40.94516319139073
2012-02-29 13:00:00,111.26174496479517
2012-02-29 14:00:00,95.2437195282505
2012-02-29 15:00:00,141.36845193277867
2012-02-29 16:00:00,86.62537891743264
2012-02-29 17:00:00,325.110629643938
2012-02-29 18:00:00,238.97910813340152
2012-02-29 19:00:00,270.28057023952397
2012-02-29 20:00:00,86.17400073094178
2012-02-29 21:00:00,85.00170245969936
2012-02-29 22:00:00,43.41420852930768
2012-02-29 23:00:00,30.00003942535754
2012-03-20 00:00:00,19.773523171039674
2012-03-20 01:00:00,17.080476420985967
2012-03-20 02:00:00,3.5958662953077996
2012-03-20 03:00:00,4.099476597337362
2012-03-20 04:00:00,3.090263988709519
2012-03-20 05:00:00,17.237517605859132
2012-03-20 06:00:00,104.23196179821954
2012-03-20 07:00:00,102.5003230862137
2012-03-20 08:00:00,516.0895390248282
2012-03-20 09:00:00,277.32562259494614
2012-03-20 10:00:00,135.92707724481502
2012-03-20 11:00:00,181.08383491206564
2012-03-20 12:00:00,185.1146608231025
2012-03-20 13:00:00,205.72328803721
2012-03-20 14:00:00,174.40162659149047
2012-03-20 15:00:00,189.52709919726655
2012-03-20 16:00:00,351.969388605892
2012-03-20 17:00:00,604.2706455159226
2012-03-20 18:00:00,534.5085937409726
2012-03-20 19:00:00,394.49853562108285
2012-03-20 20:00:00,309.4596153121573
2012-03-20 21:00:00,222.7752923556377
2012-03-20 22:00:00,146.99074782487784
2012-03-20 23:00:00,86.03281053998413
2012-03-21 00:00:00,29.8438885907699
2012-03-21 01:00:00,23.163171586041937
2012-03-21 02:00:00,3.671730669226122
2012-03-21 03:00:00,4.4645996424543055
2012-03-21 04:00:00,5.4770473303029314
2012-03-21 05:00:00,14.686024710592168
2012-03-21 06:00:00,129.46405364113238
2012-03-21 07:00:00,233.76627791280853
2012-03-21 08:00:00,269.2889705276607
2012-03-21 09:00:00,383.2927752879423
2012-03-21 10:00:00,182.32270148729592
2012-03-21 11:00:00,188.55537828709174
2012-03-21 12:00:00,195.4951200903641
2012-03-21 13:00:00,166.56814286008787
2012-03-21 14:00:00,178.01533889227846
2012-03-21 15:00:00,171.40941724396785
2012-03-21 16:00:00,302.245020758124
2012-03-21 17:00:00,678.6258093831773
2012-03-21 18:00:00,551.488135181475
2012-03-21 19:00:00,420.6462346969832
2012-03-21 20:00:00,332.3342338796693
2012-03-21 21:00:00,223.74815389568494
2012-03-21 22:00:00,170.13448884030458
2012-03-21 23:00:00,98.58245731628195
2012-03-22 00:00:00,40.76820040516508
2012-03-22 01:00:00,26.722243006562977
2012-03-22 02:00:00,15.64782253880988
2012-03-22 03:00:00,6.092351725900841
2012-03-22 04:00:00,2.6963789555724724
2012-03-22 05:00:00,18.223427234227533
2012-03-22 06:00:00,111.63324884903585
2012-03-22 07:00:00,343.9202705737616
2012-03-22 08:00:00,593.9181491854912
2012-03-22 09:00:00,299.35197325324015
2012-03-22 10:00:00,121.8340076386802
2012-03-22 11:00:00,136.08931162526144
2012-03-22 12:00:00,171.0942010441619
2012-03-22 13:00:00,221.44685537444147
2012-03-22 14:00:00,246.87348258672176
2012-03-22 15:00:00,244.39461557141055
2012-03-22 16:00:00,374.62666545322236
2012-03-22 17:00:00,680.145752286098
2012-03-22 18:00:00,757.0922251501803
2012-03-22 19:00:00,397.7423225390468
2012-03-22 20:00:00,311.0380011909199
2012-03-22 21:00:00,294.1453393954369
2012-03-22 22:00:00,173.54293011238946
2012-03-22 23:00:00,124.41930412561238
2012-03-23 00:00:00,63.47464909207875
2012-03-23 01:00:00,40.88833739461265
2012-03-23 02:00:00,11.651236403481127
2012-03-23 03:00:00,7.5124028005355665
2012-03-23 04:00:00,4.2041864481967215
2012-03-23 05:00:00,24.68595967205366
2012-03-23 06:00:00,107.2000637810259
2012-03-23 07:00:00,279.42116611469044
2012-03-23 08:00:00,593.2917871362299
2012-03-23 09:00:00,378.35584059814664
2012-03-23 10:00:00,165.30180000207798
2012-03-23 11:00:00,196.20954251680115
2012-03-23 12:00:00,326.53888916464615
2012-03-23 13:00:00,372.27824638877513
2012-03-23 14:00:00,329.4091137990409
2012-03-23 15:00:00,265.49934144857883
2012-03-23 16:00:00,439.78943936528185
2012-03-23 17:00:00,566.4597054785778
2012-03-23 18:00:00,587.6311060874756
2012-03-23 19:00:00,360.7050061340995
2012-03-23 20:00:00,284.1060777670953
2012-03-23 21:00:00,212.52408493235683
2012-03-23 22:00:00,196.19956402341958
2012-03-23 23:00:00,202.66576876901453
2012-03-24 00:00:00,159.33155036033568
2012-03-24 01:00:00,118.70959492565925
2012-03-24 02:00:00,56.05420332607088
2012-03-24 03:00:00,30.471760366665734
2012-03-24 04:00:00,7.5861037438706
2012-03-24 05:00:00,8.369800602355124
2012-03-24 06:00:00,22.903037991182853
2012-03-24 07:00:00,71.6913045679837
2012-03-24 08:00:00,207.99838345104396
2012-03-24 09:00:00,293.6101704052991
2012-03-24 10:00:00,339.5223565265026
2012-03-24 11:00:00,384.5241908282614
2012-03-24 12:00:00,164.56915215343153
2012-03-24 13:00:00,144.81803905859687
2012-03-24 14:00:00,158.26897685361627
2012-03-24 15:00:00,82.3517086597632
2012-03-24 16:00:00,62.89633515772598
2012-03-24 17:00:00,91.94616147584512
2012-03-24 18:00:00,96.08232694615724
2012-03-24 19:00:00,117.91383226220525
2012-03-24 20:00:00,70.8580172553754
2012-03-24 21:00:00,77.70336902015325
2012-03-24 22:00:00,50.13235691118509
2012-03-24 23:00:00,80.60897289519801
2012-03-25 00:00:00,79.41233109218173
2012-03-25 01:00:00,68.79731636460208
2012-03-25 02:00:00,27.307716569209422
2012-03-25 03:00:00,8.65117309279043
2012-03-25 04:00:00,9.834609477571655
2012-03-25 05:00:00,5.6488066664775065
2012-03-25 06:00:00,9.140854682790406
2012-03-25 07:00:00,30.15157384060451
2012-03-25 08:00:00,50.17500656284277
2012-03-25 09:00:00,101.10128569925998
2012-03-25 10:00:00,141.89152324655353
2012-03-25 11:00:00,212.67748838835774
2012-03-25 12:00:00,314.01727862519476
2012-03-25 13:00:00,417.18978947844585
2012-03-25 14:00:00,318.8933802736663
2012-03-25 15:00:00,185.43119680461072
2012-03-25 16:00:00,473.37617515140477
2012-03-25 17:00:00,448.2894516719146
2012-03-25 18:00:00,357.09529521472683
2012-03-25 19:00:00,212.77515597391198
2012-03-25 20:00:00,148.36150947814866
2012-03-25 21:00:00,171.4020182604284
2012-03-25 22:00:00,98.60693208634629
2012-03-25 23:00:00,52.5965433249678
2012-03-26 00:00:00,15.571522514219001
2012-03-26 01:00:00,12.472765019458112
2012-03-26 02:00:00,8.04461349405508
2012-03-26 03:00:00,2.1670787617287313
2012-03-26 04:00:00,2.5894328068217525
2012-03-26 05:00:00,24.086226952313663
2012-03-26 06:00:00,103.05246673096119
2012-03-26 07:00:00,301.16882289380004
2012-03-26 08:00:00,581.8821712027288
2012-03-26 09:00:00,271.3541293212661
2012-03-26 10:00:00,134.24623624210224
2012-03-26 11:00:00,143.0792076005968
2012-03-26 12:00:00,201.96131994824034
2012-03-26 13:00:00,133.85896017322648
2012-03-26 14:00:00,163.54109412401758
2012-03-26 15:00:00,172.03816130385948
2012-03-26 16:00:00,222.9795150443267
2012-03-26 17:00:00,506.6848562957184
2012-03-26 18:00:00,505.90895257692125
2012-03-26 19:00:00,283.2211276048966
2012-03-26 20:00:00,182.22488834545626
2012-03-26 21:00:00,114.27937167511422
2012-03-26 22:00:00,73.31962077724614
2012-03-26 23:00:00,37.62917134602339
2012-03-27 00:00:00,14.864472987800387
2012-03-27 01:00:00,6.645564785581271
2012-03-27 02:00:00,4.3918658036353
2012-03-27 03:00:00,3.796219305139492
2012-03-27 04:00:00,2.859869691259231
2012-03-27 05:00:00,31.683513235622875
2012-03-27 06:00:00,95.01865566242593
2012-03-27 07:00:00,231.0263201047006
2012-03-27 08:00:00,454.8696081251046
2012-03-27 09:00:00,231.0001697204748
2012-03-27 10:00:00,132.55264292006405
2012-03-27 11:00:00,131.18717918597727
2012-03-27 12:00:00,170.63442193316098
2012-03-27 13:00:00,159.05624598036084
2012-03-27 14:00:00,130.44709193898092
2012-03-27 15:00:00,144.2631615495194
2012-03-27 16:00:00,240.37305926674017
2012-03-27 17:00:00,454.03506182438093
2012-03-27 18:00:00,420.953259150634
2012-03-27 19:00:00,252.42489313766902
2012-03-27 20:00:00,170.15649485708227
2012-03-27 21:00:00,142.61658938047475
2012-03-27 22:00:00,94.1918855623371
2012-03-27 23:00:00,53.84507896600109
2012-03-28 00:00:00,26.658947362036493
2012-03-28 01:00:00,10.837006789851724
2012-03-28 02:00:00,2.713833054827966
2012-03-28 03:00:00,2.019181231526734
2012-03-28 04:00:00,3.3163418361232155
2012-03-28 05:00:00,14.8009588399952
2012-03-28 06:00:00,100.4399615784429
2012-03-28 07:00:00,263.9267431818114
2012-03-28 08:00:00,514.3771969169345
2012-03-28 09:00:00,254.58047475985433
2012-03-28 10:00:00,137.41380699933185
2012-03-28 11:00:00,168.77016410876777
2012-03-28 12:00:00,257.6776905617336
2012-03-28 13:00:00,226.22756744721787
2012-03-28 14:00:00,241.3109162282722
2012-03-28 15:00:00,259.8297541814827
2012-03-28 16:00:00,200.6622491089337
2012-03-28 17:00:00,691.895150385036
2012-03-28 18:00:00,687.4053194376249
2012-03-28 19:00:00,446.1201525130775
2012-03-28 20:00:00,360.05477719327524
2012-03-28 21:00:00,237.71687287968
2012-03-28 22:00:00,183.9855448717392
2012-03-28 23:00:00,98.50302317264307
2012-03-29 00:00:00,51.73174641167851
2012-03-29 01:00:00,30.40592014413752
2012-03-29 02:00:00,9.205594932384955
2012-03-29 03:00:00,2.8453706342214096
2012-03-29 04:00:00,5.514289941071733
2012-03-29 05:00:00,22.41797662782382
2012-03-29 06:00:00,115.81939783848462
2012-03-29 07:00:00,271.6869573282895
2012-03-29 08:00:00,478.1078091476587
2012-03-29 09:00:00,276.1497341270627
2012-03-29 10:00:00,125.546279865047
2012-03-29 11:00:00,163.25913218886842
2012-03-29 12:00:00,196.46279834814334
2012-03-29 13:00:00,160.77299875274386
2012-03-29 14:00:00,190.1748842137518
2012-03-29 15:00:00,193.97196418109465
2012-03-29 16:00:00,289.62204672114456
2012-03-29 17:00:00,538.0885906842675
2012-03-29 18:00:00,560.7248171381651
2012-03-29 19:00:00,366.2214886103613
2012-03-29 20:00:00,251.26569586445777
2012-03-29 21:00:00,195.07795991422898
2012-03-29 22:00:00,129.24008712763893
2012-03-29 23:00:00,76.47991991708953
2012-03-30 00:00:00,50.01749578710209
2012-03-30 01:00:00,25.500659839894066
2012-03-30 02:00:00,7.044623469961239
2012-03-30 03:00:00,4.087108870462783
2012-03-30 04:00:00,2.5319430697007093
2012-03-30 05:00:00,20.55120990788522
2012-03-30 06:00:00,79.02837874626275
2012-03-30 07:00:00,221.60128939981047
2012-03-30 08:00:00,535.1699717699272
2012-03-30 09:00:00,323.73966857121707
2012-03-30 10:00:00,131.25609918299
2012-03-30 11:00:00,142.79760165534483
2012-03-30 12:00:00,245.97670319021572
2012-03-30 13:00:00,110.41730675841194
2012-03-30 14:00:00,89.1055458235137
2012-03-30 15:00:00,109.04651778112732
2012-03-30 16:00:00,58.11513209710452
2012-03-30 17:00:00,434.8910153873053
2012-03-30 18:00:00,520.8290169458041
2012-03-30 19:00:00,313.2384729859137
2012-03-30 20:00:00,227.17033817917064
2012-03-30 21:00:00,188.8597960196277
2012-03-30 22:00:00,112.2533878007365
2012-03-30 23:00:00,82.32793989741175
2012-03-31 00:00:00,91.4621730725701
2012-03-31 01:00:00,75.46984444697424
2012-03-31 02:00:00,36.14072522115202
2012-03-31 03:00:00,17.932355696284773
2012-03-31 04:00:00,3.626243498588967
2012-03-31 05:00:00,8.35534611263415
2012-03-31 06:00:00,8.566075459781752
2012-03-31 07:00:00,18.335866091286395
2012-03-31 08:00:00,100.81318641920902
2012-03-31 09:00:00,265.42902089613295
2012-03-31 10:00:00,204.99872915104544
2012-03-31 11:00:00,331.34912935516013
2012-03-31 12:00:00,475.15711471706874
2012-03-31 13:00:00,568.0611756393725
2012-03-31 14:00:00,563.2760030710887
2012-03-31 15:00:00,444.4245000723953
2012-03-31 16:00:00,413.2855814692121
2012-03-31 17:00:00,347.13295709155636
2012-03-31 18:00:00,223.8546324885529
2012-03-31 19:00:00,194.43949878212428
2012-03-31 20:00:00,148.8192907102738
2012-03-31 21:00:00,133.34491423240385
2012-03-31 22:00:00,99.95043081724657
2012-03-31 23:00:00,63.362989917553264
2012-04-20 00:00:00,66.19173920740013
2012-04-20 01:00:00,17.0896053596184
2012-04-20 02:00:00,17.94281372713935
2012-04-20 03:00:00,5.838848272550533
2012-04-20 04:00:00,6.673540906705689
2012-04-20 05:00:00,35.349486308957665
2012-04-20 06:00:00,94.67587795724259
2012-04-20 07:00:00,428.76799818353896
2012-04-20 08:00:00,691.7285027603323
2012-04-20 09:00:00,316.6178401346395
2012-04-20 10:00:00,184.41451513055858
2012-04-20 11:00:00,244.82236514447686
2012-04-20 12:00:00,335.7013445401661
2012-04-20 13:00:00,365.3607378348309
2012-04-20 14:00:00,329.3420948208057
2012-04-20 15:00:00,406.26839704245793
2012-04-20 16:00:00,521.739460197961
2012-04-20 17:00:00,764.3215897124306
2012-04-20 18:00:00,632.0950157502058
2012-04-20 19:00:00,430.1072204650521
2012-04-20 20:00:00,355.0648703464597
2012-04-20 21:00:00,294.7404380032431
2012-04-20 22:00:00,222.57207211742096
2012-04-20 23:00:00,207.82159574342657
2012-04-21 00:00:00,111.0906795921869
2012-04-21 01:00:00,70.81056935382038
2012-04-21 02:00:00,58.91437314455967
2012-04-21 03:00:00,39.023865075933294
2012-04-21 04:00:00,8.339715882669205
2012-04-21 05:00:00,8.812204311659704
2012-04-21 06:00:00,24.22750179575953
2012-04-21 07:00:00,104.16739985604718
2012-04-21 08:00:00,241.49274360354863
2012-04-21 09:00:00,368.7852916723987
2012-04-21 10:00:00,390.63463025818766
2012-04-21 11:00:00,429.60716514928896
2012-04-21 12:00:00,514.7227540353022
2012-04-21 13:00:00,608.6675527548898
2012-04-21 14:00:00,644.9610140526406
2012-04-21 15:00:00,648.2759129530742
2012-04-21 16:00:00,624.3510694710234
2012-04-21 17:00:00,614.9190884196272
2012-04-21 18:00:00,337.1594714826662
2012-04-21 19:00:00,178.76674607420023
2012-04-21 20:00:00,73.51676546172224
2012-04-21 21:00:00,65.70743864716785
2012-04-21 22:00:00,197.30338833443508
2012-04-21 23:00:00,87.16786853106888
2012-04-22 00:00:00,72.32636141659127
2012-04-22 01:00:00,44.00949314492715
2012-04-22 02:00:00,55.65005210520954
2012-04-22 03:00:00,30.56205496629194
2012-04-22 04:00:00,11.052300173481278
2012-04-22 05:00:00,10.415852380108225
2012-04-22 06:00:00,20.251601129276075
2012-04-22 07:00:00,40.75355852752972
2012-04-22 08:00:00,70.26101108983927
2012-04-22 09:00:00,80.5663854051818
2012-04-22 10:00:00,153.11153941164235
2012-04-22 11:00:00,180.6182015291506
2012-04-22 12:00:00,240.00913605524732
2012-04-22 13:00:00,226.35568425270884
2012-04-22 14:00:00,188.7308208819295
2012-04-22 15:00:00,189.89688461156595
2012-04-22 16:00:00,136.43368255639552
2012-04-22 17:00:00,152.63295652565836
2012-04-22 18:00:00,111.85597886288221
2012-04-22 19:00:00,78.44021187586429
2012-04-22 20:00:00,63.59500070607349
2012-04-22 21:00:00,71.80931168017472
2012-04-22 22:00:00,58.57506579515382
2012-04-22 23:00:00,32.27453859422488
2012-04-23 00:00:00,8.426552918513838
2012-04-23 01:00:00,3.8680103340055654
2012-04-23 02:00:00,2.777541781623186
2012-04-23 03:00:00,1.8012621113721519
2012-04-23 04:00:00,3.902985121022337
2012-04-23 05:00:00,18.71524548078691
2012-04-23 06:00:00,137.69190147517577
2012-04-23 07:00:00,207.24225078882557
2012-04-23 08:00:00,544.4798279186209
2012-04-23 09:00:00,259.15851561995134
2012-04-23 10:00:00,114.06675766860066
2012-04-23 11:00:00,138.34873157191026
2012-04-23 12:00:00,88.53153391410454
2012-04-23 13:00:00,84.93314736869502
2012-04-23 14:00:00,63.862169658747106
2012-04-23 15:00:00,178.5030512820542
2012-04-23 16:00:00,85.22311834318461
2012-04-23 17:00:00,289.8519436536635
2012-04-23 18:00:00,285.0335401015492
2012-04-23 19:00:00,298.8626915278817
2012-04-23 20:00:00,185.05407026775106
2012-04-23 21:00:00,139.23924108264956
2012-04-23 22:00:00,96.45357690614836
2012-04-23 23:00:00,55.821371204166525
2012-04-24 00:00:00,17.510555659712498
2012-04-24 01:00:00,5.776000805251159
2012-04-24 02:00:00,2.495527367493913
2012-04-24 03:00:00,2.103213198284456
2012-04-24 04:00:00,2.1430205642456723
2012-04-24 05:00:00,25.9771459199754
2012-04-24 06:00:00,106.17238557310263
2012-04-24 07:00:00,272.6396224734728
2012-04-24 08:00:00,551.5945233799354
2012-04-24 09:00:00,327.6583433920524
2012-04-24 10:00:00,178.20138370976497
2012-04-24 11:00:00,211.21437778169124
2012-04-24 12:00:00,279.54795618497906
2012-04-24 13:00:00,264.99463969529296
2012-04-24 14:00:00,224.07063045024918
2012-04-24 15:00:00,234.83405683172873
2012-04-24 16:00:00,383.3136646264969
2012-04-24 17:00:00,659.8161996350221
2012-04-24 18:00:00,595.4025735325176
2012-04-24 19:00:00,488.6175355304801
2012-04-24 20:00:00,291.1706980942397
2012-04-24 21:00:00,195.87026972739514
2012-04-24 22:00:00,153.77563022826942
2012-04-24 23:00:00,98.04823466221987
2012-04-25 00:00:00,34.86729180749539
2012-04-25 01:00:00,11.302475077986376
2012-04-25 02:00:00,2.727070644539564
2012-04-25 03:00:00,2.653741582266769
2012-04-25 04:00:00,1.1078067111624188
2012-04-25 05:00:00,30.6306254264367
2012-04-25 06:00:00,120.27738885218744
2012-04-25 07:00:00,368.15445826418335
2012-04-25 08:00:00,649.1009527196646
2012-04-25 09:00:00,260.1448813858702
2012-04-25 10:00:00,172.55556891612258
2012-04-25 11:00:00,199.0055365273774
2012-04-25 12:00:00,262.1421714977501
2012-04-25 13:00:00,249.2301420344505
2012-04-25 14:00:00,249.9345234609599
2012-04-25 15:00:00,276.5738334698842
2012-04-25 16:00:00,371.1298466070488
2012-04-25 17:00:00,811.0578113760067
2012-04-25 18:00:00,807.0480882267775
2012-04-25 19:00:00,545.931719064832
2012-04-25 20:00:00,318.8863008806493
2012-04-25 21:00:00,265.45405943765115
2012-04-25 22:00:00,204.0478812101452
2012-04-25 23:00:00,102.28391599200663
2012-04-26 00:00:00,29.95117572105109
2012-04-26 01:00:00,16.66814668345605
2012-04-26 02:00:00,8.732120846086115
2012-04-26 03:00:00,4.637377073921819
2012-04-26 04:00:00,4.219139116899819
2012-04-26 05:00:00,32.988670867673505
2012-04-26 06:00:00,150.4352851425159
2012-04-26 07:00:00,352.1393318553661
2012-04-26 08:00:00,572.4185867067024
2012-04-26 09:00:00,190.32904605875927
2012-04-26 10:00:00,130.6550789534522
2012-04-26 11:00:00,152.5970429454853
2012-04-26 12:00:00,175.49604240418174
2012-04-26 13:00:00,176.88978981135267
2012-04-26 14:00:00,183.60880713646733
2012-04-26 15:00:00,178.36419240590814
2012-04-26 16:00:00,250.64657916956227
2012-04-26 17:00:00,644.8148089257361
2012-04-26 18:00:00,433.6866790236533
2012-04-26 19:00:00,416.62099894517905
2012-04-26 20:00:00,342.2936103392865
2012-04-26 21:00:00,250.80625652094972
2012-04-26 22:00:00,201.57264046149265
2012-04-26 23:00:00,116.84100174742451
2012-04-27 00:00:00,67.3824470459033
2012-04-27 01:00:00,24.809111198054307
2012-04-27 02:00:00,26.840213096057553
2012-04-27 03:00:00,10.95177303747844
2012-04-27 04:00:00,6.905102763271993
2012-04-27 05:00:00,37.86466419346377
2012-04-27 06:00:00,81.43681653139365
2012-04-27 07:00:00,329.4065138474911
2012-04-27 08:00:00,648.1095378340177
2012-04-27 09:00:00,368.66554522278324
2012-04-27 10:00:00,231.0385288027044
2012-04-27 11:00:00,283.1230206113984
2012-04-27 12:00:00,356.1998704257358
2012-04-27 13:00:00,379.847148540124
2012-04-27 14:00:00,419.7025915669541
2012-04-27 15:00:00,460.57937121560315
2012-04-27 16:00:00,531.7957831710743
2012-04-27 17:00:00,743.4286482336854
2012-04-27 18:00:00,590.6080696278866
2012-04-27 19:00:00,408.6511209386289
2012-04-27 20:00:00,278.3911079716895
2012-04-27 21:00:00,243.9814977195228
2012-04-27 22:00:00,187.7276381007269
2012-04-27 23:00:00,137.75106763578273
2012-04-28 00:00:00,107.17571645385937
2012-04-28 01:00:00,102.28493643663695
2012-04-28 02:00:00,37.68498108436344
2012-04-28 03:00:00,26.577104340206983
2012-04-28 04:00:00,8.692030166968747
2012-04-28 05:00:00,4.383915535334815
2012-04-28 06:00:00,22.85824561018666
2012-04-28 07:00:00,62.104904958908335
2012-04-28 08:00:00,146.85414488115225
2012-04-28 09:00:00,225.38745550632635
2012-04-28 10:00:00,353.5472354171218
2012-04-28 11:00:00,501.20897908155
2012-04-28 12:00:00,463.2097401734364
2012-04-28 13:00:00,424.12425419158905
2012-04-28 14:00:00,596.604406761844
2012-04-28 15:00:00,546.6863611273344
2012-04-28 16:00:00,425.87140195377845
2012-04-28 17:00:00,402.6697608073253
2012-04-28 18:00:00,203.4673714103118
2012-04-28 19:00:00,247.3961307239177
2012-04-28 20:00:00,196.1760053774093
2012-04-28 21:00:00,114.50280165687217
2012-04-28 22:00:00,185.38494550947473
2012-04-28 23:00:00,135.64369020177318
2012-04-29 00:00:00,38.73933398709386
2012-04-29 01:00:00,63.70809872064996
2012-04-29 02:00:00,68.44856921989701
2012-04-29 03:00:00,29.82743659375875
2012-04-29 04:00:00,10.984459417892646
2012-04-29 05:00:00,14.57113124908178
2012-04-29 06:00:00,20.66616719926362
2012-04-29 07:00:00,48.46041779694379
2012-04-29 08:00:00,125.08192545680816
2012-04-29 09:00:00,205.66910319371115
2012-04-29 10:00:00,389.31937781165453
2012-04-29 11:00:00,466.5293704982311
2012-04-29 12:00:00,681.3487499945793
2012-04-29 13:00:00,511.1635456526842
2012-04-29 14:00:00,459.60135336593424
2012-04-29 15:00:00,772.6695720645266
2012-04-29 16:00:00,535.1798760549347
2012-04-29 17:00:00,479.7705173615228
2012-04-29 18:00:00,371.65047266770586
2012-04-29 19:00:00,388.5324943509765
2012-04-29 20:00:00,232.40130812083254
2012-04-29 21:00:00,151.34911821237162
2012-04-29 22:00:00,103.00835828648776
2012-04-29 23:00:00,76.62715007190874
2012-04-30 00:00:00,36.77575916348424
2012-04-30 01:00:00,11.022311898485166
2012-04-30 02:00:00,7.3605449948105495
2012-04-30 03:00:00,3.9283563334493055
2012-04-30 04:00:00,2.7639025552673506
2012-04-30 05:00:00,23.29008093225775
2012-04-30 06:00:00,118.09670948649179
2012-04-30 07:00:00,381.48420243664015
2012-04-30 08:00:00,626.8538950263201
2012-04-30 09:00:00,320.9488646295772
2012-04-30 10:00:00,201.66116303011475
2012-04-30 11:00:00,221.41896535315308
2012-04-30 12:00:00,250.71247746163436
2012-04-30 13:00:00,257.37464034720335
2012-04-30 14:00:00,225.20631047904172
2012-04-30 15:00:00,341.28669180147193
2012-04-30 16:00:00,421.34904955903244
2012-04-30 17:00:00,781.2830341415587
2012-04-30 18:00:00,687.054452063711
2012-04-30 19:00:00,579.0571649743446
2012-04-30 20:00:00,352.2186693651445
2012-04-30 21:00:00,251.812579573713
2012-04-30 22:00:00,183.44201440420855
2012-04-30 23:00:00,91.07022763044868
2012-05-20 00:00:00,107.13004259550075
2012-05-20 01:00:00,78.29874684898769
2012-05-20 02:00:00,67.08674167835157
2012-05-20 03:00:00,24.824364094551502
2012-05-20 04:00:00,15.60131907495165
2012-05-20 05:00:00,10.430448510670537
2012-05-20 06:00:00,21.98160583341706
2012-05-20 07:00:00,62.47104685227741
2012-05-20 08:00:00,138.53320992987773
2012-05-20 09:00:00,203.80304583062198
2012-05-20 10:00:00,366.78879881894187
2012-05-20 11:00:00,462.64157626794304
2012-05-20 12:00:00,541.5178257309676
2012-05-20 13:00:00,617.6743955111779
2012-05-20 14:00:00,551.3891300262172
2012-05-20 15:00:00,470.2114567081508
2012-05-20 16:00:00,507.30208263461856
2012-05-20 17:00:00,529.1365932859651
2012-05-20 18:00:00,407.9952462738192
2012-05-20 19:00:00,312.1948042356372
2012-05-20 20:00:00,264.43375704259705
2012-05-20 21:00:00,211.03171263419418
2012-05-20 22:00:00,128.26455262445813
2012-05-20 23:00:00,57.61657063105921
2012-05-21 00:00:00,26.99538634779921
2012-05-21 01:00:00,13.430390593765269
2012-05-21 02:00:00,2.2837273097333024
2012-05-21 03:00:00,2.332939152982492
2012-05-21 04:00:00,4.319826733940699
2012-05-21 05:00:00,12.113918330779716
2012-05-21 06:00:00,63.733611293036276
2012-05-21 07:00:00,89.41734091000221
2012-05-21 08:00:00,172.59772354498125
2012-05-21 09:00:00,127.57789263553832
2012-05-21 10:00:00,68.73043282462571
2012-05-21 11:00:00,161.75117457075248
2012-05-21 12:00:00,232.43120764444984
2012-05-21 13:00:00,122.27786644302932
2012-05-21 14:00:00,102.04711407068268
2012-05-21 15:00:00,202.0044673133191
2012-05-21 16:00:00,258.51219059873154
2012-05-21 17:00:00,616.3476360703602
2012-05-21 18:00:00,651.8650786120223
2012-05-21 19:00:00,500.5428989617031
2012-05-21 20:00:00,320.42956744747636
2012-05-21 21:00:00,230.74739169519145
2012-05-21 22:00:00,144.07979298099704
2012-05-21 23:00:00,99.028705729498
2012-05-22 00:00:00,28.82434458366717
2012-05-22 01:00:00,15.005632976894596
2012-05-22 02:00:00,4.825146235510717
2012-05-22 03:00:00,4.135220449469376
2012-05-22 04:00:00,3.9451630554466446
2012-05-22 05:00:00,11.535164172210418
2012-05-22 06:00:00,48.74898140392999
2012-05-22 07:00:00,116.07851065362814
2012-05-22 08:00:00,467.07943268667026
2012-05-22 09:00:00,335.6162364218622
2012-05-22 10:00:00,137.79698515296448
2012-05-22 11:00:00,146.7388823030656
2012-05-22 12:00:00,236.5588597029684
2012-05-22 13:00:00,222.49755697372737
2012-05-22 14:00:00,166.63228781620174
2012-05-22 15:00:00,257.33885115318213
2012-05-22 16:00:00,418.5619863460496
2012-05-22 17:00:00,738.7841271368396
2012-05-22 18:00:00,798.9544615391891
2012-05-22 19:00:00,492.4518090998207
2012-05-22 20:00:00,354.1605163297492
2012-05-22 21:00:00,249.18888465990437
2012-05-22 22:00:00,196.3522767572042
2012-05-22 23:00:00,104.87137184273288
2012-05-23 00:00:00,54.905655762685136
2012-05-23 01:00:00,16.10146421020207
2012-05-23 02:00:00,11.125689291558189
2012-05-23 03:00:00,5.3097486338910045
2012-05-23 04:00:00,5.060429932377468
2012-05-23 05:00:00,9.55421796049608
2012-05-23 06:00:00,187.4109373323618
2012-05-23 07:00:00,495.24573122177566
2012-05-23 08:00:00,668.5182671586431
2012-05-23 09:00:00,333.3270294031981
2012-05-23 10:00:00,183.21797223629238
2012-05-23 11:00:00,228.16759626246787
2012-05-23 12:00:00,282.3836051120333
2012-05-23 13:00:00,239.82167193701244
2012-05-23 14:00:00,239.3154061247372
2012-05-23 15:00:00,249.764297529971
2012-05-23 16:00:00,265.8853944510823
2012-05-23 17:00:00,455.8969142990605
2012-05-23 18:00:00,700.5416539822763
2012-05-23 19:00:00,448.77712639183886
2012-05-23 20:00:00,266.3087282730795
2012-05-23 21:00:00,175.220267272891
2012-05-23 22:00:00,129.31960628343842
2012-05-23 23:00:00,157.75766328695656
2012-05-24 00:00:00,68.53305956284703
2012-05-24 01:00:00,23.99032911078665
2012-05-24 02:00:00,14.938619143319334
2012-05-24 03:00:00,4.372832139123224
2012-05-24 04:00:00,7.6052858678368995
2012-05-24 05:00:00,35.24893539304809
2012-05-24 06:00:00,166.05035660915541
2012-05-24 07:00:00,493.1013866424074
2012-05-24 08:00:00,701.2921599478776
2012-05-24 09:00:00,276.4950094789031
2012-05-24 10:00:00,191.17302857679502
2012-05-24 11:00:00,239.76545191015006
2012-05-24 12:00:00,280.75226517940257
2012-05-24 13:00:00,319.13065882185515
2012-05-24 14:00:00,219.42091334527095
2012-05-24 15:00:00,282.09018043293923
2012-05-24 16:00:00,366.93348060779755
2012-05-24 17:00:00,760.4707950482799
2012-05-24 18:00:00,808.8045559536428
2012-05-24 19:00:00,540.708662067195
2012-05-24 20:00:00,336.2374053440398
2012-05-24 21:00:00,245.26539377198893
2012-05-24 22:00:00,217.79093890788639
2012-05-24 23:00:00,130.4625488612611
2012-05-25 00:00:00,82.95523588415413
2012-05-25 01:00:00,39.72464669313481
2012-05-25 02:00:00,11.572996291973292
2012-05-25 03:00:00,5.284892843764602
2012-05-25 04:00:00,3.2200237831327945
2012-05-25 05:00:00,28.264501866505583
2012-05-25 06:00:00,129.74711758688017
2012-05-25 07:00:00,334.59547671760805
2012-05-25 08:00:00,515.4455762202211
2012-05-25 09:00:00,310.51557811018176
2012-05-25 10:00:00,213.17696422523747
2012-05-25 11:00:00,260.11407033796394
2012-05-25 12:00:00,334.75169680089414
2012-05-25 13:00:00,310.72628702909066
2012-05-25 14:00:00,276.96716430299347
2012-05-25 15:00:00,336.6286850928572
2012-05-25 16:00:00,440.42072933458843
2012-05-25 17:00:00,643.8342767036465
2012-05-25 18:00:00,607.5912557111399
2012-05-25 19:00:00,421.7734833655413
2012-05-25 20:00:00,326.7191660072011
2012-05-25 21:00:00,269.5447162240215
2012-05-25 22:00:00,297.74059315060475
2012-05-25 23:00:00,193.1040030687177
2012-05-26 00:00:00,190.35506858474537
2012-05-26 01:00:00,138.74958239166372
2012-05-26 02:00:00,71.43094189793013
2012-05-26 03:00:00,35.03516505534749
2012-05-26 04:00:00,8.267137703544874
2012-05-26 05:00:00,16.08929982813544
2012-05-26 06:00:00,45.04942287968447
2012-05-26 07:00:00,84.51364675755977
2012-05-26 08:00:00,222.37381522572548
2012-05-26 09:00:00,307.0715108238808
2012-05-26 10:00:00,424.3787694093636
2012-05-26 11:00:00,522.2511227245059
2012-05-26 12:00:00,581.7868923117277
2012-05-26 13:00:00,536.2655228999831
2012-05-26 14:00:00,589.7949029562703
2012-05-26 15:00:00,576.3022363365221
2012-05-26 16:00:00,557.8693619947585
2012-05-26 17:00:00,554.894909958649
2012-05-26 18:00:00,565.8010353285894
2012-05-26 19:00:00,392.79840036749596
2012-05-26 20:00:00,252.7305883957677
2012-05-26 21:00:00,243.20741503175
2012-05-26 22:00:00,281.9055798957707
2012-05-26 23:00:00,185.5664037487693
2012-05-27 00:00:00,139.4278355862898
2012-05-27 01:00:00,98.15831633430783
2012-05-27 02:00:00,54.36645752699449
2012-05-27 03:00:00,30.58048069088505
2012-05-27 04:00:00,9.825027219200408
2012-05-27 05:00:00,11.729825838853744
2012-05-27 06:00:00,17.905439490130032
2012-05-27 07:00:00,51.15080755837186
2012-05-27 08:00:00,139.28919355324058
2012-05-27 09:00:00,196.66871280134762
2012-05-27 10:00:00,347.76908459791446
2012-05-27 11:00:00,457.6125180734852
2012-05-27 12:00:00,501.37060402021206
2012-05-27 13:00:00,460.15803022030474
2012-05-27 14:00:00,524.2706641118513
2012-05-27 15:00:00,509.14651806314924
2012-05-27 16:00:00,432.17078777892516
2012-05-27 17:00:00,477.80816924951466
2012-05-27 18:00:00,439.44416140731295
2012-05-27 19:00:00,314.57121864110223
2012-05-27 20:00:00,246.72917081653262
2012-05-27 21:00:00,114.0367208005455
2012-05-27 22:00:00,88.34253292767458
2012-05-27 23:00:00,80.24636024937085
2012-05-28 00:00:00,102.51986286988951
2012-05-28 01:00:00,58.56154240156595
2012-05-28 02:00:00,16.945673533334794
2012-05-28 03:00:00,10.770860285081465
2012-05-28 04:00:00,6.7743636635305275
2012-05-28 05:00:00,16.707999822094404
2012-05-28 06:00:00,32.74598698758528
2012-05-28 07:00:00,74.98200097086828
2012-05-28 08:00:00,148.67513770649305
2012-05-28 09:00:00,198.81604151837143
2012-05-28 10:00:00,272.75652114841415
2012-05-28 11:00:00,330.8606133052735
2012-05-28 12:00:00,387.8295470355854
2012-05-28 13:00:00,318.97745617530916
2012-05-28 14:00:00,371.1197094819448
2012-05-28 15:00:00,338.41417628538665
2012-05-28 16:00:00,361.31584599167616
2012-05-28 17:00:00,471.68872752150884
2012-05-28 18:00:00,503.35744711894614
2012-05-28 19:00:00,376.49051975178764
2012-05-28 20:00:00,289.8133953486283
2012-05-28 21:00:00,232.47453924849577
2012-05-28 22:00:00,208.87132779328866
2012-05-28 23:00:00,94.20274242551318
2012-05-29 00:00:00,35.68032838739687
2012-05-29 01:00:00,19.18852178041674
2012-05-29 02:00:00,5.406489701914449
2012-05-29 03:00:00,5.267551661676084
2012-05-29 04:00:00,6.140322261786423
2012-05-29 05:00:00,33.949682629393166
2012-05-29 06:00:00,179.02400398814464
2012-05-29 07:00:00,462.30482047053175
2012-05-29 08:00:00,630.4580582244852
2012-05-29 09:00:00,310.4685736815482
2012-05-29 10:00:00,169.4330210569968
2012-05-29 11:00:00,198.73631541839114
2012-05-29 12:00:00,259.3807671348854
2012-05-29 13:00:00,238.525260859613
2012-05-29 14:00:00,193.19542466031282
2012-05-29 15:00:00,232.10723092372635
2012-05-29 16:00:00,311.83538505206644
2012-05-29 17:00:00,657.1178250909694
2012-05-29 18:00:00,682.917629905775
2012-05-29 19:00:00,473.97537675509096
2012-05-29 20:00:00,195.07128898067543
2012-05-29 21:00:00,95.29074194550063
2012-05-29 22:00:00,138.36773866561586
2012-05-29 23:00:00,84.6622189921789
2012-05-30 00:00:00,31.2341562499749
2012-05-30 01:00:00,15.963208504664351
2012-05-30 02:00:00,5.933549986327635
2012-05-30 03:00:00,2.840316790998382
2012-05-30 04:00:00,3.0002023834455605
2012-05-30 05:00:00,30.918748823292
2012-05-30 06:00:00,157.6016679965608
2012-05-30 07:00:00,153.44574887020633
2012-05-30 08:00:00,747.1255535031542
2012-05-30 09:00:00,335.18581983942886
2012-05-30 10:00:00,160.64095234236993
2012-05-30 11:00:00,222.05159806295987
2012-05-30 12:00:00,314.1588254315912
2012-05-30 13:00:00,309.65774935838664
2012-05-30 14:00:00,262.7422265888442
2012-05-30 15:00:00,301.6007340800746
2012-05-30 16:00:00,434.5611950303874
2012-05-30 17:00:00,726.7146137608271
2012-05-30 18:00:00,770.0860738932756
2012-05-30 19:00:00,608.7111153041918
2012-05-30 20:00:00,352.48741967541736
2012-05-30 21:00:00,390.1652470278313
2012-05-30 22:00:00,278.91769388576785
2012-05-30 23:00:00,160.30341803602434
2012-05-31 00:00:00,69.45278552019866
2012-05-31 01:00:00,23.630604336184867
2012-05-31 02:00:00,8.449860095581553
2012-05-31 03:00:00,5.31524491423604
2012-05-31 04:00:00,10.188011122489705
2012-05-31 05:00:00,39.96374625371882
2012-05-31 06:00:00,168.885934939541
2012-05-31 07:00:00,494.93087927880117
2012-05-31 08:00:00,753.0904293399988
2012-05-31 09:00:00,320.8773296761942
2012-05-31 10:00:00,191.0515769069029
2012-05-31 11:00:00,261.37877048363475
2012-05-31 12:00:00,322.41015453521265
2012-05-31 13:00:00,303.9294175632603
2012-05-31 14:00:00,227.51168456612712
2012-05-31 15:00:00,293.09545554539767
2012-05-31 16:00:00,394.5309305748016
2012-05-31 17:00:00,815.1453961514366
2012-05-31 18:00:00,810.2648627945897
2012-05-31 19:00:00,590.108363177263
2012-05-31 20:00:00,431.05357830646096
2012-05-31 21:00:00,337.4441290197036
2012-05-31 22:00:00,305.89538651979984
2012-05-31 23:00:00,180.5759859275665
2012-06-20 00:00:00,56.80493498803567
2012-06-20 01:00:00,30.30740980354164
2012-06-20 02:00:00,5.332908390383932
2012-06-20 03:00:00,8.740362066645517
2012-06-20 04:00:00,5.08727369955746
2012-06-20 05:00:00,50.25262267805516
2012-06-20 06:00:00,175.64037796796018
2012-06-20 07:00:00,472.4583098029463
2012-06-20 08:00:00,772.1325648793263
2012-06-20 09:00:00,328.2607354438366
2012-06-20 10:00:00,160.4655091708657
2012-06-20 11:00:00,200.28355966973723
2012-06-20 12:00:00,272.2268433802919
2012-06-20 13:00:00,251.93488383862345
2012-06-20 14:00:00,231.1216214489596
2012-06-20 15:00:00,233.15063197148027
2012-06-20 16:00:00,346.4011823907315
2012-06-20 17:00:00,652.7337024328567
2012-06-20 18:00:00,671.2129128839588
2012-06-20 19:00:00,530.518695800682
2012-06-20 20:00:00,438.71696876076714
2012-06-20 21:00:00,313.9052887210707
2012-06-20 22:00:00,205.37442508625423
2012-06-20 23:00:00,153.0022655972619
2012-06-21 00:00:00,76.96463252791627
2012-06-21 01:00:00,24.419050539660297
2012-06-21 02:00:00,8.157486346976652
2012-06-21 03:00:00,4.955896062549834
2012-06-21 04:00:00,5.287219770379345
2012-06-21 05:00:00,43.56346958865212
2012-06-21 06:00:00,216.04570581608033
2012-06-21 07:00:00,532.3340899516971
2012-06-21 08:00:00,641.9837008315865
2012-06-21 09:00:00,316.76855035412103
2012-06-21 10:00:00,157.60595643646602
2012-06-21 11:00:00,190.5109237923501
2012-06-21 12:00:00,254.9644017563563
2012-06-21 13:00:00,231.39222133220196
2012-06-21 14:00:00,223.9226315909002
2012-06-21 15:00:00,212.36209798756397
2012-06-21 16:00:00,336.3193797521337
2012-06-21 17:00:00,652.9591819183179
2012-06-21 18:00:00,679.4073589838594
2012-06-21 19:00:00,505.4901894277033
2012-06-21 20:00:00,447.5931313209437
2012-06-21 21:00:00,277.7840066361067
2012-06-21 22:00:00,214.3636043306596
2012-06-21 23:00:00,144.5108416705016
2012-06-22 00:00:00,89.6273111236578
2012-06-22 01:00:00,33.500559621128424
2012-06-22 02:00:00,17.568919832955576
2012-06-22 03:00:00,8.81054477052494
2012-06-22 04:00:00,8.822723112306722
2012-06-22 05:00:00,42.60201937937411
2012-06-22 06:00:00,173.37762874809818
2012-06-22 07:00:00,410.74460811435824
2012-06-22 08:00:00,744.5899085213331
2012-06-22 09:00:00,346.22194680901987
2012-06-22 10:00:00,210.91459970850826
2012-06-22 11:00:00,231.44396604456765
2012-06-22 12:00:00,307.0326747589792
2012-06-22 13:00:00,312.205834894463
2012-06-22 14:00:00,294.0930833487566
2012-06-22 15:00:00,285.5754431877892
2012-06-22 16:00:00,401.416304307592
2012-06-22 17:00:00,765.0252332979328
2012-06-22 18:00:00,580.1373969656121
2012-06-22 19:00:00,374.53333626390264
2012-06-22 20:00:00,294.2332729871129
2012-06-22 21:00:00,135.48126402495197
2012-06-22 22:00:00,286.16010173234724
2012-06-22 23:00:00,158.387444046658
2012-06-23 00:00:00,141.5059015622961
2012-06-23 01:00:00,121.48554716696984
2012-06-23 02:00:00,56.43090423588921
2012-06-23 03:00:00,34.714366685660366
2012-06-23 04:00:00,9.027734161608663
2012-06-23 05:00:00,16.969249775242663
2012-06-23 06:00:00,50.72363728376668
2012-06-23 07:00:00,70.48446225426352
2012-06-23 08:00:00,269.9073837181055
2012-06-23 09:00:00,328.3569818060147
2012-06-23 10:00:00,431.5047921228712
2012-06-23 11:00:00,546.1484147449211
2012-06-23 12:00:00,587.5221294888041
2012-06-23 13:00:00,553.8129015001869
2012-06-23 14:00:00,587.9696533962062
2012-06-23 15:00:00,509.1806299973848
2012-06-23 16:00:00,526.2886027239559
2012-06-23 17:00:00,592.3188283341024
2012-06-23 18:00:00,501.80446015854966
2012-06-23 19:00:00,401.1309608559277
2012-06-23 20:00:00,365.0811636365631
2012-06-23 21:00:00,272.18732935165497
2012-06-23 22:00:00,185.8784669091911
2012-06-23 23:00:00,195.89043797843829
2012-06-24 00:00:00,143.25476460218414
2012-06-24 01:00:00,135.01505962091562
2012-06-24 02:00:00,90.28848605920409
2012-06-24 03:00:00,48.97669930290496
2012-06-24 04:00:00,19.76680799065609
2012-06-24 05:00:00,14.465417486123055
2012-06-24 06:00:00,30.9931105815548
2012-06-24 07:00:00,62.30132842077832
2012-06-24 08:00:00,161.03398778738543
2012-06-24 09:00:00,242.34366352021
2012-06-24 10:00:00,393.33377796369473
2012-06-24 11:00:00,494.84290564128406
2012-06-24 12:00:00,561.3402029452157
2012-06-24 13:00:00,528.1654785853516
2012-06-24 14:00:00,512.0259283390659
2012-06-24 15:00:00,482.7087799534891
2012-06-24 16:00:00,460.20559502301904
2012-06-24 17:00:00,541.0083030142439
2012-06-24 18:00:00,447.34767253658003
2012-06-24 19:00:00,401.8978984301584
2012-06-24 20:00:00,345.8298540914613
2012-06-24 21:00:00,234.31080730941594
2012-06-24 22:00:00,147.96893391634816
2012-06-24 23:00:00,103.01347657872151
2012-06-25 00:00:00,41.31317421887033
2012-06-25 01:00:00,21.757963347435926
2012-06-25 02:00:00,14.56908285893857
2012-06-25 03:00:00,7.74686375283814
2012-06-25 04:00:00,6.921341857153481
2012-06-25 05:00:00,46.492552559056605
2012-06-25 06:00:00,145.37950728829924
2012-06-25 07:00:00,519.2748662430948
2012-06-25 08:00:00,738.4159342445556
2012-06-25 09:00:00,312.1915589622258
2012-06-25 10:00:00,153.92023509114523
2012-06-25 11:00:00,186.67895337691843
2012-06-25 12:00:00,276.5836683318241
2012-06-25 13:00:00,290.61299744964094
2012-06-25 14:00:00,256.03612977570276
2012-06-25 15:00:00,249.61621430754658
2012-06-25 16:00:00,380.8537099449237
2012-06-25 17:00:00,779.3504177208491
2012-06-25 18:00:00,742.5288708812224
2012-06-25 19:00:00,500.3128720004369
2012-06-25 20:00:00,462.80108922581877
2012-06-25 21:00:00,258.5165587640481
2012-06-25 22:00:00,183.47273190478296
2012-06-25 23:00:00,100.44937048715933
2012-06-26 00:00:00,32.93207573267661
2012-06-26 01:00:00,15.742466531203412
2012-06-26 02:00:00,7.937457266048391
2012-06-26 03:00:00,3.460365237235271
2012-06-26 04:00:00,4.602615600184862
2012-06-26 05:00:00,44.13320964206791
2012-06-26 06:00:00,161.69927809127492
2012-06-26 07:00:00,454.82797956038934
2012-06-26 08:00:00,631.6430003107391
2012-06-26 09:00:00,288.848077694387
2012-06-26 10:00:00,190.1911776020017
2012-06-26 11:00:00,221.9515690277231
2012-06-26 12:00:00,294.4782071596754
2012-06-26 13:00:00,258.7096981957012
2012-06-26 14:00:00,252.6226585422045
2012-06-26 15:00:00,260.0054669233153
2012-06-26 16:00:00,411.3674466742979
2012-06-26 17:00:00,855.5488179856441
2012-06-26 18:00:00,858.1058568630898
2012-06-26 19:00:00,608.7085365509778
2012-06-26 20:00:00,440.91318230956483
2012-06-26 21:00:00,294.76489907449394
2012-06-26 22:00:00,233.84226915533773
2012-06-26 23:00:00,128.79411884455897
2012-06-27 00:00:00,53.83216941844366
2012-06-27 01:00:00,26.73220165488899
2012-06-27 02:00:00,6.78617907473331
2012-06-27 03:00:00,3.827190116785242
2012-06-27 04:00:00,5.429223947770618
2012-06-27 05:00:00,43.19394993503553
2012-06-27 06:00:00,231.8330058176832
2012-06-27 07:00:00,492.42659670454225
2012-06-27 08:00:00,850.4250268371516
2012-06-27 09:00:00,349.9966145210228
2012-06-27 10:00:00,198.22749088191165
2012-06-27 11:00:00,210.21535372709218
2012-06-27 12:00:00,306.9147862627521
2012-06-27 13:00:00,277.4907712791495
2012-06-27 14:00:00,249.805926578267
2012-06-27 15:00:00,261.7337337398771
2012-06-27 16:00:00,375.03068325913307
2012-06-27 17:00:00,786.0328482755689
2012-06-27 18:00:00,757.8542768542596
2012-06-27 19:00:00,562.7600849020056
2012-06-27 20:00:00,460.4720293039147
2012-06-27 21:00:00,318.95169604714687
2012-06-27 22:00:00,249.86730642352694
2012-06-27 23:00:00,163.1834350917885
2012-06-28 00:00:00,67.49585697849058
2012-06-28 01:00:00,24.35734503498549
2012-06-28 02:00:00,8.937158373787689
2012-06-28 03:00:00,5.760542556907477
2012-06-28 04:00:00,4.457477021800651
2012-06-28 05:00:00,47.84213241867532
2012-06-28 06:00:00,217.59405562657486
2012-06-28 07:00:00,563.0895789621218
2012-06-28 08:00:00,787.9894231210255
2012-06-28 09:00:00,347.9938040997297
2012-06-28 10:00:00,182.87247281079695
2012-06-28 11:00:00,213.50843804222444
2012-06-28 12:00:00,295.5755360775626
2012-06-28 13:00:00,267.11914238475146
2012-06-28 14:00:00,249.61895668953147
2012-06-28 15:00:00,260.9282369858454
2012-06-28 16:00:00,367.7924569582812
2012-06-28 17:00:00,737.9824129603678
2012-06-28 18:00:00,703.7805148300065
2012-06-28 19:00:00,555.9598917364762
2012-06-28 20:00:00,478.87209741716487
2012-06-28 21:00:00,294.2829759009971
2012-06-28 22:00:00,217.96533764246993
2012-06-28 23:00:00,148.37883815275498
2012-06-29 00:00:00,98.66024868936633
2012-06-29 01:00:00,33.841128891822436
2012-06-29 02:00:00,15.686756536804076
2012-06-29 03:00:00,8.495367421855224
2012-06-29 04:00:00,6.916256070529033
2012-06-29 05:00:00,49.92471220830464
2012-06-29 06:00:00,229.978547332112
2012-06-29 07:00:00,435.18966751641454
2012-06-29 08:00:00,792.2368166404549
2012-06-29 09:00:00,344.7836678314905
2012-06-29 10:00:00,181.02237827770418
2012-06-29 11:00:00,212.25840287032352
2012-06-29 12:00:00,294.75259479779453
2012-06-29 13:00:00,275.95236193920323
2012-06-29 14:00:00,247.754710157079
2012-06-29 15:00:00,237.770873149966
2012-06-29 16:00:00,325.4799313440403
2012-06-29 17:00:00,514.7506248049104
2012-06-29 18:00:00,513.1944904258
2012-06-29 19:00:00,392.36269279038294
2012-06-29 20:00:00,317.3709381800364
2012-06-29 21:00:00,275.03576572387874
2012-06-29 22:00:00,126.50878176243566
2012-06-29 23:00:00,140.5244544490286
2012-06-30 00:00:00,72.40850208354479
2012-06-30 01:00:00,68.2958268543087
2012-06-30 02:00:00,50.34774605474973
2012-06-30 03:00:00,32.43522028195699
2012-06-30 04:00:00,8.344895991993411
2012-06-30 05:00:00,13.346926337956535
2012-06-30 06:00:00,50.05112793098748
2012-06-30 07:00:00,68.76175526759646
2012-06-30 08:00:00,181.62230132870883
2012-06-30 09:00:00,241.0400060937418
2012-06-30 10:00:00,350.3704361828942
2012-06-30 11:00:00,449.6812942715839
2012-06-30 12:00:00,518.2128299154869
2012-06-30 13:00:00,508.9917611380675
2012-06-30 14:00:00,498.3464871039442
2012-06-30 15:00:00,477.4311610051628
2012-06-30 16:00:00,468.05774089660997
2012-06-30 17:00:00,508.27535061193026
2012-06-30 18:00:00,412.05592889331643
2012-06-30 19:00:00,374.1020871337093
2012-06-30 20:00:00,343.5766499514853
2012-06-30 21:00:00,266.6531669488095
2012-06-30 22:00:00,201.52902137303607
2012-06-30 23:00:00,184.0174418115379
2012-07-20 00:00:00,33.96913682572441
2012-07-20 01:00:00,29.081043052444038
2012-07-20 02:00:00,13.073334756802002
2012-07-20 03:00:00,3.824415437443837
2012-07-20 04:00:00,6.710112514574795
2012-07-20 05:00:00,25.225738330224484
2012-07-20 06:00:00,123.51203791089551
2012-07-20 07:00:00,283.84107644079785
2012-07-20 08:00:00,643.9749296483398
2012-07-20 09:00:00,370.02372909452384
2012-07-20 10:00:00,231.01888126264802
2012-07-20 11:00:00,156.07915154841564
2012-07-20 12:00:00,126.27373824230878
2012-07-20 13:00:00,151.76341865403444
2012-07-20 14:00:00,145.62094695793445
2012-07-20 15:00:00,204.84742191639708
2012-07-20 16:00:00,334.7487745473634
2012-07-20 17:00:00,356.30525800016676
2012-07-20 18:00:00,485.630456220623
2012-07-20 19:00:00,284.7253696482836
2012-07-20 20:00:00,63.94889964161315
2012-07-20 21:00:00,111.7777217703401
2012-07-20 22:00:00,126.95572674911304
2012-07-20 23:00:00,160.11370669655662
2012-07-21 00:00:00,71.05244914723384
2012-07-21 01:00:00,78.37388423946673
2012-07-21 02:00:00,22.39596832419942
2012-07-21 03:00:00,13.163722520969507
2012-07-21 04:00:00,4.918129470304191
2012-07-21 05:00:00,3.795923390415741
2012-07-21 06:00:00,27.782565919248114
2012-07-21 07:00:00,58.45125231084732
2012-07-21 08:00:00,176.85097241292763
2012-07-21 09:00:00,272.3695131297078
2012-07-21 10:00:00,153.65208637770922
2012-07-21 11:00:00,421.5284293430161
2012-07-21 12:00:00,251.38553479222364
2012-07-21 13:00:00,239.81259318232608
2012-07-21 14:00:00,425.8874480810893
2012-07-21 15:00:00,302.7273997032258
2012-07-21 16:00:00,176.46914193081602
2012-07-21 17:00:00,196.1951277471982
2012-07-21 18:00:00,289.65047279505967
2012-07-21 19:00:00,330.90662349225533
2012-07-21 20:00:00,115.77675144901536
2012-07-21 21:00:00,219.3297730592272
2012-07-21 22:00:00,163.15431213985195
2012-07-21 23:00:00,205.2693720130307
2012-07-22 00:00:00,132.98916719806277
2012-07-22 01:00:00,94.76764490263692
2012-07-22 02:00:00,103.3416968261777
2012-07-22 03:00:00,39.09915497793894
2012-07-22 04:00:00,22.916724507292123
2012-07-22 05:00:00,15.38073569291478
2012-07-22 06:00:00,12.599155887095316
2012-07-22 07:00:00,37.588827433766625
2012-07-22 08:00:00,98.98698190275782
2012-07-22 09:00:00,265.02385888052424
2012-07-22 10:00:00,384.1728102484834
2012-07-22 11:00:00,452.03344045588267
2012-07-22 12:00:00,561.785021980648
2012-07-22 13:00:00,651.7241935240243
2012-07-22 14:00:00,502.51893529754983
2012-07-22 15:00:00,467.76144713306684
2012-07-22 16:00:00,414.6255400659008
2012-07-22 17:00:00,359.0851231244277
2012-07-22 18:00:00,294.55200931688626
2012-07-22 19:00:00,337.7317272926533
2012-07-22 20:00:00,290.7569733551417
2012-07-22 21:00:00,203.0496646555301
2012-07-22 22:00:00,151.60362477195042
2012-07-22 23:00:00,100.64757048200869
2012-07-23 00:00:00,72.43712449450435
2012-07-23 01:00:00,20.230294025955388
2012-07-23 02:00:00,9.585901614251389
2012-07-23 03:00:00,4.487460443515897
2012-07-23 04:00:00,6.58126429033467
2012-07-23 05:00:00,17.45862796538981
2012-07-23 06:00:00,120.44242617090201
2012-07-23 07:00:00,429.58243351936625
2012-07-23 08:00:00,494.4424157657624
2012-07-23 09:00:00,358.1075488386679
2012-07-23 10:00:00,204.3019380769977
2012-07-23 11:00:00,224.48935481687275
2012-07-23 12:00:00,277.99734804875357
2012-07-23 13:00:00,286.07790085532883
2012-07-23 14:00:00,230.41316162467626
2012-07-23 15:00:00,255.85203637284502
2012-07-23 16:00:00,414.4697891948327
2012-07-23 17:00:00,798.0392148921331
2012-07-23 18:00:00,798.0188867669834
2012-07-23 19:00:00,590.3355077350843
2012-07-23 20:00:00,441.5414265395312
2012-07-23 21:00:00,282.2864973349542
2012-07-23 22:00:00,204.5940663449431
2012-07-23 23:00:00,106.56021310863898
2012-07-24 00:00:00,56.118219636527954
2012-07-24 01:00:00,16.784924340159645
2012-07-24 02:00:00,10.74207552255323
2012-07-24 03:00:00,3.395221424352629
2012-07-24 04:00:00,5.279137864709881
2012-07-24 05:00:00,36.917160438003016
2012-07-24 06:00:00,164.84690435524422
2012-07-24 07:00:00,439.23701410250663
2012-07-24 08:00:00,674.996719267965
2012-07-24 09:00:00,278.2717771603153
2012-07-24 10:00:00,176.29415104489954
2012-07-24 11:00:00,183.69836863844137
2012-07-24 12:00:00,232.125875630914
2012-07-24 13:00:00,204.47876248440514
2012-07-24 14:00:00,206.7170476920725
2012-07-24 15:00:00,244.0219132662587
2012-07-24 16:00:00,350.5269585351936
2012-07-24 17:00:00,698.6195559581812
2012-07-24 18:00:00,736.0602695068309
2012-07-24 19:00:00,559.0637511846005
2012-07-24 20:00:00,430.0036501682076
2012-07-24 21:00:00,290.23607809592556
2012-07-24 22:00:00,225.43105852733498
2012-07-24 23:00:00,129.265998721985
2012-07-25 00:00:00,56.962362243792604
2012-07-25 01:00:00,22.48401427511674
2012-07-25 02:00:00,6.8949438069447355
2012-07-25 03:00:00,6.64450060485635
2012-07-25 04:00:00,5.96620085472189
2012-07-25 05:00:00,47.484829610340284
2012-07-25 06:00:00,169.16868973205308
2012-07-25 07:00:00,521.2682742604304
2012-07-25 08:00:00,614.1423351553192
2012-07-25 09:00:00,316.62666576154453
2012-07-25 10:00:00,168.79586482108488
2012-07-25 11:00:00,211.25394483347918
2012-07-25 12:00:00,250.544523777277
2012-07-25 13:00:00,276.3782963593523
2012-07-25 14:00:00,226.1530880194628
2012-07-25 15:00:00,297.08824890476296
2012-07-25 16:00:00,381.85118804427657
2012-07-25 17:00:00,701.3663474186734
2012-07-25 18:00:00,732.4291040916228
2012-07-25 19:00:00,590.0844228101363
2012-07-25 20:00:00,436.1499547857107
2012-07-25 21:00:00,342.68369501002275
2012-07-25 22:00:00,259.2204068776733
2012-07-25 23:00:00,151.0485803547279
2012-07-26 00:00:00,67.12329451884433
2012-07-26 01:00:00,28.01493088663902
2012-07-26 02:00:00,9.432253015490778
2012-07-26 03:00:00,5.922235859202067
2012-07-26 04:00:00,6.429468649931113
2012-07-26 05:00:00,42.87396278387602
2012-07-26 06:00:00,193.0216995122393
2012-07-26 07:00:00,513.2099557738464
2012-07-26 08:00:00,675.1103358557184
2012-07-26 09:00:00,350.7078839250332
2012-07-26 10:00:00,176.14922403588793
2012-07-26 11:00:00,196.7463064938314
2012-07-26 12:00:00,231.88131403574587
2012-07-26 13:00:00,257.1992072282305
2012-07-26 14:00:00,196.84054698354052
2012-07-26 15:00:00,219.01112979436883
2012-07-26 16:00:00,368.2342362924506
2012-07-26 17:00:00,637.435367016265
2012-07-26 18:00:00,647.8345346118793
2012-07-26 19:00:00,493.57471965203234
2012-07-26 20:00:00,443.9582848637306
2012-07-26 21:00:00,265.0875636774069
2012-07-26 22:00:00,222.48662400716498
2012-07-26 23:00:00,182.94041572480108
2012-07-27 00:00:00,94.77004620854358
2012-07-27 01:00:00,45.117010724928726
2012-07-27 02:00:00,14.934554815635106
2012-07-27 03:00:00,6.361847434087943
2012-07-27 04:00:00,9.008922510677591
2012-07-27 05:00:00,33.23833765489869
2012-07-27 06:00:00,132.2879722311446
2012-07-27 07:00:00,369.1116793264082
2012-07-27 08:00:00,599.9951103585282
2012-07-27 09:00:00,298.0526426093431
2012-07-27 10:00:00,199.11074589345773
2012-07-27 11:00:00,230.85325807810838
2012-07-27 12:00:00,276.2784301053308
2012-07-27 13:00:00,299.29141603606536
2012-07-27 14:00:00,293.6341394648038
2012-07-27 15:00:00,319.2175836357802
2012-07-27 16:00:00,395.469289220333
2012-07-27 17:00:00,562.3665460912806
2012-07-27 18:00:00,540.0207053665551
2012-07-27 19:00:00,419.7010263199941
2012-07-27 20:00:00,339.7384212825299
2012-07-27 21:00:00,279.22936392498866
2012-07-27 22:00:00,261.4030143020542
2012-07-27 23:00:00,195.21054236109384
2012-07-28 00:00:00,166.0331758406081
2012-07-28 01:00:00,114.20812241305468
2012-07-28 02:00:00,74.21195862022188
2012-07-28 03:00:00,28.434765301196585
2012-07-28 04:00:00,11.853971254657305
2012-07-28 05:00:00,14.326686441717428
2012-07-28 06:00:00,38.78607524985379
2012-07-28 07:00:00,64.77016615104598
2012-07-28 08:00:00,185.44812596029973
2012-07-28 09:00:00,258.79049691710236
2012-07-28 10:00:00,371.4234031138192
2012-07-28 11:00:00,429.7501786498822
2012-07-28 12:00:00,491.3325901004683
2012-07-28 13:00:00,495.633442755234
2012-07-28 14:00:00,546.8051293722312
2012-07-28 15:00:00,409.1792686975906
2012-07-28 16:00:00,448.7130953411605
2012-07-28 17:00:00,419.81341682431315
2012-07-28 18:00:00,411.0167464840176
2012-07-28 19:00:00,368.7853497327905
2012-07-28 20:00:00,381.23133196169596
2012-07-28 21:00:00,265.40624490620945
2012-07-28 22:00:00,230.17983173901536
2012-07-28 23:00:00,223.100126776402
2012-07-29 00:00:00,209.9708050382067
2012-07-29 01:00:00,152.5661887922291
2012-07-29 02:00:00,92.08334217594084
2012-07-29 03:00:00,37.507022776003915
2012-07-29 04:00:00,6.646639079720162
2012-07-29 05:00:00,9.09646215467201
2012-07-29 06:00:00,16.722840540483947
2012-07-29 07:00:00,57.21167865906341
2012-07-29 08:00:00,130.20895538799095
2012-07-29 09:00:00,227.0242355024057
2012-07-29 10:00:00,354.7069679657222
2012-07-29 11:00:00,459.23451659872705
2012-07-29 12:00:00,481.58437871084413
2012-07-29 13:00:00,471.46307184515354
2012-07-29 14:00:00,502.0784270451246
2012-07-29 15:00:00,497.94240578937314
2012-07-29 16:00:00,427.0078680136563
2012-07-29 17:00:00,379.3369511172547
2012-07-29 18:00:00,351.2055685839398
2012-07-29 19:00:00,325.36816887666197
2012-07-29 20:00:00,278.925442228622
2012-07-29 21:00:00,214.2504045069137
2012-07-29 22:00:00,147.03018182275437
2012-07-29 23:00:00,106.31160683677423
2012-07-30 00:00:00,60.71286718549704
2012-07-30 01:00:00,22.562406133846572
2012-07-30 02:00:00,14.134253026238163
2012-07-30 03:00:00,7.416085008702847
2012-07-30 04:00:00,8.793007973650424
2012-07-30 05:00:00,45.00801725178058
2012-07-30 06:00:00,155.80909085626354
2012-07-30 07:00:00,432.53615617161694
2012-07-30 08:00:00,504.2178822611116
2012-07-30 09:00:00,380.5220365302944
2012-07-30 10:00:00,180.49945478933353
2012-07-30 11:00:00,229.62249193852807
2012-07-30 12:00:00,285.28193487736473
2012-07-30 13:00:00,265.4035952983489
2012-07-30 14:00:00,245.9884768324728
2012-07-30 15:00:00,250.61456898573633
2012-07-30 16:00:00,397.99409495929797
2012-07-30 17:00:00,796.5802612201295
2012-07-30 18:00:00,790.1172916394543
2012-07-30 19:00:00,600.2050087613558
2012-07-30 20:00:00,411.51545699144623
2012-07-30 21:00:00,242.08199210020828
2012-07-30 22:00:00,158.70864917374504
2012-07-30 23:00:00,105.96261091156754
2012-07-31 00:00:00,54.88549618813353
2012-07-31 01:00:00,16.678749584076193
2012-07-31 02:00:00,10.373180142849955
2012-07-31 03:00:00,3.3668971794303006
2012-07-31 04:00:00,5.279137864709881
2012-07-31 05:00:00,38.9140093043037
2012-07-31 06:00:00,156.65801835880777
2012-07-31 07:00:00,437.25264300693755
2012-07-31 08:00:00,593.4436048829186
2012-07-31 09:00:00,276.89452238824066
2012-07-31 10:00:00,143.7542804704706
2012-07-31 11:00:00,228.03346338059094
2012-07-31 12:00:00,270.6472777378141
2012-07-31 13:00:00,231.343234811201
2012-07-31 14:00:00,231.8700355405324
2012-07-31 15:00:00,257.6883083880333
2012-07-31 16:00:00,366.2139543652931
2012-07-31 17:00:00,766.4843440343533
2012-07-31 18:00:00,780.3564966549405
2012-07-31 19:00:00,452.1961297392769
2012-07-31 20:00:00,203.47089027352905
2012-07-31 21:00:00,226.56138771050777
2012-07-31 22:00:00,183.0257694852035
2012-07-31 23:00:00,141.5549422801651
2012-08-20 00:00:00,25.944483577231274
2012-08-20 01:00:00,15.29548704940354
2012-08-20 02:00:00,6.787539062523515
2012-08-20 03:00:00,6.434984151915961
2012-08-20 04:00:00,7.738653615686728
2012-08-20 05:00:00,23.51002406586395
2012-08-20 06:00:00,111.03577311366081
2012-08-20 07:00:00,382.1769892616774
2012-08-20 08:00:00,528.9425852751847
2012-08-20 09:00:00,308.3147619714851
2012-08-20 10:00:00,184.59856000885765
2012-08-20 11:00:00,253.5260400004107
2012-08-20 12:00:00,272.3685066507404
2012-08-20 13:00:00,307.8530600367539
2012-08-20 14:00:00,257.349917308706
2012-08-20 15:00:00,260.7172795845034
2012-08-20 16:00:00,387.6982002459543
2012-08-20 17:00:00,961.4252047474131
2012-08-20 18:00:00,602.268311267673
2012-08-20 19:00:00,445.05423670048987
2012-08-20 20:00:00,271.61648180246914
2012-08-20 21:00:00,231.88851021053355
2012-08-20 22:00:00,104.05238358330253
2012-08-20 23:00:00,64.0462663117586
2012-08-21 00:00:00,25.408492298836535
2012-08-21 01:00:00,12.905570802083805
2012-08-21 02:00:00,4.468153340337581
2012-08-21 03:00:00,6.482085010601374
2012-08-21 04:00:00,6.817461187027889
2012-08-21 05:00:00,27.44280422235671
2012-08-21 06:00:00,139.28465277548835
2012-08-21 07:00:00,462.8926469322084
2012-08-21 08:00:00,529.6347974449706
2012-08-21 09:00:00,332.6389303898326
2012-08-21 10:00:00,207.4688363616685
2012-08-21 11:00:00,237.76515127370544
2012-08-21 12:00:00,297.40379926694027
2012-08-21 13:00:00,345.44627040094065
2012-08-21 14:00:00,297.418069927325
2012-08-21 15:00:00,316.7849739316241
2012-08-21 16:00:00,484.67981159671405
2012-08-21 17:00:00,921.9843659201981
2012-08-21 18:00:00,1009.9333877183129
2012-08-21 19:00:00,364.25012547462137
2012-08-21 20:00:00,324.1668776752495
2012-08-21 21:00:00,313.0344071717385
2012-08-21 22:00:00,167.44081665490006
2012-08-21 23:00:00,99.24950072523451
2012-08-22 00:00:00,52.8361082430208
2012-08-22 01:00:00,21.03523662708719
2012-08-22 02:00:00,8.669659095465736
2012-08-22 03:00:00,6.609848256953099
2012-08-22 04:00:00,5.719249195029418
2012-08-22 05:00:00,37.03415946304174
2012-08-22 06:00:00,184.50233076626614
2012-08-22 07:00:00,479.18445038092176
2012-08-22 08:00:00,751.1662120204703
2012-08-22 09:00:00,327.54617492847206
2012-08-22 10:00:00,218.83302735349722
2012-08-22 11:00:00,265.939168291804
2012-08-22 12:00:00,304.196573696746
2012-08-22 13:00:00,317.60333945095266
2012-08-22 14:00:00,286.7787358829398
2012-08-22 15:00:00,304.64320778887486
2012-08-22 16:00:00,381.8682831684678
2012-08-22 17:00:00,757.8300694707284
2012-08-22 18:00:00,975.3079100190655
2012-08-22 19:00:00,520.7698535824632
2012-08-22 20:00:00,407.37913610552874
2012-08-22 21:00:00,281.1124072667571
2012-08-22 22:00:00,244.10320447800285
2012-08-22 23:00:00,98.28502835564599
2012-08-23 00:00:00,60.88199443819969
2012-08-23 01:00:00,22.532963213348296
2012-08-23 02:00:00,9.933392944146904
2012-08-23 03:00:00,4.507930252249614
2012-08-23 04:00:00,6.083346741582905
2012-08-23 05:00:00,36.08179520068877
2012-08-23 06:00:00,111.81889039415863
2012-08-23 07:00:00,372.0702720497257
2012-08-23 08:00:00,700.6998049147314
2012-08-23 09:00:00,326.2229515029019
2012-08-23 10:00:00,208.71912463536188
2012-08-23 11:00:00,259.06985512609344
2012-08-23 12:00:00,300.5062769441835
2012-08-23 13:00:00,327.1511311322647
2012-08-23 14:00:00,264.34759794409797
2012-08-23 15:00:00,281.9396531728262
2012-08-23 16:00:00,449.6953282305358
2012-08-23 17:00:00,935.6843341875106
2012-08-23 18:00:00,843.3748865326488
2012-08-23 19:00:00,571.3408823446349
2012-08-23 20:00:00,393.80545690957223
2012-08-23 21:00:00,353.25143833833596
2012-08-23 22:00:00,252.71791320039648
2012-08-23 23:00:00,162.73639530298368
2012-08-24 00:00:00,61.47273113227163
2012-08-24 01:00:00,42.546733025790665
2012-08-24 02:00:00,19.41638085252747
2012-08-24 03:00:00,7.84824161183295
2012-08-24 04:00:00,10.33411328221992
2012-08-24 05:00:00,28.73074921834257
2012-08-24 06:00:00,92.16405947462492
2012-08-24 07:00:00,306.9839446832507
2012-08-24 08:00:00,672.4697959040018
2012-08-24 09:00:00,413.17653316759305
2012-08-24 10:00:00,285.4720542933977
2012-08-24 11:00:00,270.09094291758817
2012-08-24 12:00:00,394.40273137935196
2012-08-24 13:00:00,413.27058677114127
2012-08-24 14:00:00,320.82360701268055
2012-08-24 15:00:00,342.4028373385175
2012-08-24 16:00:00,539.6133847295339
2012-08-24 17:00:00,909.8250331564296
2012-08-24 18:00:00,680.53042683757
2012-08-24 19:00:00,572.1434083360607
2012-08-24 20:00:00,383.001527826857
2012-08-24 21:00:00,265.6973336089263
2012-08-24 22:00:00,257.6294057391302
2012-08-24 23:00:00,181.15189207711106
2012-08-25 00:00:00,120.21993399893913
2012-08-25 01:00:00,104.42072321696484
2012-08-25 02:00:00,67.40486441590555
2012-08-25 03:00:00,36.12740263229974
2012-08-25 04:00:00,15.054161163031853
2012-08-25 05:00:00,19.829768054531865
2012-08-25 06:00:00,31.187616676416795
2012-08-25 07:00:00,60.84197347877396
2012-08-25 08:00:00,194.18871927970437
2012-08-25 09:00:00,325.9797702353398
2012-08-25 10:00:00,445.26544048514825
2012-08-25 11:00:00,521.2056887570038
2012-08-25 12:00:00,561.9076354027901
2012-08-25 13:00:00,715.0893334658135
2012-08-25 14:00:00,331.94762360889285
2012-08-25 15:00:00,405.33723204055553
2012-08-25 16:00:00,430.6235969592382
2012-08-25 17:00:00,449.9931886168456
2012-08-25 18:00:00,329.41599073893553
2012-08-25 19:00:00,339.7721505747758
2012-08-25 20:00:00,152.70466423918356
2012-08-25 21:00:00,239.7654675202093
2012-08-25 22:00:00,227.89381619655154
2012-08-25 23:00:00,116.96133277247544
2012-08-26 00:00:00,151.63394077717751
2012-08-26 01:00:00,120.05883145247924
2012-08-26 02:00:00,88.8726943581431
2012-08-26 03:00:00,39.089868954236145
2012-08-26 04:00:00,14.156414215648338
2012-08-26 05:00:00,9.88405147327027
2012-08-26 06:00:00,13.431273887559628
2012-08-26 07:00:00,36.755259802110025
2012-08-26 08:00:00,118.33046596076069
2012-08-26 09:00:00,198.12337184542798
2012-08-26 10:00:00,338.3648815743873
2012-08-26 11:00:00,416.722535169841
2012-08-26 12:00:00,353.8921895407391
2012-08-26 13:00:00,317.3274398133341
2012-08-26 14:00:00,266.17985104675773
2012-08-26 15:00:00,245.19971179662394
2012-08-26 16:00:00,176.6527771750064
2012-08-26 17:00:00,327.37871439567857
2012-08-26 18:00:00,283.25289600665377
2012-08-26 19:00:00,190.10766350563676
2012-08-26 20:00:00,201.10575764314754
2012-08-26 21:00:00,182.9647187399761
2012-08-26 22:00:00,84.31066934589165
2012-08-26 23:00:00,67.08506945806842
2012-08-27 00:00:00,54.214810773968495
2012-08-27 01:00:00,16.290321016449056
2012-08-27 02:00:00,8.442074407172877
2012-08-27 03:00:00,4.265542183375977
2012-08-27 04:00:00,10.781952664726306
2012-08-27 05:00:00,22.259675909301
2012-08-27 06:00:00,121.63646825036108
2012-08-27 07:00:00,378.8800629562482
2012-08-27 08:00:00,619.3618842218734
2012-08-27 09:00:00,288.2389391465093
2012-08-27 10:00:00,192.0337615467167
2012-08-27 11:00:00,247.97730138246305
2012-08-27 12:00:00,246.1852862565975
2012-08-27 13:00:00,274.42140755684454
2012-08-27 14:00:00,261.6631997995753
2012-08-27 15:00:00,237.17263204130109
2012-08-27 16:00:00,407.24782073818227
2012-08-27 17:00:00,865.29754941668
2012-08-27 18:00:00,818.1768556553646
2012-08-27 19:00:00,564.318741990925
2012-08-27 20:00:00,415.2946748637654
2012-08-27 21:00:00,280.3404803110953
2012-08-27 22:00:00,165.02357777690486
2012-08-27 23:00:00,115.67553338475123
2012-08-28 00:00:00,51.51711289374647
2012-08-28 01:00:00,20.564054810840034
2012-08-28 02:00:00,12.216704713248237
2012-08-28 03:00:00,6.224448710901753
2012-08-28 04:00:00,7.955344183069297
2012-08-28 05:00:00,35.55479777124306
2012-08-28 06:00:00,115.64174561347211
2012-08-28 07:00:00,397.93052178131995
2012-08-28 08:00:00,683.0769319711935
2012-08-28 09:00:00,342.22736288846386
2012-08-28 10:00:00,222.48362802021984
2012-08-28 11:00:00,238.82325879237524
2012-08-28 12:00:00,275.25102699644003
2012-08-28 13:00:00,283.1623501642059
2012-08-28 14:00:00,274.8764777793455
2012-08-28 15:00:00,290.45071748194346
2012-08-28 16:00:00,422.5581293593927
2012-08-28 17:00:00,855.5227543635151
2012-08-28 18:00:00,890.549002280447
2012-08-28 19:00:00,667.008362855229
2012-08-28 20:00:00,429.9198456447997
2012-08-28 21:00:00,374.4993396291525
2012-08-28 22:00:00,216.62639892650444
2012-08-28 23:00:00,151.55595602400615
2012-08-29 00:00:00,55.155051081762075
2012-08-29 01:00:00,27.813788841105314
2012-08-29 02:00:00,9.04740931946751
2012-08-29 03:00:00,6.299624982342232
2012-08-29 04:00:00,6.027592117555687
2012-08-29 05:00:00,39.908043902868656
2012-08-29 06:00:00,193.10502197470637
2012-08-29 07:00:00,527.0708573581786
2012-08-29 08:00:00,791.999082298865
2012-08-29 09:00:00,351.79928002783373
2012-08-29 10:00:00,222.81880178148387
2012-08-29 11:00:00,259.01419926439826
2012-08-29 12:00:00,314.2814213567089
2012-08-29 13:00:00,322.4182582326599
2012-08-29 14:00:00,287.9345165436556
2012-08-29 15:00:00,311.35633773757803
2012-08-29 16:00:00,489.84756179384135
2012-08-29 17:00:00,990.9092962298355
2012-08-29 18:00:00,965.4521415691154
2012-08-29 19:00:00,725.0788511837044
2012-08-29 20:00:00,397.7661459532098
2012-08-29 21:00:00,343.60652570376203
2012-08-29 22:00:00,261.15273315741564
2012-08-29 23:00:00,150.33120088909214
2012-08-30 00:00:00,70.31897886879041
2012-08-30 01:00:00,26.528395641950887
2012-08-30 02:00:00,10.916685482005532
2012-08-30 03:00:00,5.114349150148795
2012-08-30 04:00:00,6.41504011257559
2012-08-30 05:00:00,38.16092888523199
2012-08-30 06:00:00,143.76201312907557
2012-08-30 07:00:00,439.62452456026034
2012-08-30 08:00:00,672.4340728040403
2012-08-30 09:00:00,302.08405659916156
2012-08-30 10:00:00,198.4737815288064
2012-08-30 11:00:00,264.9626946891136
2012-08-30 12:00:00,308.63428830925795
2012-08-30 13:00:00,327.7020764697434
2012-08-30 14:00:00,259.2439235907916
2012-08-30 15:00:00,275.58801405650706
2012-08-30 16:00:00,443.115358866318
2012-08-30 17:00:00,907.1828733926883
2012-08-30 18:00:00,833.0865571909325
2012-08-30 19:00:00,635.0425022654154
2012-08-30 20:00:00,471.4367763506657
2012-08-30 21:00:00,342.51110126625565
2012-08-30 22:00:00,258.60509583339876
2012-08-30 23:00:00,181.16644825310726
2012-08-31 00:00:00,73.69908680828732
2012-08-31 01:00:00,36.907791357507904
2012-08-31 02:00:00,12.017275275176043
2012-08-31 03:00:00,5.388231979046308
2012-08-31 04:00:00,9.607651127201057
2012-08-31 05:00:00,27.128159677223028
2012-08-31 06:00:00,91.01614579558898
2012-08-31 07:00:00,276.89464573349966
2012-08-31 08:00:00,666.6993401961279
2012-08-31 09:00:00,320.2194328816461
2012-08-31 10:00:00,240.01500396961973
2012-08-31 11:00:00,259.6939129037326
2012-08-31 12:00:00,327.7344903292658
2012-08-31 13:00:00,328.8051814325135
2012-08-31 14:00:00,289.1038482871936
2012-08-31 15:00:00,351.9690513906987
2012-08-31 16:00:00,435.1476984540982
2012-08-31 17:00:00,768.017321889362
2012-08-31 18:00:00,679.1745882285311
2012-08-31 19:00:00,510.4659252599007
2012-08-31 20:00:00,378.21890023991494
2012-08-31 21:00:00,270.1301866048411
2012-08-31 22:00:00,242.55468343108987
2012-08-31 23:00:00,206.83007737701007
2012-09-20 00:00:00,59.667352741897744
2012-09-20 01:00:00,24.345372016189792
2012-09-20 02:00:00,12.528721237244811
2012-09-20 03:00:00,10.413674353202081
2012-09-20 04:00:00,4.129733046255263
2012-09-20 05:00:00,42.453490808238655
2012-09-20 06:00:00,189.90777313970688
2012-09-20 07:00:00,715.8328824599043
2012-09-20 08:00:00,838.0699805565031
2012-09-20 09:00:00,326.3775401630825
2012-09-20 10:00:00,205.29724494370964
2012-09-20 11:00:00,221.50191834987925
2012-09-20 12:00:00,274.12713455132774
2012-09-20 13:00:00,322.8912933128197
2012-09-20 14:00:00,287.8890847803736
2012-09-20 15:00:00,333.92401054997634
2012-09-20 16:00:00,552.799637228238
2012-09-20 17:00:00,936.4281924152558
2012-09-20 18:00:00,903.2125924276853
2012-09-20 19:00:00,607.8174245901382
2012-09-20 20:00:00,519.2499046874092
2012-09-20 21:00:00,367.28147739365016
2012-09-20 22:00:00,240.59263878941678
2012-09-20 23:00:00,169.11818498514953
2012-09-21 00:00:00,96.2612038308219
2012-09-21 01:00:00,44.47833437853291
2012-09-21 02:00:00,22.17835801513268
2012-09-21 03:00:00,9.524001576855547
2012-09-21 04:00:00,8.429252180247047
2012-09-21 05:00:00,48.462689958226974
2012-09-21 06:00:00,155.07295798005498
2012-09-21 07:00:00,489.03972528785084
2012-09-21 08:00:00,869.346310903834
2012-09-21 09:00:00,470.7273343727777
2012-09-21 10:00:00,239.53131202636476
2012-09-21 11:00:00,321.0357633574861
2012-09-21 12:00:00,320.4250976941745
2012-09-21 13:00:00,357.5841795640832
2012-09-21 14:00:00,334.59203065156066
2012-09-21 15:00:00,422.35998046857475
2012-09-21 16:00:00,570.2178591958788
2012-09-21 17:00:00,844.6262391547153
2012-09-21 18:00:00,700.4069233381623
2012-09-21 19:00:00,481.79623530256316
2012-09-21 20:00:00,379.88150093594777
2012-09-21 21:00:00,404.62205329533276
2012-09-21 22:00:00,290.89195224888215
2012-09-21 23:00:00,286.03309443500626
2012-09-22 00:00:00,183.30247606109796
2012-09-22 01:00:00,107.76814220275664
2012-09-22 02:00:00,84.34907424714184
2012-09-22 03:00:00,40.4249613638005
2012-09-22 04:00:00,8.370281788367862
2012-09-22 05:00:00,16.32600453074367
2012-09-22 06:00:00,28.378239156848974
2012-09-22 07:00:00,86.95266848965737
2012-09-22 08:00:00,231.19117873716405
2012-09-22 09:00:00,324.51778119145985
2012-09-22 10:00:00,466.2600657716627
2012-09-22 11:00:00,598.8030400734515
2012-09-22 12:00:00,590.3154389827155
2012-09-22 13:00:00,692.8623121622832
2012-09-22 14:00:00,684.2866734818757
2012-09-22 15:00:00,676.5251475983099
2012-09-22 16:00:00,591.0045712754206
2012-09-22 17:00:00,678.3642164890903
2012-09-22 18:00:00,570.1703703004
2012-09-22 19:00:00,493.33437303582974
2012-09-22 20:00:00,382.671234214076
2012-09-22 21:00:00,280.2851814953554
2012-09-22 22:00:00,234.35436535622802
2012-09-22 23:00:00,170.79637019437183
2012-09-23 00:00:00,134.27924533676196
2012-09-23 01:00:00,116.82990193289896
2012-09-23 02:00:00,113.0163425618538
2012-09-23 03:00:00,49.257133349761716
2012-09-23 04:00:00,6.702680544179095
2012-09-23 05:00:00,11.89324391037825
2012-09-23 06:00:00,23.52707682472418
2012-09-23 07:00:00,72.53528325640237
2012-09-23 08:00:00,146.17444804496205
2012-09-23 09:00:00,292.04890117451896
2012-09-23 10:00:00,451.7411341578713
2012-09-23 11:00:00,603.1885530014741
2012-09-23 12:00:00,703.4770452076247
2012-09-23 13:00:00,723.2314304434431
2012-09-23 14:00:00,651.9336109044391
2012-09-23 15:00:00,656.5710304248267
2012-09-23 16:00:00,566.8878663953376
2012-09-23 17:00:00,622.7783290572233
2012-09-23 18:00:00,488.6914767744096
2012-09-23 19:00:00,408.2795187811387
2012-09-23 20:00:00,278.8894219709647
2012-09-23 21:00:00,179.97378528921715
2012-09-23 22:00:00,145.60581966147984
2012-09-23 23:00:00,98.74239626831405
2012-09-24 00:00:00,56.49314344354066
2012-09-24 01:00:00,27.217058509920868
2012-09-24 02:00:00,12.29308750803065
2012-09-24 03:00:00,10.550302666491584
2012-09-24 04:00:00,7.4851448252665715
2012-09-24 05:00:00,38.08431824388374
2012-09-24 06:00:00,173.28500304342262
2012-09-24 07:00:00,597.4702981344526
2012-09-24 08:00:00,720.6455104127228
2012-09-24 09:00:00,362.66687073667043
2012-09-24 10:00:00,184.7863536830427
2012-09-24 11:00:00,238.88080786184523
2012-09-24 12:00:00,369.2199733916345
2012-09-24 13:00:00,290.94493535810716
2012-09-24 14:00:00,224.10445800636214
2012-09-24 15:00:00,241.21921924340106
2012-09-24 16:00:00,420.9413088431139
2012-09-24 17:00:00,753.4156022009264
2012-09-24 18:00:00,760.6755379062115
2012-09-24 19:00:00,538.368396514831
2012-09-24 20:00:00,410.15352255738503
2012-09-24 21:00:00,268.1210101403166
2012-09-24 22:00:00,148.2460751769058
2012-09-24 23:00:00,109.55526232876868
2012-09-25 00:00:00,41.66331041403111
2012-09-25 01:00:00,17.276278452775617
2012-09-25 02:00:00,5.593003552409728
2012-09-25 03:00:00,6.776091334487204
2012-09-25 04:00:00,6.921180830258804
2012-09-25 05:00:00,47.563806407006304
2012-09-25 06:00:00,213.953550486187
2012-09-25 07:00:00,738.2185332078178
2012-09-25 08:00:00,971.5022600209795
2012-09-25 09:00:00,345.25387577222756
2012-09-25 10:00:00,211.62830645826972
2012-09-25 11:00:00,282.21723035456347
2012-09-25 12:00:00,285.76143500512285
2012-09-25 13:00:00,268.3065643910594
2012-09-25 14:00:00,283.0033869268653
2012-09-25 15:00:00,317.53997007307737
2012-09-25 16:00:00,525.9164875263949
2012-09-25 17:00:00,1026.4662380572775
2012-09-25 18:00:00,969.7037945246822
2012-09-25 19:00:00,637.8668208580722
2012-09-25 20:00:00,485.88179275361716
2012-09-25 21:00:00,316.50728712336115
2012-09-25 22:00:00,197.75328341289656
2012-09-25 23:00:00,103.2070803139106
2012-09-26 00:00:00,44.2788799502448
2012-09-26 01:00:00,16.014888647592475
2012-09-26 02:00:00,6.333625917637252
2012-09-26 03:00:00,5.068368380413367
2012-09-26 04:00:00,8.73622955152372
2012-09-26 05:00:00,57.76915953423077
2012-09-26 06:00:00,213.92246768432682
2012-09-26 07:00:00,588.5099933769233
2012-09-26 08:00:00,920.0812067833746
2012-09-26 09:00:00,372.07853665737525
2012-09-26 10:00:00,225.5276418297221
2012-09-26 11:00:00,225.18186571577894
2012-09-26 12:00:00,267.7459944716051
2012-09-26 13:00:00,255.19823981748658
2012-09-26 14:00:00,223.27119139856578
2012-09-26 15:00:00,293.0527906896588
2012-09-26 16:00:00,457.4017954758047
2012-09-26 17:00:00,947.4686269889826
2012-09-26 18:00:00,960.2502701003867
2012-09-26 19:00:00,701.0795121273367
2012-09-26 20:00:00,460.1208293557397
2012-09-26 21:00:00,337.02346573739385
2012-09-26 22:00:00,117.76903631620925
2012-09-26 23:00:00,94.97586995132993
2012-09-27 00:00:00,66.13610208053409
2012-09-27 01:00:00,27.454092581044765
2012-09-27 02:00:00,12.585560895459166
2012-09-27 03:00:00,16.53413885904786
2012-09-27 04:00:00,8.743237568084773
2012-09-27 05:00:00,49.698454008298945
2012-09-27 06:00:00,167.48582633094358
2012-09-27 07:00:00,593.2106481401935
2012-09-27 08:00:00,769.436850159501
2012-09-27 09:00:00,310.32411211634457
2012-09-27 10:00:00,236.34880813454703
2012-09-27 11:00:00,260.4663517694021
2012-09-27 12:00:00,277.5089868358009
2012-09-27 13:00:00,305.4457570768401
2012-09-27 14:00:00,251.90252654160264
2012-09-27 15:00:00,268.2800456233553
2012-09-27 16:00:00,534.359957918518
2012-09-27 17:00:00,628.8928258695689
2012-09-27 18:00:00,622.965389315033
2012-09-27 19:00:00,612.7102382925018
2012-09-27 20:00:00,281.88786672333504
2012-09-27 21:00:00,182.2471140988415
2012-09-27 22:00:00,127.57992050295928
2012-09-27 23:00:00,69.13659002956888
2012-09-28 00:00:00,26.394663803574904
2012-09-28 01:00:00,19.809135056092376
2012-09-28 02:00:00,14.312751752848664
2012-09-28 03:00:00,8.851670331805579
2012-09-28 04:00:00,5.149653490376883
2012-09-28 05:00:00,44.98574888364488
2012-09-28 06:00:00,123.96714771732485
2012-09-28 07:00:00,382.12441340497264
2012-09-28 08:00:00,814.7295893060056
2012-09-28 09:00:00,305.72724196436025
2012-09-28 10:00:00,103.32974053663116
2012-09-28 11:00:00,246.5743423565713
2012-09-28 12:00:00,371.90713303041974
2012-09-28 13:00:00,452.80909685201675
2012-09-28 14:00:00,376.88913800826504
2012-09-28 15:00:00,398.8496364522083
2012-09-28 16:00:00,610.8995132595329
2012-09-28 17:00:00,763.3210868732142
2012-09-28 18:00:00,643.2592511048227
2012-09-28 19:00:00,502.8209125179258
2012-09-28 20:00:00,248.7528820525444
2012-09-28 21:00:00,206.74965418922451
2012-09-28 22:00:00,227.09081281124566
2012-09-28 23:00:00,183.70763917822117
2012-09-29 00:00:00,180.0850670084934
2012-09-29 01:00:00,115.93693033469582
2012-09-29 02:00:00,55.874863409906425
2012-09-29 03:00:00,38.00377249671922
2012-09-29 04:00:00,8.979060143104585
2012-09-29 05:00:00,14.198505178933145
2012-09-29 06:00:00,34.843416820988416
2012-09-29 07:00:00,109.66272679281103
2012-09-29 08:00:00,245.35171623548374
2012-09-29 09:00:00,346.3518273960752
2012-09-29 10:00:00,483.7839383395707
2012-09-29 11:00:00,660.7759606710136
2012-09-29 12:00:00,636.9808125651357
2012-09-29 13:00:00,778.7650627713205
2012-09-29 14:00:00,716.2583931436459
2012-09-29 15:00:00,731.2320649095856
2012-09-29 16:00:00,677.937135492542
2012-09-29 17:00:00,668.1770987669539
2012-09-29 18:00:00,550.8045128710127
2012-09-29 19:00:00,468.9072901225606
2012-09-29 20:00:00,335.004959530189
2012-09-29 21:00:00,317.5334384652699
2012-09-29 22:00:00,263.9919524554883
2012-09-29 23:00:00,234.353696683647
2012-09-30 00:00:00,132.63092388373786
2012-09-30 01:00:00,105.12098225688361
2012-09-30 02:00:00,97.98657016514173
2012-09-30 03:00:00,47.808599397662434
2012-09-30 04:00:00,7.54797979375669
2012-09-30 05:00:00,11.815349002836907
2012-09-30 06:00:00,24.539874047375925
2012-09-30 07:00:00,71.4103196994502
2012-09-30 08:00:00,148.9967997318927
2012-09-30 09:00:00,285.9210171176942
2012-09-30 10:00:00,463.2570782870039
2012-09-30 11:00:00,627.9164670831001
2012-09-30 12:00:00,696.6280596082009
2012-09-30 13:00:00,743.0990356561036
2012-09-30 14:00:00,602.9141540529037
2012-09-30 15:00:00,623.5116614488478
2012-09-30 16:00:00,634.4941464336122
2012-09-30 17:00:00,584.3549306557095
2012-09-30 18:00:00,608.4647206538883
2012-09-30 19:00:00,192.15453013009937
2012-09-30 20:00:00,108.14272649656185
2012-09-30 21:00:00,182.4920305294042
2012-09-30 22:00:00,130.98923814258464
2012-09-30 23:00:00,106.30879202549296
2012-10-20 00:00:00,161.0145722816396
2012-10-20 01:00:00,87.25367608459233
2012-10-20 02:00:00,78.63475908961091
2012-10-20 03:00:00,23.793477621389087
2012-10-20 04:00:00,10.552816887510083
2012-10-20 05:00:00,10.860978106219465
2012-10-20 06:00:00,39.72704515112198
2012-10-20 07:00:00,113.13957872008747
2012-10-20 08:00:00,247.96324576817813
2012-10-20 09:00:00,378.5956105290374
2012-10-20 10:00:00,554.3414465530557
2012-10-20 11:00:00,662.1411853955425
2012-10-20 12:00:00,862.4943583328426
2012-10-20 13:00:00,768.3258330765174
2012-10-20 14:00:00,798.5118343573781
2012-10-20 15:00:00,877.5215027445869
2012-10-20 16:00:00,682.4512767241695
2012-10-20 17:00:00,704.4594509802555
2012-10-20 18:00:00,488.0231476954854
2012-10-20 19:00:00,403.0224428932588
2012-10-20 20:00:00,273.69432686304145
2012-10-20 21:00:00,192.51980901440226
2012-10-20 22:00:00,199.14494933725769
2012-10-20 23:00:00,213.57072396937795
2012-10-21 00:00:00,118.33088638407949
2012-10-21 01:00:00,101.65526165117002
2012-10-21 02:00:00,71.32244091520019
2012-10-21 03:00:00,33.89522605653802
2012-10-21 04:00:00,15.721225529988587
2012-10-21 05:00:00,10.718949034591354
2012-10-21 06:00:00,26.0057352805295
2012-10-21 07:00:00,59.567774213008136
2012-10-21 08:00:00,156.70708746969908
2012-10-21 09:00:00,223.15286365466963
2012-10-21 10:00:00,397.31839693093144
2012-10-21 11:00:00,571.6222997510466
2012-10-21 12:00:00,649.1679433910037
2012-10-21 13:00:00,642.9534159669043
2012-10-21 14:00:00,721.060804366936
2012-10-21 15:00:00,749.545867175462
2012-10-21 16:00:00,674.3239894674393
2012-10-21 17:00:00,492.65191265952865
2012-10-21 18:00:00,440.79421518397214
2012-10-21 19:00:00,329.5699875983609
2012-10-21 20:00:00,167.98285478419024
2012-10-21 21:00:00,141.57130331601795
2012-10-21 22:00:00,119.80592446022165
2012-10-21 23:00:00,122.9760474968424
2012-10-22 00:00:00,38.76512395557182
2012-10-22 01:00:00,16.419943682063558
2012-10-22 02:00:00,12.528820880100485
2012-10-22 03:00:00,5.639894324533813
2012-10-22 04:00:00,11.700532638418789
2012-10-22 05:00:00,35.24304234029717
2012-10-22 06:00:00,175.46912894083408
2012-10-22 07:00:00,448.7169227542597
2012-10-22 08:00:00,811.864880108789
2012-10-22 09:00:00,334.39683228095566
2012-10-22 10:00:00,188.10116858669392
2012-10-22 11:00:00,255.7101155116913
2012-10-22 12:00:00,359.39004003065224
2012-10-22 13:00:00,328.5839590716526
2012-10-22 14:00:00,294.74171506310654
2012-10-22 15:00:00,353.1027473997681
2012-10-22 16:00:00,491.8851698236311
2012-10-22 17:00:00,993.676079354233
2012-10-22 18:00:00,621.6567452183281
2012-10-22 19:00:00,550.6953221105346
2012-10-22 20:00:00,341.3317226314071
2012-10-22 21:00:00,250.64561082013205
2012-10-22 22:00:00,158.6590852237583
2012-10-22 23:00:00,100.51033194589904
2012-10-23 00:00:00,41.39154033185488
2012-10-23 01:00:00,13.721863457238015
2012-10-23 02:00:00,4.97186879382211
2012-10-23 03:00:00,2.3368716880864255
2012-10-23 04:00:00,7.347832521546563
2012-10-23 05:00:00,47.477076413636645
2012-10-23 06:00:00,190.02612919620063
2012-10-23 07:00:00,491.84211445660753
2012-10-23 08:00:00,700.2020864209364
2012-10-23 09:00:00,373.9618889018904
2012-10-23 10:00:00,125.20258690056791
2012-10-23 11:00:00,225.12000736373284
2012-10-23 12:00:00,306.45210614566685
2012-10-23 13:00:00,337.52070800635653
2012-10-23 14:00:00,288.9175473929606
2012-10-23 15:00:00,350.5084811126514
2012-10-23 16:00:00,545.5049614066628
2012-10-23 17:00:00,960.627991974217
2012-10-23 18:00:00,1054.6268306670381
2012-10-23 19:00:00,585.0408462826621
2012-10-23 20:00:00,401.18785536171595
2012-10-23 21:00:00,249.87895045968008
2012-10-23 22:00:00,202.0315611629261
2012-10-23 23:00:00,112.24716144926947
2012-10-24 00:00:00,49.46754487597486
2012-10-24 01:00:00,18.361731969050076
2012-10-24 02:00:00,6.290308573268856
2012-10-24 03:00:00,6.1818038283011845
2012-10-24 04:00:00,7.164744823335472
2012-10-24 05:00:00,35.11499944755237
2012-10-24 06:00:00,196.18871276433813
2012-10-24 07:00:00,481.7212936486566
2012-10-24 08:00:00,896.5354852609299
2012-10-24 09:00:00,470.27438295583454
2012-10-24 10:00:00,163.64432631905146
2012-10-24 11:00:00,240.64249779840415
2012-10-24 12:00:00,382.10702970017905
2012-10-24 13:00:00,378.0163792536724
2012-10-24 14:00:00,290.07931986235644
2012-10-24 15:00:00,369.2572648423303
2012-10-24 16:00:00,523.5216446907834
2012-10-24 17:00:00,906.9730234121639
2012-10-24 18:00:00,966.4674092514421
2012-10-24 19:00:00,631.4722074498961
2012-10-24 20:00:00,439.30080727797065
2012-10-24 21:00:00,248.51892585967744
2012-10-24 22:00:00,263.0516797264842
2012-10-24 23:00:00,133.2098722973947
2012-10-25 00:00:00,42.28530125641327
2012-10-25 01:00:00,26.73910718964336
2012-10-25 02:00:00,10.409669639902702
2012-10-25 03:00:00,5.64872448885647
2012-10-25 04:00:00,8.245637981440982
2012-10-25 05:00:00,37.19725577509076
2012-10-25 06:00:00,144.98531168037815
2012-10-25 07:00:00,414.83165202843827
2012-10-25 08:00:00,880.4574872772386
2012-10-25 09:00:00,419.59449141380765
2012-10-25 10:00:00,164.712277007755
2012-10-25 11:00:00,167.30954452470792
2012-10-25 12:00:00,209.21467584398306
2012-10-25 13:00:00,201.8418849710061
2012-10-25 14:00:00,306.9179282479957
2012-10-25 15:00:00,362.342110170566
2012-10-25 16:00:00,460.828683928077
2012-10-25 17:00:00,861.3698777521957
2012-10-25 18:00:00,467.9273511309601
2012-10-25 19:00:00,364.28982248598464
2012-10-25 20:00:00,274.2680367620244
2012-10-25 21:00:00,247.07111089200708
2012-10-25 22:00:00,208.5754169423722
2012-10-25 23:00:00,98.95960962182737
2012-10-26 00:00:00,55.41382566865519
2012-10-26 01:00:00,29.01619777998746
2012-10-26 02:00:00,10.520136547497454
2012-10-26 03:00:00,4.3399986943020945
2012-10-26 04:00:00,6.261680428792435
2012-10-26 05:00:00,35.372415552145846
2012-10-26 06:00:00,126.99350300114548
2012-10-26 07:00:00,387.6798530242695
2012-10-26 08:00:00,458.91937612284664
2012-10-26 09:00:00,381.3823560906666
2012-10-26 10:00:00,181.58296088015743
2012-10-26 11:00:00,211.4558470157108
2012-10-26 12:00:00,241.90383261609702
2012-10-26 13:00:00,270.4354104405463
2012-10-26 14:00:00,306.61990756669485
2012-10-26 15:00:00,382.92793655847305
2012-10-26 16:00:00,335.2142229526021
2012-10-26 17:00:00,609.4279314130338
2012-10-26 18:00:00,323.26018084195886
2012-10-26 19:00:00,263.9767755067655
2012-10-26 20:00:00,217.25511899067666
2012-10-26 21:00:00,176.97566780919703
2012-10-26 22:00:00,189.14727111272848
2012-10-26 23:00:00,170.39674635889256
2012-10-27 00:00:00,174.11913325374326
2012-10-27 01:00:00,91.7759797483326
2012-10-27 02:00:00,56.55206056237614
2012-10-27 03:00:00,44.55758651766454
2012-10-27 04:00:00,8.594896253180204
2012-10-27 05:00:00,11.912105642842526
2012-10-27 06:00:00,28.09574688549099
2012-10-27 07:00:00,115.32437840228448
2012-10-27 08:00:00,271.35857037309376
2012-10-27 09:00:00,392.8688792002555
2012-10-27 10:00:00,471.9906140306489
2012-10-27 11:00:00,609.5928166265016
2012-10-27 12:00:00,792.2952860125847
2012-10-27 13:00:00,783.9502515927759
2012-10-27 14:00:00,829.4554601852823
2012-10-27 15:00:00,589.211389104591
2012-10-27 16:00:00,462.3347870549834
2012-10-27 17:00:00,571.6992989524186
2012-10-27 18:00:00,460.2233305706875
2012-10-27 19:00:00,309.13897386795287
2012-10-27 20:00:00,225.7384138573768
2012-10-27 21:00:00,209.6081675789336
2012-10-27 22:00:00,234.93249047991478
2012-10-27 23:00:00,153.36331147304628
2012-10-28 00:00:00,88.75765107809082
2012-10-28 01:00:00,141.68890715578613
2012-10-28 02:00:00,78.0849700010608
2012-10-28 03:00:00,49.04750506100242
2012-10-28 04:00:00,17.34938402712716
2012-10-28 05:00:00,17.93708901402313
2012-10-28 06:00:00,29.469147643592887
2012-10-28 07:00:00,57.590017254752865
2012-10-28 08:00:00,145.47956843559624
2012-10-28 09:00:00,274.09344402426876
2012-10-28 10:00:00,209.56461213045984
2012-10-28 11:00:00,559.2143544842731
2012-10-28 12:00:00,324.4187453864488
2012-10-28 13:00:00,344.7577755099398
2012-10-28 14:00:00,520.469403186505
2012-10-28 15:00:00,448.5214211438292
2012-10-28 16:00:00,291.3604358279572
2012-10-28 17:00:00,169.01285167064444
2012-10-28 18:00:00,86.39546583726278
2012-10-28 19:00:00,88.05139528523968
2012-10-28 20:00:00,61.68843129624841
2012-10-28 21:00:00,91.86872092394829
2012-10-28 22:00:00,69.16800010956422
2012-10-28 23:00:00,42.10440022137792
2012-10-29 00:00:00,38.65731420585726
2012-10-30 13:00:00,125.81112917108386
2012-10-30 14:00:00,100.48133423432805
2012-10-30 15:00:00,99.26696710729303
2012-10-30 16:00:00,177.9918718221835
2012-10-30 17:00:00,300.8444215146414
2012-10-30 18:00:00,345.9018543968508
2012-10-30 19:00:00,496.1508740301942
2012-10-30 20:00:00,236.82179536780117
2012-10-30 21:00:00,150.11817517434432
2012-10-30 22:00:00,117.56423029930406
2012-10-30 23:00:00,73.48884405534311
2012-10-31 00:00:00,38.39586724965638
2012-10-31 01:00:00,10.978490296702637
2012-10-31 02:00:00,6.828686759625919
2012-10-31 03:00:00,4.363247418076293
2012-10-31 04:00:00,4.172197032033772
2012-10-31 05:00:00,31.696674948495208
2012-10-31 06:00:00,157.5622520958796
2012-10-31 07:00:00,413.4616424479183
2012-10-31 08:00:00,838.1600922431815
2012-10-31 09:00:00,347.72101933766123
2012-10-31 10:00:00,184.3940981244572
2012-10-31 11:00:00,233.78669208641878
2012-10-31 12:00:00,341.457028405964
2012-10-31 13:00:00,282.41674300307733
2012-10-31 14:00:00,223.72936848936737
2012-10-31 15:00:00,343.0939765363002
2012-10-31 16:00:00,340.92937491102833
2012-10-31 17:00:00,633.7552635754548
2012-10-31 18:00:00,654.9236982861373
2012-10-31 19:00:00,483.25383836467284
2012-10-31 20:00:00,312.19587277283057
2012-10-31 21:00:00,207.68695261888843
2012-10-31 22:00:00,178.09220528717594
2012-10-31 23:00:00,102.69868487964808
2012-11-20 00:00:00,29.210429757745644
2012-11-20 01:00:00,18.566268831450557
2012-11-20 02:00:00,3.8637367658786426
2012-11-20 03:00:00,6.434710256073124
2012-11-20 04:00:00,7.2544466100635745
2012-11-20 05:00:00,26.450353738420667
2012-11-20 06:00:00,135.59139467038253
2012-11-20 07:00:00,463.21050986778846
2012-11-20 08:00:00,689.3646435744511
2012-11-20 09:00:00,317.219233712121
2012-11-20 10:00:00,197.85345351376563
2012-11-20 11:00:00,169.1041830920079
2012-11-20 12:00:00,236.46937996842547
2012-11-20 13:00:00,223.8572400772879
2012-11-20 14:00:00,157.94596297711425
2012-11-20 15:00:00,232.3155516492317
2012-11-20 16:00:00,388.11942342469746
2012-11-20 17:00:00,533.3281786241431
2012-11-20 18:00:00,575.1495275330429
2012-11-20 19:00:00,341.6597593850339
2012-11-20 20:00:00,236.16135628883146
2012-11-20 21:00:00,200.83313053936115
2012-11-20 22:00:00,156.885444535685
2012-11-20 23:00:00,102.11424265209214
2012-11-21 00:00:00,31.49360241200008
2012-11-21 01:00:00,17.298643391798514
2012-11-21 02:00:00,7.843690922677805
2012-11-21 03:00:00,5.568515933353384
2012-11-21 04:00:00,4.50434042945656
2012-11-21 05:00:00,38.23994873963067
2012-11-21 06:00:00,125.98498461835744
2012-11-21 07:00:00,425.1923264673439
2012-11-21 08:00:00,672.6685456504409
2012-11-21 09:00:00,352.8135969529146
2012-11-21 10:00:00,194.6536305787018
2012-11-21 11:00:00,206.35158136385698
2012-11-21 12:00:00,269.6056697967958
2012-11-21 13:00:00,247.72367257987608
2012-11-21 14:00:00,208.211611029482
2012-11-21 15:00:00,271.3252778485943
2012-11-21 16:00:00,433.9772624110641
2012-11-21 17:00:00,784.0825437287145
2012-11-21 18:00:00,724.2451419154784
2012-11-21 19:00:00,457.1896771179472
2012-11-21 20:00:00,263.8988367914915
2012-11-21 21:00:00,210.48768260881164
2012-11-21 22:00:00,171.8181432414914
2012-11-21 23:00:00,90.67691906015165
2012-11-22 00:00:00,85.8086816924163
2012-11-22 01:00:00,56.27301203989139
2012-11-22 02:00:00,12.055368378790755
2012-11-22 03:00:00,5.978346959451904
2012-11-22 04:00:00,4.899109673292245
2012-11-22 05:00:00,22.064962283745803
2012-11-22 06:00:00,49.79634530846371
2012-11-22 07:00:00,93.0701762025467
2012-11-22 08:00:00,220.09569673320348
2012-11-22 09:00:00,253.8391936306633
2012-11-22 10:00:00,360.65278825270457
2012-11-22 11:00:00,332.2099417287025
2012-11-22 12:00:00,406.26107298028336
2012-11-22 13:00:00,405.06372142878325
2012-11-22 14:00:00,353.4618214335263
2012-11-22 15:00:00,361.8668009905571
2012-11-22 16:00:00,433.7341635754365
2012-11-22 17:00:00,372.84641419372457
2012-11-22 18:00:00,312.6727020801801
2012-11-22 19:00:00,250.10857457499242
2012-11-22 20:00:00,226.89225566326354
2012-11-22 21:00:00,223.78462449574204
2012-11-22 22:00:00,153.41408053094187
2012-11-22 23:00:00,129.50486380046976
2012-11-23 00:00:00,50.33083914620322
2012-11-23 01:00:00,24.008338275657383
2012-11-23 02:00:00,7.165323809964892
2012-11-23 03:00:00,5.003296691576485
2012-11-23 04:00:00,6.306015708068741
2012-11-23 05:00:00,49.72507967838185
2012-11-23 06:00:00,116.04371803161266
2012-11-23 07:00:00,337.9057698387201
2012-11-23 08:00:00,681.2852822885752
2012-11-23 09:00:00,329.0342505046756
2012-11-23 10:00:00,200.2160346976536
2012-11-23 11:00:00,243.37542236628173
2012-11-23 12:00:00,285.54839250180794
2012-11-23 13:00:00,322.40027977356306
2012-11-23 14:00:00,343.9118344974859
2012-11-23 15:00:00,339.0087636903087
2012-11-23 16:00:00,487.1387047893418
2012-11-23 17:00:00,638.7675254346417
2012-11-23 18:00:00,532.8116503351666
2012-11-23 19:00:00,383.18948890200966
2012-11-23 20:00:00,273.5234065309787
2012-11-23 21:00:00,248.7214046769342
2012-11-23 22:00:00,184.76669178320503
2012-11-23 23:00:00,125.17434750527697
2012-11-24 00:00:00,95.0909225636627
2012-11-24 01:00:00,54.23195311492642
2012-11-24 02:00:00,53.41632308955429
2012-11-24 03:00:00,18.403670103608345
2012-11-24 04:00:00,10.079444409250113
2012-11-24 05:00:00,4.520556918022996
2012-11-24 06:00:00,21.119124723629973
2012-11-24 07:00:00,53.251954544221434
2012-11-24 08:00:00,149.79849257646026
2012-11-24 09:00:00,200.48431188514127
2012-11-24 10:00:00,253.94996575375598
2012-11-24 11:00:00,260.22561018715396
2012-11-24 12:00:00,259.59217387037404
2012-11-24 13:00:00,413.24338685902256
2012-11-24 14:00:00,357.9631321690295
2012-11-24 15:00:00,277.27231624383825
2012-11-24 16:00:00,315.09831029674797
2012-11-24 17:00:00,265.15515794408594
2012-11-24 18:00:00,199.36741048806567
2012-11-24 19:00:00,194.791255071907
2012-11-24 20:00:00,169.98105108015005
2012-11-24 21:00:00,148.61009553289736
2012-11-24 22:00:00,131.82738727301245
2012-11-24 23:00:00,106.01260388367639
2012-11-25 00:00:00,73.93893821729498
2012-11-25 01:00:00,61.26375181566627
2012-11-25 02:00:00,42.25173569094577
2012-11-25 03:00:00,14.528463098402057
2012-11-25 04:00:00,8.669785448146127
2012-11-25 05:00:00,11.36221011235734
2012-11-25 06:00:00,24.32915317035974
2012-11-25 07:00:00,37.32531206641677
2012-11-25 08:00:00,128.08647398649828
2012-11-25 09:00:00,189.61793766272118
2012-11-25 10:00:00,271.3533867111848
2012-11-25 11:00:00,275.60954994155964
2012-11-25 12:00:00,412.87425740196977
2012-11-25 13:00:00,390.4816784563683
2012-11-25 14:00:00,352.2033221341371
2012-11-25 15:00:00,339.547297161807
2012-11-25 16:00:00,346.67694148712457
2012-11-25 17:00:00,237.4882199913706
2012-11-25 18:00:00,193.49291162325864
2012-11-25 19:00:00,173.40585845159026
2012-11-25 20:00:00,131.9851122862731
2012-11-25 21:00:00,95.50512024780865
2012-11-25 22:00:00,76.80708191865516
2012-11-25 23:00:00,63.51678800134094
2012-11-26 00:00:00,20.886458878694196
2012-11-26 01:00:00,12.08048670495749
2012-11-26 02:00:00,3.6372495787955863
2012-11-26 03:00:00,1.5590710277714126
2012-11-26 04:00:00,4.762924957406647
2012-11-26 05:00:00,37.02382632662506
2012-11-26 06:00:00,126.75454293555026
2012-11-26 07:00:00,367.933675234787
2012-11-26 08:00:00,611.8727997963819
2012-11-26 09:00:00,316.63055391428935
2012-11-26 10:00:00,168.68294953172904
2012-11-26 11:00:00,193.1108120609163
2012-11-26 12:00:00,242.0614199079867
2012-11-26 13:00:00,248.566084050241
2012-11-26 14:00:00,190.35917611800753
2012-11-26 15:00:00,247.89509918786848
2012-11-26 16:00:00,334.46530499037726
2012-11-26 17:00:00,630.1158172613738
2012-11-26 18:00:00,530.3367090885317
2012-11-26 19:00:00,380.4287095221889
2012-11-26 20:00:00,254.0883058884427
2012-11-26 21:00:00,175.6598613544534
2012-11-26 22:00:00,125.33339970865256
2012-11-26 23:00:00,61.208378907731394
2012-11-27 00:00:00,28.924976995329803
2012-11-27 01:00:00,15.20646528624674
2012-11-27 02:00:00,4.575505854495312
2012-11-27 03:00:00,4.955256069065223
2012-11-27 04:00:00,6.359547719529534
2012-11-27 05:00:00,29.676068946131117
2012-11-27 06:00:00,122.12106484668872
2012-11-27 07:00:00,154.3026139286834
2012-11-27 08:00:00,273.3720594660184
2012-11-27 09:00:00,278.3060618433798
2012-11-27 10:00:00,88.57128111377712
2012-11-27 11:00:00,67.4802338992173
2012-11-27 12:00:00,73.58008494182782
2012-11-27 13:00:00,99.26539440576404
2012-11-27 14:00:00,56.61525364129483
2012-11-27 15:00:00,177.26717837799734
2012-11-27 16:00:00,236.59263657316552
2012-11-27 17:00:00,390.4475752731246
2012-11-27 18:00:00,389.7736303946945
2012-11-27 19:00:00,271.3123248523189
2012-11-27 20:00:00,210.32344443384488
2012-11-27 21:00:00,136.18103286569342
2012-11-27 22:00:00,95.75841167870372
2012-11-27 23:00:00,88.9881532985116
2012-11-28 00:00:00,47.53113659200311
2012-11-28 01:00:00,40.76709985254868
2012-11-28 02:00:00,18.806714521132516
2012-11-28 03:00:00,8.461079028879855
2012-11-28 04:00:00,7.758873894393101
2012-11-28 05:00:00,38.48427048163996
2012-11-28 06:00:00,130.80328727589847
2012-11-28 07:00:00,380.3694779545382
2012-11-28 08:00:00,695.7682127033921
2012-11-28 09:00:00,330.5727336908367
2012-11-28 10:00:00,175.69124867853046
2012-11-28 11:00:00,163.27271213469757
2012-11-28 12:00:00,220.00800575952758
2012-11-28 13:00:00,216.6269483451372
2012-11-28 14:00:00,196.05078808659906
2012-11-28 15:00:00,237.1563194558099
2012-11-28 16:00:00,348.042823212926
2012-11-28 17:00:00,566.4575222946139
2012-11-28 18:00:00,464.65965427681516
2012-11-28 19:00:00,374.7841928541396
2012-11-28 20:00:00,245.46469951487995
2012-11-28 21:00:00,174.58892382977868
2012-11-28 22:00:00,144.4469914011496
2012-11-28 23:00:00,83.93326331161688
2012-11-29 00:00:00,28.398930415389433
2012-11-29 01:00:00,13.785696000477072
2012-11-29 02:00:00,3.902741499011774
2012-11-29 04:00:00,3.613393230800515
2012-11-29 05:00:00,41.99335178675308
2012-11-29 06:00:00,106.80634483520242
2012-11-29 07:00:00,380.97182229985003
2012-11-29 08:00:00,707.9422334896581
2012-11-29 09:00:00,301.2849616990737
2012-11-29 10:00:00,194.18049551616522
2012-11-29 11:00:00,194.7102172315569
2012-11-29 12:00:00,266.2782911447656
2012-11-29 13:00:00,255.21602661852734
2012-11-29 14:00:00,243.05804260178112
2012-11-29 15:00:00,269.4284405857222
2012-11-29 16:00:00,389.2076434597528
2012-11-29 17:00:00,666.4848095143105
2012-11-29 18:00:00,582.666569026915
2012-11-29 19:00:00,330.74998694887296
2012-11-29 20:00:00,300.37389985827105
2012-11-29 21:00:00,176.68292617502607
2012-11-29 22:00:00,132.46321832578175
2012-11-29 23:00:00,129.33333767814548
2012-11-30 00:00:00,35.72936187504512
2012-11-30 01:00:00,18.23756858196963
2012-11-30 02:00:00,7.457424396624498
2012-11-30 03:00:00,3.832195627903155
2012-11-30 04:00:00,5.725042552234483
2012-11-30 05:00:00,48.45697871418186
2012-11-30 06:00:00,107.68891818509651
2012-11-30 07:00:00,330.8079050498001
2012-11-30 08:00:00,627.2771630342147
2012-11-30 09:00:00,340.9865944570365
2012-11-30 10:00:00,174.85550804894993
2012-11-30 11:00:00,207.16020524601691
2012-11-30 12:00:00,310.9146598329374
2012-11-30 13:00:00,317.04843421465137
2012-11-30 14:00:00,236.08483977602444
2012-11-30 15:00:00,276.965626781686
2012-11-30 16:00:00,429.60902895836585
2012-11-30 17:00:00,570.8081945631816
2012-11-30 18:00:00,403.8174124641889
2012-11-30 19:00:00,324.23006595610866
2012-11-30 20:00:00,213.8770401342041
2012-11-30 21:00:00,181.80315864860796
2012-11-30 22:00:00,167.3977333253981
2012-11-30 23:00:00,112.31184307584054
2012-12-20 00:00:00,70.99967848912469
2012-12-20 01:00:00,22.868786840483345
2012-12-20 02:00:00,11.306198304792233
2012-12-20 03:00:00,3.3308247576706327
2012-12-20 04:00:00,9.357307131031478
2012-12-20 05:00:00,32.87621298259868
2012-12-20 06:00:00,137.48354317255396
2012-12-20 07:00:00,445.418445204554
2012-12-20 08:00:00,684.0898496541171
2012-12-20 09:00:00,322.41266414949655
2012-12-20 10:00:00,147.08834017945378
2012-12-20 11:00:00,204.19698841954005
2012-12-20 12:00:00,258.2380314641264
2012-12-20 13:00:00,234.87707603240148
2012-12-20 14:00:00,202.7130024258333
2012-12-20 15:00:00,251.00060284399555
2012-12-20 16:00:00,355.3221693202797
2012-12-20 17:00:00,537.2157114801879
2012-12-20 18:00:00,522.1911919442535
2012-12-20 19:00:00,256.3738142272714
2012-12-20 20:00:00,176.0001445345839
2012-12-20 21:00:00,128.70241090247353
2012-12-20 22:00:00,97.95789011930512
2012-12-20 23:00:00,60.217891740205204
2012-12-21 00:00:00,46.43677167197924
2012-12-21 01:00:00,24.45429219566261
2012-12-21 02:00:00,25.67687364327164
2012-12-21 03:00:00,6.137248279764533
2012-12-21 04:00:00,11.05395558600685
2012-12-21 05:00:00,26.890812569013427
2012-12-21 06:00:00,103.23028390723354
2012-12-21 07:00:00,363.87425530673374
2012-12-21 08:00:00,581.5536807178664
2012-12-21 09:00:00,300.1617389223024
2012-12-21 10:00:00,204.3543980939689
2012-12-21 11:00:00,217.74316708136487
2012-12-21 12:00:00,302.1469800896571
2012-12-21 13:00:00,242.1234766718635
2012-12-21 14:00:00,233.27360934347868
2012-12-21 15:00:00,267.06850913533435
2012-12-21 16:00:00,340.1725533008695
2012-12-21 17:00:00,415.4257737011521
2012-12-21 18:00:00,402.72289462862915
2012-12-21 19:00:00,380.07380311017806
2012-12-21 20:00:00,252.14278222924568
2012-12-21 21:00:00,140.1200979131147
2012-12-21 22:00:00,138.7924141059548
2012-12-21 23:00:00,99.35197485129108
2012-12-22 00:00:00,82.5033661551904
2012-12-22 01:00:00,76.24692479175197
2012-12-22 02:00:00,82.95033350532961
2012-12-22 03:00:00,26.37978488635661
2012-12-22 04:00:00,6.931328807977782
2012-12-22 05:00:00,9.19974853944821
2012-12-22 06:00:00,29.161745728978186
2012-12-22 07:00:00,39.25269086837473
2012-12-22 08:00:00,136.99126873669482
2012-12-22 09:00:00,204.12850920119394
2012-12-22 10:00:00,271.3693766831732
2012-12-22 11:00:00,364.3906628490733
2012-12-22 12:00:00,339.9873736022901
2012-12-22 13:00:00,391.5530533580084
2012-12-22 14:00:00,400.54707474133374
2012-12-22 15:00:00,279.27532285169667
2012-12-22 16:00:00,369.50105641283153
2012-12-22 17:00:00,254.51716109564072
2012-12-22 18:00:00,249.4158934131177
2012-12-22 19:00:00,244.41575750870447
2012-12-22 20:00:00,218.42190419677576
2012-12-22 21:00:00,155.43586910726526
2012-12-22 22:00:00,162.60842506775714
2012-12-22 23:00:00,109.51004132389679
2012-12-23 00:00:00,96.7021354986163
2012-12-23 01:00:00,72.85713986097917
2012-12-23 02:00:00,61.95101653244215
2012-12-23 03:00:00,31.370962934534028
2012-12-23 04:00:00,8.923263473482317
2012-12-23 05:00:00,9.88597468332204
2012-12-23 06:00:00,11.40440364461724
2012-12-23 07:00:00,49.587216181753206
2012-12-23 08:00:00,100.98937564839194
2012-12-23 09:00:00,152.31359109551775
2012-12-23 10:00:00,269.0602579695564
2012-12-23 11:00:00,325.8396833154768
2012-12-23 12:00:00,440.8207495515906
2012-12-23 13:00:00,395.83170860875805
2012-12-23 14:00:00,363.62978393150075
2012-12-23 15:00:00,425.82191879013055
2012-12-23 16:00:00,418.03692645804557
2012-12-23 17:00:00,293.47046486637174
2012-12-23 18:00:00,239.1480537585357
2012-12-23 19:00:00,164.23507299825042
2012-12-23 20:00:00,118.25646593659432
2012-12-23 21:00:00,134.752393145046
2012-12-23 22:00:00,88.61245077451018
2012-12-23 23:00:00,66.18211311554097
2012-12-24 00:00:00,28.106253869136363
2012-12-24 01:00:00,11.603742660724631
2012-12-24 02:00:00,3.756720371457212
2012-12-24 03:00:00,2.7581867160077773
2012-12-24 05:00:00,43.58221095096384
2012-12-24 06:00:00,115.13368250899383
2012-12-24 07:00:00,309.45100181661417
2012-12-24 08:00:00,577.2946588353036
2012-12-24 09:00:00,309.5567384035068
2012-12-24 10:00:00,110.2738761224089
2012-12-24 11:00:00,158.8104748915635
2012-12-24 12:00:00,201.92800533516015
2012-12-24 13:00:00,132.2106570382374
2012-12-24 14:00:00,78.98152698367966
2012-12-24 15:00:00,97.64922769663164
2012-12-24 16:00:00,124.97083617347036
2012-12-24 17:00:00,229.97370562473125
2012-12-24 18:00:00,251.42135025926018
2012-12-24 19:00:00,318.2559238925517
2012-12-24 20:00:00,129.74690710806254
2012-12-24 21:00:00,101.16759321016585
2012-12-24 22:00:00,80.20606532980179
2012-12-24 23:00:00,52.38230471697585
2012-12-25 00:00:00,23.630347140500206
2012-12-25 01:00:00,34.120272590256754
2012-12-25 02:00:00,16.804124015067654
2012-12-25 04:00:00,7.973942163183979
2012-12-25 05:00:00,21.962066157053965
2012-12-25 06:00:00,45.04937369774834
2012-12-25 07:00:00,61.706135014479564
2012-12-25 08:00:00,143.2084554487741
2012-12-25 09:00:00,151.48563753766402
2012-12-25 10:00:00,232.02848312044648
2012-12-25 11:00:00,299.90522184819287
2012-12-25 12:00:00,367.26634029636307
2012-12-25 13:00:00,402.2377501408451
2012-12-25 14:00:00,333.58147863862564
2012-12-25 15:00:00,382.6111531562653
2012-12-25 16:00:00,422.00840652033014
2012-12-25 17:00:00,331.59076096888737
2012-12-25 18:00:00,304.95739802429694
2012-12-25 19:00:00,250.0527751821948
2012-12-25 20:00:00,219.7705718841879
2012-12-25 21:00:00,143.8732288157396
2012-12-25 22:00:00,121.33111060376766
2012-12-25 23:00:00,65.79111682049115
2012-12-26 00:00:00,37.149643842270514
2012-12-26 01:00:00,29.30199061668479
2012-12-26 02:00:00,12.400261784816587
2012-12-26 03:00:00,6.016296706187588
2012-12-26 04:00:00,5.8171999226314215
2012-12-26 05:00:00,31.870005520490828
2012-12-26 06:00:00,121.4537270087239
2012-12-26 07:00:00,138.917346514734
2012-12-26 08:00:00,231.11006909355453
2012-12-26 09:00:00,138.65803065613397
2012-12-26 10:00:00,69.72608780258662
2012-12-26 11:00:00,54.17274274537175
2012-12-26 12:00:00,56.89848508400376
2012-12-26 13:00:00,62.87146710329681
2012-12-26 14:00:00,41.77821511261204
2012-12-26 15:00:00,48.34541149736559
2012-12-26 16:00:00,53.294805323831106
2012-12-26 17:00:00,97.68519335393471
2012-12-26 18:00:00,119.83724926414786
2012-12-26 19:00:00,132.49978533939955
2012-12-26 20:00:00,75.49516527065141
2012-12-26 21:00:00,146.89786464330552
2012-12-26 22:00:00,25.731768229742418
2012-12-26 23:00:00,22.602033039300185
2012-12-27 00:00:00,15.821196966519572
2012-12-27 01:00:00,13.64415566211641
2012-12-27 02:00:00,8.970151082331197
2012-12-27 03:00:00,2.5069143754465526
2012-12-27 04:00:00,7.549299866736035
2012-12-27 05:00:00,30.909378270938394
2012-12-27 06:00:00,146.0427108898855
2012-12-27 07:00:00,425.8963140822382
2012-12-27 08:00:00,674.5924237743142
2012-12-27 09:00:00,314.52505010621525
2012-12-27 10:00:00,144.36204659057125
2012-12-27 11:00:00,164.4610281569269
2012-12-27 12:00:00,247.42491055168412
2012-12-27 13:00:00,196.03474766313363
2012-12-27 14:00:00,164.71378196015092
2012-12-27 15:00:00,179.68930521236751
2012-12-27 16:00:00,279.3714333775993
2012-12-27 17:00:00,445.2495935660828
2012-12-27 18:00:00,464.7702415746856
2012-12-27 19:00:00,345.6847518728601
2012-12-27 20:00:00,255.6126223060084
2012-12-27 21:00:00,171.31852506629073
2012-12-27 22:00:00,135.4481077455191
2012-12-27 23:00:00,82.40407701008012
2012-12-28 00:00:00,40.90942059821476
2012-12-28 01:00:00,23.60451396466108
2012-12-28 02:00:00,11.475173306050781
2012-12-28 03:00:00,6.597480688613629
2012-12-28 04:00:00,6.860428180008057
2012-12-28 05:00:00,32.88272292619687
2012-12-28 06:00:00,129.27155237529064
2012-12-28 07:00:00,353.52875373230785
2012-12-28 08:00:00,549.8294570454839
2012-12-28 09:00:00,334.54757266342403
2012-12-28 10:00:00,167.99274356677586
2012-12-28 11:00:00,212.75227406086617
2012-12-28 12:00:00,262.7918564835828
2012-12-28 13:00:00,231.8135786650895
2012-12-28 14:00:00,189.63933155067696
2012-12-28 15:00:00,266.7828180437626
2012-12-28 16:00:00,393.19339486601365
2012-12-28 17:00:00,431.09256444406407
2012-12-28 18:00:00,441.22310664174074
2012-12-28 19:00:00,303.538311798287
2012-12-28 20:00:00,219.62933324279155
2012-12-28 21:00:00,154.82775794716966
2012-12-28 22:00:00,119.5384693659559
2012-12-28 23:00:00,86.01071546703872
2012-12-29 00:00:00,82.50078441859009
2012-12-29 01:00:00,74.57513818264708
2012-12-29 02:00:00,44.95503576649637
2012-12-29 03:00:00,20.113848547608214
2012-12-29 04:00:00,6.901730380434578
2012-12-29 05:00:00,10.564744325658689
2012-12-29 06:00:00,15.14872331295118
2012-12-29 07:00:00,39.94117455826901
2012-12-29 08:00:00,99.08842372448915
2012-12-29 09:00:00,154.07568190303232
2012-12-29 10:00:00,194.35599786172264
2012-12-29 11:00:00,171.65571050550597
2012-12-29 12:00:00,198.42745606201538
2012-12-29 13:00:00,225.05796630327882
2012-12-29 14:00:00,296.56264425485625
2012-12-29 15:00:00,224.63893488505101
2012-12-29 16:00:00,336.9459305910876
2012-12-29 17:00:00,206.77249870253715
2012-12-29 18:00:00,263.2801832820381
2012-12-29 19:00:00,305.9722495268598
2012-12-29 20:00:00,206.5507530106772
2012-12-29 21:00:00,112.78879504672777
2012-12-29 22:00:00,130.99861789905646
2012-12-29 23:00:00,103.87672296273516
2012-12-30 00:00:00,120.34107302729238
2012-12-30 01:00:00,109.39187112751529
2012-12-30 02:00:00,103.78961908648557
2012-12-30 03:00:00,29.595704405818537
2012-12-30 04:00:00,7.65198653174563
2012-12-30 05:00:00,9.716501899332867
2012-12-30 06:00:00,14.024929111114929
2012-12-30 07:00:00,22.674669524673064
2012-12-30 08:00:00,80.5418602983138
2012-12-30 09:00:00,127.1679362979867
2012-12-30 10:00:00,192.19952135910762
2012-12-30 11:00:00,289.225078194472
2012-12-30 12:00:00,299.9892291637675
2012-12-30 13:00:00,271.6680971373436
2012-12-30 14:00:00,314.4434679289942
2012-12-30 15:00:00,322.07859359431785
2012-12-30 16:00:00,330.33977629624377
2012-12-30 17:00:00,211.92479826694552
2012-12-30 18:00:00,248.4452979243034
2012-12-30 19:00:00,159.6477284086932
2012-12-30 20:00:00,169.28717001609033
2012-12-30 21:00:00,107.14690854329962
2012-12-30 22:00:00,61.11938905710162
2012-12-30 23:00:00,52.16582851912668
2012-12-31 00:00:00,23.84384572480438
2012-12-31 01:00:00,14.444967672894727
2012-12-31 02:00:00,9.149309517605161
2012-12-31 03:00:00,3.1563517756569457
2012-12-31 04:00:00,7.3611247863396425
2012-12-31 05:00:00,39.00074990260132
2012-12-31 06:00:00,134.85866627164162
2012-12-31 07:00:00,412.50321579407915
2012-12-31 08:00:00,678.1947160959533
2012-12-31 09:00:00,291.0937142117391
2012-12-31 10:00:00,140.75149519379227
2012-12-31 11:00:00,138.73335182785993
2012-12-31 12:00:00,205.5023981885619
2012-12-31 13:00:00,195.8841806484127
2012-12-31 14:00:00,195.93161138903275
2012-12-31 15:00:00,224.5367098836401
2012-12-31 16:00:00,300.1872253045649
2012-12-31 17:00:00,479.83430714206645
2012-12-31 18:00:00,510.647618369304
2012-12-31 19:00:00,407.16297190513626
2012-12-31 20:00:00,261.0146169751132
2012-12-31 21:00:00,147.2631733402113
2012-12-31 22:00:00,96.19244676163486
2012-12-31 23:00:00,66.85935056390069
